Date,date_iso,SKU,Amazon Actual Units,Amazon Predicted Units,eBay Actual Units,eBay Predicted Units,Website Actual Units,Website Predicted Units,Other Actual Units,Other Predicted Units,Total Actual Units,Total Predicted Units,Reason
11-Sep-2026,2026-09-11,RIM-100WP-BLK,,0,,3,,0,,0,,3,"Recent demand is volatile, so the forecast is kept conservative."
11-Sep-2026,2026-09-11,RIM-1KLL-071,,0,,0,,0,,0,,0,Current stock availability is limiting observed demand.
11-Sep-2026,2026-09-11,RIM-1KLL-080,,0,,0,,0,,0,,0,Current stock availability is limiting observed demand.
11-Sep-2026,2026-09-11,RIM-1KLL-081,,0,,0,,0,,0,,0,"Demand is intermittent, so the forecast remains conservative."
11-Sep-2026,2026-09-11,RIM-BBCREAM-LIGHT,,0,,1,,0,,0,,1,"Recent demand is volatile, so the forecast is kept conservative."
11-Sep-2026,2026-09-11,RIM-BBCREAM-MEDIUM,,0,,0,,0,,0,,0,Current stock availability is limiting observed demand.
11-Sep-2026,2026-09-11,RIM-BBCREAM-VERYLIGHT,,0,,0,,0,,0,,0,Current stock availability is limiting observed demand.
11-Sep-2026,2026-09-11,RIM-BTW-BSK-DRKBRW,,2,,1,,0,,0,,3,"Recent demand is volatile, so the forecast is kept conservative."
11-Sep-2026,2026-09-11,RIM-BTW-BSK-DRKBRW-2PK,,0,,0,,0,,0,,0,"Recent demand is volatile, so the forecast is kept conservative."
11-Sep-2026,2026-09-11,RIM-BTW-BSK-DRKBRW-3PK,,0,,0,,0,,0,,0,"Demand is intermittent, so the forecast remains conservative."
11-Sep-2026,2026-09-11,RIM-BTW-BSK-MEDBRW,,0,,2,,0,,0,,2,"Demand is intermittent, so the forecast remains conservative."
11-Sep-2026,2026-09-11,RIM-BTW-BSK-MEDBRW-2PK,,0,,0,,0,,0,,0,"Demand is intermittent, so the forecast remains conservative."
11-Sep-2026,2026-09-11,RIM-BTW-BSK-MEDBRW-3PK,,0,,0,,0,,0,,0,"Recent demand is volatile, so the forecast is kept conservative."
11-Sep-2026,2026-09-11,RIM-BTW-F&S-001,,0,,0,,0,,0,,0,"Recent demand is volatile, so the forecast is kept conservative."
11-Sep-2026,2026-09-11,RIM-BTW-F&S-002,,0,,0,,0,,0,,0,"Recent demand is volatile, so the forecast is kept conservative."
11-Sep-2026,2026-09-11,RIM-BTW-F&S-003,,6,,0,,0,,0,,6,"Recent demand is volatile, so the forecast is kept conservative."
11-Sep-2026,2026-09-11,RIM-BTW-F&S-004,,0,,0,,0,,0,,0,"Demand is intermittent, so the forecast remains conservative."
11-Sep-2026,2026-09-11,RIM-BTWEYEBROW-003,,0,,0,,0,,0,,0,Current stock availability is limiting observed demand.
11-Sep-2026,2026-09-11,RIM-BTWEYEBROW-005,,0,,0,,0,,0,,0,"Demand is intermittent, so the forecast remains conservative."
11-Sep-2026,2026-09-11,RIM-BTWEYEBROW-005-2PK,,0,,0,,0,,0,,0,"Demand is intermittent, so the forecast remains conservative."
11-Sep-2026,2026-09-11,RIM-BTWEYEBROW-005-3PK,,0,,0,,0,,0,,0,"Demand is intermittent, so the forecast remains conservative."
11-Sep-2026,2026-09-11,RIM-BTWEYEBROW-005-5PK,,0,,0,,0,,0,,0,"Demand is intermittent, so the forecast remains conservative."
11-Sep-2026,2026-09-11,RIM-BTWEYEBROW-006,,0,,0,,0,,0,,0,Current stock availability is limiting observed demand.
11-Sep-2026,2026-09-11,RIM-BTWEYEBROW-006-2PK,,0,,0,,0,,0,,0,"Demand is intermittent, so the forecast remains conservative."
11-Sep-2026,2026-09-11,RIM-BTWEYEBROW-006-5PK,,0,,0,,0,,0,,0,"Demand is intermittent, so the forecast remains conservative."
11-Sep-2026,2026-09-11,RIM-BTWFIBRE-001,,0,,0,,0,,0,,0,Current stock availability is limiting observed demand.
11-Sep-2026,2026-09-11,RIM-BTWFIBRE-003,,0,,0,,0,,0,,0,Current stock availability is limiting observed demand.
11-Sep-2026,2026-09-11,RIM-BUNDLE-LIP-SET-PINK-NUDES,,0,,0,,0,,0,,0,"Demand is intermittent, so the forecast remains conservative."
11-Sep-2026,2026-09-11,RIM-BUNDLE-MSC-BLK-WP-TRIO,,0,,0,,0,,0,,0,Current stock availability is limiting observed demand.
11-Sep-2026,2026-09-11,RIM-EBP-BLKBRW,,0,,0,,0,,0,,0,Current stock availability is limiting observed demand.
11-Sep-2026,2026-09-11,RIM-EBP-BLKBRW-2PK,,0,,0,,0,,0,,0,"Demand is intermittent, so the forecast remains conservative."
11-Sep-2026,2026-09-11,RIM-EBP-BLKBRW-5PK,,0,,0,,0,,0,,0,"Recent demand is volatile, so the forecast is kept conservative."
11-Sep-2026,2026-09-11,RIM-EBP-DRKBRW,,11,,2,,0,,0,,13,Stable historical demand with consistent recent sales.
11-Sep-2026,2026-09-11,RIM-EBP-DRKBRW-5PK,,0,,0,,0,,0,,0,"Demand is intermittent, so the forecast remains conservative."
11-Sep-2026,2026-09-11,RIM-EBP-HAZEL,,0,,0,,0,,0,,0,Current stock availability is limiting observed demand.
11-Sep-2026,2026-09-11,RIM-EBP-HAZEL-5PK,,0,,0,,0,,0,,0,"Demand is intermittent, so the forecast remains conservative."
11-Sep-2026,2026-09-11,RIM-ELP-021,,0,,0,,0,,0,,0,"Recent demand is volatile, so the forecast is kept conservative."
11-Sep-2026,2026-09-11,RIM-ELP-061,,0,,1,,0,,0,,1,"Recent demand is volatile, so the forecast is kept conservative."
11-Sep-2026,2026-09-11,RIM-ELP-061-2PK,,0,,0,,0,,0,,0,"Demand is intermittent, so the forecast remains conservative."
11-Sep-2026,2026-09-11,RIM-ELP-061-6PK,,0,,0,,0,,0,,0,"Recent demand is volatile, so the forecast is kept conservative."
11-Sep-2026,2026-09-11,RIM-ELP-064,,1,,0,,0,,0,,1,"Recent demand is volatile, so the forecast is kept conservative."
11-Sep-2026,2026-09-11,RIM-ELP-064-2PK,,0,,0,,0,,0,,0,"Recent demand is volatile, so the forecast is kept conservative."
11-Sep-2026,2026-09-11,RIM-ELP-064-3PK,,0,,0,,0,,0,,0,"Demand is intermittent, so the forecast remains conservative."
11-Sep-2026,2026-09-11,RIM-ELP-064-5PK,,0,,0,,0,,0,,0,"Demand is intermittent, so the forecast remains conservative."
11-Sep-2026,2026-09-11,RIM-ELP-071,,0,,0,,0,,0,,0,"Recent demand is volatile, so the forecast is kept conservative."
11-Sep-2026,2026-09-11,RIM-ELP-071-2PK,,0,,0,,0,,0,,0,"Demand is intermittent, so the forecast remains conservative."
11-Sep-2026,2026-09-11,RIM-ELP-071-3PK,,0,,0,,0,,0,,0,"Demand is intermittent, so the forecast remains conservative."
11-Sep-2026,2026-09-11,RIM-ELP-071-5PK,,0,,0,,0,,0,,0,"Demand is intermittent, so the forecast remains conservative."
11-Sep-2026,2026-09-11,RIM-EXAG-EYEL-001,,0,,1,,0,,0,,1,"Recent demand is volatile, so the forecast is kept conservative."
11-Sep-2026,2026-09-11,RIM-EXAG-EYEL-001-2PK,,0,,0,,0,,0,,0,"Recent demand is volatile, so the forecast is kept conservative."
11-Sep-2026,2026-09-11,RIM-EXAG-EYEL-001-3PK,,0,,0,,0,,0,,0,"Recent demand is volatile, so the forecast is kept conservative."
11-Sep-2026,2026-09-11,RIM-EXAG-EYEL-001-5PK,,0,,0,,0,,0,,0,"Demand is intermittent, so the forecast remains conservative."
11-Sep-2026,2026-09-11,RIM-EXAG-EYEL-003-WP,,0,,0,,0,,0,,0,"Demand is intermittent, so the forecast remains conservative."
11-Sep-2026,2026-09-11,RIM-EXGEL-230,,0,,0,,0,,0,,0,"Demand is intermittent, so the forecast remains conservative."
11-Sep-2026,2026-09-11,RIM-EXGEL-240,,0,,0,,0,,0,,0,Current stock availability is limiting observed demand.
11-Sep-2026,2026-09-11,RIM-FDT-MATCH-101,,0,,0,,0,,0,,0,Current stock availability is limiting observed demand.
11-Sep-2026,2026-09-11,RIM-FDT-MATCH-103,,0,,0,,0,,0,,0,Current stock availability is limiting observed demand.
11-Sep-2026,2026-09-11,RIM-FDT-MATCH-200,,0,,0,,0,,0,,0,"Recent demand is volatile, so the forecast is kept conservative."
11-Sep-2026,2026-09-11,RIM-FDT-MATCH-203,,0,,0,,0,,0,,0,"Recent demand is volatile, so the forecast is kept conservative."
11-Sep-2026,2026-09-11,RIM-FDT-MATCH-300,,0,,0,,0,,0,,0,Current stock availability is limiting observed demand.
11-Sep-2026,2026-09-11,RIM-FDT-MATCH-400,,0,,0,,0,,0,,0,Current stock availability is limiting observed demand.
11-Sep-2026,2026-09-11,RIM-FDT-MATCH-501,,0,,0,,0,,0,,0,"Demand is intermittent, so the forecast remains conservative."
11-Sep-2026,2026-09-11,RIM-FIX&PROT-PRIMER,,0,,0,,0,,0,,0,Current stock availability is limiting observed demand.
11-Sep-2026,2026-09-11,RIM-GENTLE-EYE-MAKEUP-RMVR-125ML,,0,,0,,0,,0,,0,Current stock availability is limiting observed demand.
11-Sep-2026,2026-09-11,RIM-GLAMEYES-LL-001,,0,,0,,0,,0,,0,"Recent demand is volatile, so the forecast is kept conservative."
11-Sep-2026,2026-09-11,RIM-GLAMEYES-LL-001-2PK,,0,,0,,0,,0,,0,"Recent demand is volatile, so the forecast is kept conservative."
11-Sep-2026,2026-09-11,RIM-GLAMEYES-LL-002,,0,,0,,0,,0,,0,Current stock availability is limiting observed demand.
11-Sep-2026,2026-09-11,RIM-HIGHLIGHT-001,,0,,0,,0,,0,,0,"Recent demand is volatile, so the forecast is kept conservative."
11-Sep-2026,2026-09-11,RIM-HIGHLIGHT-002,,0,,0,,0,,0,,0,"Recent demand is volatile, so the forecast is kept conservative."
11-Sep-2026,2026-09-11,RIM-HTB-001,,0,,0,,0,,0,,0,Current stock availability is limiting observed demand.
11-Sep-2026,2026-09-11,RIM-HTB-001-2PK,,0,,0,,0,,0,,0,"Demand is intermittent, so the forecast remains conservative."
11-Sep-2026,2026-09-11,RIM-HTB-001-3PK,,0,,0,,0,,0,,0,"Demand is intermittent, so the forecast remains conservative."
11-Sep-2026,2026-09-11,RIM-HTB-001-5PK,,0,,0,,0,,0,,0,"Demand is intermittent, so the forecast remains conservative."
11-Sep-2026,2026-09-11,RIM-HTB-002,,0,,0,,0,,0,,0,Current stock availability is limiting observed demand.
11-Sep-2026,2026-09-11,RIM-HTB-004,,0,,3,,0,,0,,3,"Recent demand is volatile, so the forecast is kept conservative."
11-Sep-2026,2026-09-11,RIM-HTB-004-2PK,,0,,0,,0,,0,,0,"Recent demand is volatile, so the forecast is kept conservative."
11-Sep-2026,2026-09-11,RIM-HTB-004-3PK,,0,,0,,0,,0,,0,"Recent demand is volatile, so the forecast is kept conservative."
11-Sep-2026,2026-09-11,RIM-HTB-004-5PK,,0,,0,,0,,0,,0,"Recent demand is volatile, so the forecast is kept conservative."
11-Sep-2026,2026-09-11,RIM-HTB-103,,0,,0,,0,,0,,0,Current stock availability is limiting observed demand.
11-Sep-2026,2026-09-11,RIM-HTB-103-2PK,,0,,0,,0,,0,,0,Current stock availability is limiting observed demand.
11-Sep-2026,2026-09-11,RIM-HTB-103-3PK,,0,,0,,0,,0,,0,"Demand is intermittent, so the forecast remains conservative."
11-Sep-2026,2026-09-11,RIM-HTB-103-5PK,,0,,0,,0,,0,,0,"Demand is intermittent, so the forecast remains conservative."
11-Sep-2026,2026-09-11,RIM-HTB-105,,0,,1,,0,,0,,1,"Recent demand is volatile, so the forecast is kept conservative."
11-Sep-2026,2026-09-11,RIM-INSTACC-GREEN,,0,,0,,0,,0,,0,Current stock availability is limiting observed demand.
11-Sep-2026,2026-09-11,RIM-INSTACC-LAVENDER,,0,,0,,0,,0,,0,Current stock availability is limiting observed demand.
11-Sep-2026,2026-09-11,RIM-INSTAFIX-SPRAY,,0,,0,,0,,0,,0,Current stock availability is limiting observed demand.
11-Sep-2026,2026-09-11,RIM-JELLY-010,,0,,0,,0,,0,,0,"Demand is intermittent, so the forecast remains conservative."
11-Sep-2026,2026-09-11,RIM-JELLY-020,,0,,0,,0,,0,,0,"Demand is intermittent, so the forecast remains conservative."
11-Sep-2026,2026-09-11,RIM-JELLY-040,,0,,0,,0,,0,,0,"Demand is intermittent, so the forecast remains conservative."
11-Sep-2026,2026-09-11,RIM-KATE-NUDE-LS-040,,0,,0,,0,,0,,0,Current stock availability is limiting observed demand.
11-Sep-2026,2026-09-11,RIM-KATE-NUDE-LS-042,,0,,0,,0,,0,,0,Current stock availability is limiting observed demand.
11-Sep-2026,2026-09-11,RIM-KATE-NUDE-LS-045,,0,,0,,0,,0,,0,Current stock availability is limiting observed demand.
11-Sep-2026,2026-09-11,RIM-KATE-NUDE-LS-045-5PK,,0,,0,,0,,0,,0,Current stock availability is limiting observed demand.
11-Sep-2026,2026-09-11,RIM-KATE-NUDE-LS-048,,0,,0,,0,,0,,0,Current stock availability is limiting observed demand.
11-Sep-2026,2026-09-11,RIM-KATE-SCULPTPAL-002,,0,,0,,0,,0,,0,Current stock availability is limiting observed demand.
11-Sep-2026,2026-09-11,RIM-KATE-SCULPTPAL-002-2PK,,0,,0,,0,,0,,0,"Demand is intermittent, so the forecast remains conservative."
11-Sep-2026,2026-09-11,RIM-KATE-SCULPTPAL-002-3PK,,0,,0,,0,,0,,0,"Demand is intermittent, so the forecast remains conservative."
11-Sep-2026,2026-09-11,RIM-KATE-SCULPTPAL-002-5PK,,0,,0,,0,,0,,0,"Demand is intermittent, so the forecast remains conservative."
11-Sep-2026,2026-09-11,RIM-KF-BROW-DEFINER-001,,0,,0,,0,,0,,0,"Demand is intermittent, so the forecast remains conservative."
11-Sep-2026,2026-09-11,RIM-KF-BROW-DEFINER-002,,0,,0,,0,,0,,0,"Demand is intermittent, so the forecast remains conservative."
11-Sep-2026,2026-09-11,RIM-KF-BROW-DEFINER-004,,0,,0,,0,,0,,0,"Demand is intermittent, so the forecast remains conservative."
11-Sep-2026,2026-09-11,RIM-KF-BROW-DEFINER-005,,0,,0,,0,,0,,0,"Demand is intermittent, so the forecast remains conservative."
11-Sep-2026,2026-09-11,RIM-KF-BROW-DEFINER-006,,0,,0,,0,,0,,0,"Recent demand is volatile, so the forecast is kept conservative."
11-Sep-2026,2026-09-11,RIM-KF-CCLR-010,,0,,0,,0,,0,,0,Current stock availability is limiting observed demand.
11-Sep-2026,2026-09-11,RIM-KF-CCLR-020,,0,,0,,0,,0,,0,Current stock availability is limiting observed demand.
11-Sep-2026,2026-09-11,RIM-KF-CCLR-030,,0,,0,,0,,0,,0,"Demand is intermittent, so the forecast remains conservative."
11-Sep-2026,2026-09-11,RIM-KF-CCLR-040,,0,,0,,0,,0,,0,"Demand is intermittent, so the forecast remains conservative."
11-Sep-2026,2026-09-11,RIM-KF-EYE-DEFINER-02,,0,,0,,0,,0,,0,"Demand is intermittent, so the forecast remains conservative."
11-Sep-2026,2026-09-11,RIM-KF-EYE-DEFINER-03,,0,,0,,0,,0,,0,"Demand is intermittent, so the forecast remains conservative."
11-Sep-2026,2026-09-11,RIM-KF-EYE-DEFINER-04,,0,,0,,0,,0,,0,"Demand is intermittent, so the forecast remains conservative."
11-Sep-2026,2026-09-11,RIM-KF-EYE-DEFINER-05,,0,,0,,0,,0,,0,"Demand is intermittent, so the forecast remains conservative."
11-Sep-2026,2026-09-11,RIM-KF-EYE-DEFINER-06,,0,,0,,0,,0,,0,"Demand is intermittent, so the forecast remains conservative."
11-Sep-2026,2026-09-11,RIM-KF-FDT-001,,0,,0,,0,,0,,0,Current stock availability is limiting observed demand.
11-Sep-2026,2026-09-11,RIM-KF-FDT-103,,0,,0,,0,,0,,0,"Demand is intermittent, so the forecast remains conservative."
11-Sep-2026,2026-09-11,RIM-KF-FDT-150,,0,,0,,0,,0,,0,"Demand is intermittent, so the forecast remains conservative."
11-Sep-2026,2026-09-11,RIM-KF-FDT-210,,0,,0,,0,,0,,0,"Demand is intermittent, so the forecast remains conservative."
11-Sep-2026,2026-09-11,RIM-KF-FDT-410,,0,,0,,0,,0,,0,"Demand is intermittent, so the forecast remains conservative."
11-Sep-2026,2026-09-11,RIM-KF-MSC-BLACK,,0,,0,,0,,0,,0,"Demand is intermittent, so the forecast remains conservative."
11-Sep-2026,2026-09-11,RIM-KF-MSC-BROWN,,0,,0,,0,,0,,0,Current stock availability is limiting observed demand.
11-Sep-2026,2026-09-11,RIM-KF-MULTISTICK-002,,0,,0,,0,,0,,0,"Demand is intermittent, so the forecast remains conservative."
11-Sep-2026,2026-09-11,RIM-KF-MULTISTICK-003,,0,,0,,0,,0,,0,"Demand is intermittent, so the forecast remains conservative."
11-Sep-2026,2026-09-11,RIM-KF-MULTISTICK-004,,0,,0,,0,,0,,0,Current stock availability is limiting observed demand.
11-Sep-2026,2026-09-11,RIM-KF-MULTISTICK-005,,0,,0,,0,,0,,0,"Demand is intermittent, so the forecast remains conservative."
11-Sep-2026,2026-09-11,RIM-KF-NAIL-150,,0,,0,,0,,0,,0,"Demand is intermittent, so the forecast remains conservative."
11-Sep-2026,2026-09-11,RIM-KF-NAIL-151,,0,,0,,0,,0,,0,"Demand is intermittent, so the forecast remains conservative."
11-Sep-2026,2026-09-11,RIM-KF-NAIL-152,,0,,0,,0,,0,,0,"Demand is intermittent, so the forecast remains conservative."
11-Sep-2026,2026-09-11,RIM-KF-NAIL-153,,0,,0,,0,,0,,0,"Demand is intermittent, so the forecast remains conservative."
11-Sep-2026,2026-09-11,RIM-KF-NAIL-154,,0,,0,,0,,0,,0,"Demand is intermittent, so the forecast remains conservative."
11-Sep-2026,2026-09-11,RIM-KF-NAIL-155,,0,,0,,0,,0,,0,"Demand is intermittent, so the forecast remains conservative."
11-Sep-2026,2026-09-11,RIM-KF-NAIL-156,,0,,0,,0,,0,,0,Current stock availability is limiting observed demand.
11-Sep-2026,2026-09-11,RIM-KF-NAIL-157,,0,,0,,0,,0,,0,"Demand is intermittent, so the forecast remains conservative."
11-Sep-2026,2026-09-11,RIM-KF-NAIL-158,,0,,0,,0,,0,,0,"Demand is intermittent, so the forecast remains conservative."
11-Sep-2026,2026-09-11,RIM-KF-NAIL-160,,0,,0,,0,,0,,0,Current stock availability is limiting observed demand.
11-Sep-2026,2026-09-11,RIM-KF-NAIL-162,,0,,0,,0,,0,,0,"Demand is intermittent, so the forecast remains conservative."
11-Sep-2026,2026-09-11,RIM-KF-NAIL-163,,0,,0,,0,,0,,0,"Demand is intermittent, so the forecast remains conservative."
11-Sep-2026,2026-09-11,RIM-KF-NAIL-164,,0,,0,,0,,0,,0,"Demand is intermittent, so the forecast remains conservative."
11-Sep-2026,2026-09-11,RIM-KF-NAIL-167,,0,,0,,0,,0,,0,Current stock availability is limiting observed demand.
11-Sep-2026,2026-09-11,RIM-KF-NAIL-168,,0,,0,,0,,0,,0,Current stock availability is limiting observed demand.
11-Sep-2026,2026-09-11,RIM-KF-NAIL-169,,0,,0,,0,,0,,0,"Demand is intermittent, so the forecast remains conservative."
11-Sep-2026,2026-09-11,RIM-KF-NAIL-170,,0,,0,,0,,0,,0,Current stock availability is limiting observed demand.
11-Sep-2026,2026-09-11,RIM-KF-PWDR-001,,0,,0,,0,,0,,0,"Recent demand is volatile, so the forecast is kept conservative."
11-Sep-2026,2026-09-11,RIM-KF-PWDR-001-2PK,,0,,0,,0,,0,,0,"Demand is intermittent, so the forecast remains conservative."
11-Sep-2026,2026-09-11,RIM-KF-PWDR-001-5PK,,0,,0,,0,,0,,0,"Demand is intermittent, so the forecast remains conservative."
11-Sep-2026,2026-09-11,RIM-KF-PWDR-010,,0,,0,,0,,0,,0,"Recent demand is volatile, so the forecast is kept conservative."
11-Sep-2026,2026-09-11,RIM-KF-PWDR-020,,0,,0,,0,,0,,0,"Recent demand is volatile, so the forecast is kept conservative."
11-Sep-2026,2026-09-11,RIM-KF-PWDR-030,,0,,0,,0,,0,,0,"Recent demand is volatile, so the forecast is kept conservative."
11-Sep-2026,2026-09-11,RIM-KF-PWDR-030-2PK,,0,,0,,0,,0,,0,"Recent demand is volatile, so the forecast is kept conservative."
11-Sep-2026,2026-09-11,RIM-KF-PWDR-030-5PK,,0,,0,,0,,0,,0,"Recent demand is volatile, so the forecast is kept conservative."
11-Sep-2026,2026-09-11,RIM-KF-PWDR-040,,0,,0,,0,,0,,0,Current stock availability is limiting observed demand.
11-Sep-2026,2026-09-11,RIM-KF-PWDR-050,,0,,0,,0,,0,,0,"Recent demand is volatile, so the forecast is kept conservative."
11-Sep-2026,2026-09-11,RIM-KOHL-KJEL-001,,0,,0,,0,,0,,0,Current stock availability is limiting observed demand.
11-Sep-2026,2026-09-11,RIM-KOHL-KJEL-002,,0,,0,,0,,0,,0,Current stock availability is limiting observed demand.
11-Sep-2026,2026-09-11,RIM-KOHL-KJEL-004,,0,,0,,0,,0,,0,"Demand is intermittent, so the forecast remains conservative."
11-Sep-2026,2026-09-11,RIM-LAST-AUTOLIP-018,,0,,0,,0,,0,,0,Current stock availability is limiting observed demand.
11-Sep-2026,2026-09-11,RIM-LAST-AUTOLIP-018-2PK,,0,,0,,0,,0,,0,"Demand is intermittent, so the forecast remains conservative."
11-Sep-2026,2026-09-11,RIM-LAST-AUTOLIP-018-3PK,,0,,0,,0,,0,,0,"Demand is intermittent, so the forecast remains conservative."
11-Sep-2026,2026-09-11,RIM-LAST-AUTOLIP-018-5PK,,0,,0,,0,,0,,0,"Demand is intermittent, so the forecast remains conservative."
11-Sep-2026,2026-09-11,RIM-LAST-AUTOLIP-024,,0,,0,,0,,0,,0,"Demand is intermittent, so the forecast remains conservative."
11-Sep-2026,2026-09-11,RIM-LAST-AUTOLIP-045,,0,,0,,0,,0,,0,Current stock availability is limiting observed demand.
11-Sep-2026,2026-09-11,RIM-LAST-AUTOLIP-063,,0,,0,,0,,0,,0,Current stock availability is limiting observed demand.
11-Sep-2026,2026-09-11,RIM-LAST-AUTOLIP-063-3PK,,0,,0,,0,,0,,0,"Demand is intermittent, so the forecast remains conservative."
11-Sep-2026,2026-09-11,RIM-LAST-AUTOLIP-070,,0,,0,,0,,0,,0,"Demand is intermittent, so the forecast remains conservative."
11-Sep-2026,2026-09-11,RIM-LAST-AUTOLIP-105,,0,,0,,0,,0,,0,"Demand is intermittent, so the forecast remains conservative."
11-Sep-2026,2026-09-11,RIM-LAST-MEGA-MATTE-LIQ-LPK-110,,0,,0,,0,,0,,0,"Demand is intermittent, so the forecast remains conservative."
11-Sep-2026,2026-09-11,RIM-LAST-MEGA-MATTE-LIQ-LPK-210,,0,,0,,0,,0,,0,"Demand is intermittent, so the forecast remains conservative."
11-Sep-2026,2026-09-11,RIM-LAST-MEGA-MATTE-LIQ-LPK-600,,0,,0,,0,,0,,0,Current stock availability is limiting observed demand.
11-Sep-2026,2026-09-11,RIM-LAST-MEGA-MATTE-LIQ-LPK-700,,0,,0,,0,,0,,0,"Recent demand is volatile, so the forecast is kept conservative."
11-Sep-2026,2026-09-11,RIM-LAST-MEGA-MATTE-LIQ-LPK-709,,0,,0,,0,,0,,0,"Demand is intermittent, so the forecast remains conservative."
11-Sep-2026,2026-09-11,RIM-LAST-MEGA-MATTE-LIQ-LPK-910,,0,,0,,0,,0,,0,"Demand is intermittent, so the forecast remains conservative."
11-Sep-2026,2026-09-11,RIM-LAST-MEGA-MATTE-LIQ-LPK-930,,0,,0,,0,,0,,0,"Demand is intermittent, so the forecast remains conservative."
11-Sep-2026,2026-09-11,RIM-LASTCCLR-001,,0,,0,,0,,0,,0,Current stock availability is limiting observed demand.
11-Sep-2026,2026-09-11,RIM-LASTCCLR-010,,0,,0,,0,,0,,0,Current stock availability is limiting observed demand.
11-Sep-2026,2026-09-11,RIM-LASTCCLR-020,,0,,0,,0,,0,,0,Current stock availability is limiting observed demand.
11-Sep-2026,2026-09-11,RIM-LASTCOMPACT-004,,0,,0,,0,,0,,0,Current stock availability is limiting observed demand.
11-Sep-2026,2026-09-11,RIM-LASTCOMPACT-005,,0,,0,,0,,0,,0,Current stock availability is limiting observed demand.
11-Sep-2026,2026-09-11,RIM-LASTCOMPACT-007,,0,,0,,0,,0,,0,Current stock availability is limiting observed demand.
11-Sep-2026,2026-09-11,RIM-LASTCOMPACT-008,,0,,0,,0,,0,,0,Current stock availability is limiting observed demand.
11-Sep-2026,2026-09-11,RIM-LASTCOMPACT-009,,0,,0,,0,,0,,0,"Demand is intermittent, so the forecast remains conservative."
11-Sep-2026,2026-09-11,RIM-LASTCOMPACT-011,,0,,0,,0,,0,,0,"Demand is intermittent, so the forecast remains conservative."
11-Sep-2026,2026-09-11,RIM-LASTCOMPACT-012,,0,,0,,0,,0,,0,Current stock availability is limiting observed demand.
11-Sep-2026,2026-09-11,RIM-LASTFIN-EXTMATT-LPK-160,,0,,0,,0,,0,,0,Current stock availability is limiting observed demand.
11-Sep-2026,2026-09-11,RIM-LASTFIN-EXTMATT-LPK-600,,0,,0,,0,,0,,0,Current stock availability is limiting observed demand.
11-Sep-2026,2026-09-11,RIM-LASTFIN-EXTMATT-LPK-710,,0,,0,,0,,0,,0,Current stock availability is limiting observed demand.
11-Sep-2026,2026-09-11,RIM-LASTFIN-EXTMATT-LPK-840,,0,,0,,0,,0,,0,Current stock availability is limiting observed demand.
11-Sep-2026,2026-09-11,RIM-LASTFIN-PRIMER,,0,,0,,0,,0,,0,Current stock availability is limiting observed demand.
11-Sep-2026,2026-09-11,RIM-LASTING-PROV-115,,0,,0,,0,,0,,0,"Demand is intermittent, so the forecast remains conservative."
11-Sep-2026,2026-09-11,RIM-LASTING-PROV-210,,0,,0,,0,,0,,0,"Recent demand is volatile, so the forecast is kept conservative."
11-Sep-2026,2026-09-11,RIM-LASTING-PROV-220,,0,,0,,0,,0,,0,"Demand is intermittent, so the forecast remains conservative."
11-Sep-2026,2026-09-11,RIM-LASTING-PROV-310,,0,,0,,0,,0,,0,"Demand is intermittent, so the forecast remains conservative."
11-Sep-2026,2026-09-11,RIM-LASTING-PROV-400,,0,,0,,0,,0,,0,"Demand is intermittent, so the forecast remains conservative."
11-Sep-2026,2026-09-11,RIM-LASTING-PROV-410,,0,,0,,0,,0,,0,"Demand is intermittent, so the forecast remains conservative."
11-Sep-2026,2026-09-11,RIM-LASTING-PROV-440,,0,,0,,0,,0,,0,"Demand is intermittent, so the forecast remains conservative."
11-Sep-2026,2026-09-11,RIM-LASTING-PROV-500,,0,,0,,0,,0,,0,"Recent demand is volatile, so the forecast is kept conservative."
11-Sep-2026,2026-09-11,RIM-LASTING-PROV-570,,0,,0,,0,,0,,0,"Demand is intermittent, so the forecast remains conservative."
11-Sep-2026,2026-09-11,RIM-LASTING-PROV-600,,0,,0,,0,,0,,0,Current stock availability is limiting observed demand.
11-Sep-2026,2026-09-11,RIM-LASTING-PROV-730,,0,,0,,0,,0,,0,"Demand is intermittent, so the forecast remains conservative."
11-Sep-2026,2026-09-11,RIM-LASTING-PROV-740,,0,,0,,0,,0,,0,"Demand is intermittent, so the forecast remains conservative."
11-Sep-2026,2026-09-11,RIM-LASTLIP-110,,0,,0,,0,,0,,0,"Recent demand is volatile, so the forecast is kept conservative."
11-Sep-2026,2026-09-11,RIM-LASTLIP-120,,0,,0,,0,,0,,0,"Recent demand is volatile, so the forecast is kept conservative."
11-Sep-2026,2026-09-11,RIM-LASTLIP-120-2PK,,0,,0,,0,,0,,0,"Demand is intermittent, so the forecast remains conservative."
11-Sep-2026,2026-09-11,RIM-LASTLIP-120-3PK,,0,,0,,0,,0,,0,"Demand is intermittent, so the forecast remains conservative."
11-Sep-2026,2026-09-11,RIM-LASTLIP-120-5PK,,0,,0,,0,,0,,0,"Recent demand is volatile, so the forecast is kept conservative."
11-Sep-2026,2026-09-11,RIM-LASTLIP-125,,0,,0,,0,,0,,0,"Recent demand is volatile, so the forecast is kept conservative."
11-Sep-2026,2026-09-11,RIM-LASTLIP-195,,0,,0,,0,,0,,0,"Recent demand is volatile, so the forecast is kept conservative."
11-Sep-2026,2026-09-11,RIM-LASTLIP-215,,0,,0,,0,,0,,0,"Recent demand is volatile, so the forecast is kept conservative."
11-Sep-2026,2026-09-11,RIM-LASTLIP-505,,0,,0,,0,,0,,0,"Recent demand is volatile, so the forecast is kept conservative."
11-Sep-2026,2026-09-11,RIM-LASTLIP-580,,0,,0,,0,,0,,0,"Recent demand is volatile, so the forecast is kept conservative."
11-Sep-2026,2026-09-11,RIM-LASTLIP-620,,2,,0,,0,,0,,2,"Recent demand is volatile, so the forecast is kept conservative."
11-Sep-2026,2026-09-11,RIM-LASTLIP-705,,0,,0,,0,,0,,0,"Recent demand is volatile, so the forecast is kept conservative."
11-Sep-2026,2026-09-11,RIM-LASTLIP-705-2PK,,0,,0,,0,,0,,0,"Demand is intermittent, so the forecast remains conservative."
11-Sep-2026,2026-09-11,RIM-LASTLIP-705-3PK,,0,,0,,0,,0,,0,"Recent demand is volatile, so the forecast is kept conservative."
11-Sep-2026,2026-09-11,RIM-LASTLIP-705-5PK,,0,,0,,0,,0,,0,"Demand is intermittent, so the forecast remains conservative."
11-Sep-2026,2026-09-11,RIM-LASTLIP-725,,0,,1,,0,,0,,1,"Recent demand is volatile, so the forecast is kept conservative."
11-Sep-2026,2026-09-11,RIM-LASTLIP-760,,0,,0,,0,,0,,0,"Recent demand is volatile, so the forecast is kept conservative."
11-Sep-2026,2026-09-11,RIM-LASTLIP-790,,0,,0,,0,,0,,0,"Demand is intermittent, so the forecast remains conservative."
11-Sep-2026,2026-09-11,RIM-LASTLIP-850,,0,,0,,0,,0,,0,"Recent demand is volatile, so the forecast is kept conservative."
11-Sep-2026,2026-09-11,RIM-LASTLIP-880,,0,,0,,0,,0,,0,"Recent demand is volatile, so the forecast is kept conservative."
11-Sep-2026,2026-09-11,RIM-LASTMAT-FDT-001,,0,,0,,0,,0,,0,Current stock availability is limiting observed demand.
11-Sep-2026,2026-09-11,RIM-LASTMAT-FDT-010,,0,,0,,0,,0,,0,Current stock availability is limiting observed demand.
11-Sep-2026,2026-09-11,RIM-LASTMAT-FDT-085,,0,,0,,0,,0,,0,Current stock availability is limiting observed demand.
11-Sep-2026,2026-09-11,RIM-LASTMAT-FDT-100,,0,,0,,0,,0,,0,Current stock availability is limiting observed demand.
11-Sep-2026,2026-09-11,RIM-LASTMAT-FDT-103,,0,,0,,0,,0,,0,Current stock availability is limiting observed demand.
11-Sep-2026,2026-09-11,RIM-LASTMAT-FDT-201,,0,,0,,0,,0,,0,Current stock availability is limiting observed demand.
11-Sep-2026,2026-09-11,RIM-LASTMAT-FDT-203,,0,,0,,0,,0,,0,Current stock availability is limiting observed demand.
11-Sep-2026,2026-09-11,RIM-LASTMAT-FDT-300,,0,,0,,0,,0,,0,Current stock availability is limiting observed demand.
11-Sep-2026,2026-09-11,RIM-LASTMAT-FDT-304,,0,,0,,0,,0,,0,Current stock availability is limiting observed demand.
11-Sep-2026,2026-09-11,RIM-LASTMAT-FDT-400,,0,,0,,0,,0,,0,Current stock availability is limiting observed demand.
11-Sep-2026,2026-09-11,RIM-LASTMAT-PRIMER,,0,,0,,0,,0,,0,Current stock availability is limiting observed demand.
11-Sep-2026,2026-09-11,RIM-LF-FDT-RG-001,,0,,0,,0,,0,,0,"Demand is intermittent, so the forecast remains conservative."
11-Sep-2026,2026-09-11,RIM-LF-FDT-RG-070,,0,,0,,0,,0,,0,"Demand is intermittent, so the forecast remains conservative."
11-Sep-2026,2026-09-11,RIM-LF-FDT-RG-103,,0,,0,,0,,0,,0,Current stock availability is limiting observed demand.
11-Sep-2026,2026-09-11,RIM-LF-FDT-RG-160,,0,,0,,0,,0,,0,"Demand is intermittent, so the forecast remains conservative."
11-Sep-2026,2026-09-11,RIM-LF-FDT-RG-170,,0,,0,,0,,0,,0,"Demand is intermittent, so the forecast remains conservative."
11-Sep-2026,2026-09-11,RIM-LF-FDT-RG-200,,0,,0,,0,,0,,0,Current stock availability is limiting observed demand.
11-Sep-2026,2026-09-11,RIM-LF-FDT-RG-203,,0,,0,,0,,0,,0,"Demand is intermittent, so the forecast remains conservative."
11-Sep-2026,2026-09-11,RIM-LF-FDT-RG-210,,0,,0,,0,,0,,0,Current stock availability is limiting observed demand.
11-Sep-2026,2026-09-11,RIM-LF-FDT-RG-303,,0,,0,,0,,0,,0,Current stock availability is limiting observed demand.
11-Sep-2026,2026-09-11,RIM-LF-LS-002,,0,,0,,0,,0,,0,Current stock availability is limiting observed demand.
11-Sep-2026,2026-09-11,RIM-LF-LS-006,,0,,0,,0,,0,,0,"Demand is intermittent, so the forecast remains conservative."
11-Sep-2026,2026-09-11,RIM-LF-LS-006-2PK,,0,,0,,0,,0,,0,"Demand is intermittent, so the forecast remains conservative."
11-Sep-2026,2026-09-11,RIM-LF-LS-006-3PK,,0,,0,,0,,0,,0,"Demand is intermittent, so the forecast remains conservative."
11-Sep-2026,2026-09-11,RIM-LF-LS-006-5PK,,0,,0,,0,,0,,0,"Demand is intermittent, so the forecast remains conservative."
11-Sep-2026,2026-09-11,RIM-LF-LS-058,,0,,0,,0,,0,,0,Current stock availability is limiting observed demand.
11-Sep-2026,2026-09-11,RIM-LF-LS-058-2PK,,0,,0,,0,,0,,0,"Demand is intermittent, so the forecast remains conservative."
11-Sep-2026,2026-09-11,RIM-LF-LS-058-3PK,,0,,0,,0,,0,,0,"Demand is intermittent, so the forecast remains conservative."
11-Sep-2026,2026-09-11,RIM-LF-LS-066,,0,,0,,0,,0,,0,Current stock availability is limiting observed demand.
11-Sep-2026,2026-09-11,RIM-LF-LS-066-2PK,,0,,0,,0,,0,,0,"Demand is intermittent, so the forecast remains conservative."
11-Sep-2026,2026-09-11,RIM-LF-LS-066-3PK,,0,,0,,0,,0,,0,Current stock availability is limiting observed demand.
11-Sep-2026,2026-09-11,RIM-LF-LS-066-5PK,,0,,0,,0,,0,,0,"Demand is intermittent, so the forecast remains conservative."
11-Sep-2026,2026-09-11,RIM-LF-LS-070,,0,,0,,0,,0,,0,Current stock availability is limiting observed demand.
11-Sep-2026,2026-09-11,RIM-LF-LS-070-2PK,,0,,0,,0,,0,,0,"Demand is intermittent, so the forecast remains conservative."
11-Sep-2026,2026-09-11,RIM-LF-LS-070-3PK,,0,,0,,0,,0,,0,"Demand is intermittent, so the forecast remains conservative."
11-Sep-2026,2026-09-11,RIM-LF-LS-070-5PK,,0,,0,,0,,0,,0,"Demand is intermittent, so the forecast remains conservative."
11-Sep-2026,2026-09-11,RIM-LF-LS-077,,1,,4,,0,,0,,5,Stable historical demand with consistent recent sales.
11-Sep-2026,2026-09-11,RIM-LF-LS-084,,0,,1,,0,,0,,1,"Recent demand is volatile, so the forecast is kept conservative."
11-Sep-2026,2026-09-11,RIM-LF-LS-086,,0,,0,,0,,0,,0,Current stock availability is limiting observed demand.
11-Sep-2026,2026-09-11,RIM-LF-LS-086-2PK,,0,,0,,0,,0,,0,"Demand is intermittent, so the forecast remains conservative."
11-Sep-2026,2026-09-11,RIM-LF-LS-086-3PK,,0,,0,,0,,0,,0,"Demand is intermittent, so the forecast remains conservative."
11-Sep-2026,2026-09-11,RIM-LF-LS-086-5PK,,0,,0,,0,,0,,0,Current stock availability is limiting observed demand.
11-Sep-2026,2026-09-11,RIM-LF-LS-100,,0,,0,,0,,0,,0,"Recent demand is volatile, so the forecast is kept conservative."
11-Sep-2026,2026-09-11,RIM-LF-LS-101,,0,,1,,0,,0,,1,"Recent demand is volatile, so the forecast is kept conservative."
11-Sep-2026,2026-09-11,RIM-LF-LS-107,,0,,0,,0,,0,,0,Current stock availability is limiting observed demand.
11-Sep-2026,2026-09-11,RIM-LF-LS-170,,0,,0,,0,,0,,0,"Recent demand is volatile, so the forecast is kept conservative."
11-Sep-2026,2026-09-11,RIM-LF-LS-200,,0,,0,,0,,0,,0,Current stock availability is limiting observed demand.
11-Sep-2026,2026-09-11,RIM-LF-LS-206,,1,,1,,0,,0,,2,"Recent demand is volatile, so the forecast is kept conservative."
11-Sep-2026,2026-09-11,RIM-LF-LS-206-2PK,,0,,0,,0,,0,,0,"Recent demand is volatile, so the forecast is kept conservative."
11-Sep-2026,2026-09-11,RIM-LF-LS-206-3PK,,0,,0,,0,,0,,0,"Recent demand is volatile, so the forecast is kept conservative."
11-Sep-2026,2026-09-11,RIM-LF-LS-206-5PK,,0,,0,,0,,0,,0,Current stock availability is limiting observed demand.
11-Sep-2026,2026-09-11,RIM-LF-LS-264,,0,,0,,0,,0,,0,Current stock availability is limiting observed demand.
11-Sep-2026,2026-09-11,RIM-LF-LS-264-2PK,,0,,0,,0,,0,,0,Current stock availability is limiting observed demand.
11-Sep-2026,2026-09-11,RIM-LF-LS-264-3PK,,0,,0,,0,,0,,0,"Demand is intermittent, so the forecast remains conservative."
11-Sep-2026,2026-09-11,RIM-LF-LS-264-5PK,,0,,0,,0,,0,,0,"Demand is intermittent, so the forecast remains conservative."
11-Sep-2026,2026-09-11,RIM-LF-LS-500,,0,,0,,0,,0,,0,Current stock availability is limiting observed demand.
11-Sep-2026,2026-09-11,RIM-LF-LS-710,,0,,0,,0,,0,,0,Current stock availability is limiting observed demand.
11-Sep-2026,2026-09-11,RIM-LF-LS-800,,0,,0,,0,,0,,0,Current stock availability is limiting observed demand.
11-Sep-2026,2026-09-11,RIM-LF-LS-KATE-001,,0,,0,,0,,0,,0,"Demand is intermittent, so the forecast remains conservative."
11-Sep-2026,2026-09-11,RIM-LF-LS-KATE-005,,0,,0,,0,,0,,0,"Demand is intermittent, so the forecast remains conservative."
11-Sep-2026,2026-09-11,RIM-LF-LS-KATE-008,,0,,0,,0,,0,,0,"Demand is intermittent, so the forecast remains conservative."
11-Sep-2026,2026-09-11,RIM-LF-LS-KATE-008-2PK,,0,,0,,0,,0,,0,"Demand is intermittent, so the forecast remains conservative."
11-Sep-2026,2026-09-11,RIM-LF-LS-KATE-008-3PK,,0,,0,,0,,0,,0,"Demand is intermittent, so the forecast remains conservative."
11-Sep-2026,2026-09-11,RIM-LF-MATTE-170,,0,,0,,0,,0,,0,"Demand is intermittent, so the forecast remains conservative."
11-Sep-2026,2026-09-11,RIM-LF-MATTE-180,,0,,0,,0,,0,,0,"Demand is intermittent, so the forecast remains conservative."
11-Sep-2026,2026-09-11,RIM-LF-MATTE-220,,0,,0,,0,,0,,0,Current stock availability is limiting observed demand.
11-Sep-2026,2026-09-11,RIM-LF-MATTE-230,,0,,0,,0,,0,,0,Current stock availability is limiting observed demand.
11-Sep-2026,2026-09-11,RIM-LF-MATTE-530,,0,,0,,0,,0,,0,Current stock availability is limiting observed demand.
11-Sep-2026,2026-09-11,RIM-LF-MATTE-715,,0,,0,,0,,0,,0,"Recent demand is volatile, so the forecast is kept conservative."
11-Sep-2026,2026-09-11,RIM-LF-MATTE-730,,0,,0,,0,,0,,0,Current stock availability is limiting observed demand.
11-Sep-2026,2026-09-11,RIM-LF-SG-LS-900,,0,,0,,0,,0,,0,"Recent demand is volatile, so the forecast is kept conservative."
11-Sep-2026,2026-09-11,RIM-LF-SG-LS-901,,0,,0,,0,,0,,0,"Recent demand is volatile, so the forecast is kept conservative."
11-Sep-2026,2026-09-11,RIM-LF-SG-LS-902,,0,,0,,0,,0,,0,"Recent demand is volatile, so the forecast is kept conservative."
11-Sep-2026,2026-09-11,RIM-LF-SG-LS-903,,0,,0,,0,,0,,0,"Recent demand is volatile, so the forecast is kept conservative."
11-Sep-2026,2026-09-11,RIM-LF-SG-LS-904,,0,,1,,0,,0,,1,"Recent demand is volatile, so the forecast is kept conservative."
11-Sep-2026,2026-09-11,RIM-LF-SG-LS-905,,0,,0,,0,,0,,0,"Recent demand is volatile, so the forecast is kept conservative."
11-Sep-2026,2026-09-11,RIM-LR-CCLR-EYEILLUM-010,,0,,0,,0,,0,,0,Current stock availability is limiting observed demand.
11-Sep-2026,2026-09-11,RIM-LR-CCLR-EYEILLUM-030,,0,,0,,0,,0,,0,Current stock availability is limiting observed demand.
11-Sep-2026,2026-09-11,RIM-MAGNIF-MONO-004,,0,,0,,0,,0,,0,Current stock availability is limiting observed demand.
11-Sep-2026,2026-09-11,RIM-MAGNIF-MONO-006,,0,,0,,0,,0,,0,"Demand is intermittent, so the forecast remains conservative."
11-Sep-2026,2026-09-11,RIM-MAGNIF-MONO-008,,0,,0,,0,,0,,0,Current stock availability is limiting observed demand.
11-Sep-2026,2026-09-11,RIM-MAGNIF-MONO-014,,0,,0,,0,,0,,0,Current stock availability is limiting observed demand.
11-Sep-2026,2026-09-11,RIM-MAGNIF-MONO-014-2PK,,0,,0,,0,,0,,0,Current stock availability is limiting observed demand.
11-Sep-2026,2026-09-11,RIM-MAGNIF-MONO-014-3PK,,0,,0,,0,,0,,0,"Demand is intermittent, so the forecast remains conservative."
11-Sep-2026,2026-09-11,RIM-MAGNIF-PAL-001,,0,,0,,0,,0,,0,"Recent demand is volatile, so the forecast is kept conservative."
11-Sep-2026,2026-09-11,RIM-MAGNIF-PAL-004,,0,,0,,0,,0,,0,"Demand is intermittent, so the forecast remains conservative."
11-Sep-2026,2026-09-11,RIM-MAGNIF-PAL-005,,0,,0,,0,,0,,0,"Recent demand is volatile, so the forecast is kept conservative."
11-Sep-2026,2026-09-11,RIM-MAGNIF-PAL-006,,0,,0,,0,,0,,0,Current stock availability is limiting observed demand.
11-Sep-2026,2026-09-11,RIM-MAGNIF-PAL-008,,0,,0,,0,,0,,0,Current stock availability is limiting observed demand.
11-Sep-2026,2026-09-11,RIM-MAGNIF-PAL-009,,0,,0,,0,,0,,0,Current stock availability is limiting observed demand.
11-Sep-2026,2026-09-11,RIM-MATCH-PWDR,,0,,0,,0,,0,,0,Current stock availability is limiting observed demand.
11-Sep-2026,2026-09-11,RIM-MAXI-BLUSH-001,,0,,0,,0,,0,,0,"Recent demand is volatile, so the forecast is kept conservative."
11-Sep-2026,2026-09-11,RIM-MAXI-BLUSH-001-2PK,,0,,0,,0,,0,,0,"Demand is intermittent, so the forecast remains conservative."
11-Sep-2026,2026-09-11,RIM-MAXI-BLUSH-001-3PK,,0,,0,,0,,0,,0,"Demand is intermittent, so the forecast remains conservative."
11-Sep-2026,2026-09-11,RIM-MAXI-BLUSH-003,,0,,0,,0,,0,,0,"Recent demand is volatile, so the forecast is kept conservative."
11-Sep-2026,2026-09-11,RIM-MAXI-BLUSH-005,,0,,0,,0,,0,,0,"Recent demand is volatile, so the forecast is kept conservative."
11-Sep-2026,2026-09-11,RIM-MAXI-BLUSH-006,,0,,0,,0,,0,,0,"Recent demand is volatile, so the forecast is kept conservative."
11-Sep-2026,2026-09-11,RIM-MBP-001,,0,,0,,0,,0,,0,"Recent demand is volatile, so the forecast is kept conservative."
11-Sep-2026,2026-09-11,RIM-MBP-002,,0,,1,,0,,0,,1,"Recent demand is volatile, so the forecast is kept conservative."
11-Sep-2026,2026-09-11,RIM-MBP-003,,5,,0,,0,,0,,5,Stable historical demand with consistent recent sales.
11-Sep-2026,2026-09-11,RIM-MICRO-BRW-001,,0,,0,,0,,0,,0,"Demand is intermittent, so the forecast remains conservative."
11-Sep-2026,2026-09-11,RIM-MICRO-BRW-002,,0,,0,,0,,0,,0,"Recent demand is volatile, so the forecast is kept conservative."
11-Sep-2026,2026-09-11,RIM-MICRO-BRW-003,,1,,0,,0,,0,,1,"Recent demand is volatile, so the forecast is kept conservative."
11-Sep-2026,2026-09-11,RIM-MICRO-BRW-004,,0,,0,,0,,0,,0,Current stock availability is limiting observed demand.
11-Sep-2026,2026-09-11,RIM-MINI-PWRPAL-001,,0,,0,,0,,0,,0,Current stock availability is limiting observed demand.
11-Sep-2026,2026-09-11,RIM-MINI-PWRPAL-002,,0,,0,,0,,0,,0,"Demand is intermittent, so the forecast remains conservative."
11-Sep-2026,2026-09-11,RIM-MOIST-LPK-100,,0,,0,,0,,0,,0,Current stock availability is limiting observed demand.
11-Sep-2026,2026-09-11,RIM-MOIST-LPK-140,,0,,0,,0,,0,,0,Current stock availability is limiting observed demand.
11-Sep-2026,2026-09-11,RIM-MOIST-LPK-180,,0,,0,,0,,0,,0,Current stock availability is limiting observed demand.
11-Sep-2026,2026-09-11,RIM-MOIST-LPK-180-2PK,,0,,0,,0,,0,,0,"Demand is intermittent, so the forecast remains conservative."
11-Sep-2026,2026-09-11,RIM-MOIST-LPK-180-3PK,,0,,0,,0,,0,,0,"Demand is intermittent, so the forecast remains conservative."
11-Sep-2026,2026-09-11,RIM-MOIST-LPK-180-5PK,,0,,0,,0,,0,,0,"Demand is intermittent, so the forecast remains conservative."
11-Sep-2026,2026-09-11,RIM-MOIST-LPK-200,,0,,0,,0,,0,,0,"Demand is intermittent, so the forecast remains conservative."
11-Sep-2026,2026-09-11,RIM-MOIST-LPK-200-2PK,,0,,0,,0,,0,,0,Current stock availability is limiting observed demand.
11-Sep-2026,2026-09-11,RIM-MOIST-LPK-200-3PK,,0,,0,,0,,0,,0,"Demand is intermittent, so the forecast remains conservative."
11-Sep-2026,2026-09-11,RIM-MOIST-LPK-200-5PK,,0,,0,,0,,0,,0,"Demand is intermittent, so the forecast remains conservative."
11-Sep-2026,2026-09-11,RIM-MOIST-LPK-210,,0,,0,,0,,0,,0,Current stock availability is limiting observed demand.
11-Sep-2026,2026-09-11,RIM-MOIST-LPK-260,,0,,0,,0,,0,,0,"Demand is intermittent, so the forecast remains conservative."
11-Sep-2026,2026-09-11,RIM-MOIST-LPK-360,,0,,0,,0,,0,,0,Current stock availability is limiting observed demand.
11-Sep-2026,2026-09-11,RIM-MOIST-LPK-510,,0,,0,,0,,0,,0,"Recent demand is volatile, so the forecast is kept conservative."
11-Sep-2026,2026-09-11,RIM-MSC-ACCEL-BLK,,1,,1,,0,,0,,2,"Recent demand is volatile, so the forecast is kept conservative."
11-Sep-2026,2026-09-11,RIM-MSC-ACCEL-BLK-2PK,,0,,0,,0,,0,,0,"Demand is intermittent, so the forecast remains conservative."
11-Sep-2026,2026-09-11,RIM-MSC-ACCEL-BLK-3PK,,0,,0,,0,,0,,0,"Recent demand is volatile, so the forecast is kept conservative."
11-Sep-2026,2026-09-11,RIM-MSC-ACCEL-BLK-5PK,,0,,0,,0,,0,,0,"Recent demand is volatile, so the forecast is kept conservative."
11-Sep-2026,2026-09-11,RIM-MSC-CURL-003,,0,,0,,0,,0,,0,Current stock availability is limiting observed demand.
11-Sep-2026,2026-09-11,RIM-MSC-E3DL-003,,0,,6,,0,,0,,6,"Recent demand is volatile, so the forecast is kept conservative."
11-Sep-2026,2026-09-11,RIM-MSC-E3DL-003-2PK,,0,,0,,0,,0,,0,"Demand is intermittent, so the forecast remains conservative."
11-Sep-2026,2026-09-11,RIM-MSC-E3DL-003-3PK,,0,,0,,0,,0,,0,"Recent demand is volatile, so the forecast is kept conservative."
11-Sep-2026,2026-09-11,RIM-MSC-E3DL-003-5PK,,0,,0,,0,,0,,0,"Recent demand is volatile, so the forecast is kept conservative."
11-Sep-2026,2026-09-11,RIM-MSC-ELL-003,,0,,5,,0,,0,,5,"Recent demand is volatile, so the forecast is kept conservative."
11-Sep-2026,2026-09-11,RIM-MSC-ELL-003-2PK,,0,,0,,0,,0,,0,"Recent demand is volatile, so the forecast is kept conservative."
11-Sep-2026,2026-09-11,RIM-MSC-ELL-003-3PK,,0,,0,,0,,0,,0,"Demand is intermittent, so the forecast remains conservative."
11-Sep-2026,2026-09-11,RIM-MSC-ELL-003-5PK,,0,,0,,0,,0,,0,"Recent demand is volatile, so the forecast is kept conservative."
11-Sep-2026,2026-09-11,RIM-MSC-ESL-101,,0,,6,,0,,0,,6,"Recent demand is volatile, so the forecast is kept conservative."
11-Sep-2026,2026-09-11,RIM-MSC-ESL-101-2PK,,0,,0,,0,,0,,0,"Recent demand is volatile, so the forecast is kept conservative."
11-Sep-2026,2026-09-11,RIM-MSC-ESL-101-3PK,,0,,0,,0,,0,,0,"Recent demand is volatile, so the forecast is kept conservative."
11-Sep-2026,2026-09-11,RIM-MSC-ESL-101-5PK,,0,,0,,0,,0,,0,"Demand is intermittent, so the forecast remains conservative."
11-Sep-2026,2026-09-11,RIM-MSC-ESL-102,,1,,2,,0,,0,,3,"Recent demand is volatile, so the forecast is kept conservative."
11-Sep-2026,2026-09-11,RIM-MSC-ESL-102-2PK,,0,,0,,0,,0,,0,"Demand is intermittent, so the forecast remains conservative."
11-Sep-2026,2026-09-11,RIM-MSC-ESL-102-3PK,,0,,0,,0,,0,,0,"Recent demand is volatile, so the forecast is kept conservative."
11-Sep-2026,2026-09-11,RIM-MSC-ESL-102-5PK,,0,,0,,0,,0,,0,"Recent demand is volatile, so the forecast is kept conservative."
11-Sep-2026,2026-09-11,RIM-MSC-SCAND-BLK,,0,,0,,0,,0,,0,Current stock availability is limiting observed demand.
11-Sep-2026,2026-09-11,RIM-MSC-SCAND-LYCRA,,0,,0,,0,,0,,0,"Recent demand is volatile, so the forecast is kept conservative."
11-Sep-2026,2026-09-11,RIM-MSC-SCAND-RL-001,,2,,1,,0,,0,,3,"Recent demand is declining, so the forecast is lower."
11-Sep-2026,2026-09-11,RIM-MSC-SCAND-RL-001-2PK,,0,,0,,0,,0,,0,"Recent demand is volatile, so the forecast is kept conservative."
11-Sep-2026,2026-09-11,RIM-MSC-SCAND-RL-001-3PK,,0,,0,,0,,0,,0,"Recent demand is volatile, so the forecast is kept conservative."
11-Sep-2026,2026-09-11,RIM-MSC-SCAND-RL-001-5PK,,0,,0,,0,,0,,0,"Demand is intermittent, so the forecast remains conservative."
11-Sep-2026,2026-09-11,RIM-MSC-SCAND-RL-002,,0,,0,,0,,0,,0,"Recent demand is volatile, so the forecast is kept conservative."
11-Sep-2026,2026-09-11,RIM-MSC-SCAND-RL-003,,0,,0,,0,,0,,0,"Recent demand is volatile, so the forecast is kept conservative."
11-Sep-2026,2026-09-11,RIM-MSC-SCAND-RL-003-2PK,,0,,0,,0,,0,,0,"Demand is intermittent, so the forecast remains conservative."
11-Sep-2026,2026-09-11,RIM-MSC-SCAND-RL-003-3PK,,0,,0,,0,,0,,0,"Demand is intermittent, so the forecast remains conservative."
11-Sep-2026,2026-09-11,RIM-MSC-SCAND-RL-003-5PK,,0,,0,,0,,0,,0,"Recent demand is volatile, so the forecast is kept conservative."
11-Sep-2026,2026-09-11,RIM-MSC-SCAND-VOD-001,,4,,0,,0,,0,,4,"Recent demand is volatile, so the forecast is kept conservative."
11-Sep-2026,2026-09-11,RIM-MSC-SCAND-VOD-002,,0,,0,,0,,0,,0,"Recent demand is volatile, so the forecast is kept conservative."
11-Sep-2026,2026-09-11,RIM-MSC-SCAND-VOD-002-2PK,,0,,0,,0,,0,,0,"Demand is intermittent, so the forecast remains conservative."
11-Sep-2026,2026-09-11,RIM-MSC-SCAND-VOD-002-5PK,,0,,0,,0,,0,,0,"Demand is intermittent, so the forecast remains conservative."
11-Sep-2026,2026-09-11,RIM-MSC-SCAND-VOD-WP,,0,,0,,0,,0,,0,"Recent demand is volatile, so the forecast is kept conservative."
11-Sep-2026,2026-09-11,RIM-MSC-SCAND-WOW-001,,2,,0,,0,,0,,2,"Recent demand is volatile, so the forecast is kept conservative."
11-Sep-2026,2026-09-11,RIM-MSC-SCAND-WOW-003,,0,,0,,0,,0,,0,Current stock availability is limiting observed demand.
11-Sep-2026,2026-09-11,RIM-MSC-SCAND-WOW-WP,,0,,0,,0,,0,,0,"Recent demand is volatile, so the forecast is kept conservative."
11-Sep-2026,2026-09-11,RIM-MSC-THRILLSEEKER-BLKBRWN,,0,,0,,0,,0,,0,"Recent demand is volatile, so the forecast is kept conservative."
11-Sep-2026,2026-09-11,RIM-MSC-THRILLSEEKER-EXTBLACK,,0,,0,,0,,0,,0,"Recent demand is volatile, so the forecast is kept conservative."
11-Sep-2026,2026-09-11,RIM-MSC-VF-X10-001,,0,,0,,0,,0,,0,Current stock availability is limiting observed demand.
11-Sep-2026,2026-09-11,RIM-MSC-VOLCOL-001,,0,,0,,0,,0,,0,Current stock availability is limiting observed demand.
11-Sep-2026,2026-09-11,RIM-MSC-WDF-001,,0,,0,,0,,0,,0,"Demand is intermittent, so the forecast remains conservative."
11-Sep-2026,2026-09-11,RIM-MSC-WDF-003,,0,,0,,0,,0,,0,"Recent demand is volatile, so the forecast is kept conservative."
11-Sep-2026,2026-09-11,RIM-MSC-WDF-WP,,0,,0,,0,,0,,0,"Recent demand is volatile, so the forecast is kept conservative."
11-Sep-2026,2026-09-11,RIM-MSC-WLUX-001,,0,,0,,0,,0,,0,"Recent demand is volatile, so the forecast is kept conservative."
11-Sep-2026,2026-09-11,RIM-MSC-WLUX-002,,0,,0,,0,,0,,0,"Recent demand is volatile, so the forecast is kept conservative."
11-Sep-2026,2026-09-11,RIM-MSC-WLUX-003,,0,,1,,0,,0,,1,"Recent demand is volatile, so the forecast is kept conservative."
11-Sep-2026,2026-09-11,RIM-MSC-WLUX-003-2PK,,0,,0,,0,,0,,0,"Demand is intermittent, so the forecast remains conservative."
11-Sep-2026,2026-09-11,RIM-MSC-WNDR-EXT-001,,0,,0,,0,,0,,0,"Recent demand is volatile, so the forecast is kept conservative."
11-Sep-2026,2026-09-11,RIM-MSC-WNDRBOND-LASH-FILLER-BLK,,0,,0,,0,,0,,0,"Demand is intermittent, so the forecast remains conservative."
11-Sep-2026,2026-09-11,RIM-MULTI-TASK-CLR-010,,0,,0,,0,,0,,0,"Recent demand is volatile, so the forecast is kept conservative."
11-Sep-2026,2026-09-11,RIM-MULTI-TASK-CLR-020,,0,,0,,0,,0,,0,"Recent demand is volatile, so the forecast is kept conservative."
11-Sep-2026,2026-09-11,RIM-MULTI-TASK-CLR-030,,0,,0,,0,,0,,0,"Demand is intermittent, so the forecast remains conservative."
11-Sep-2026,2026-09-11,RIM-MULTI-TASK-CLR-040,,0,,0,,0,,0,,0,"Demand is intermittent, so the forecast remains conservative."
11-Sep-2026,2026-09-11,RIM-MULTI-TASK-CLR-050,,0,,0,,0,,0,,0,"Demand is intermittent, so the forecast remains conservative."
11-Sep-2026,2026-09-11,RIM-MULTI-TASK-CLR-060,,0,,0,,0,,0,,0,Current stock availability is limiting observed demand.
11-Sep-2026,2026-09-11,RIM-MULTI-TASK-CLR-070,,0,,0,,0,,0,,0,"Demand is intermittent, so the forecast remains conservative."
11-Sep-2026,2026-09-11,RIM-MULTI-TASK-CLR-090,,0,,0,,0,,0,,0,Current stock availability is limiting observed demand.
11-Sep-2026,2026-09-11,RIM-MULTI-TASKER-BTF-30ML-002,,0,,0,,0,,0,,0,"Demand is intermittent, so the forecast remains conservative."
11-Sep-2026,2026-09-11,RIM-MULTI-TASKER-BTF-30ML-003,,0,,0,,0,,0,,0,"Demand is intermittent, so the forecast remains conservative."
11-Sep-2026,2026-09-11,RIM-MULTI-TASKER-BTF-30ML-004,,0,,0,,0,,0,,0,"Demand is intermittent, so the forecast remains conservative."
11-Sep-2026,2026-09-11,RIM-NAIL-60S-101,,0,,0,,0,,0,,0,"Recent demand is volatile, so the forecast is kept conservative."
11-Sep-2026,2026-09-11,RIM-NAIL-60S-130,,0,,0,,0,,0,,0,"Recent demand is volatile, so the forecast is kept conservative."
11-Sep-2026,2026-09-11,RIM-NAIL-60S-150,,0,,0,,0,,0,,0,"Demand is intermittent, so the forecast remains conservative."
11-Sep-2026,2026-09-11,RIM-NAIL-60S-151,,0,,0,,0,,0,,0,"Recent demand is volatile, so the forecast is kept conservative."
11-Sep-2026,2026-09-11,RIM-NAIL-60S-152,,0,,0,,0,,0,,0,"Recent demand is volatile, so the forecast is kept conservative."
11-Sep-2026,2026-09-11,RIM-NAIL-60S-153,,0,,0,,0,,0,,0,"Demand is intermittent, so the forecast remains conservative."
11-Sep-2026,2026-09-11,RIM-NAIL-60S-154,,0,,0,,0,,0,,0,"Recent demand is volatile, so the forecast is kept conservative."
11-Sep-2026,2026-09-11,RIM-NAIL-60S-155,,0,,0,,0,,0,,0,"Demand is intermittent, so the forecast remains conservative."
11-Sep-2026,2026-09-11,RIM-NAIL-60S-203,,0,,0,,0,,0,,0,"Recent demand is volatile, so the forecast is kept conservative."
11-Sep-2026,2026-09-11,RIM-NAIL-60S-210,,0,,0,,0,,0,,0,"Recent demand is volatile, so the forecast is kept conservative."
11-Sep-2026,2026-09-11,RIM-NAIL-60S-230,,0,,0,,0,,0,,0,"Recent demand is volatile, so the forecast is kept conservative."
11-Sep-2026,2026-09-11,RIM-NAIL-60S-235,,0,,0,,0,,0,,0,"Recent demand is volatile, so the forecast is kept conservative."
11-Sep-2026,2026-09-11,RIM-NAIL-60S-262,,0,,0,,0,,0,,0,"Recent demand is volatile, so the forecast is kept conservative."
11-Sep-2026,2026-09-11,RIM-NAIL-60S-270,,0,,0,,0,,0,,0,"Recent demand is volatile, so the forecast is kept conservative."
11-Sep-2026,2026-09-11,RIM-NAIL-60S-271,,0,,0,,0,,0,,0,"Recent demand is volatile, so the forecast is kept conservative."
11-Sep-2026,2026-09-11,RIM-NAIL-60S-300,,0,,0,,0,,0,,0,"Recent demand is volatile, so the forecast is kept conservative."
11-Sep-2026,2026-09-11,RIM-NAIL-60S-310,,0,,0,,0,,0,,0,"Recent demand is volatile, so the forecast is kept conservative."
11-Sep-2026,2026-09-11,RIM-NAIL-60S-312,,0,,0,,0,,0,,0,"Recent demand is volatile, so the forecast is kept conservative."
11-Sep-2026,2026-09-11,RIM-NAIL-60S-313,,0,,0,,0,,0,,0,"Recent demand is volatile, so the forecast is kept conservative."
11-Sep-2026,2026-09-11,RIM-NAIL-60S-314,,0,,0,,0,,0,,0,"Recent demand is volatile, so the forecast is kept conservative."
11-Sep-2026,2026-09-11,RIM-NAIL-60S-315,,0,,0,,0,,0,,0,"Recent demand is volatile, so the forecast is kept conservative."
11-Sep-2026,2026-09-11,RIM-NAIL-60S-320,,0,,0,,0,,0,,0,"Recent demand is volatile, so the forecast is kept conservative."
11-Sep-2026,2026-09-11,RIM-NAIL-60S-322,,0,,0,,0,,0,,0,"Recent demand is volatile, so the forecast is kept conservative."
11-Sep-2026,2026-09-11,RIM-NAIL-60S-323,,0,,0,,0,,0,,0,"Recent demand is volatile, so the forecast is kept conservative."
11-Sep-2026,2026-09-11,RIM-NAIL-60S-324,,0,,0,,0,,0,,0,"Recent demand is volatile, so the forecast is kept conservative."
11-Sep-2026,2026-09-11,RIM-NAIL-60S-335,,0,,0,,0,,0,,0,"Recent demand is volatile, so the forecast is kept conservative."
11-Sep-2026,2026-09-11,RIM-NAIL-60S-336,,0,,0,,0,,0,,0,"Recent demand is volatile, so the forecast is kept conservative."
11-Sep-2026,2026-09-11,RIM-NAIL-60S-340,,0,,0,,0,,0,,0,"Recent demand is volatile, so the forecast is kept conservative."
11-Sep-2026,2026-09-11,RIM-NAIL-60S-345,,1,,1,,0,,0,,2,"Recent demand is volatile, so the forecast is kept conservative."
11-Sep-2026,2026-09-11,RIM-NAIL-60S-401,,0,,0,,0,,0,,0,Current stock availability is limiting observed demand.
11-Sep-2026,2026-09-11,RIM-NAIL-60S-404,,0,,0,,0,,0,,0,"Recent demand is volatile, so the forecast is kept conservative."
11-Sep-2026,2026-09-11,RIM-NAIL-60S-405,,0,,0,,0,,0,,0,"Recent demand is volatile, so the forecast is kept conservative."
11-Sep-2026,2026-09-11,RIM-NAIL-60S-406,,0,,0,,0,,0,,0,"Demand is intermittent, so the forecast remains conservative."
11-Sep-2026,2026-09-11,RIM-NAIL-60S-410,,0,,0,,0,,0,,0,"Recent demand is volatile, so the forecast is kept conservative."
11-Sep-2026,2026-09-11,RIM-NAIL-60S-411,,0,,0,,0,,0,,0,Current stock availability is limiting observed demand.
11-Sep-2026,2026-09-11,RIM-NAIL-60S-430,,0,,0,,0,,0,,0,Current stock availability is limiting observed demand.
11-Sep-2026,2026-09-11,RIM-NAIL-60S-498,,0,,0,,0,,0,,0,"Recent demand is volatile, so the forecast is kept conservative."
11-Sep-2026,2026-09-11,RIM-NAIL-60S-500,,0,,0,,0,,0,,0,"Recent demand is volatile, so the forecast is kept conservative."
11-Sep-2026,2026-09-11,RIM-NAIL-60S-510,,0,,0,,0,,0,,0,"Recent demand is volatile, so the forecast is kept conservative."
11-Sep-2026,2026-09-11,RIM-NAIL-60S-558,,0,,0,,0,,0,,0,"Recent demand is volatile, so the forecast is kept conservative."
11-Sep-2026,2026-09-11,RIM-NAIL-60S-560,,0,,0,,0,,0,,0,"Recent demand is volatile, so the forecast is kept conservative."
11-Sep-2026,2026-09-11,RIM-NAIL-60S-561,,0,,0,,0,,0,,0,"Recent demand is volatile, so the forecast is kept conservative."
11-Sep-2026,2026-09-11,RIM-NAIL-60S-703,,0,,0,,0,,0,,0,"Recent demand is volatile, so the forecast is kept conservative."
11-Sep-2026,2026-09-11,RIM-NAIL-60S-705,,0,,0,,0,,0,,0,"Recent demand is volatile, so the forecast is kept conservative."
11-Sep-2026,2026-09-11,RIM-NAIL-60S-707,,0,,0,,0,,0,,0,"Recent demand is volatile, so the forecast is kept conservative."
11-Sep-2026,2026-09-11,RIM-NAIL-60S-708,,0,,0,,0,,0,,0,Current stock availability is limiting observed demand.
11-Sep-2026,2026-09-11,RIM-NAIL-60S-709,,0,,0,,0,,0,,0,"Recent demand is volatile, so the forecast is kept conservative."
11-Sep-2026,2026-09-11,RIM-NAIL-60S-710,,0,,0,,0,,0,,0,"Recent demand is volatile, so the forecast is kept conservative."
11-Sep-2026,2026-09-11,RIM-NAIL-60S-711,,0,,0,,0,,0,,0,"Recent demand is volatile, so the forecast is kept conservative."
11-Sep-2026,2026-09-11,RIM-NAIL-60S-712,,0,,0,,0,,0,,0,Current stock availability is limiting observed demand.
11-Sep-2026,2026-09-11,RIM-NAIL-60S-713,,0,,0,,0,,0,,0,"Recent demand is volatile, so the forecast is kept conservative."
11-Sep-2026,2026-09-11,RIM-NAIL-60S-714,,0,,0,,0,,0,,0,"Recent demand is volatile, so the forecast is kept conservative."
11-Sep-2026,2026-09-11,RIM-NAIL-60S-715,,0,,0,,0,,0,,0,Current stock availability is limiting observed demand.
11-Sep-2026,2026-09-11,RIM-NAIL-60S-718,,0,,0,,0,,0,,0,"Recent demand is volatile, so the forecast is kept conservative."
11-Sep-2026,2026-09-11,RIM-NAIL-60S-719,,0,,0,,0,,0,,0,"Recent demand is volatile, so the forecast is kept conservative."
11-Sep-2026,2026-09-11,RIM-NAIL-60S-720,,0,,0,,0,,0,,0,"Recent demand is volatile, so the forecast is kept conservative."
11-Sep-2026,2026-09-11,RIM-NAIL-60S-721,,0,,0,,0,,0,,0,"Recent demand is volatile, so the forecast is kept conservative."
11-Sep-2026,2026-09-11,RIM-NAIL-60S-722,,0,,0,,0,,0,,0,"Recent demand is volatile, so the forecast is kept conservative."
11-Sep-2026,2026-09-11,RIM-NAIL-60S-730,,0,,0,,0,,0,,0,Current stock availability is limiting observed demand.
11-Sep-2026,2026-09-11,RIM-NAIL-60S-740,,0,,0,,0,,0,,0,"Recent demand is volatile, so the forecast is kept conservative."
11-Sep-2026,2026-09-11,RIM-NAIL-60S-807,,0,,0,,0,,0,,0,"Recent demand is volatile, so the forecast is kept conservative."
11-Sep-2026,2026-09-11,RIM-NAIL-60S-809,,0,,0,,0,,0,,0,"Recent demand is volatile, so the forecast is kept conservative."
11-Sep-2026,2026-09-11,RIM-NAIL-60S-810,,0,,0,,0,,0,,0,"Recent demand is volatile, so the forecast is kept conservative."
11-Sep-2026,2026-09-11,RIM-NAIL-60S-811,,0,,0,,0,,0,,0,"Recent demand is volatile, so the forecast is kept conservative."
11-Sep-2026,2026-09-11,RIM-NAIL-60S-812,,0,,0,,0,,0,,0,Current stock availability is limiting observed demand.
11-Sep-2026,2026-09-11,RIM-NAIL-60S-820,,0,,0,,0,,0,,0,"Demand is intermittent, so the forecast remains conservative."
11-Sep-2026,2026-09-11,RIM-NAIL-60S-828,,0,,0,,0,,0,,0,"Recent demand is volatile, so the forecast is kept conservative."
11-Sep-2026,2026-09-11,RIM-NAIL-60S-831,,0,,0,,0,,0,,0,"Demand is intermittent, so the forecast remains conservative."
11-Sep-2026,2026-09-11,RIM-NAIL-60S-833,,0,,0,,0,,0,,0,"Recent demand is volatile, so the forecast is kept conservative."
11-Sep-2026,2026-09-11,RIM-NAIL-60S-834,,0,,0,,0,,0,,0,"Recent demand is volatile, so the forecast is kept conservative."
11-Sep-2026,2026-09-11,RIM-NAIL-60S-853,,0,,0,,0,,0,,0,"Recent demand is volatile, so the forecast is kept conservative."
11-Sep-2026,2026-09-11,RIM-NAIL-60S-878,,0,,0,,0,,0,,0,Current stock availability is limiting observed demand.
11-Sep-2026,2026-09-11,RIM-NAIL-60S-900,,0,,1,,0,,0,,1,"Recent demand is volatile, so the forecast is kept conservative."
11-Sep-2026,2026-09-11,RIM-NAIL-60S-901,,0,,0,,0,,0,,0,Current stock availability is limiting observed demand.
11-Sep-2026,2026-09-11,RIM-NAIL-60S-902,,2,,1,,0,,0,,3,"Recent demand is volatile, so the forecast is kept conservative."
11-Sep-2026,2026-09-11,RIM-NAIL-60S-905,,0,,0,,0,,0,,0,"Recent demand is volatile, so the forecast is kept conservative."
11-Sep-2026,2026-09-11,RIM-NAIL-60S-BUNDLE-10PCS-V1,,0,,0,,0,,0,,0,"Recent demand is volatile, so the forecast is kept conservative."
11-Sep-2026,2026-09-11,RIM-NAIL-60S-BUNDLE-10PCS-V2,,0,,0,,0,,0,,0,"Demand is intermittent, so the forecast remains conservative."
11-Sep-2026,2026-09-11,RIM-NAIL-60S-BUNDLE-10PCS-V3,,0,,0,,0,,0,,0,"Recent demand is volatile, so the forecast is kept conservative."
11-Sep-2026,2026-09-11,RIM-NAIL-60S-BUNDLE-15PCS-V1,,0,,0,,0,,0,,0,Current stock availability is limiting observed demand.
11-Sep-2026,2026-09-11,RIM-NAIL-60S-BUNDLE-5PCS-V1,,0,,0,,0,,0,,0,"Demand is intermittent, so the forecast remains conservative."
11-Sep-2026,2026-09-11,RIM-NAIL-60S-BUNDLE-5PCS-V2,,0,,0,,0,,0,,0,"Demand is intermittent, so the forecast remains conservative."
11-Sep-2026,2026-09-11,RIM-NAIL-60S-BUNDLE-5PCS-V3,,0,,0,,0,,0,,0,"Recent demand is volatile, so the forecast is kept conservative."
11-Sep-2026,2026-09-11,RIM-NAIL-60S-BUNDLE-5PCS-V4,,0,,0,,0,,0,,0,"Demand is intermittent, so the forecast remains conservative."
11-Sep-2026,2026-09-11,RIM-NAIL-60S-BUNDLE-RED-5,,0,,0,,0,,0,,0,"Recent demand is volatile, so the forecast is kept conservative."
11-Sep-2026,2026-09-11,RIM-NAIL-60S-BUNDLE-SUMMER-5,,0,,0,,0,,0,,0,"Demand is intermittent, so the forecast remains conservative."
11-Sep-2026,2026-09-11,RIM-NAIL-60S-MIX-10PCS,,0,,0,,0,,0,,0,"Recent demand is volatile, so the forecast is kept conservative."
11-Sep-2026,2026-09-11,RIM-NAIL-60S-MIX-15PCS,,0,,0,,0,,0,,0,Current stock availability is limiting observed demand.
11-Sep-2026,2026-09-11,RIM-NAIL-60S-MIX-8PCS,,0,,0,,0,,0,,0,"Demand is intermittent, so the forecast remains conservative."
11-Sep-2026,2026-09-11,RIM-NAIL-FT-TOPCOAT,,0,,0,,0,,0,,0,Current stock availability is limiting observed demand.
11-Sep-2026,2026-09-11,RIM-NAIL-FT-TOPCOAT-2PK,,0,,0,,0,,0,,0,"Demand is intermittent, so the forecast remains conservative."
11-Sep-2026,2026-09-11,RIM-NAIL-GLITTER-BOMB-019,,0,,0,,0,,0,,0,Current stock availability is limiting observed demand.
11-Sep-2026,2026-09-11,RIM-NAIL-NN-5IN1,,0,,0,,0,,0,,0,Current stock availability is limiting observed demand.
11-Sep-2026,2026-09-11,RIM-NAIL-NN-STRONGER,,0,,0,,0,,0,,0,Current stock availability is limiting observed demand.
11-Sep-2026,2026-09-11,RIM-NAIL-SUPERGEL-001,,0,,0,,0,,0,,0,"Demand is intermittent, so the forecast remains conservative."
11-Sep-2026,2026-09-11,RIM-NAIL-SUPERGEL-008,,0,,0,,0,,0,,0,"Recent demand is volatile, so the forecast is kept conservative."
11-Sep-2026,2026-09-11,RIM-NAIL-SUPERGEL-012,,1,,0,,0,,0,,1,"Recent demand is volatile, so the forecast is kept conservative."
11-Sep-2026,2026-09-11,RIM-NAIL-SUPERGEL-014,,0,,0,,0,,0,,0,Current stock availability is limiting observed demand.
11-Sep-2026,2026-09-11,RIM-NAIL-SUPERGEL-020,,0,,0,,0,,0,,0,Current stock availability is limiting observed demand.
11-Sep-2026,2026-09-11,RIM-NAIL-SUPERGEL-021,,0,,0,,0,,0,,0,"Recent demand is volatile, so the forecast is kept conservative."
11-Sep-2026,2026-09-11,RIM-NAIL-SUPERGEL-022,,0,,0,,0,,0,,0,"Recent demand is volatile, so the forecast is kept conservative."
11-Sep-2026,2026-09-11,RIM-NAIL-SUPERGEL-023,,0,,0,,0,,0,,0,Current stock availability is limiting observed demand.
11-Sep-2026,2026-09-11,RIM-NAIL-SUPERGEL-023-2PK,,0,,0,,0,,0,,0,"Demand is intermittent, so the forecast remains conservative."
11-Sep-2026,2026-09-11,RIM-NAIL-SUPERGEL-023-5PK,,0,,0,,0,,0,,0,"Demand is intermittent, so the forecast remains conservative."
11-Sep-2026,2026-09-11,RIM-NAIL-SUPERGEL-024,,0,,0,,0,,0,,0,"Recent demand is volatile, so the forecast is kept conservative."
11-Sep-2026,2026-09-11,RIM-NAIL-SUPERGEL-025,,0,,0,,0,,0,,0,"Recent demand is volatile, so the forecast is kept conservative."
11-Sep-2026,2026-09-11,RIM-NAIL-SUPERGEL-026,,0,,0,,0,,0,,0,"Recent demand is volatile, so the forecast is kept conservative."
11-Sep-2026,2026-09-11,RIM-NAIL-SUPERGEL-027,,0,,0,,0,,0,,0,Current stock availability is limiting observed demand.
11-Sep-2026,2026-09-11,RIM-NAIL-SUPERGEL-030,,0,,0,,0,,0,,0,Current stock availability is limiting observed demand.
11-Sep-2026,2026-09-11,RIM-NAIL-SUPERGEL-031,,0,,0,,0,,0,,0,Current stock availability is limiting observed demand.
11-Sep-2026,2026-09-11,RIM-NAIL-SUPERGEL-032,,0,,0,,0,,0,,0,"Recent demand is volatile, so the forecast is kept conservative."
11-Sep-2026,2026-09-11,RIM-NAIL-SUPERGEL-033,,0,,0,,0,,0,,0,"Recent demand is volatile, so the forecast is kept conservative."
11-Sep-2026,2026-09-11,RIM-NAIL-SUPERGEL-035,,0,,0,,0,,0,,0,"Recent demand is volatile, so the forecast is kept conservative."
11-Sep-2026,2026-09-11,RIM-NAIL-SUPERGEL-042,,0,,0,,0,,0,,0,"Recent demand is volatile, so the forecast is kept conservative."
11-Sep-2026,2026-09-11,RIM-NAIL-SUPERGEL-043,,0,,0,,0,,0,,0,"Recent demand is volatile, so the forecast is kept conservative."
11-Sep-2026,2026-09-11,RIM-NAIL-SUPERGEL-044,,0,,0,,0,,0,,0,Current stock availability is limiting observed demand.
11-Sep-2026,2026-09-11,RIM-NAIL-SUPERGEL-045,,0,,0,,0,,0,,0,"Recent demand is volatile, so the forecast is kept conservative."
11-Sep-2026,2026-09-11,RIM-NAIL-SUPERGEL-052,,0,,0,,0,,0,,0,Current stock availability is limiting observed demand.
11-Sep-2026,2026-09-11,RIM-NAIL-SUPERGEL-054,,0,,0,,0,,0,,0,"Recent demand is volatile, so the forecast is kept conservative."
11-Sep-2026,2026-09-11,RIM-NAIL-SUPERGEL-056,,0,,0,,0,,0,,0,"Recent demand is volatile, so the forecast is kept conservative."
11-Sep-2026,2026-09-11,RIM-NAIL-SUPERGEL-058,,0,,0,,0,,0,,0,"Demand is intermittent, so the forecast remains conservative."
11-Sep-2026,2026-09-11,RIM-NAIL-SUPERGEL-069,,0,,0,,0,,0,,0,Current stock availability is limiting observed demand.
11-Sep-2026,2026-09-11,RIM-NAIL-SUPERGEL-070,,0,,0,,0,,0,,0,Current stock availability is limiting observed demand.
11-Sep-2026,2026-09-11,RIM-NAIL-SUPERGEL-071,,0,,0,,0,,0,,0,"Recent demand is volatile, so the forecast is kept conservative."
11-Sep-2026,2026-09-11,RIM-NAIL-SUPERGEL-083,,0,,0,,0,,0,,0,"Recent demand is volatile, so the forecast is kept conservative."
11-Sep-2026,2026-09-11,RIM-NAIL-SUPERGEL-090,,0,,0,,0,,0,,0,Current stock availability is limiting observed demand.
11-Sep-2026,2026-09-11,RIM-NAIL-SUPERGEL-091,,0,,0,,0,,0,,0,"Recent demand is volatile, so the forecast is kept conservative."
11-Sep-2026,2026-09-11,RIM-NAIL-SUPERGEL-091A,,1,,0,,0,,0,,1,"Recent demand is volatile, so the forecast is kept conservative."
11-Sep-2026,2026-09-11,RIM-NAIL-SUPERGEL-094,,0,,0,,0,,0,,0,"Recent demand is volatile, so the forecast is kept conservative."
11-Sep-2026,2026-09-11,RIM-NAIL-SUPERGEL-095,,0,,0,,0,,0,,0,"Recent demand is volatile, so the forecast is kept conservative."
11-Sep-2026,2026-09-11,RIM-NAIL-SUPERGEL-096,,0,,0,,0,,0,,0,"Demand is intermittent, so the forecast remains conservative."
11-Sep-2026,2026-09-11,RIM-NAIL-SUPERGEL-097,,0,,0,,0,,0,,0,"Recent demand is volatile, so the forecast is kept conservative."
11-Sep-2026,2026-09-11,RIM-NAIL-SUPERGEL-098,,0,,0,,0,,0,,0,Current stock availability is limiting observed demand.
11-Sep-2026,2026-09-11,RIM-NAIL-SUPERGEL-099,,0,,0,,0,,0,,0,"Recent demand is volatile, so the forecast is kept conservative."
11-Sep-2026,2026-09-11,RIM-NATURALBRONZER-001,,0,,0,,0,,0,,0,Current stock availability is limiting observed demand.
11-Sep-2026,2026-09-11,RIM-NATURALBRONZER-002,,0,,0,,0,,0,,0,"Recent demand is volatile, so the forecast is kept conservative."
11-Sep-2026,2026-09-11,RIM-NATURALBRONZER-002-3PK,,0,,0,,0,,0,,0,"Demand is intermittent, so the forecast remains conservative."
11-Sep-2026,2026-09-11,RIM-OMG-LIP-130,,0,,1,,0,,0,,1,"Recent demand is volatile, so the forecast is kept conservative."
11-Sep-2026,2026-09-11,RIM-OMG-LIP-150,,0,,0,,0,,0,,0,"Recent demand is volatile, so the forecast is kept conservative."
11-Sep-2026,2026-09-11,RIM-OMG-LIP-160,,0,,0,,0,,0,,0,"Recent demand is volatile, so the forecast is kept conservative."
11-Sep-2026,2026-09-11,RIM-OMG-LIP-200,,0,,0,,0,,0,,0,Current stock availability is limiting observed demand.
11-Sep-2026,2026-09-11,RIM-OMG-LIP-210,,0,,0,,0,,0,,0,"Demand is intermittent, so the forecast remains conservative."
11-Sep-2026,2026-09-11,RIM-OMG-LIP-260,,0,,0,,0,,0,,0,Current stock availability is limiting observed demand.
11-Sep-2026,2026-09-11,RIM-OMG-LIP-300,,0,,0,,0,,0,,0,Current stock availability is limiting observed demand.
11-Sep-2026,2026-09-11,RIM-OMG-LIP-330,,0,,0,,0,,0,,0,"Recent demand is volatile, so the forecast is kept conservative."
11-Sep-2026,2026-09-11,RIM-OMG-LIP-400,,0,,0,,0,,0,,0,Current stock availability is limiting observed demand.
11-Sep-2026,2026-09-11,RIM-OMG-LIP-500,,0,,0,,0,,0,,0,"Demand is intermittent, so the forecast remains conservative."
11-Sep-2026,2026-09-11,RIM-OMG-LIP-531,,0,,0,,0,,0,,0,Current stock availability is limiting observed demand.
11-Sep-2026,2026-09-11,RIM-OMG-LIP-758,,0,,0,,0,,0,,0,Current stock availability is limiting observed demand.
11-Sep-2026,2026-09-11,RIM-OMG-LIP-759,,0,,0,,0,,0,,0,"Demand is intermittent, so the forecast remains conservative."
11-Sep-2026,2026-09-11,RIM-OMG-LIP-800,,0,,0,,0,,0,,0,"Recent demand is volatile, so the forecast is kept conservative."
11-Sep-2026,2026-09-11,RIM-OMG-LIP-801,,0,,0,,0,,0,,0,Current stock availability is limiting observed demand.
11-Sep-2026,2026-09-11,RIM-OMG-LIP-LOVEBUG,,0,,0,,0,,0,,0,"Recent demand is volatile, so the forecast is kept conservative."
11-Sep-2026,2026-09-11,RIM-OMG-PLUMP-501,,0,,0,,0,,0,,0,Current stock availability is limiting observed demand.
11-Sep-2026,2026-09-11,RIM-OMG-PLUMP-820,,0,,0,,0,,0,,0,Current stock availability is limiting observed demand.
11-Sep-2026,2026-09-11,RIM-OMP-LIP-SHAPER-010,,0,,0,,0,,0,,0,"Demand is intermittent, so the forecast remains conservative."
11-Sep-2026,2026-09-11,RIM-OMP-LIP-SHAPER-030,,0,,0,,0,,0,,0,"Demand is intermittent, so the forecast remains conservative."
11-Sep-2026,2026-09-11,RIM-OMP-LIP-SHAPER-040,,0,,0,,0,,0,,0,"Demand is intermittent, so the forecast remains conservative."
11-Sep-2026,2026-09-11,RIM-OMP-LIP-SHAPER-050,,0,,0,,0,,0,,0,"Demand is intermittent, so the forecast remains conservative."
11-Sep-2026,2026-09-11,RIM-PROVOCALIP-210,,0,,0,,0,,0,,0,Current stock availability is limiting observed demand.
11-Sep-2026,2026-09-11,RIM-PROVOCALIP-570,,0,,0,,0,,0,,0,"Recent demand is volatile, so the forecast is kept conservative."
11-Sep-2026,2026-09-11,RIM-PROVOCALIP-710,,0,,0,,0,,0,,0,Current stock availability is limiting observed demand.
11-Sep-2026,2026-09-11,RIM-PROVOCALIP-730,,0,,0,,0,,0,,0,"Recent demand is volatile, so the forecast is kept conservative."
11-Sep-2026,2026-09-11,RIM-RADBRICK-001,,0,,0,,0,,0,,0,Current stock availability is limiting observed demand.
11-Sep-2026,2026-09-11,RIM-RADBRICK-002,,0,,0,,0,,0,,0,Current stock availability is limiting observed demand.
11-Sep-2026,2026-09-11,RIM-RADBRICK-003,,0,,0,,0,,0,,0,Current stock availability is limiting observed demand.
11-Sep-2026,2026-09-11,RIM-SCD-EL-WP-001,,1,,1,,0,,0,,2,"Recent demand is volatile, so the forecast is kept conservative."
11-Sep-2026,2026-09-11,RIM-SCD-EL-WP-001-2PK,,0,,0,,0,,0,,0,"Demand is intermittent, so the forecast remains conservative."
11-Sep-2026,2026-09-11,RIM-SCD-EL-WP-001-3PK,,0,,0,,0,,0,,0,"Demand is intermittent, so the forecast remains conservative."
11-Sep-2026,2026-09-11,RIM-SCD-EL-WP-001-5PK,,0,,0,,0,,0,,0,"Demand is intermittent, so the forecast remains conservative."
11-Sep-2026,2026-09-11,RIM-SCD-EL-WP-003,,0,,0,,0,,0,,0,"Recent demand is volatile, so the forecast is kept conservative."
11-Sep-2026,2026-09-11,RIM-SCD-EL-WP-005,,0,,0,,0,,0,,0,"Demand is intermittent, so the forecast remains conservative."
11-Sep-2026,2026-09-11,RIM-SCD-EL-WP-006,,0,,0,,0,,0,,0,Current stock availability is limiting observed demand.
11-Sep-2026,2026-09-11,RIM-SCD-EL-WP-008,,0,,0,,0,,0,,0,Current stock availability is limiting observed demand.
11-Sep-2026,2026-09-11,RIM-SCD-EYE-001,,16,,2,,0,,0,,18,"Recent sales are increasing, so the forecast is higher."
11-Sep-2026,2026-09-11,RIM-SCD-EYE-001-2PK,,0,,0,,0,,0,,0,"Demand is intermittent, so the forecast remains conservative."
11-Sep-2026,2026-09-11,RIM-SCD-EYE-001-3PK,,0,,0,,0,,0,,0,"Demand is intermittent, so the forecast remains conservative."
11-Sep-2026,2026-09-11,RIM-SCD-EYE-001-5PK,,0,,0,,0,,0,,0,"Recent demand is volatile, so the forecast is kept conservative."
11-Sep-2026,2026-09-11,RIM-SCD-EYE-002,,0,,0,,0,,0,,0,Current stock availability is limiting observed demand.
11-Sep-2026,2026-09-11,RIM-SCD-EYE-002-2PK,,0,,0,,0,,0,,0,"Demand is intermittent, so the forecast remains conservative."
11-Sep-2026,2026-09-11,RIM-SCD-EYE-002-3PK,,0,,0,,0,,0,,0,"Demand is intermittent, so the forecast remains conservative."
11-Sep-2026,2026-09-11,RIM-SCD-EYE-002-5PK,,0,,0,,0,,0,,0,"Demand is intermittent, so the forecast remains conservative."
11-Sep-2026,2026-09-11,RIM-SCD-EYE-003,,0,,2,,0,,0,,2,"Recent demand is volatile, so the forecast is kept conservative."
11-Sep-2026,2026-09-11,RIM-SCD-EYE-003-2PK,,0,,0,,0,,0,,0,"Demand is intermittent, so the forecast remains conservative."
11-Sep-2026,2026-09-11,RIM-SCD-EYE-003-3PK,,0,,0,,0,,0,,0,"Demand is intermittent, so the forecast remains conservative."
11-Sep-2026,2026-09-11,RIM-SCD-EYE-003-5PK,,0,,0,,0,,0,,0,"Demand is intermittent, so the forecast remains conservative."
11-Sep-2026,2026-09-11,RIM-SCD-EYE-004,,0,,0,,0,,0,,0,"Recent demand is volatile, so the forecast is kept conservative."
11-Sep-2026,2026-09-11,RIM-SCD-EYE-005,,0,,0,,0,,0,,0,"Recent demand is volatile, so the forecast is kept conservative."
11-Sep-2026,2026-09-11,RIM-SCD-EYE-006,,0,,1,,0,,0,,1,"Recent demand is volatile, so the forecast is kept conservative."
11-Sep-2026,2026-09-11,RIM-SCD-EYE-006-2PK,,0,,0,,0,,0,,0,"Recent demand is volatile, so the forecast is kept conservative."
11-Sep-2026,2026-09-11,RIM-SCD-EYE-006-3PK,,0,,0,,0,,0,,0,"Recent demand is volatile, so the forecast is kept conservative."
11-Sep-2026,2026-09-11,RIM-SCD-EYE-006-5PK,,0,,0,,0,,0,,0,"Recent demand is volatile, so the forecast is kept conservative."
11-Sep-2026,2026-09-11,RIM-SCD-MICRO-EL-001,,0,,0,,0,,0,,0,"Demand is intermittent, so the forecast remains conservative."
11-Sep-2026,2026-09-11,RIM-SM-PRIMER-003,,0,,0,,0,,0,,0,"Demand is intermittent, so the forecast remains conservative."
11-Sep-2026,2026-09-11,RIM-SMLIQ-100,,0,,0,,0,,0,,0,"Demand is intermittent, so the forecast remains conservative."
11-Sep-2026,2026-09-11,RIM-SMLIQ-110,,0,,0,,0,,0,,0,Current stock availability is limiting observed demand.
11-Sep-2026,2026-09-11,RIM-SMLIQ-200,,0,,0,,0,,0,,0,Current stock availability is limiting observed demand.
11-Sep-2026,2026-09-11,RIM-SMLIQ-220,,0,,0,,0,,0,,0,Current stock availability is limiting observed demand.
11-Sep-2026,2026-09-11,RIM-SMLIQ-500,,0,,0,,0,,0,,0,Current stock availability is limiting observed demand.
11-Sep-2026,2026-09-11,RIM-SMLIQ-600,,0,,0,,0,,0,,0,Current stock availability is limiting observed demand.
11-Sep-2026,2026-09-11,RIM-SMLIQ-700,,0,,0,,0,,0,,0,"Recent demand is volatile, so the forecast is kept conservative."
11-Sep-2026,2026-09-11,RIM-SMLIQ-706,,0,,0,,0,,0,,0,Current stock availability is limiting observed demand.
11-Sep-2026,2026-09-11,RIM-SMLIQ-707,,0,,0,,0,,0,,0,Current stock availability is limiting observed demand.
11-Sep-2026,2026-09-11,RIM-SMLIQ-708,,0,,0,,0,,0,,0,Current stock availability is limiting observed demand.
11-Sep-2026,2026-09-11,RIM-SMLIQ-709,,0,,0,,0,,0,,0,Current stock availability is limiting observed demand.
11-Sep-2026,2026-09-11,RIM-SMLIQ-720,,0,,0,,0,,0,,0,Current stock availability is limiting observed demand.
11-Sep-2026,2026-09-11,RIM-SMLIQ-723,,0,,0,,0,,0,,0,Current stock availability is limiting observed demand.
11-Sep-2026,2026-09-11,RIM-SMLIQ-725,,0,,0,,0,,0,,0,Current stock availability is limiting observed demand.
11-Sep-2026,2026-09-11,RIM-SMLIQ-820,,0,,0,,0,,0,,0,Current stock availability is limiting observed demand.
11-Sep-2026,2026-09-11,RIM-SMLIQ-830,,0,,0,,0,,0,,0,"Demand is intermittent, so the forecast remains conservative."
11-Sep-2026,2026-09-11,RIM-SMLIQ-870,,0,,0,,0,,0,,0,"Demand is intermittent, so the forecast remains conservative."
11-Sep-2026,2026-09-11,RIM-SMLQFDT-502,,0,,0,,0,,0,,0,Current stock availability is limiting observed demand.
11-Sep-2026,2026-09-11,RIM-SMPP-001,,1,,5,,0,,0,,6,"Recent demand is volatile, so the forecast is kept conservative."
11-Sep-2026,2026-09-11,RIM-SMPP-001-2PK,,0,,0,,0,,0,,0,"Recent demand is volatile, so the forecast is kept conservative."
11-Sep-2026,2026-09-11,RIM-SMPP-001-3PK,,0,,0,,0,,0,,0,"Recent demand is volatile, so the forecast is kept conservative."
11-Sep-2026,2026-09-11,RIM-SMPP-001-5PK,,0,,0,,0,,0,,0,"Recent demand is volatile, so the forecast is kept conservative."
11-Sep-2026,2026-09-11,RIM-SMPP-002,,0,,1,,0,,0,,1,"Recent demand is volatile, so the forecast is kept conservative."
11-Sep-2026,2026-09-11,RIM-SMPP-002-2PK,,0,,0,,0,,0,,0,"Recent demand is volatile, so the forecast is kept conservative."
11-Sep-2026,2026-09-11,RIM-SMPP-002-3PK,,0,,0,,0,,0,,0,"Recent demand is volatile, so the forecast is kept conservative."
11-Sep-2026,2026-09-11,RIM-SMPP-002-5PK,,0,,0,,0,,0,,0,"Demand is intermittent, so the forecast remains conservative."
11-Sep-2026,2026-09-11,RIM-SMPP-003,,0,,4,,0,,0,,4,"Recent demand is volatile, so the forecast is kept conservative."
11-Sep-2026,2026-09-11,RIM-SMPP-003-2PK,,0,,0,,0,,0,,0,"Recent demand is volatile, so the forecast is kept conservative."
11-Sep-2026,2026-09-11,RIM-SMPP-003-3PK,,0,,0,,0,,0,,0,"Recent demand is volatile, so the forecast is kept conservative."
11-Sep-2026,2026-09-11,RIM-SMPP-003-5PK,,0,,0,,0,,0,,0,"Recent demand is volatile, so the forecast is kept conservative."
11-Sep-2026,2026-09-11,RIM-SMPP-004,,0,,2,,0,,0,,2,"Recent demand is volatile, so the forecast is kept conservative."
11-Sep-2026,2026-09-11,RIM-SMPP-004-2PK,,0,,0,,0,,0,,0,"Recent demand is volatile, so the forecast is kept conservative."
11-Sep-2026,2026-09-11,RIM-SMPP-004-3PK,,0,,0,,0,,0,,0,"Recent demand is volatile, so the forecast is kept conservative."
11-Sep-2026,2026-09-11,RIM-SMPP-004-5PK,,0,,0,,0,,0,,0,"Demand is intermittent, so the forecast remains conservative."
11-Sep-2026,2026-09-11,RIM-SMPP-005,,7,,5,,0,,0,,12,"Recent sales are increasing, so the forecast is higher."
11-Sep-2026,2026-09-11,RIM-SMPP-005-2PK,,0,,0,,0,,0,,0,"Recent demand is volatile, so the forecast is kept conservative."
11-Sep-2026,2026-09-11,RIM-SMPP-005-3PK,,0,,0,,0,,0,,0,"Recent demand is volatile, so the forecast is kept conservative."
11-Sep-2026,2026-09-11,RIM-SMPP-005-5PK,,0,,0,,0,,0,,0,"Recent demand is volatile, so the forecast is kept conservative."
11-Sep-2026,2026-09-11,RIM-SMPP-006,,0,,2,,0,,0,,2,"Recent demand is volatile, so the forecast is kept conservative."
11-Sep-2026,2026-09-11,RIM-SMPP-006-2PK,,0,,0,,0,,0,,0,"Demand is intermittent, so the forecast remains conservative."
11-Sep-2026,2026-09-11,RIM-SMPP-006-3PK,,0,,0,,0,,0,,0,"Recent demand is volatile, so the forecast is kept conservative."
11-Sep-2026,2026-09-11,RIM-SMPP-006-5PK,,0,,0,,0,,0,,0,"Recent demand is volatile, so the forecast is kept conservative."
11-Sep-2026,2026-09-11,RIM-SMPP-007,,0,,0,,0,,0,,0,Current stock availability is limiting observed demand.
11-Sep-2026,2026-09-11,RIM-SMPP-008,,0,,0,,0,,0,,0,"Recent demand is volatile, so the forecast is kept conservative."
11-Sep-2026,2026-09-11,RIM-SMPP-009,,0,,0,,0,,0,,0,"Recent demand is volatile, so the forecast is kept conservative."
11-Sep-2026,2026-09-11,RIM-SMPP-010,,0,,0,,0,,0,,0,Current stock availability is limiting observed demand.
11-Sep-2026,2026-09-11,RIM-STAY-MATTE-LIQLIP-COLOR-709,,0,,0,,0,,0,,0,Current stock availability is limiting observed demand.
11-Sep-2026,2026-09-11,RIM-STAY-SATIN-LIP-200,,0,,0,,0,,0,,0,Current stock availability is limiting observed demand.
11-Sep-2026,2026-09-11,RIM-STAY-SATIN-LIP-210,,0,,0,,0,,0,,0,"Recent demand is volatile, so the forecast is kept conservative."
11-Sep-2026,2026-09-11,RIM-STAY-SATIN-LIP-500,,0,,0,,0,,0,,0,"Recent demand is volatile, so the forecast is kept conservative."
11-Sep-2026,2026-09-11,RIM-SUPERGEL-GLITTER,,0,,0,,0,,0,,0,"Recent demand is volatile, so the forecast is kept conservative."
11-Sep-2026,2026-09-11,RIM-SUPERGEL-TOPCOAT,,2,,0,,0,,0,,2,"Recent demand is declining, so the forecast is lower."
11-Sep-2026,2026-09-11,RIM-SUPERGEL-TOPCOAT-2PK,,0,,0,,0,,0,,0,"Recent demand is volatile, so the forecast is kept conservative."
11-Sep-2026,2026-09-11,RIM-ULTIMATE-PRM-001,,0,,0,,0,,0,,0,Current stock availability is limiting observed demand.
11-Sep-2026,2026-09-11,RIM-ULTIMATE-PRM-001-2PK,,0,,0,,0,,0,,0,Current stock availability is limiting observed demand.
11-Sep-2026,2026-09-11,RIM-ULTIMATE-PRM-001-3PK,,0,,0,,0,,0,,0,"Demand is intermittent, so the forecast remains conservative."
11-Sep-2026,2026-09-11,RIM-ULTIMATE-PRM-001-5PK,,0,,0,,0,,0,,0,"Demand is intermittent, so the forecast remains conservative."
11-Sep-2026,2026-09-11,RIM-WNDCLOUD-LIQ-ES-001,,0,,0,,0,,0,,0,"Demand is intermittent, so the forecast remains conservative."
11-Sep-2026,2026-09-11,RIM-WNDCLOUD-LIQ-ES-002,,0,,0,,0,,0,,0,Current stock availability is limiting observed demand.
11-Sep-2026,2026-09-11,RIM-WNDCLOUD-LIQ-ES-004,,0,,0,,0,,0,,0,"Demand is intermittent, so the forecast remains conservative."
11-Sep-2026,2026-09-11,RIM-WNDCLOUD-LIQ-ES-005,,0,,0,,0,,0,,0,"Demand is intermittent, so the forecast remains conservative."
11-Sep-2026,2026-09-11,RIM-WNDCLOUD-LIQ-ES-006,,0,,0,,0,,0,,0,Current stock availability is limiting observed demand.
11-Sep-2026,2026-09-11,RIM-WNDCLOUD-LIQ-ES-007,,0,,0,,0,,0,,0,"Demand is intermittent, so the forecast remains conservative."
11-Sep-2026,2026-09-11,RIM-WONDER-SERUM,,0,,0,,0,,0,,0,"Recent demand is volatile, so the forecast is kept conservative."
11-Sep-2026,2026-09-11,RIM-WONDERF-BROW-001,,0,,0,,0,,0,,0,Current stock availability is limiting observed demand.
11-Sep-2026,2026-09-11,RIM-WONDERF-BROW-002,,1,,0,,0,,0,,1,"Recent demand is volatile, so the forecast is kept conservative."
11-Sep-2026,2026-09-11,RIM-WONDERF-BROW-003,,8,,0,,0,,0,,8,"Recent demand is volatile, so the forecast is kept conservative."
11-Sep-2026,2026-09-11,RIM-WONDERF-GEL-004,,0,,0,,0,,0,,0,Current stock availability is limiting observed demand.
11-Sep-2026,2026-09-11,RIM-WONDERINK-EL-001,,0,,0,,0,,0,,0,"Demand is intermittent, so the forecast remains conservative."
11-Sep-2026,2026-09-11,RIM-WONDERINK-LIQ-EL-002,,0,,0,,0,,0,,0,"Recent demand is volatile, so the forecast is kept conservative."
11-Sep-2026,2026-09-11,RIM-WONDERINK-LIQ-EL-003,,0,,0,,0,,0,,0,"Demand is intermittent, so the forecast remains conservative."
11-Sep-2026,2026-09-11,RIM-WONDERINK-LIQ-EL-005,,0,,0,,0,,0,,0,"Demand is intermittent, so the forecast remains conservative."
11-Sep-2026,2026-09-11,RIM-WONDERLAST-001,,0,,0,,0,,0,,0,"Demand is intermittent, so the forecast remains conservative."
11-Sep-2026,2026-09-11,RIM-WONDERLAST-002,,0,,0,,0,,0,,0,"Demand is intermittent, so the forecast remains conservative."
11-Sep-2026,2026-09-11,RIM-WONDERLAST-003,,0,,0,,0,,0,,0,"Demand is intermittent, so the forecast remains conservative."
11-Sep-2026,2026-09-11,RIM-WONDERLAST-004,,0,,0,,0,,0,,0,"Demand is intermittent, so the forecast remains conservative."
11-Sep-2026,2026-09-11,RIM-WONDERPROOF-EL-006,,0,,0,,0,,0,,0,"Demand is intermittent, so the forecast remains conservative."
11-Sep-2026,2026-09-11,RIM-WS2IN1-002,,0,,0,,0,,0,,0,"Demand is intermittent, so the forecast remains conservative."
11-Sep-2026,2026-09-11,RIM-WS2IN1-003,,0,,0,,0,,0,,0,"Demand is intermittent, so the forecast remains conservative."
12-Sep-2026,2026-09-12,RIM-100WP-BLK,,0,,3,,0,,0,,3,"Recent demand is volatile, so the forecast is kept conservative."
12-Sep-2026,2026-09-12,RIM-1KLL-071,,0,,0,,0,,0,,0,Current stock availability is limiting observed demand.
12-Sep-2026,2026-09-12,RIM-1KLL-080,,0,,0,,0,,0,,0,Current stock availability is limiting observed demand.
12-Sep-2026,2026-09-12,RIM-1KLL-081,,0,,0,,0,,0,,0,"Demand is intermittent, so the forecast remains conservative."
12-Sep-2026,2026-09-12,RIM-BBCREAM-LIGHT,,0,,1,,0,,0,,1,"Recent demand is volatile, so the forecast is kept conservative."
12-Sep-2026,2026-09-12,RIM-BBCREAM-MEDIUM,,0,,0,,0,,0,,0,Current stock availability is limiting observed demand.
12-Sep-2026,2026-09-12,RIM-BBCREAM-VERYLIGHT,,0,,0,,0,,0,,0,Current stock availability is limiting observed demand.
12-Sep-2026,2026-09-12,RIM-BTW-BSK-DRKBRW,,2,,1,,0,,0,,3,"Recent demand is volatile, so the forecast is kept conservative."
12-Sep-2026,2026-09-12,RIM-BTW-BSK-DRKBRW-2PK,,0,,0,,0,,0,,0,"Recent demand is volatile, so the forecast is kept conservative."
12-Sep-2026,2026-09-12,RIM-BTW-BSK-DRKBRW-3PK,,0,,0,,0,,0,,0,"Demand is intermittent, so the forecast remains conservative."
12-Sep-2026,2026-09-12,RIM-BTW-BSK-MEDBRW,,0,,2,,0,,0,,2,"Demand is intermittent, so the forecast remains conservative."
12-Sep-2026,2026-09-12,RIM-BTW-BSK-MEDBRW-2PK,,0,,0,,0,,0,,0,"Demand is intermittent, so the forecast remains conservative."
12-Sep-2026,2026-09-12,RIM-BTW-BSK-MEDBRW-3PK,,0,,0,,0,,0,,0,"Recent demand is volatile, so the forecast is kept conservative."
12-Sep-2026,2026-09-12,RIM-BTW-F&S-001,,0,,0,,0,,0,,0,"Recent demand is volatile, so the forecast is kept conservative."
12-Sep-2026,2026-09-12,RIM-BTW-F&S-002,,0,,0,,0,,0,,0,"Recent demand is volatile, so the forecast is kept conservative."
12-Sep-2026,2026-09-12,RIM-BTW-F&S-003,,5,,0,,0,,0,,5,"Recent demand is volatile, so the forecast is kept conservative."
12-Sep-2026,2026-09-12,RIM-BTW-F&S-004,,0,,0,,0,,0,,0,"Demand is intermittent, so the forecast remains conservative."
12-Sep-2026,2026-09-12,RIM-BTWEYEBROW-003,,0,,0,,0,,0,,0,Current stock availability is limiting observed demand.
12-Sep-2026,2026-09-12,RIM-BTWEYEBROW-005,,0,,0,,0,,0,,0,"Demand is intermittent, so the forecast remains conservative."
12-Sep-2026,2026-09-12,RIM-BTWEYEBROW-005-2PK,,0,,0,,0,,0,,0,"Demand is intermittent, so the forecast remains conservative."
12-Sep-2026,2026-09-12,RIM-BTWEYEBROW-005-3PK,,0,,0,,0,,0,,0,"Demand is intermittent, so the forecast remains conservative."
12-Sep-2026,2026-09-12,RIM-BTWEYEBROW-005-5PK,,0,,0,,0,,0,,0,"Demand is intermittent, so the forecast remains conservative."
12-Sep-2026,2026-09-12,RIM-BTWEYEBROW-006,,0,,0,,0,,0,,0,Current stock availability is limiting observed demand.
12-Sep-2026,2026-09-12,RIM-BTWEYEBROW-006-2PK,,0,,0,,0,,0,,0,"Demand is intermittent, so the forecast remains conservative."
12-Sep-2026,2026-09-12,RIM-BTWEYEBROW-006-5PK,,0,,0,,0,,0,,0,"Demand is intermittent, so the forecast remains conservative."
12-Sep-2026,2026-09-12,RIM-BTWFIBRE-001,,0,,0,,0,,0,,0,Current stock availability is limiting observed demand.
12-Sep-2026,2026-09-12,RIM-BTWFIBRE-003,,0,,0,,0,,0,,0,Current stock availability is limiting observed demand.
12-Sep-2026,2026-09-12,RIM-BUNDLE-LIP-SET-PINK-NUDES,,0,,0,,0,,0,,0,"Demand is intermittent, so the forecast remains conservative."
12-Sep-2026,2026-09-12,RIM-BUNDLE-MSC-BLK-WP-TRIO,,0,,0,,0,,0,,0,Current stock availability is limiting observed demand.
12-Sep-2026,2026-09-12,RIM-EBP-BLKBRW,,0,,0,,0,,0,,0,Current stock availability is limiting observed demand.
12-Sep-2026,2026-09-12,RIM-EBP-BLKBRW-2PK,,0,,0,,0,,0,,0,"Demand is intermittent, so the forecast remains conservative."
12-Sep-2026,2026-09-12,RIM-EBP-BLKBRW-5PK,,0,,0,,0,,0,,0,"Recent demand is volatile, so the forecast is kept conservative."
12-Sep-2026,2026-09-12,RIM-EBP-DRKBRW,,11,,2,,0,,0,,13,Stable historical demand with consistent recent sales.
12-Sep-2026,2026-09-12,RIM-EBP-DRKBRW-5PK,,0,,0,,0,,0,,0,"Demand is intermittent, so the forecast remains conservative."
12-Sep-2026,2026-09-12,RIM-EBP-HAZEL,,0,,0,,0,,0,,0,Current stock availability is limiting observed demand.
12-Sep-2026,2026-09-12,RIM-EBP-HAZEL-5PK,,0,,0,,0,,0,,0,"Demand is intermittent, so the forecast remains conservative."
12-Sep-2026,2026-09-12,RIM-ELP-021,,0,,0,,0,,0,,0,"Recent demand is volatile, so the forecast is kept conservative."
12-Sep-2026,2026-09-12,RIM-ELP-061,,0,,1,,0,,0,,1,"Recent demand is volatile, so the forecast is kept conservative."
12-Sep-2026,2026-09-12,RIM-ELP-061-2PK,,0,,0,,0,,0,,0,"Demand is intermittent, so the forecast remains conservative."
12-Sep-2026,2026-09-12,RIM-ELP-061-6PK,,0,,0,,0,,0,,0,"Recent demand is volatile, so the forecast is kept conservative."
12-Sep-2026,2026-09-12,RIM-ELP-064,,1,,0,,0,,0,,1,"Recent demand is volatile, so the forecast is kept conservative."
12-Sep-2026,2026-09-12,RIM-ELP-064-2PK,,0,,0,,0,,0,,0,"Recent demand is volatile, so the forecast is kept conservative."
12-Sep-2026,2026-09-12,RIM-ELP-064-3PK,,0,,0,,0,,0,,0,"Demand is intermittent, so the forecast remains conservative."
12-Sep-2026,2026-09-12,RIM-ELP-064-5PK,,0,,0,,0,,0,,0,"Demand is intermittent, so the forecast remains conservative."
12-Sep-2026,2026-09-12,RIM-ELP-071,,0,,0,,0,,0,,0,"Recent demand is volatile, so the forecast is kept conservative."
12-Sep-2026,2026-09-12,RIM-ELP-071-2PK,,0,,0,,0,,0,,0,"Demand is intermittent, so the forecast remains conservative."
12-Sep-2026,2026-09-12,RIM-ELP-071-3PK,,0,,0,,0,,0,,0,"Demand is intermittent, so the forecast remains conservative."
12-Sep-2026,2026-09-12,RIM-ELP-071-5PK,,0,,0,,0,,0,,0,"Demand is intermittent, so the forecast remains conservative."
12-Sep-2026,2026-09-12,RIM-EXAG-EYEL-001,,0,,1,,0,,0,,1,"Recent demand is volatile, so the forecast is kept conservative."
12-Sep-2026,2026-09-12,RIM-EXAG-EYEL-001-2PK,,0,,0,,0,,0,,0,"Recent demand is volatile, so the forecast is kept conservative."
12-Sep-2026,2026-09-12,RIM-EXAG-EYEL-001-3PK,,0,,0,,0,,0,,0,"Recent demand is volatile, so the forecast is kept conservative."
12-Sep-2026,2026-09-12,RIM-EXAG-EYEL-001-5PK,,0,,0,,0,,0,,0,"Demand is intermittent, so the forecast remains conservative."
12-Sep-2026,2026-09-12,RIM-EXAG-EYEL-003-WP,,0,,0,,0,,0,,0,"Demand is intermittent, so the forecast remains conservative."
12-Sep-2026,2026-09-12,RIM-EXGEL-230,,0,,0,,0,,0,,0,"Demand is intermittent, so the forecast remains conservative."
12-Sep-2026,2026-09-12,RIM-EXGEL-240,,0,,0,,0,,0,,0,Current stock availability is limiting observed demand.
12-Sep-2026,2026-09-12,RIM-FDT-MATCH-101,,0,,0,,0,,0,,0,Current stock availability is limiting observed demand.
12-Sep-2026,2026-09-12,RIM-FDT-MATCH-103,,0,,0,,0,,0,,0,Current stock availability is limiting observed demand.
12-Sep-2026,2026-09-12,RIM-FDT-MATCH-200,,0,,0,,0,,0,,0,"Recent demand is volatile, so the forecast is kept conservative."
12-Sep-2026,2026-09-12,RIM-FDT-MATCH-203,,0,,0,,0,,0,,0,"Recent demand is volatile, so the forecast is kept conservative."
12-Sep-2026,2026-09-12,RIM-FDT-MATCH-300,,0,,0,,0,,0,,0,Current stock availability is limiting observed demand.
12-Sep-2026,2026-09-12,RIM-FDT-MATCH-400,,0,,0,,0,,0,,0,Current stock availability is limiting observed demand.
12-Sep-2026,2026-09-12,RIM-FDT-MATCH-501,,0,,0,,0,,0,,0,"Demand is intermittent, so the forecast remains conservative."
12-Sep-2026,2026-09-12,RIM-FIX&PROT-PRIMER,,0,,0,,0,,0,,0,Current stock availability is limiting observed demand.
12-Sep-2026,2026-09-12,RIM-GENTLE-EYE-MAKEUP-RMVR-125ML,,0,,0,,0,,0,,0,Current stock availability is limiting observed demand.
12-Sep-2026,2026-09-12,RIM-GLAMEYES-LL-001,,0,,0,,0,,0,,0,"Recent demand is volatile, so the forecast is kept conservative."
12-Sep-2026,2026-09-12,RIM-GLAMEYES-LL-001-2PK,,0,,0,,0,,0,,0,"Recent demand is volatile, so the forecast is kept conservative."
12-Sep-2026,2026-09-12,RIM-GLAMEYES-LL-002,,0,,0,,0,,0,,0,Current stock availability is limiting observed demand.
12-Sep-2026,2026-09-12,RIM-HIGHLIGHT-001,,0,,0,,0,,0,,0,"Recent demand is volatile, so the forecast is kept conservative."
12-Sep-2026,2026-09-12,RIM-HIGHLIGHT-002,,0,,0,,0,,0,,0,"Recent demand is volatile, so the forecast is kept conservative."
12-Sep-2026,2026-09-12,RIM-HTB-001,,0,,0,,0,,0,,0,Current stock availability is limiting observed demand.
12-Sep-2026,2026-09-12,RIM-HTB-001-2PK,,0,,0,,0,,0,,0,"Demand is intermittent, so the forecast remains conservative."
12-Sep-2026,2026-09-12,RIM-HTB-001-3PK,,0,,0,,0,,0,,0,"Demand is intermittent, so the forecast remains conservative."
12-Sep-2026,2026-09-12,RIM-HTB-001-5PK,,0,,0,,0,,0,,0,"Demand is intermittent, so the forecast remains conservative."
12-Sep-2026,2026-09-12,RIM-HTB-002,,0,,0,,0,,0,,0,Current stock availability is limiting observed demand.
12-Sep-2026,2026-09-12,RIM-HTB-004,,0,,3,,0,,0,,3,"Recent demand is volatile, so the forecast is kept conservative."
12-Sep-2026,2026-09-12,RIM-HTB-004-2PK,,0,,0,,0,,0,,0,"Recent demand is volatile, so the forecast is kept conservative."
12-Sep-2026,2026-09-12,RIM-HTB-004-3PK,,0,,0,,0,,0,,0,"Recent demand is volatile, so the forecast is kept conservative."
12-Sep-2026,2026-09-12,RIM-HTB-004-5PK,,0,,0,,0,,0,,0,"Recent demand is volatile, so the forecast is kept conservative."
12-Sep-2026,2026-09-12,RIM-HTB-103,,0,,0,,0,,0,,0,Current stock availability is limiting observed demand.
12-Sep-2026,2026-09-12,RIM-HTB-103-2PK,,0,,0,,0,,0,,0,Current stock availability is limiting observed demand.
12-Sep-2026,2026-09-12,RIM-HTB-103-3PK,,0,,0,,0,,0,,0,"Demand is intermittent, so the forecast remains conservative."
12-Sep-2026,2026-09-12,RIM-HTB-103-5PK,,0,,0,,0,,0,,0,"Demand is intermittent, so the forecast remains conservative."
12-Sep-2026,2026-09-12,RIM-HTB-105,,0,,1,,0,,0,,1,"Recent demand is volatile, so the forecast is kept conservative."
12-Sep-2026,2026-09-12,RIM-INSTACC-GREEN,,0,,0,,0,,0,,0,Current stock availability is limiting observed demand.
12-Sep-2026,2026-09-12,RIM-INSTACC-LAVENDER,,0,,0,,0,,0,,0,Current stock availability is limiting observed demand.
12-Sep-2026,2026-09-12,RIM-INSTAFIX-SPRAY,,0,,0,,0,,0,,0,Current stock availability is limiting observed demand.
12-Sep-2026,2026-09-12,RIM-JELLY-010,,0,,0,,0,,0,,0,"Demand is intermittent, so the forecast remains conservative."
12-Sep-2026,2026-09-12,RIM-JELLY-020,,0,,0,,0,,0,,0,"Demand is intermittent, so the forecast remains conservative."
12-Sep-2026,2026-09-12,RIM-JELLY-040,,0,,0,,0,,0,,0,"Demand is intermittent, so the forecast remains conservative."
12-Sep-2026,2026-09-12,RIM-KATE-NUDE-LS-040,,0,,0,,0,,0,,0,Current stock availability is limiting observed demand.
12-Sep-2026,2026-09-12,RIM-KATE-NUDE-LS-042,,0,,0,,0,,0,,0,Current stock availability is limiting observed demand.
12-Sep-2026,2026-09-12,RIM-KATE-NUDE-LS-045,,0,,0,,0,,0,,0,Current stock availability is limiting observed demand.
12-Sep-2026,2026-09-12,RIM-KATE-NUDE-LS-045-5PK,,0,,0,,0,,0,,0,Current stock availability is limiting observed demand.
12-Sep-2026,2026-09-12,RIM-KATE-NUDE-LS-048,,0,,0,,0,,0,,0,Current stock availability is limiting observed demand.
12-Sep-2026,2026-09-12,RIM-KATE-SCULPTPAL-002,,0,,0,,0,,0,,0,Current stock availability is limiting observed demand.
12-Sep-2026,2026-09-12,RIM-KATE-SCULPTPAL-002-2PK,,0,,0,,0,,0,,0,"Demand is intermittent, so the forecast remains conservative."
12-Sep-2026,2026-09-12,RIM-KATE-SCULPTPAL-002-3PK,,0,,0,,0,,0,,0,"Demand is intermittent, so the forecast remains conservative."
12-Sep-2026,2026-09-12,RIM-KATE-SCULPTPAL-002-5PK,,0,,0,,0,,0,,0,"Demand is intermittent, so the forecast remains conservative."
12-Sep-2026,2026-09-12,RIM-KF-BROW-DEFINER-001,,0,,0,,0,,0,,0,"Demand is intermittent, so the forecast remains conservative."
12-Sep-2026,2026-09-12,RIM-KF-BROW-DEFINER-002,,0,,0,,0,,0,,0,"Demand is intermittent, so the forecast remains conservative."
12-Sep-2026,2026-09-12,RIM-KF-BROW-DEFINER-004,,0,,0,,0,,0,,0,"Demand is intermittent, so the forecast remains conservative."
12-Sep-2026,2026-09-12,RIM-KF-BROW-DEFINER-005,,0,,0,,0,,0,,0,"Demand is intermittent, so the forecast remains conservative."
12-Sep-2026,2026-09-12,RIM-KF-BROW-DEFINER-006,,0,,0,,0,,0,,0,"Recent demand is volatile, so the forecast is kept conservative."
12-Sep-2026,2026-09-12,RIM-KF-CCLR-010,,0,,0,,0,,0,,0,Current stock availability is limiting observed demand.
12-Sep-2026,2026-09-12,RIM-KF-CCLR-020,,0,,0,,0,,0,,0,Current stock availability is limiting observed demand.
12-Sep-2026,2026-09-12,RIM-KF-CCLR-030,,0,,0,,0,,0,,0,"Demand is intermittent, so the forecast remains conservative."
12-Sep-2026,2026-09-12,RIM-KF-CCLR-040,,0,,0,,0,,0,,0,"Demand is intermittent, so the forecast remains conservative."
12-Sep-2026,2026-09-12,RIM-KF-EYE-DEFINER-02,,0,,0,,0,,0,,0,"Demand is intermittent, so the forecast remains conservative."
12-Sep-2026,2026-09-12,RIM-KF-EYE-DEFINER-03,,0,,0,,0,,0,,0,"Demand is intermittent, so the forecast remains conservative."
12-Sep-2026,2026-09-12,RIM-KF-EYE-DEFINER-04,,0,,0,,0,,0,,0,"Demand is intermittent, so the forecast remains conservative."
12-Sep-2026,2026-09-12,RIM-KF-EYE-DEFINER-05,,0,,0,,0,,0,,0,"Demand is intermittent, so the forecast remains conservative."
12-Sep-2026,2026-09-12,RIM-KF-EYE-DEFINER-06,,0,,0,,0,,0,,0,"Demand is intermittent, so the forecast remains conservative."
12-Sep-2026,2026-09-12,RIM-KF-FDT-001,,0,,0,,0,,0,,0,Current stock availability is limiting observed demand.
12-Sep-2026,2026-09-12,RIM-KF-FDT-103,,0,,0,,0,,0,,0,"Demand is intermittent, so the forecast remains conservative."
12-Sep-2026,2026-09-12,RIM-KF-FDT-150,,0,,0,,0,,0,,0,"Demand is intermittent, so the forecast remains conservative."
12-Sep-2026,2026-09-12,RIM-KF-FDT-210,,0,,0,,0,,0,,0,"Demand is intermittent, so the forecast remains conservative."
12-Sep-2026,2026-09-12,RIM-KF-FDT-410,,0,,0,,0,,0,,0,"Demand is intermittent, so the forecast remains conservative."
12-Sep-2026,2026-09-12,RIM-KF-MSC-BLACK,,0,,0,,0,,0,,0,"Demand is intermittent, so the forecast remains conservative."
12-Sep-2026,2026-09-12,RIM-KF-MSC-BROWN,,0,,0,,0,,0,,0,Current stock availability is limiting observed demand.
12-Sep-2026,2026-09-12,RIM-KF-MULTISTICK-002,,0,,0,,0,,0,,0,"Demand is intermittent, so the forecast remains conservative."
12-Sep-2026,2026-09-12,RIM-KF-MULTISTICK-003,,0,,0,,0,,0,,0,"Demand is intermittent, so the forecast remains conservative."
12-Sep-2026,2026-09-12,RIM-KF-MULTISTICK-004,,0,,0,,0,,0,,0,Current stock availability is limiting observed demand.
12-Sep-2026,2026-09-12,RIM-KF-MULTISTICK-005,,0,,0,,0,,0,,0,"Demand is intermittent, so the forecast remains conservative."
12-Sep-2026,2026-09-12,RIM-KF-NAIL-150,,0,,0,,0,,0,,0,"Demand is intermittent, so the forecast remains conservative."
12-Sep-2026,2026-09-12,RIM-KF-NAIL-151,,0,,0,,0,,0,,0,"Demand is intermittent, so the forecast remains conservative."
12-Sep-2026,2026-09-12,RIM-KF-NAIL-152,,0,,0,,0,,0,,0,"Demand is intermittent, so the forecast remains conservative."
12-Sep-2026,2026-09-12,RIM-KF-NAIL-153,,0,,0,,0,,0,,0,"Demand is intermittent, so the forecast remains conservative."
12-Sep-2026,2026-09-12,RIM-KF-NAIL-154,,0,,0,,0,,0,,0,"Demand is intermittent, so the forecast remains conservative."
12-Sep-2026,2026-09-12,RIM-KF-NAIL-155,,0,,0,,0,,0,,0,"Demand is intermittent, so the forecast remains conservative."
12-Sep-2026,2026-09-12,RIM-KF-NAIL-156,,0,,0,,0,,0,,0,Current stock availability is limiting observed demand.
12-Sep-2026,2026-09-12,RIM-KF-NAIL-157,,0,,0,,0,,0,,0,"Demand is intermittent, so the forecast remains conservative."
12-Sep-2026,2026-09-12,RIM-KF-NAIL-158,,0,,0,,0,,0,,0,"Demand is intermittent, so the forecast remains conservative."
12-Sep-2026,2026-09-12,RIM-KF-NAIL-160,,0,,0,,0,,0,,0,Current stock availability is limiting observed demand.
12-Sep-2026,2026-09-12,RIM-KF-NAIL-162,,0,,0,,0,,0,,0,"Demand is intermittent, so the forecast remains conservative."
12-Sep-2026,2026-09-12,RIM-KF-NAIL-163,,0,,0,,0,,0,,0,"Demand is intermittent, so the forecast remains conservative."
12-Sep-2026,2026-09-12,RIM-KF-NAIL-164,,0,,0,,0,,0,,0,"Demand is intermittent, so the forecast remains conservative."
12-Sep-2026,2026-09-12,RIM-KF-NAIL-167,,0,,0,,0,,0,,0,Current stock availability is limiting observed demand.
12-Sep-2026,2026-09-12,RIM-KF-NAIL-168,,0,,0,,0,,0,,0,Current stock availability is limiting observed demand.
12-Sep-2026,2026-09-12,RIM-KF-NAIL-169,,0,,0,,0,,0,,0,"Demand is intermittent, so the forecast remains conservative."
12-Sep-2026,2026-09-12,RIM-KF-NAIL-170,,0,,0,,0,,0,,0,Current stock availability is limiting observed demand.
12-Sep-2026,2026-09-12,RIM-KF-PWDR-001,,0,,0,,0,,0,,0,"Recent demand is volatile, so the forecast is kept conservative."
12-Sep-2026,2026-09-12,RIM-KF-PWDR-001-2PK,,0,,0,,0,,0,,0,"Demand is intermittent, so the forecast remains conservative."
12-Sep-2026,2026-09-12,RIM-KF-PWDR-001-5PK,,0,,0,,0,,0,,0,"Demand is intermittent, so the forecast remains conservative."
12-Sep-2026,2026-09-12,RIM-KF-PWDR-010,,0,,0,,0,,0,,0,"Recent demand is volatile, so the forecast is kept conservative."
12-Sep-2026,2026-09-12,RIM-KF-PWDR-020,,0,,0,,0,,0,,0,"Recent demand is volatile, so the forecast is kept conservative."
12-Sep-2026,2026-09-12,RIM-KF-PWDR-030,,0,,0,,0,,0,,0,"Recent demand is volatile, so the forecast is kept conservative."
12-Sep-2026,2026-09-12,RIM-KF-PWDR-030-2PK,,0,,0,,0,,0,,0,"Recent demand is volatile, so the forecast is kept conservative."
12-Sep-2026,2026-09-12,RIM-KF-PWDR-030-5PK,,0,,0,,0,,0,,0,"Recent demand is volatile, so the forecast is kept conservative."
12-Sep-2026,2026-09-12,RIM-KF-PWDR-040,,0,,0,,0,,0,,0,Current stock availability is limiting observed demand.
12-Sep-2026,2026-09-12,RIM-KF-PWDR-050,,0,,0,,0,,0,,0,"Recent demand is volatile, so the forecast is kept conservative."
12-Sep-2026,2026-09-12,RIM-KOHL-KJEL-001,,0,,0,,0,,0,,0,Current stock availability is limiting observed demand.
12-Sep-2026,2026-09-12,RIM-KOHL-KJEL-002,,0,,0,,0,,0,,0,Current stock availability is limiting observed demand.
12-Sep-2026,2026-09-12,RIM-KOHL-KJEL-004,,0,,0,,0,,0,,0,"Demand is intermittent, so the forecast remains conservative."
12-Sep-2026,2026-09-12,RIM-LAST-AUTOLIP-018,,0,,0,,0,,0,,0,Current stock availability is limiting observed demand.
12-Sep-2026,2026-09-12,RIM-LAST-AUTOLIP-018-2PK,,0,,0,,0,,0,,0,"Demand is intermittent, so the forecast remains conservative."
12-Sep-2026,2026-09-12,RIM-LAST-AUTOLIP-018-3PK,,0,,0,,0,,0,,0,"Demand is intermittent, so the forecast remains conservative."
12-Sep-2026,2026-09-12,RIM-LAST-AUTOLIP-018-5PK,,0,,0,,0,,0,,0,"Demand is intermittent, so the forecast remains conservative."
12-Sep-2026,2026-09-12,RIM-LAST-AUTOLIP-024,,0,,0,,0,,0,,0,"Demand is intermittent, so the forecast remains conservative."
12-Sep-2026,2026-09-12,RIM-LAST-AUTOLIP-045,,0,,0,,0,,0,,0,Current stock availability is limiting observed demand.
12-Sep-2026,2026-09-12,RIM-LAST-AUTOLIP-063,,0,,0,,0,,0,,0,Current stock availability is limiting observed demand.
12-Sep-2026,2026-09-12,RIM-LAST-AUTOLIP-063-3PK,,0,,0,,0,,0,,0,"Demand is intermittent, so the forecast remains conservative."
12-Sep-2026,2026-09-12,RIM-LAST-AUTOLIP-070,,0,,0,,0,,0,,0,"Demand is intermittent, so the forecast remains conservative."
12-Sep-2026,2026-09-12,RIM-LAST-AUTOLIP-105,,0,,0,,0,,0,,0,"Demand is intermittent, so the forecast remains conservative."
12-Sep-2026,2026-09-12,RIM-LAST-MEGA-MATTE-LIQ-LPK-110,,0,,0,,0,,0,,0,"Demand is intermittent, so the forecast remains conservative."
12-Sep-2026,2026-09-12,RIM-LAST-MEGA-MATTE-LIQ-LPK-210,,0,,0,,0,,0,,0,"Demand is intermittent, so the forecast remains conservative."
12-Sep-2026,2026-09-12,RIM-LAST-MEGA-MATTE-LIQ-LPK-600,,0,,0,,0,,0,,0,Current stock availability is limiting observed demand.
12-Sep-2026,2026-09-12,RIM-LAST-MEGA-MATTE-LIQ-LPK-700,,0,,0,,0,,0,,0,"Recent demand is volatile, so the forecast is kept conservative."
12-Sep-2026,2026-09-12,RIM-LAST-MEGA-MATTE-LIQ-LPK-709,,0,,0,,0,,0,,0,"Demand is intermittent, so the forecast remains conservative."
12-Sep-2026,2026-09-12,RIM-LAST-MEGA-MATTE-LIQ-LPK-910,,0,,0,,0,,0,,0,"Demand is intermittent, so the forecast remains conservative."
12-Sep-2026,2026-09-12,RIM-LAST-MEGA-MATTE-LIQ-LPK-930,,0,,0,,0,,0,,0,"Demand is intermittent, so the forecast remains conservative."
12-Sep-2026,2026-09-12,RIM-LASTCCLR-001,,0,,0,,0,,0,,0,Current stock availability is limiting observed demand.
12-Sep-2026,2026-09-12,RIM-LASTCCLR-010,,0,,0,,0,,0,,0,Current stock availability is limiting observed demand.
12-Sep-2026,2026-09-12,RIM-LASTCCLR-020,,0,,0,,0,,0,,0,Current stock availability is limiting observed demand.
12-Sep-2026,2026-09-12,RIM-LASTCOMPACT-004,,0,,0,,0,,0,,0,Current stock availability is limiting observed demand.
12-Sep-2026,2026-09-12,RIM-LASTCOMPACT-005,,0,,0,,0,,0,,0,Current stock availability is limiting observed demand.
12-Sep-2026,2026-09-12,RIM-LASTCOMPACT-007,,0,,0,,0,,0,,0,Current stock availability is limiting observed demand.
12-Sep-2026,2026-09-12,RIM-LASTCOMPACT-008,,0,,0,,0,,0,,0,Current stock availability is limiting observed demand.
12-Sep-2026,2026-09-12,RIM-LASTCOMPACT-009,,0,,0,,0,,0,,0,"Demand is intermittent, so the forecast remains conservative."
12-Sep-2026,2026-09-12,RIM-LASTCOMPACT-011,,0,,0,,0,,0,,0,"Demand is intermittent, so the forecast remains conservative."
12-Sep-2026,2026-09-12,RIM-LASTCOMPACT-012,,0,,0,,0,,0,,0,Current stock availability is limiting observed demand.
12-Sep-2026,2026-09-12,RIM-LASTFIN-EXTMATT-LPK-160,,0,,0,,0,,0,,0,Current stock availability is limiting observed demand.
12-Sep-2026,2026-09-12,RIM-LASTFIN-EXTMATT-LPK-600,,0,,0,,0,,0,,0,Current stock availability is limiting observed demand.
12-Sep-2026,2026-09-12,RIM-LASTFIN-EXTMATT-LPK-710,,0,,0,,0,,0,,0,Current stock availability is limiting observed demand.
12-Sep-2026,2026-09-12,RIM-LASTFIN-EXTMATT-LPK-840,,0,,0,,0,,0,,0,Current stock availability is limiting observed demand.
12-Sep-2026,2026-09-12,RIM-LASTFIN-PRIMER,,0,,0,,0,,0,,0,Current stock availability is limiting observed demand.
12-Sep-2026,2026-09-12,RIM-LASTING-PROV-115,,0,,0,,0,,0,,0,"Demand is intermittent, so the forecast remains conservative."
12-Sep-2026,2026-09-12,RIM-LASTING-PROV-210,,0,,0,,0,,0,,0,"Recent demand is volatile, so the forecast is kept conservative."
12-Sep-2026,2026-09-12,RIM-LASTING-PROV-220,,0,,0,,0,,0,,0,"Demand is intermittent, so the forecast remains conservative."
12-Sep-2026,2026-09-12,RIM-LASTING-PROV-310,,0,,0,,0,,0,,0,"Demand is intermittent, so the forecast remains conservative."
12-Sep-2026,2026-09-12,RIM-LASTING-PROV-400,,0,,0,,0,,0,,0,"Demand is intermittent, so the forecast remains conservative."
12-Sep-2026,2026-09-12,RIM-LASTING-PROV-410,,0,,0,,0,,0,,0,"Demand is intermittent, so the forecast remains conservative."
12-Sep-2026,2026-09-12,RIM-LASTING-PROV-440,,0,,0,,0,,0,,0,"Demand is intermittent, so the forecast remains conservative."
12-Sep-2026,2026-09-12,RIM-LASTING-PROV-500,,0,,0,,0,,0,,0,"Recent demand is volatile, so the forecast is kept conservative."
12-Sep-2026,2026-09-12,RIM-LASTING-PROV-570,,0,,0,,0,,0,,0,"Demand is intermittent, so the forecast remains conservative."
12-Sep-2026,2026-09-12,RIM-LASTING-PROV-600,,0,,0,,0,,0,,0,Current stock availability is limiting observed demand.
12-Sep-2026,2026-09-12,RIM-LASTING-PROV-730,,0,,0,,0,,0,,0,"Demand is intermittent, so the forecast remains conservative."
12-Sep-2026,2026-09-12,RIM-LASTING-PROV-740,,0,,0,,0,,0,,0,"Demand is intermittent, so the forecast remains conservative."
12-Sep-2026,2026-09-12,RIM-LASTLIP-110,,0,,0,,0,,0,,0,"Recent demand is volatile, so the forecast is kept conservative."
12-Sep-2026,2026-09-12,RIM-LASTLIP-120,,0,,0,,0,,0,,0,"Recent demand is volatile, so the forecast is kept conservative."
12-Sep-2026,2026-09-12,RIM-LASTLIP-120-2PK,,0,,0,,0,,0,,0,"Demand is intermittent, so the forecast remains conservative."
12-Sep-2026,2026-09-12,RIM-LASTLIP-120-3PK,,0,,0,,0,,0,,0,"Demand is intermittent, so the forecast remains conservative."
12-Sep-2026,2026-09-12,RIM-LASTLIP-120-5PK,,0,,0,,0,,0,,0,"Recent demand is volatile, so the forecast is kept conservative."
12-Sep-2026,2026-09-12,RIM-LASTLIP-125,,0,,0,,0,,0,,0,"Recent demand is volatile, so the forecast is kept conservative."
12-Sep-2026,2026-09-12,RIM-LASTLIP-195,,0,,0,,0,,0,,0,"Recent demand is volatile, so the forecast is kept conservative."
12-Sep-2026,2026-09-12,RIM-LASTLIP-215,,0,,0,,0,,0,,0,"Recent demand is volatile, so the forecast is kept conservative."
12-Sep-2026,2026-09-12,RIM-LASTLIP-505,,0,,0,,0,,0,,0,"Recent demand is volatile, so the forecast is kept conservative."
12-Sep-2026,2026-09-12,RIM-LASTLIP-580,,0,,0,,0,,0,,0,"Recent demand is volatile, so the forecast is kept conservative."
12-Sep-2026,2026-09-12,RIM-LASTLIP-620,,2,,0,,0,,0,,2,"Recent demand is volatile, so the forecast is kept conservative."
12-Sep-2026,2026-09-12,RIM-LASTLIP-705,,0,,0,,0,,0,,0,"Recent demand is volatile, so the forecast is kept conservative."
12-Sep-2026,2026-09-12,RIM-LASTLIP-705-2PK,,0,,0,,0,,0,,0,"Demand is intermittent, so the forecast remains conservative."
12-Sep-2026,2026-09-12,RIM-LASTLIP-705-3PK,,0,,0,,0,,0,,0,"Recent demand is volatile, so the forecast is kept conservative."
12-Sep-2026,2026-09-12,RIM-LASTLIP-705-5PK,,0,,0,,0,,0,,0,"Demand is intermittent, so the forecast remains conservative."
12-Sep-2026,2026-09-12,RIM-LASTLIP-725,,0,,1,,0,,0,,1,"Recent demand is volatile, so the forecast is kept conservative."
12-Sep-2026,2026-09-12,RIM-LASTLIP-760,,0,,0,,0,,0,,0,"Recent demand is volatile, so the forecast is kept conservative."
12-Sep-2026,2026-09-12,RIM-LASTLIP-790,,0,,0,,0,,0,,0,"Demand is intermittent, so the forecast remains conservative."
12-Sep-2026,2026-09-12,RIM-LASTLIP-850,,0,,0,,0,,0,,0,"Recent demand is volatile, so the forecast is kept conservative."
12-Sep-2026,2026-09-12,RIM-LASTLIP-880,,0,,0,,0,,0,,0,"Recent demand is volatile, so the forecast is kept conservative."
12-Sep-2026,2026-09-12,RIM-LASTMAT-FDT-001,,0,,0,,0,,0,,0,Current stock availability is limiting observed demand.
12-Sep-2026,2026-09-12,RIM-LASTMAT-FDT-010,,0,,0,,0,,0,,0,Current stock availability is limiting observed demand.
12-Sep-2026,2026-09-12,RIM-LASTMAT-FDT-085,,0,,0,,0,,0,,0,Current stock availability is limiting observed demand.
12-Sep-2026,2026-09-12,RIM-LASTMAT-FDT-100,,0,,0,,0,,0,,0,Current stock availability is limiting observed demand.
12-Sep-2026,2026-09-12,RIM-LASTMAT-FDT-103,,0,,0,,0,,0,,0,Current stock availability is limiting observed demand.
12-Sep-2026,2026-09-12,RIM-LASTMAT-FDT-201,,0,,0,,0,,0,,0,Current stock availability is limiting observed demand.
12-Sep-2026,2026-09-12,RIM-LASTMAT-FDT-203,,0,,0,,0,,0,,0,Current stock availability is limiting observed demand.
12-Sep-2026,2026-09-12,RIM-LASTMAT-FDT-300,,0,,0,,0,,0,,0,Current stock availability is limiting observed demand.
12-Sep-2026,2026-09-12,RIM-LASTMAT-FDT-304,,0,,0,,0,,0,,0,Current stock availability is limiting observed demand.
12-Sep-2026,2026-09-12,RIM-LASTMAT-FDT-400,,0,,0,,0,,0,,0,Current stock availability is limiting observed demand.
12-Sep-2026,2026-09-12,RIM-LASTMAT-PRIMER,,0,,0,,0,,0,,0,Current stock availability is limiting observed demand.
12-Sep-2026,2026-09-12,RIM-LF-FDT-RG-001,,0,,0,,0,,0,,0,"Demand is intermittent, so the forecast remains conservative."
12-Sep-2026,2026-09-12,RIM-LF-FDT-RG-070,,0,,0,,0,,0,,0,"Demand is intermittent, so the forecast remains conservative."
12-Sep-2026,2026-09-12,RIM-LF-FDT-RG-103,,0,,0,,0,,0,,0,Current stock availability is limiting observed demand.
12-Sep-2026,2026-09-12,RIM-LF-FDT-RG-160,,0,,0,,0,,0,,0,"Demand is intermittent, so the forecast remains conservative."
12-Sep-2026,2026-09-12,RIM-LF-FDT-RG-170,,0,,0,,0,,0,,0,"Demand is intermittent, so the forecast remains conservative."
12-Sep-2026,2026-09-12,RIM-LF-FDT-RG-200,,0,,0,,0,,0,,0,Current stock availability is limiting observed demand.
12-Sep-2026,2026-09-12,RIM-LF-FDT-RG-203,,0,,0,,0,,0,,0,"Demand is intermittent, so the forecast remains conservative."
12-Sep-2026,2026-09-12,RIM-LF-FDT-RG-210,,0,,0,,0,,0,,0,Current stock availability is limiting observed demand.
12-Sep-2026,2026-09-12,RIM-LF-FDT-RG-303,,0,,0,,0,,0,,0,Current stock availability is limiting observed demand.
12-Sep-2026,2026-09-12,RIM-LF-LS-002,,0,,0,,0,,0,,0,Current stock availability is limiting observed demand.
12-Sep-2026,2026-09-12,RIM-LF-LS-006,,0,,0,,0,,0,,0,"Demand is intermittent, so the forecast remains conservative."
12-Sep-2026,2026-09-12,RIM-LF-LS-006-2PK,,0,,0,,0,,0,,0,"Demand is intermittent, so the forecast remains conservative."
12-Sep-2026,2026-09-12,RIM-LF-LS-006-3PK,,0,,0,,0,,0,,0,"Demand is intermittent, so the forecast remains conservative."
12-Sep-2026,2026-09-12,RIM-LF-LS-006-5PK,,0,,0,,0,,0,,0,"Demand is intermittent, so the forecast remains conservative."
12-Sep-2026,2026-09-12,RIM-LF-LS-058,,0,,0,,0,,0,,0,Current stock availability is limiting observed demand.
12-Sep-2026,2026-09-12,RIM-LF-LS-058-2PK,,0,,0,,0,,0,,0,"Demand is intermittent, so the forecast remains conservative."
12-Sep-2026,2026-09-12,RIM-LF-LS-058-3PK,,0,,0,,0,,0,,0,"Demand is intermittent, so the forecast remains conservative."
12-Sep-2026,2026-09-12,RIM-LF-LS-066,,0,,0,,0,,0,,0,Current stock availability is limiting observed demand.
12-Sep-2026,2026-09-12,RIM-LF-LS-066-2PK,,0,,0,,0,,0,,0,"Demand is intermittent, so the forecast remains conservative."
12-Sep-2026,2026-09-12,RIM-LF-LS-066-3PK,,0,,0,,0,,0,,0,Current stock availability is limiting observed demand.
12-Sep-2026,2026-09-12,RIM-LF-LS-066-5PK,,0,,0,,0,,0,,0,"Demand is intermittent, so the forecast remains conservative."
12-Sep-2026,2026-09-12,RIM-LF-LS-070,,0,,0,,0,,0,,0,Current stock availability is limiting observed demand.
12-Sep-2026,2026-09-12,RIM-LF-LS-070-2PK,,0,,0,,0,,0,,0,"Demand is intermittent, so the forecast remains conservative."
12-Sep-2026,2026-09-12,RIM-LF-LS-070-3PK,,0,,0,,0,,0,,0,"Demand is intermittent, so the forecast remains conservative."
12-Sep-2026,2026-09-12,RIM-LF-LS-070-5PK,,0,,0,,0,,0,,0,"Demand is intermittent, so the forecast remains conservative."
12-Sep-2026,2026-09-12,RIM-LF-LS-077,,1,,4,,0,,0,,5,Stable historical demand with consistent recent sales.
12-Sep-2026,2026-09-12,RIM-LF-LS-084,,0,,1,,0,,0,,1,"Recent demand is volatile, so the forecast is kept conservative."
12-Sep-2026,2026-09-12,RIM-LF-LS-086,,0,,0,,0,,0,,0,Current stock availability is limiting observed demand.
12-Sep-2026,2026-09-12,RIM-LF-LS-086-2PK,,0,,0,,0,,0,,0,"Demand is intermittent, so the forecast remains conservative."
12-Sep-2026,2026-09-12,RIM-LF-LS-086-3PK,,0,,0,,0,,0,,0,"Demand is intermittent, so the forecast remains conservative."
12-Sep-2026,2026-09-12,RIM-LF-LS-086-5PK,,0,,0,,0,,0,,0,Current stock availability is limiting observed demand.
12-Sep-2026,2026-09-12,RIM-LF-LS-100,,0,,0,,0,,0,,0,"Recent demand is volatile, so the forecast is kept conservative."
12-Sep-2026,2026-09-12,RIM-LF-LS-101,,0,,1,,0,,0,,1,"Recent demand is volatile, so the forecast is kept conservative."
12-Sep-2026,2026-09-12,RIM-LF-LS-107,,0,,0,,0,,0,,0,Current stock availability is limiting observed demand.
12-Sep-2026,2026-09-12,RIM-LF-LS-170,,0,,0,,0,,0,,0,"Recent demand is volatile, so the forecast is kept conservative."
12-Sep-2026,2026-09-12,RIM-LF-LS-200,,0,,0,,0,,0,,0,Current stock availability is limiting observed demand.
12-Sep-2026,2026-09-12,RIM-LF-LS-206,,1,,1,,0,,0,,2,"Recent demand is volatile, so the forecast is kept conservative."
12-Sep-2026,2026-09-12,RIM-LF-LS-206-2PK,,0,,0,,0,,0,,0,"Recent demand is volatile, so the forecast is kept conservative."
12-Sep-2026,2026-09-12,RIM-LF-LS-206-3PK,,0,,0,,0,,0,,0,"Recent demand is volatile, so the forecast is kept conservative."
12-Sep-2026,2026-09-12,RIM-LF-LS-206-5PK,,0,,0,,0,,0,,0,Current stock availability is limiting observed demand.
12-Sep-2026,2026-09-12,RIM-LF-LS-264,,0,,0,,0,,0,,0,Current stock availability is limiting observed demand.
12-Sep-2026,2026-09-12,RIM-LF-LS-264-2PK,,0,,0,,0,,0,,0,Current stock availability is limiting observed demand.
12-Sep-2026,2026-09-12,RIM-LF-LS-264-3PK,,0,,0,,0,,0,,0,"Demand is intermittent, so the forecast remains conservative."
12-Sep-2026,2026-09-12,RIM-LF-LS-264-5PK,,0,,0,,0,,0,,0,"Demand is intermittent, so the forecast remains conservative."
12-Sep-2026,2026-09-12,RIM-LF-LS-500,,0,,0,,0,,0,,0,Current stock availability is limiting observed demand.
12-Sep-2026,2026-09-12,RIM-LF-LS-710,,0,,0,,0,,0,,0,Current stock availability is limiting observed demand.
12-Sep-2026,2026-09-12,RIM-LF-LS-800,,0,,0,,0,,0,,0,Current stock availability is limiting observed demand.
12-Sep-2026,2026-09-12,RIM-LF-LS-KATE-001,,0,,0,,0,,0,,0,"Demand is intermittent, so the forecast remains conservative."
12-Sep-2026,2026-09-12,RIM-LF-LS-KATE-005,,0,,0,,0,,0,,0,"Demand is intermittent, so the forecast remains conservative."
12-Sep-2026,2026-09-12,RIM-LF-LS-KATE-008,,0,,0,,0,,0,,0,"Demand is intermittent, so the forecast remains conservative."
12-Sep-2026,2026-09-12,RIM-LF-LS-KATE-008-2PK,,0,,0,,0,,0,,0,"Demand is intermittent, so the forecast remains conservative."
12-Sep-2026,2026-09-12,RIM-LF-LS-KATE-008-3PK,,0,,0,,0,,0,,0,"Demand is intermittent, so the forecast remains conservative."
12-Sep-2026,2026-09-12,RIM-LF-MATTE-170,,0,,0,,0,,0,,0,"Demand is intermittent, so the forecast remains conservative."
12-Sep-2026,2026-09-12,RIM-LF-MATTE-180,,0,,0,,0,,0,,0,"Demand is intermittent, so the forecast remains conservative."
12-Sep-2026,2026-09-12,RIM-LF-MATTE-220,,0,,0,,0,,0,,0,Current stock availability is limiting observed demand.
12-Sep-2026,2026-09-12,RIM-LF-MATTE-230,,0,,0,,0,,0,,0,Current stock availability is limiting observed demand.
12-Sep-2026,2026-09-12,RIM-LF-MATTE-530,,0,,0,,0,,0,,0,Current stock availability is limiting observed demand.
12-Sep-2026,2026-09-12,RIM-LF-MATTE-715,,0,,0,,0,,0,,0,"Recent demand is volatile, so the forecast is kept conservative."
12-Sep-2026,2026-09-12,RIM-LF-MATTE-730,,0,,0,,0,,0,,0,Current stock availability is limiting observed demand.
12-Sep-2026,2026-09-12,RIM-LF-SG-LS-900,,0,,0,,0,,0,,0,"Recent demand is volatile, so the forecast is kept conservative."
12-Sep-2026,2026-09-12,RIM-LF-SG-LS-901,,0,,0,,0,,0,,0,"Recent demand is volatile, so the forecast is kept conservative."
12-Sep-2026,2026-09-12,RIM-LF-SG-LS-902,,0,,0,,0,,0,,0,"Recent demand is volatile, so the forecast is kept conservative."
12-Sep-2026,2026-09-12,RIM-LF-SG-LS-903,,0,,0,,0,,0,,0,"Recent demand is volatile, so the forecast is kept conservative."
12-Sep-2026,2026-09-12,RIM-LF-SG-LS-904,,0,,1,,0,,0,,1,"Recent demand is volatile, so the forecast is kept conservative."
12-Sep-2026,2026-09-12,RIM-LF-SG-LS-905,,0,,0,,0,,0,,0,"Recent demand is volatile, so the forecast is kept conservative."
12-Sep-2026,2026-09-12,RIM-LR-CCLR-EYEILLUM-010,,0,,0,,0,,0,,0,Current stock availability is limiting observed demand.
12-Sep-2026,2026-09-12,RIM-LR-CCLR-EYEILLUM-030,,0,,0,,0,,0,,0,Current stock availability is limiting observed demand.
12-Sep-2026,2026-09-12,RIM-MAGNIF-MONO-004,,0,,0,,0,,0,,0,Current stock availability is limiting observed demand.
12-Sep-2026,2026-09-12,RIM-MAGNIF-MONO-006,,0,,0,,0,,0,,0,"Demand is intermittent, so the forecast remains conservative."
12-Sep-2026,2026-09-12,RIM-MAGNIF-MONO-008,,0,,0,,0,,0,,0,Current stock availability is limiting observed demand.
12-Sep-2026,2026-09-12,RIM-MAGNIF-MONO-014,,0,,0,,0,,0,,0,Current stock availability is limiting observed demand.
12-Sep-2026,2026-09-12,RIM-MAGNIF-MONO-014-2PK,,0,,0,,0,,0,,0,Current stock availability is limiting observed demand.
12-Sep-2026,2026-09-12,RIM-MAGNIF-MONO-014-3PK,,0,,0,,0,,0,,0,"Demand is intermittent, so the forecast remains conservative."
12-Sep-2026,2026-09-12,RIM-MAGNIF-PAL-001,,0,,0,,0,,0,,0,"Recent demand is volatile, so the forecast is kept conservative."
12-Sep-2026,2026-09-12,RIM-MAGNIF-PAL-004,,0,,0,,0,,0,,0,"Demand is intermittent, so the forecast remains conservative."
12-Sep-2026,2026-09-12,RIM-MAGNIF-PAL-005,,0,,0,,0,,0,,0,"Recent demand is volatile, so the forecast is kept conservative."
12-Sep-2026,2026-09-12,RIM-MAGNIF-PAL-006,,0,,0,,0,,0,,0,Current stock availability is limiting observed demand.
12-Sep-2026,2026-09-12,RIM-MAGNIF-PAL-008,,0,,0,,0,,0,,0,Current stock availability is limiting observed demand.
12-Sep-2026,2026-09-12,RIM-MAGNIF-PAL-009,,0,,0,,0,,0,,0,Current stock availability is limiting observed demand.
12-Sep-2026,2026-09-12,RIM-MATCH-PWDR,,0,,0,,0,,0,,0,Current stock availability is limiting observed demand.
12-Sep-2026,2026-09-12,RIM-MAXI-BLUSH-001,,0,,0,,0,,0,,0,"Recent demand is volatile, so the forecast is kept conservative."
12-Sep-2026,2026-09-12,RIM-MAXI-BLUSH-001-2PK,,0,,0,,0,,0,,0,"Demand is intermittent, so the forecast remains conservative."
12-Sep-2026,2026-09-12,RIM-MAXI-BLUSH-001-3PK,,0,,0,,0,,0,,0,"Demand is intermittent, so the forecast remains conservative."
12-Sep-2026,2026-09-12,RIM-MAXI-BLUSH-003,,0,,0,,0,,0,,0,"Recent demand is volatile, so the forecast is kept conservative."
12-Sep-2026,2026-09-12,RIM-MAXI-BLUSH-005,,0,,0,,0,,0,,0,"Recent demand is volatile, so the forecast is kept conservative."
12-Sep-2026,2026-09-12,RIM-MAXI-BLUSH-006,,0,,0,,0,,0,,0,"Recent demand is volatile, so the forecast is kept conservative."
12-Sep-2026,2026-09-12,RIM-MBP-001,,0,,0,,0,,0,,0,"Recent demand is volatile, so the forecast is kept conservative."
12-Sep-2026,2026-09-12,RIM-MBP-002,,0,,1,,0,,0,,1,"Recent demand is volatile, so the forecast is kept conservative."
12-Sep-2026,2026-09-12,RIM-MBP-003,,5,,0,,0,,0,,5,Stable historical demand with consistent recent sales.
12-Sep-2026,2026-09-12,RIM-MICRO-BRW-001,,0,,0,,0,,0,,0,"Demand is intermittent, so the forecast remains conservative."
12-Sep-2026,2026-09-12,RIM-MICRO-BRW-002,,0,,0,,0,,0,,0,"Recent demand is volatile, so the forecast is kept conservative."
12-Sep-2026,2026-09-12,RIM-MICRO-BRW-003,,1,,0,,0,,0,,1,"Recent demand is volatile, so the forecast is kept conservative."
12-Sep-2026,2026-09-12,RIM-MICRO-BRW-004,,0,,0,,0,,0,,0,Current stock availability is limiting observed demand.
12-Sep-2026,2026-09-12,RIM-MINI-PWRPAL-001,,0,,0,,0,,0,,0,Current stock availability is limiting observed demand.
12-Sep-2026,2026-09-12,RIM-MINI-PWRPAL-002,,0,,0,,0,,0,,0,"Demand is intermittent, so the forecast remains conservative."
12-Sep-2026,2026-09-12,RIM-MOIST-LPK-100,,0,,0,,0,,0,,0,Current stock availability is limiting observed demand.
12-Sep-2026,2026-09-12,RIM-MOIST-LPK-140,,0,,0,,0,,0,,0,Current stock availability is limiting observed demand.
12-Sep-2026,2026-09-12,RIM-MOIST-LPK-180,,0,,0,,0,,0,,0,Current stock availability is limiting observed demand.
12-Sep-2026,2026-09-12,RIM-MOIST-LPK-180-2PK,,0,,0,,0,,0,,0,"Demand is intermittent, so the forecast remains conservative."
12-Sep-2026,2026-09-12,RIM-MOIST-LPK-180-3PK,,0,,0,,0,,0,,0,"Demand is intermittent, so the forecast remains conservative."
12-Sep-2026,2026-09-12,RIM-MOIST-LPK-180-5PK,,0,,0,,0,,0,,0,"Demand is intermittent, so the forecast remains conservative."
12-Sep-2026,2026-09-12,RIM-MOIST-LPK-200,,0,,0,,0,,0,,0,"Demand is intermittent, so the forecast remains conservative."
12-Sep-2026,2026-09-12,RIM-MOIST-LPK-200-2PK,,0,,0,,0,,0,,0,Current stock availability is limiting observed demand.
12-Sep-2026,2026-09-12,RIM-MOIST-LPK-200-3PK,,0,,0,,0,,0,,0,"Demand is intermittent, so the forecast remains conservative."
12-Sep-2026,2026-09-12,RIM-MOIST-LPK-200-5PK,,0,,0,,0,,0,,0,"Demand is intermittent, so the forecast remains conservative."
12-Sep-2026,2026-09-12,RIM-MOIST-LPK-210,,0,,0,,0,,0,,0,Current stock availability is limiting observed demand.
12-Sep-2026,2026-09-12,RIM-MOIST-LPK-260,,0,,0,,0,,0,,0,"Demand is intermittent, so the forecast remains conservative."
12-Sep-2026,2026-09-12,RIM-MOIST-LPK-360,,0,,0,,0,,0,,0,Current stock availability is limiting observed demand.
12-Sep-2026,2026-09-12,RIM-MOIST-LPK-510,,0,,0,,0,,0,,0,"Recent demand is volatile, so the forecast is kept conservative."
12-Sep-2026,2026-09-12,RIM-MSC-ACCEL-BLK,,1,,1,,0,,0,,2,"Recent demand is volatile, so the forecast is kept conservative."
12-Sep-2026,2026-09-12,RIM-MSC-ACCEL-BLK-2PK,,0,,0,,0,,0,,0,"Demand is intermittent, so the forecast remains conservative."
12-Sep-2026,2026-09-12,RIM-MSC-ACCEL-BLK-3PK,,0,,0,,0,,0,,0,"Recent demand is volatile, so the forecast is kept conservative."
12-Sep-2026,2026-09-12,RIM-MSC-ACCEL-BLK-5PK,,0,,0,,0,,0,,0,"Recent demand is volatile, so the forecast is kept conservative."
12-Sep-2026,2026-09-12,RIM-MSC-CURL-003,,0,,0,,0,,0,,0,Current stock availability is limiting observed demand.
12-Sep-2026,2026-09-12,RIM-MSC-E3DL-003,,0,,6,,0,,0,,6,"Recent demand is volatile, so the forecast is kept conservative."
12-Sep-2026,2026-09-12,RIM-MSC-E3DL-003-2PK,,0,,0,,0,,0,,0,"Demand is intermittent, so the forecast remains conservative."
12-Sep-2026,2026-09-12,RIM-MSC-E3DL-003-3PK,,0,,0,,0,,0,,0,"Recent demand is volatile, so the forecast is kept conservative."
12-Sep-2026,2026-09-12,RIM-MSC-E3DL-003-5PK,,0,,0,,0,,0,,0,"Recent demand is volatile, so the forecast is kept conservative."
12-Sep-2026,2026-09-12,RIM-MSC-ELL-003,,0,,5,,0,,0,,5,"Recent demand is volatile, so the forecast is kept conservative."
12-Sep-2026,2026-09-12,RIM-MSC-ELL-003-2PK,,0,,0,,0,,0,,0,"Recent demand is volatile, so the forecast is kept conservative."
12-Sep-2026,2026-09-12,RIM-MSC-ELL-003-3PK,,0,,0,,0,,0,,0,"Demand is intermittent, so the forecast remains conservative."
12-Sep-2026,2026-09-12,RIM-MSC-ELL-003-5PK,,0,,0,,0,,0,,0,"Recent demand is volatile, so the forecast is kept conservative."
12-Sep-2026,2026-09-12,RIM-MSC-ESL-101,,0,,6,,0,,0,,6,"Recent demand is volatile, so the forecast is kept conservative."
12-Sep-2026,2026-09-12,RIM-MSC-ESL-101-2PK,,0,,0,,0,,0,,0,"Recent demand is volatile, so the forecast is kept conservative."
12-Sep-2026,2026-09-12,RIM-MSC-ESL-101-3PK,,0,,0,,0,,0,,0,"Recent demand is volatile, so the forecast is kept conservative."
12-Sep-2026,2026-09-12,RIM-MSC-ESL-101-5PK,,0,,0,,0,,0,,0,"Demand is intermittent, so the forecast remains conservative."
12-Sep-2026,2026-09-12,RIM-MSC-ESL-102,,1,,2,,0,,0,,3,"Recent demand is volatile, so the forecast is kept conservative."
12-Sep-2026,2026-09-12,RIM-MSC-ESL-102-2PK,,0,,0,,0,,0,,0,"Demand is intermittent, so the forecast remains conservative."
12-Sep-2026,2026-09-12,RIM-MSC-ESL-102-3PK,,0,,0,,0,,0,,0,"Recent demand is volatile, so the forecast is kept conservative."
12-Sep-2026,2026-09-12,RIM-MSC-ESL-102-5PK,,0,,0,,0,,0,,0,"Recent demand is volatile, so the forecast is kept conservative."
12-Sep-2026,2026-09-12,RIM-MSC-SCAND-BLK,,0,,0,,0,,0,,0,Current stock availability is limiting observed demand.
12-Sep-2026,2026-09-12,RIM-MSC-SCAND-LYCRA,,0,,0,,0,,0,,0,"Recent demand is volatile, so the forecast is kept conservative."
12-Sep-2026,2026-09-12,RIM-MSC-SCAND-RL-001,,2,,1,,0,,0,,3,"Recent demand is declining, so the forecast is lower."
12-Sep-2026,2026-09-12,RIM-MSC-SCAND-RL-001-2PK,,0,,0,,0,,0,,0,"Recent demand is volatile, so the forecast is kept conservative."
12-Sep-2026,2026-09-12,RIM-MSC-SCAND-RL-001-3PK,,0,,0,,0,,0,,0,"Recent demand is volatile, so the forecast is kept conservative."
12-Sep-2026,2026-09-12,RIM-MSC-SCAND-RL-001-5PK,,0,,0,,0,,0,,0,"Demand is intermittent, so the forecast remains conservative."
12-Sep-2026,2026-09-12,RIM-MSC-SCAND-RL-002,,0,,0,,0,,0,,0,"Recent demand is volatile, so the forecast is kept conservative."
12-Sep-2026,2026-09-12,RIM-MSC-SCAND-RL-003,,0,,0,,0,,0,,0,"Recent demand is volatile, so the forecast is kept conservative."
12-Sep-2026,2026-09-12,RIM-MSC-SCAND-RL-003-2PK,,0,,0,,0,,0,,0,"Demand is intermittent, so the forecast remains conservative."
12-Sep-2026,2026-09-12,RIM-MSC-SCAND-RL-003-3PK,,0,,0,,0,,0,,0,"Demand is intermittent, so the forecast remains conservative."
12-Sep-2026,2026-09-12,RIM-MSC-SCAND-RL-003-5PK,,0,,0,,0,,0,,0,"Recent demand is volatile, so the forecast is kept conservative."
12-Sep-2026,2026-09-12,RIM-MSC-SCAND-VOD-001,,4,,0,,0,,0,,4,"Recent demand is volatile, so the forecast is kept conservative."
12-Sep-2026,2026-09-12,RIM-MSC-SCAND-VOD-002,,0,,0,,0,,0,,0,"Recent demand is volatile, so the forecast is kept conservative."
12-Sep-2026,2026-09-12,RIM-MSC-SCAND-VOD-002-2PK,,0,,0,,0,,0,,0,"Demand is intermittent, so the forecast remains conservative."
12-Sep-2026,2026-09-12,RIM-MSC-SCAND-VOD-002-5PK,,0,,0,,0,,0,,0,"Demand is intermittent, so the forecast remains conservative."
12-Sep-2026,2026-09-12,RIM-MSC-SCAND-VOD-WP,,0,,0,,0,,0,,0,"Recent demand is volatile, so the forecast is kept conservative."
12-Sep-2026,2026-09-12,RIM-MSC-SCAND-WOW-001,,1,,0,,0,,0,,1,"Recent demand is volatile, so the forecast is kept conservative."
12-Sep-2026,2026-09-12,RIM-MSC-SCAND-WOW-003,,0,,0,,0,,0,,0,Current stock availability is limiting observed demand.
12-Sep-2026,2026-09-12,RIM-MSC-SCAND-WOW-WP,,0,,0,,0,,0,,0,"Recent demand is volatile, so the forecast is kept conservative."
12-Sep-2026,2026-09-12,RIM-MSC-THRILLSEEKER-BLKBRWN,,0,,0,,0,,0,,0,"Recent demand is volatile, so the forecast is kept conservative."
12-Sep-2026,2026-09-12,RIM-MSC-THRILLSEEKER-EXTBLACK,,0,,0,,0,,0,,0,"Recent demand is volatile, so the forecast is kept conservative."
12-Sep-2026,2026-09-12,RIM-MSC-VF-X10-001,,0,,0,,0,,0,,0,Current stock availability is limiting observed demand.
12-Sep-2026,2026-09-12,RIM-MSC-VOLCOL-001,,0,,0,,0,,0,,0,Current stock availability is limiting observed demand.
12-Sep-2026,2026-09-12,RIM-MSC-WDF-001,,0,,0,,0,,0,,0,"Demand is intermittent, so the forecast remains conservative."
12-Sep-2026,2026-09-12,RIM-MSC-WDF-003,,0,,0,,0,,0,,0,"Recent demand is volatile, so the forecast is kept conservative."
12-Sep-2026,2026-09-12,RIM-MSC-WDF-WP,,0,,0,,0,,0,,0,"Recent demand is volatile, so the forecast is kept conservative."
12-Sep-2026,2026-09-12,RIM-MSC-WLUX-001,,0,,0,,0,,0,,0,"Recent demand is volatile, so the forecast is kept conservative."
12-Sep-2026,2026-09-12,RIM-MSC-WLUX-002,,0,,0,,0,,0,,0,"Recent demand is volatile, so the forecast is kept conservative."
12-Sep-2026,2026-09-12,RIM-MSC-WLUX-003,,0,,1,,0,,0,,1,"Recent demand is volatile, so the forecast is kept conservative."
12-Sep-2026,2026-09-12,RIM-MSC-WLUX-003-2PK,,0,,0,,0,,0,,0,"Demand is intermittent, so the forecast remains conservative."
12-Sep-2026,2026-09-12,RIM-MSC-WNDR-EXT-001,,0,,0,,0,,0,,0,"Recent demand is volatile, so the forecast is kept conservative."
12-Sep-2026,2026-09-12,RIM-MSC-WNDRBOND-LASH-FILLER-BLK,,0,,0,,0,,0,,0,"Demand is intermittent, so the forecast remains conservative."
12-Sep-2026,2026-09-12,RIM-MULTI-TASK-CLR-010,,0,,0,,0,,0,,0,"Recent demand is volatile, so the forecast is kept conservative."
12-Sep-2026,2026-09-12,RIM-MULTI-TASK-CLR-020,,0,,0,,0,,0,,0,"Recent demand is volatile, so the forecast is kept conservative."
12-Sep-2026,2026-09-12,RIM-MULTI-TASK-CLR-030,,0,,0,,0,,0,,0,"Demand is intermittent, so the forecast remains conservative."
12-Sep-2026,2026-09-12,RIM-MULTI-TASK-CLR-040,,0,,0,,0,,0,,0,"Demand is intermittent, so the forecast remains conservative."
12-Sep-2026,2026-09-12,RIM-MULTI-TASK-CLR-050,,0,,0,,0,,0,,0,"Demand is intermittent, so the forecast remains conservative."
12-Sep-2026,2026-09-12,RIM-MULTI-TASK-CLR-060,,0,,0,,0,,0,,0,Current stock availability is limiting observed demand.
12-Sep-2026,2026-09-12,RIM-MULTI-TASK-CLR-070,,0,,0,,0,,0,,0,"Demand is intermittent, so the forecast remains conservative."
12-Sep-2026,2026-09-12,RIM-MULTI-TASK-CLR-090,,0,,0,,0,,0,,0,Current stock availability is limiting observed demand.
12-Sep-2026,2026-09-12,RIM-MULTI-TASKER-BTF-30ML-002,,0,,0,,0,,0,,0,"Demand is intermittent, so the forecast remains conservative."
12-Sep-2026,2026-09-12,RIM-MULTI-TASKER-BTF-30ML-003,,0,,0,,0,,0,,0,"Demand is intermittent, so the forecast remains conservative."
12-Sep-2026,2026-09-12,RIM-MULTI-TASKER-BTF-30ML-004,,0,,0,,0,,0,,0,"Demand is intermittent, so the forecast remains conservative."
12-Sep-2026,2026-09-12,RIM-NAIL-60S-101,,0,,0,,0,,0,,0,"Recent demand is volatile, so the forecast is kept conservative."
12-Sep-2026,2026-09-12,RIM-NAIL-60S-130,,0,,0,,0,,0,,0,"Recent demand is volatile, so the forecast is kept conservative."
12-Sep-2026,2026-09-12,RIM-NAIL-60S-150,,0,,0,,0,,0,,0,"Demand is intermittent, so the forecast remains conservative."
12-Sep-2026,2026-09-12,RIM-NAIL-60S-151,,0,,0,,0,,0,,0,"Recent demand is volatile, so the forecast is kept conservative."
12-Sep-2026,2026-09-12,RIM-NAIL-60S-152,,0,,0,,0,,0,,0,"Recent demand is volatile, so the forecast is kept conservative."
12-Sep-2026,2026-09-12,RIM-NAIL-60S-153,,0,,0,,0,,0,,0,"Demand is intermittent, so the forecast remains conservative."
12-Sep-2026,2026-09-12,RIM-NAIL-60S-154,,0,,0,,0,,0,,0,"Recent demand is volatile, so the forecast is kept conservative."
12-Sep-2026,2026-09-12,RIM-NAIL-60S-155,,0,,0,,0,,0,,0,"Demand is intermittent, so the forecast remains conservative."
12-Sep-2026,2026-09-12,RIM-NAIL-60S-203,,0,,0,,0,,0,,0,"Recent demand is volatile, so the forecast is kept conservative."
12-Sep-2026,2026-09-12,RIM-NAIL-60S-210,,0,,0,,0,,0,,0,"Recent demand is volatile, so the forecast is kept conservative."
12-Sep-2026,2026-09-12,RIM-NAIL-60S-230,,0,,0,,0,,0,,0,"Recent demand is volatile, so the forecast is kept conservative."
12-Sep-2026,2026-09-12,RIM-NAIL-60S-235,,0,,0,,0,,0,,0,"Recent demand is volatile, so the forecast is kept conservative."
12-Sep-2026,2026-09-12,RIM-NAIL-60S-262,,0,,0,,0,,0,,0,"Recent demand is volatile, so the forecast is kept conservative."
12-Sep-2026,2026-09-12,RIM-NAIL-60S-270,,0,,0,,0,,0,,0,"Recent demand is volatile, so the forecast is kept conservative."
12-Sep-2026,2026-09-12,RIM-NAIL-60S-271,,0,,0,,0,,0,,0,"Recent demand is volatile, so the forecast is kept conservative."
12-Sep-2026,2026-09-12,RIM-NAIL-60S-300,,0,,0,,0,,0,,0,"Recent demand is volatile, so the forecast is kept conservative."
12-Sep-2026,2026-09-12,RIM-NAIL-60S-310,,0,,0,,0,,0,,0,"Recent demand is volatile, so the forecast is kept conservative."
12-Sep-2026,2026-09-12,RIM-NAIL-60S-312,,0,,0,,0,,0,,0,"Recent demand is volatile, so the forecast is kept conservative."
12-Sep-2026,2026-09-12,RIM-NAIL-60S-313,,0,,0,,0,,0,,0,"Recent demand is volatile, so the forecast is kept conservative."
12-Sep-2026,2026-09-12,RIM-NAIL-60S-314,,0,,0,,0,,0,,0,"Recent demand is volatile, so the forecast is kept conservative."
12-Sep-2026,2026-09-12,RIM-NAIL-60S-315,,0,,0,,0,,0,,0,"Recent demand is volatile, so the forecast is kept conservative."
12-Sep-2026,2026-09-12,RIM-NAIL-60S-320,,0,,0,,0,,0,,0,"Recent demand is volatile, so the forecast is kept conservative."
12-Sep-2026,2026-09-12,RIM-NAIL-60S-322,,0,,0,,0,,0,,0,"Recent demand is volatile, so the forecast is kept conservative."
12-Sep-2026,2026-09-12,RIM-NAIL-60S-323,,0,,0,,0,,0,,0,"Recent demand is volatile, so the forecast is kept conservative."
12-Sep-2026,2026-09-12,RIM-NAIL-60S-324,,0,,0,,0,,0,,0,"Recent demand is volatile, so the forecast is kept conservative."
12-Sep-2026,2026-09-12,RIM-NAIL-60S-335,,0,,0,,0,,0,,0,"Recent demand is volatile, so the forecast is kept conservative."
12-Sep-2026,2026-09-12,RIM-NAIL-60S-336,,0,,0,,0,,0,,0,"Recent demand is volatile, so the forecast is kept conservative."
12-Sep-2026,2026-09-12,RIM-NAIL-60S-340,,0,,0,,0,,0,,0,"Recent demand is volatile, so the forecast is kept conservative."
12-Sep-2026,2026-09-12,RIM-NAIL-60S-345,,1,,1,,0,,0,,2,"Recent demand is volatile, so the forecast is kept conservative."
12-Sep-2026,2026-09-12,RIM-NAIL-60S-401,,0,,0,,0,,0,,0,Current stock availability is limiting observed demand.
12-Sep-2026,2026-09-12,RIM-NAIL-60S-404,,0,,0,,0,,0,,0,"Recent demand is volatile, so the forecast is kept conservative."
12-Sep-2026,2026-09-12,RIM-NAIL-60S-405,,0,,0,,0,,0,,0,"Recent demand is volatile, so the forecast is kept conservative."
12-Sep-2026,2026-09-12,RIM-NAIL-60S-406,,0,,0,,0,,0,,0,"Demand is intermittent, so the forecast remains conservative."
12-Sep-2026,2026-09-12,RIM-NAIL-60S-410,,0,,0,,0,,0,,0,"Recent demand is volatile, so the forecast is kept conservative."
12-Sep-2026,2026-09-12,RIM-NAIL-60S-411,,0,,0,,0,,0,,0,Current stock availability is limiting observed demand.
12-Sep-2026,2026-09-12,RIM-NAIL-60S-430,,0,,0,,0,,0,,0,Current stock availability is limiting observed demand.
12-Sep-2026,2026-09-12,RIM-NAIL-60S-498,,0,,0,,0,,0,,0,"Recent demand is volatile, so the forecast is kept conservative."
12-Sep-2026,2026-09-12,RIM-NAIL-60S-500,,0,,0,,0,,0,,0,"Recent demand is volatile, so the forecast is kept conservative."
12-Sep-2026,2026-09-12,RIM-NAIL-60S-510,,0,,0,,0,,0,,0,"Recent demand is volatile, so the forecast is kept conservative."
12-Sep-2026,2026-09-12,RIM-NAIL-60S-558,,0,,0,,0,,0,,0,"Recent demand is volatile, so the forecast is kept conservative."
12-Sep-2026,2026-09-12,RIM-NAIL-60S-560,,0,,0,,0,,0,,0,"Recent demand is volatile, so the forecast is kept conservative."
12-Sep-2026,2026-09-12,RIM-NAIL-60S-561,,0,,0,,0,,0,,0,"Recent demand is volatile, so the forecast is kept conservative."
12-Sep-2026,2026-09-12,RIM-NAIL-60S-703,,0,,0,,0,,0,,0,"Recent demand is volatile, so the forecast is kept conservative."
12-Sep-2026,2026-09-12,RIM-NAIL-60S-705,,0,,0,,0,,0,,0,"Recent demand is volatile, so the forecast is kept conservative."
12-Sep-2026,2026-09-12,RIM-NAIL-60S-707,,0,,0,,0,,0,,0,"Recent demand is volatile, so the forecast is kept conservative."
12-Sep-2026,2026-09-12,RIM-NAIL-60S-708,,0,,0,,0,,0,,0,Current stock availability is limiting observed demand.
12-Sep-2026,2026-09-12,RIM-NAIL-60S-709,,0,,0,,0,,0,,0,"Recent demand is volatile, so the forecast is kept conservative."
12-Sep-2026,2026-09-12,RIM-NAIL-60S-710,,0,,0,,0,,0,,0,"Recent demand is volatile, so the forecast is kept conservative."
12-Sep-2026,2026-09-12,RIM-NAIL-60S-711,,0,,0,,0,,0,,0,"Recent demand is volatile, so the forecast is kept conservative."
12-Sep-2026,2026-09-12,RIM-NAIL-60S-712,,0,,0,,0,,0,,0,Current stock availability is limiting observed demand.
12-Sep-2026,2026-09-12,RIM-NAIL-60S-713,,0,,0,,0,,0,,0,"Recent demand is volatile, so the forecast is kept conservative."
12-Sep-2026,2026-09-12,RIM-NAIL-60S-714,,0,,0,,0,,0,,0,"Recent demand is volatile, so the forecast is kept conservative."
12-Sep-2026,2026-09-12,RIM-NAIL-60S-715,,0,,0,,0,,0,,0,Current stock availability is limiting observed demand.
12-Sep-2026,2026-09-12,RIM-NAIL-60S-718,,0,,0,,0,,0,,0,"Recent demand is volatile, so the forecast is kept conservative."
12-Sep-2026,2026-09-12,RIM-NAIL-60S-719,,0,,0,,0,,0,,0,"Recent demand is volatile, so the forecast is kept conservative."
12-Sep-2026,2026-09-12,RIM-NAIL-60S-720,,0,,0,,0,,0,,0,"Recent demand is volatile, so the forecast is kept conservative."
12-Sep-2026,2026-09-12,RIM-NAIL-60S-721,,0,,0,,0,,0,,0,"Recent demand is volatile, so the forecast is kept conservative."
12-Sep-2026,2026-09-12,RIM-NAIL-60S-722,,0,,0,,0,,0,,0,"Recent demand is volatile, so the forecast is kept conservative."
12-Sep-2026,2026-09-12,RIM-NAIL-60S-730,,0,,0,,0,,0,,0,Current stock availability is limiting observed demand.
12-Sep-2026,2026-09-12,RIM-NAIL-60S-740,,0,,0,,0,,0,,0,"Recent demand is volatile, so the forecast is kept conservative."
12-Sep-2026,2026-09-12,RIM-NAIL-60S-807,,0,,0,,0,,0,,0,"Recent demand is volatile, so the forecast is kept conservative."
12-Sep-2026,2026-09-12,RIM-NAIL-60S-809,,0,,0,,0,,0,,0,"Recent demand is volatile, so the forecast is kept conservative."
12-Sep-2026,2026-09-12,RIM-NAIL-60S-810,,0,,0,,0,,0,,0,"Recent demand is volatile, so the forecast is kept conservative."
12-Sep-2026,2026-09-12,RIM-NAIL-60S-811,,0,,0,,0,,0,,0,"Recent demand is volatile, so the forecast is kept conservative."
12-Sep-2026,2026-09-12,RIM-NAIL-60S-812,,0,,0,,0,,0,,0,Current stock availability is limiting observed demand.
12-Sep-2026,2026-09-12,RIM-NAIL-60S-820,,0,,0,,0,,0,,0,"Demand is intermittent, so the forecast remains conservative."
12-Sep-2026,2026-09-12,RIM-NAIL-60S-828,,0,,0,,0,,0,,0,"Recent demand is volatile, so the forecast is kept conservative."
12-Sep-2026,2026-09-12,RIM-NAIL-60S-831,,0,,0,,0,,0,,0,"Demand is intermittent, so the forecast remains conservative."
12-Sep-2026,2026-09-12,RIM-NAIL-60S-833,,0,,0,,0,,0,,0,"Recent demand is volatile, so the forecast is kept conservative."
12-Sep-2026,2026-09-12,RIM-NAIL-60S-834,,0,,0,,0,,0,,0,"Recent demand is volatile, so the forecast is kept conservative."
12-Sep-2026,2026-09-12,RIM-NAIL-60S-853,,0,,0,,0,,0,,0,"Recent demand is volatile, so the forecast is kept conservative."
12-Sep-2026,2026-09-12,RIM-NAIL-60S-878,,0,,0,,0,,0,,0,Current stock availability is limiting observed demand.
12-Sep-2026,2026-09-12,RIM-NAIL-60S-900,,0,,1,,0,,0,,1,"Recent demand is volatile, so the forecast is kept conservative."
12-Sep-2026,2026-09-12,RIM-NAIL-60S-901,,0,,0,,0,,0,,0,Current stock availability is limiting observed demand.
12-Sep-2026,2026-09-12,RIM-NAIL-60S-902,,2,,1,,0,,0,,3,"Recent demand is volatile, so the forecast is kept conservative."
12-Sep-2026,2026-09-12,RIM-NAIL-60S-905,,0,,0,,0,,0,,0,"Recent demand is volatile, so the forecast is kept conservative."
12-Sep-2026,2026-09-12,RIM-NAIL-60S-BUNDLE-10PCS-V1,,0,,0,,0,,0,,0,"Recent demand is volatile, so the forecast is kept conservative."
12-Sep-2026,2026-09-12,RIM-NAIL-60S-BUNDLE-10PCS-V2,,0,,0,,0,,0,,0,"Demand is intermittent, so the forecast remains conservative."
12-Sep-2026,2026-09-12,RIM-NAIL-60S-BUNDLE-10PCS-V3,,0,,0,,0,,0,,0,"Recent demand is volatile, so the forecast is kept conservative."
12-Sep-2026,2026-09-12,RIM-NAIL-60S-BUNDLE-15PCS-V1,,0,,0,,0,,0,,0,Current stock availability is limiting observed demand.
12-Sep-2026,2026-09-12,RIM-NAIL-60S-BUNDLE-5PCS-V1,,0,,0,,0,,0,,0,"Demand is intermittent, so the forecast remains conservative."
12-Sep-2026,2026-09-12,RIM-NAIL-60S-BUNDLE-5PCS-V2,,0,,0,,0,,0,,0,"Demand is intermittent, so the forecast remains conservative."
12-Sep-2026,2026-09-12,RIM-NAIL-60S-BUNDLE-5PCS-V3,,0,,0,,0,,0,,0,"Recent demand is volatile, so the forecast is kept conservative."
12-Sep-2026,2026-09-12,RIM-NAIL-60S-BUNDLE-5PCS-V4,,0,,0,,0,,0,,0,"Demand is intermittent, so the forecast remains conservative."
12-Sep-2026,2026-09-12,RIM-NAIL-60S-BUNDLE-RED-5,,0,,0,,0,,0,,0,"Recent demand is volatile, so the forecast is kept conservative."
12-Sep-2026,2026-09-12,RIM-NAIL-60S-BUNDLE-SUMMER-5,,0,,0,,0,,0,,0,"Demand is intermittent, so the forecast remains conservative."
12-Sep-2026,2026-09-12,RIM-NAIL-60S-MIX-10PCS,,0,,0,,0,,0,,0,"Recent demand is volatile, so the forecast is kept conservative."
12-Sep-2026,2026-09-12,RIM-NAIL-60S-MIX-15PCS,,0,,0,,0,,0,,0,Current stock availability is limiting observed demand.
12-Sep-2026,2026-09-12,RIM-NAIL-60S-MIX-8PCS,,0,,0,,0,,0,,0,"Demand is intermittent, so the forecast remains conservative."
12-Sep-2026,2026-09-12,RIM-NAIL-FT-TOPCOAT,,0,,0,,0,,0,,0,Current stock availability is limiting observed demand.
12-Sep-2026,2026-09-12,RIM-NAIL-FT-TOPCOAT-2PK,,0,,0,,0,,0,,0,"Demand is intermittent, so the forecast remains conservative."
12-Sep-2026,2026-09-12,RIM-NAIL-GLITTER-BOMB-019,,0,,0,,0,,0,,0,Current stock availability is limiting observed demand.
12-Sep-2026,2026-09-12,RIM-NAIL-NN-5IN1,,0,,0,,0,,0,,0,Current stock availability is limiting observed demand.
12-Sep-2026,2026-09-12,RIM-NAIL-NN-STRONGER,,0,,0,,0,,0,,0,Current stock availability is limiting observed demand.
12-Sep-2026,2026-09-12,RIM-NAIL-SUPERGEL-001,,0,,0,,0,,0,,0,"Demand is intermittent, so the forecast remains conservative."
12-Sep-2026,2026-09-12,RIM-NAIL-SUPERGEL-008,,0,,0,,0,,0,,0,"Recent demand is volatile, so the forecast is kept conservative."
12-Sep-2026,2026-09-12,RIM-NAIL-SUPERGEL-012,,1,,0,,0,,0,,1,"Recent demand is volatile, so the forecast is kept conservative."
12-Sep-2026,2026-09-12,RIM-NAIL-SUPERGEL-014,,0,,0,,0,,0,,0,Current stock availability is limiting observed demand.
12-Sep-2026,2026-09-12,RIM-NAIL-SUPERGEL-020,,0,,0,,0,,0,,0,Current stock availability is limiting observed demand.
12-Sep-2026,2026-09-12,RIM-NAIL-SUPERGEL-021,,0,,0,,0,,0,,0,"Recent demand is volatile, so the forecast is kept conservative."
12-Sep-2026,2026-09-12,RIM-NAIL-SUPERGEL-022,,0,,0,,0,,0,,0,"Recent demand is volatile, so the forecast is kept conservative."
12-Sep-2026,2026-09-12,RIM-NAIL-SUPERGEL-023,,0,,0,,0,,0,,0,Current stock availability is limiting observed demand.
12-Sep-2026,2026-09-12,RIM-NAIL-SUPERGEL-023-2PK,,0,,0,,0,,0,,0,"Demand is intermittent, so the forecast remains conservative."
12-Sep-2026,2026-09-12,RIM-NAIL-SUPERGEL-023-5PK,,0,,0,,0,,0,,0,"Demand is intermittent, so the forecast remains conservative."
12-Sep-2026,2026-09-12,RIM-NAIL-SUPERGEL-024,,0,,0,,0,,0,,0,"Recent demand is volatile, so the forecast is kept conservative."
12-Sep-2026,2026-09-12,RIM-NAIL-SUPERGEL-025,,0,,0,,0,,0,,0,"Recent demand is volatile, so the forecast is kept conservative."
12-Sep-2026,2026-09-12,RIM-NAIL-SUPERGEL-026,,0,,0,,0,,0,,0,"Recent demand is volatile, so the forecast is kept conservative."
12-Sep-2026,2026-09-12,RIM-NAIL-SUPERGEL-027,,0,,0,,0,,0,,0,Current stock availability is limiting observed demand.
12-Sep-2026,2026-09-12,RIM-NAIL-SUPERGEL-030,,0,,0,,0,,0,,0,Current stock availability is limiting observed demand.
12-Sep-2026,2026-09-12,RIM-NAIL-SUPERGEL-031,,0,,0,,0,,0,,0,Current stock availability is limiting observed demand.
12-Sep-2026,2026-09-12,RIM-NAIL-SUPERGEL-032,,0,,0,,0,,0,,0,"Recent demand is volatile, so the forecast is kept conservative."
12-Sep-2026,2026-09-12,RIM-NAIL-SUPERGEL-033,,0,,0,,0,,0,,0,"Recent demand is volatile, so the forecast is kept conservative."
12-Sep-2026,2026-09-12,RIM-NAIL-SUPERGEL-035,,0,,0,,0,,0,,0,"Recent demand is volatile, so the forecast is kept conservative."
12-Sep-2026,2026-09-12,RIM-NAIL-SUPERGEL-042,,0,,0,,0,,0,,0,"Recent demand is volatile, so the forecast is kept conservative."
12-Sep-2026,2026-09-12,RIM-NAIL-SUPERGEL-043,,0,,0,,0,,0,,0,"Recent demand is volatile, so the forecast is kept conservative."
12-Sep-2026,2026-09-12,RIM-NAIL-SUPERGEL-044,,0,,0,,0,,0,,0,Current stock availability is limiting observed demand.
12-Sep-2026,2026-09-12,RIM-NAIL-SUPERGEL-045,,0,,0,,0,,0,,0,"Recent demand is volatile, so the forecast is kept conservative."
12-Sep-2026,2026-09-12,RIM-NAIL-SUPERGEL-052,,0,,0,,0,,0,,0,Current stock availability is limiting observed demand.
12-Sep-2026,2026-09-12,RIM-NAIL-SUPERGEL-054,,0,,0,,0,,0,,0,"Recent demand is volatile, so the forecast is kept conservative."
12-Sep-2026,2026-09-12,RIM-NAIL-SUPERGEL-056,,0,,0,,0,,0,,0,"Recent demand is volatile, so the forecast is kept conservative."
12-Sep-2026,2026-09-12,RIM-NAIL-SUPERGEL-058,,0,,0,,0,,0,,0,"Demand is intermittent, so the forecast remains conservative."
12-Sep-2026,2026-09-12,RIM-NAIL-SUPERGEL-069,,0,,0,,0,,0,,0,Current stock availability is limiting observed demand.
12-Sep-2026,2026-09-12,RIM-NAIL-SUPERGEL-070,,0,,0,,0,,0,,0,Current stock availability is limiting observed demand.
12-Sep-2026,2026-09-12,RIM-NAIL-SUPERGEL-071,,0,,0,,0,,0,,0,"Recent demand is volatile, so the forecast is kept conservative."
12-Sep-2026,2026-09-12,RIM-NAIL-SUPERGEL-083,,0,,0,,0,,0,,0,"Recent demand is volatile, so the forecast is kept conservative."
12-Sep-2026,2026-09-12,RIM-NAIL-SUPERGEL-090,,0,,0,,0,,0,,0,Current stock availability is limiting observed demand.
12-Sep-2026,2026-09-12,RIM-NAIL-SUPERGEL-091,,0,,0,,0,,0,,0,"Recent demand is volatile, so the forecast is kept conservative."
12-Sep-2026,2026-09-12,RIM-NAIL-SUPERGEL-091A,,1,,0,,0,,0,,1,"Recent demand is volatile, so the forecast is kept conservative."
12-Sep-2026,2026-09-12,RIM-NAIL-SUPERGEL-094,,0,,0,,0,,0,,0,"Recent demand is volatile, so the forecast is kept conservative."
12-Sep-2026,2026-09-12,RIM-NAIL-SUPERGEL-095,,0,,0,,0,,0,,0,"Recent demand is volatile, so the forecast is kept conservative."
12-Sep-2026,2026-09-12,RIM-NAIL-SUPERGEL-096,,0,,0,,0,,0,,0,"Demand is intermittent, so the forecast remains conservative."
12-Sep-2026,2026-09-12,RIM-NAIL-SUPERGEL-097,,0,,0,,0,,0,,0,"Recent demand is volatile, so the forecast is kept conservative."
12-Sep-2026,2026-09-12,RIM-NAIL-SUPERGEL-098,,0,,0,,0,,0,,0,Current stock availability is limiting observed demand.
12-Sep-2026,2026-09-12,RIM-NAIL-SUPERGEL-099,,0,,0,,0,,0,,0,"Recent demand is volatile, so the forecast is kept conservative."
12-Sep-2026,2026-09-12,RIM-NATURALBRONZER-001,,0,,0,,0,,0,,0,Current stock availability is limiting observed demand.
12-Sep-2026,2026-09-12,RIM-NATURALBRONZER-002,,0,,0,,0,,0,,0,"Recent demand is volatile, so the forecast is kept conservative."
12-Sep-2026,2026-09-12,RIM-NATURALBRONZER-002-3PK,,0,,0,,0,,0,,0,"Demand is intermittent, so the forecast remains conservative."
12-Sep-2026,2026-09-12,RIM-OMG-LIP-130,,0,,1,,0,,0,,1,"Recent demand is volatile, so the forecast is kept conservative."
12-Sep-2026,2026-09-12,RIM-OMG-LIP-150,,0,,0,,0,,0,,0,"Recent demand is volatile, so the forecast is kept conservative."
12-Sep-2026,2026-09-12,RIM-OMG-LIP-160,,0,,0,,0,,0,,0,"Recent demand is volatile, so the forecast is kept conservative."
12-Sep-2026,2026-09-12,RIM-OMG-LIP-200,,0,,0,,0,,0,,0,Current stock availability is limiting observed demand.
12-Sep-2026,2026-09-12,RIM-OMG-LIP-210,,0,,0,,0,,0,,0,"Demand is intermittent, so the forecast remains conservative."
12-Sep-2026,2026-09-12,RIM-OMG-LIP-260,,0,,0,,0,,0,,0,Current stock availability is limiting observed demand.
12-Sep-2026,2026-09-12,RIM-OMG-LIP-300,,0,,0,,0,,0,,0,Current stock availability is limiting observed demand.
12-Sep-2026,2026-09-12,RIM-OMG-LIP-330,,0,,0,,0,,0,,0,"Recent demand is volatile, so the forecast is kept conservative."
12-Sep-2026,2026-09-12,RIM-OMG-LIP-400,,0,,0,,0,,0,,0,Current stock availability is limiting observed demand.
12-Sep-2026,2026-09-12,RIM-OMG-LIP-500,,0,,0,,0,,0,,0,"Demand is intermittent, so the forecast remains conservative."
12-Sep-2026,2026-09-12,RIM-OMG-LIP-531,,0,,0,,0,,0,,0,Current stock availability is limiting observed demand.
12-Sep-2026,2026-09-12,RIM-OMG-LIP-758,,0,,0,,0,,0,,0,Current stock availability is limiting observed demand.
12-Sep-2026,2026-09-12,RIM-OMG-LIP-759,,0,,0,,0,,0,,0,"Demand is intermittent, so the forecast remains conservative."
12-Sep-2026,2026-09-12,RIM-OMG-LIP-800,,0,,0,,0,,0,,0,"Recent demand is volatile, so the forecast is kept conservative."
12-Sep-2026,2026-09-12,RIM-OMG-LIP-801,,0,,0,,0,,0,,0,Current stock availability is limiting observed demand.
12-Sep-2026,2026-09-12,RIM-OMG-LIP-LOVEBUG,,0,,0,,0,,0,,0,"Recent demand is volatile, so the forecast is kept conservative."
12-Sep-2026,2026-09-12,RIM-OMG-PLUMP-501,,0,,0,,0,,0,,0,Current stock availability is limiting observed demand.
12-Sep-2026,2026-09-12,RIM-OMG-PLUMP-820,,0,,0,,0,,0,,0,Current stock availability is limiting observed demand.
12-Sep-2026,2026-09-12,RIM-OMP-LIP-SHAPER-010,,0,,0,,0,,0,,0,"Demand is intermittent, so the forecast remains conservative."
12-Sep-2026,2026-09-12,RIM-OMP-LIP-SHAPER-030,,0,,0,,0,,0,,0,"Demand is intermittent, so the forecast remains conservative."
12-Sep-2026,2026-09-12,RIM-OMP-LIP-SHAPER-040,,0,,0,,0,,0,,0,"Demand is intermittent, so the forecast remains conservative."
12-Sep-2026,2026-09-12,RIM-OMP-LIP-SHAPER-050,,0,,0,,0,,0,,0,"Demand is intermittent, so the forecast remains conservative."
12-Sep-2026,2026-09-12,RIM-PROVOCALIP-210,,0,,0,,0,,0,,0,Current stock availability is limiting observed demand.
12-Sep-2026,2026-09-12,RIM-PROVOCALIP-570,,0,,0,,0,,0,,0,"Recent demand is volatile, so the forecast is kept conservative."
12-Sep-2026,2026-09-12,RIM-PROVOCALIP-710,,0,,0,,0,,0,,0,Current stock availability is limiting observed demand.
12-Sep-2026,2026-09-12,RIM-PROVOCALIP-730,,0,,0,,0,,0,,0,"Recent demand is volatile, so the forecast is kept conservative."
12-Sep-2026,2026-09-12,RIM-RADBRICK-001,,0,,0,,0,,0,,0,Current stock availability is limiting observed demand.
12-Sep-2026,2026-09-12,RIM-RADBRICK-002,,0,,0,,0,,0,,0,Current stock availability is limiting observed demand.
12-Sep-2026,2026-09-12,RIM-RADBRICK-003,,0,,0,,0,,0,,0,Current stock availability is limiting observed demand.
12-Sep-2026,2026-09-12,RIM-SCD-EL-WP-001,,1,,1,,0,,0,,2,"Recent demand is volatile, so the forecast is kept conservative."
12-Sep-2026,2026-09-12,RIM-SCD-EL-WP-001-2PK,,0,,0,,0,,0,,0,"Demand is intermittent, so the forecast remains conservative."
12-Sep-2026,2026-09-12,RIM-SCD-EL-WP-001-3PK,,0,,0,,0,,0,,0,"Demand is intermittent, so the forecast remains conservative."
12-Sep-2026,2026-09-12,RIM-SCD-EL-WP-001-5PK,,0,,0,,0,,0,,0,"Demand is intermittent, so the forecast remains conservative."
12-Sep-2026,2026-09-12,RIM-SCD-EL-WP-003,,0,,0,,0,,0,,0,"Recent demand is volatile, so the forecast is kept conservative."
12-Sep-2026,2026-09-12,RIM-SCD-EL-WP-005,,0,,0,,0,,0,,0,"Demand is intermittent, so the forecast remains conservative."
12-Sep-2026,2026-09-12,RIM-SCD-EL-WP-006,,0,,0,,0,,0,,0,Current stock availability is limiting observed demand.
12-Sep-2026,2026-09-12,RIM-SCD-EL-WP-008,,0,,0,,0,,0,,0,Current stock availability is limiting observed demand.
12-Sep-2026,2026-09-12,RIM-SCD-EYE-001,,16,,2,,0,,0,,18,"Recent sales are increasing, so the forecast is higher."
12-Sep-2026,2026-09-12,RIM-SCD-EYE-001-2PK,,0,,0,,0,,0,,0,"Demand is intermittent, so the forecast remains conservative."
12-Sep-2026,2026-09-12,RIM-SCD-EYE-001-3PK,,0,,0,,0,,0,,0,"Demand is intermittent, so the forecast remains conservative."
12-Sep-2026,2026-09-12,RIM-SCD-EYE-001-5PK,,0,,0,,0,,0,,0,"Recent demand is volatile, so the forecast is kept conservative."
12-Sep-2026,2026-09-12,RIM-SCD-EYE-002,,0,,0,,0,,0,,0,Current stock availability is limiting observed demand.
12-Sep-2026,2026-09-12,RIM-SCD-EYE-002-2PK,,0,,0,,0,,0,,0,"Demand is intermittent, so the forecast remains conservative."
12-Sep-2026,2026-09-12,RIM-SCD-EYE-002-3PK,,0,,0,,0,,0,,0,"Demand is intermittent, so the forecast remains conservative."
12-Sep-2026,2026-09-12,RIM-SCD-EYE-002-5PK,,0,,0,,0,,0,,0,"Demand is intermittent, so the forecast remains conservative."
12-Sep-2026,2026-09-12,RIM-SCD-EYE-003,,0,,2,,0,,0,,2,"Recent demand is volatile, so the forecast is kept conservative."
12-Sep-2026,2026-09-12,RIM-SCD-EYE-003-2PK,,0,,0,,0,,0,,0,"Demand is intermittent, so the forecast remains conservative."
12-Sep-2026,2026-09-12,RIM-SCD-EYE-003-3PK,,0,,0,,0,,0,,0,"Demand is intermittent, so the forecast remains conservative."
12-Sep-2026,2026-09-12,RIM-SCD-EYE-003-5PK,,0,,0,,0,,0,,0,"Demand is intermittent, so the forecast remains conservative."
12-Sep-2026,2026-09-12,RIM-SCD-EYE-004,,0,,0,,0,,0,,0,"Recent demand is volatile, so the forecast is kept conservative."
12-Sep-2026,2026-09-12,RIM-SCD-EYE-005,,0,,0,,0,,0,,0,"Recent demand is volatile, so the forecast is kept conservative."
12-Sep-2026,2026-09-12,RIM-SCD-EYE-006,,0,,1,,0,,0,,1,"Recent demand is volatile, so the forecast is kept conservative."
12-Sep-2026,2026-09-12,RIM-SCD-EYE-006-2PK,,0,,0,,0,,0,,0,"Recent demand is volatile, so the forecast is kept conservative."
12-Sep-2026,2026-09-12,RIM-SCD-EYE-006-3PK,,0,,0,,0,,0,,0,"Recent demand is volatile, so the forecast is kept conservative."
12-Sep-2026,2026-09-12,RIM-SCD-EYE-006-5PK,,0,,0,,0,,0,,0,"Recent demand is volatile, so the forecast is kept conservative."
12-Sep-2026,2026-09-12,RIM-SCD-MICRO-EL-001,,0,,0,,0,,0,,0,"Demand is intermittent, so the forecast remains conservative."
12-Sep-2026,2026-09-12,RIM-SM-PRIMER-003,,0,,0,,0,,0,,0,"Demand is intermittent, so the forecast remains conservative."
12-Sep-2026,2026-09-12,RIM-SMLIQ-100,,0,,0,,0,,0,,0,"Demand is intermittent, so the forecast remains conservative."
12-Sep-2026,2026-09-12,RIM-SMLIQ-110,,0,,0,,0,,0,,0,Current stock availability is limiting observed demand.
12-Sep-2026,2026-09-12,RIM-SMLIQ-200,,0,,0,,0,,0,,0,Current stock availability is limiting observed demand.
12-Sep-2026,2026-09-12,RIM-SMLIQ-220,,0,,0,,0,,0,,0,Current stock availability is limiting observed demand.
12-Sep-2026,2026-09-12,RIM-SMLIQ-500,,0,,0,,0,,0,,0,Current stock availability is limiting observed demand.
12-Sep-2026,2026-09-12,RIM-SMLIQ-600,,0,,0,,0,,0,,0,Current stock availability is limiting observed demand.
12-Sep-2026,2026-09-12,RIM-SMLIQ-700,,0,,0,,0,,0,,0,"Recent demand is volatile, so the forecast is kept conservative."
12-Sep-2026,2026-09-12,RIM-SMLIQ-706,,0,,0,,0,,0,,0,Current stock availability is limiting observed demand.
12-Sep-2026,2026-09-12,RIM-SMLIQ-707,,0,,0,,0,,0,,0,Current stock availability is limiting observed demand.
12-Sep-2026,2026-09-12,RIM-SMLIQ-708,,0,,0,,0,,0,,0,Current stock availability is limiting observed demand.
12-Sep-2026,2026-09-12,RIM-SMLIQ-709,,0,,0,,0,,0,,0,Current stock availability is limiting observed demand.
12-Sep-2026,2026-09-12,RIM-SMLIQ-720,,0,,0,,0,,0,,0,Current stock availability is limiting observed demand.
12-Sep-2026,2026-09-12,RIM-SMLIQ-723,,0,,0,,0,,0,,0,Current stock availability is limiting observed demand.
12-Sep-2026,2026-09-12,RIM-SMLIQ-725,,0,,0,,0,,0,,0,Current stock availability is limiting observed demand.
12-Sep-2026,2026-09-12,RIM-SMLIQ-820,,0,,0,,0,,0,,0,Current stock availability is limiting observed demand.
12-Sep-2026,2026-09-12,RIM-SMLIQ-830,,0,,0,,0,,0,,0,"Demand is intermittent, so the forecast remains conservative."
12-Sep-2026,2026-09-12,RIM-SMLIQ-870,,0,,0,,0,,0,,0,"Demand is intermittent, so the forecast remains conservative."
12-Sep-2026,2026-09-12,RIM-SMLQFDT-502,,0,,0,,0,,0,,0,Current stock availability is limiting observed demand.
12-Sep-2026,2026-09-12,RIM-SMPP-001,,1,,5,,0,,0,,6,"Recent demand is volatile, so the forecast is kept conservative."
12-Sep-2026,2026-09-12,RIM-SMPP-001-2PK,,0,,0,,0,,0,,0,"Recent demand is volatile, so the forecast is kept conservative."
12-Sep-2026,2026-09-12,RIM-SMPP-001-3PK,,0,,0,,0,,0,,0,"Recent demand is volatile, so the forecast is kept conservative."
12-Sep-2026,2026-09-12,RIM-SMPP-001-5PK,,0,,0,,0,,0,,0,"Recent demand is volatile, so the forecast is kept conservative."
12-Sep-2026,2026-09-12,RIM-SMPP-002,,0,,1,,0,,0,,1,"Recent demand is volatile, so the forecast is kept conservative."
12-Sep-2026,2026-09-12,RIM-SMPP-002-2PK,,0,,0,,0,,0,,0,"Recent demand is volatile, so the forecast is kept conservative."
12-Sep-2026,2026-09-12,RIM-SMPP-002-3PK,,0,,0,,0,,0,,0,"Recent demand is volatile, so the forecast is kept conservative."
12-Sep-2026,2026-09-12,RIM-SMPP-002-5PK,,0,,0,,0,,0,,0,"Demand is intermittent, so the forecast remains conservative."
12-Sep-2026,2026-09-12,RIM-SMPP-003,,0,,4,,0,,0,,4,"Recent demand is volatile, so the forecast is kept conservative."
12-Sep-2026,2026-09-12,RIM-SMPP-003-2PK,,0,,0,,0,,0,,0,"Recent demand is volatile, so the forecast is kept conservative."
12-Sep-2026,2026-09-12,RIM-SMPP-003-3PK,,0,,0,,0,,0,,0,"Recent demand is volatile, so the forecast is kept conservative."
12-Sep-2026,2026-09-12,RIM-SMPP-003-5PK,,0,,0,,0,,0,,0,"Recent demand is volatile, so the forecast is kept conservative."
12-Sep-2026,2026-09-12,RIM-SMPP-004,,0,,2,,0,,0,,2,"Recent demand is volatile, so the forecast is kept conservative."
12-Sep-2026,2026-09-12,RIM-SMPP-004-2PK,,0,,0,,0,,0,,0,"Recent demand is volatile, so the forecast is kept conservative."
12-Sep-2026,2026-09-12,RIM-SMPP-004-3PK,,0,,0,,0,,0,,0,"Recent demand is volatile, so the forecast is kept conservative."
12-Sep-2026,2026-09-12,RIM-SMPP-004-5PK,,0,,0,,0,,0,,0,"Demand is intermittent, so the forecast remains conservative."
12-Sep-2026,2026-09-12,RIM-SMPP-005,,7,,5,,0,,0,,12,"Recent sales are increasing, so the forecast is higher."
12-Sep-2026,2026-09-12,RIM-SMPP-005-2PK,,0,,0,,0,,0,,0,"Recent demand is volatile, so the forecast is kept conservative."
12-Sep-2026,2026-09-12,RIM-SMPP-005-3PK,,0,,0,,0,,0,,0,"Recent demand is volatile, so the forecast is kept conservative."
12-Sep-2026,2026-09-12,RIM-SMPP-005-5PK,,0,,0,,0,,0,,0,"Recent demand is volatile, so the forecast is kept conservative."
12-Sep-2026,2026-09-12,RIM-SMPP-006,,0,,2,,0,,0,,2,"Recent demand is volatile, so the forecast is kept conservative."
12-Sep-2026,2026-09-12,RIM-SMPP-006-2PK,,0,,0,,0,,0,,0,"Demand is intermittent, so the forecast remains conservative."
12-Sep-2026,2026-09-12,RIM-SMPP-006-3PK,,0,,0,,0,,0,,0,"Recent demand is volatile, so the forecast is kept conservative."
12-Sep-2026,2026-09-12,RIM-SMPP-006-5PK,,0,,0,,0,,0,,0,"Recent demand is volatile, so the forecast is kept conservative."
12-Sep-2026,2026-09-12,RIM-SMPP-007,,0,,0,,0,,0,,0,Current stock availability is limiting observed demand.
12-Sep-2026,2026-09-12,RIM-SMPP-008,,0,,0,,0,,0,,0,"Recent demand is volatile, so the forecast is kept conservative."
12-Sep-2026,2026-09-12,RIM-SMPP-009,,0,,0,,0,,0,,0,"Recent demand is volatile, so the forecast is kept conservative."
12-Sep-2026,2026-09-12,RIM-SMPP-010,,0,,0,,0,,0,,0,Current stock availability is limiting observed demand.
12-Sep-2026,2026-09-12,RIM-STAY-MATTE-LIQLIP-COLOR-709,,0,,0,,0,,0,,0,Current stock availability is limiting observed demand.
12-Sep-2026,2026-09-12,RIM-STAY-SATIN-LIP-200,,0,,0,,0,,0,,0,Current stock availability is limiting observed demand.
12-Sep-2026,2026-09-12,RIM-STAY-SATIN-LIP-210,,0,,0,,0,,0,,0,"Recent demand is volatile, so the forecast is kept conservative."
12-Sep-2026,2026-09-12,RIM-STAY-SATIN-LIP-500,,0,,0,,0,,0,,0,"Recent demand is volatile, so the forecast is kept conservative."
12-Sep-2026,2026-09-12,RIM-SUPERGEL-GLITTER,,0,,0,,0,,0,,0,"Recent demand is volatile, so the forecast is kept conservative."
12-Sep-2026,2026-09-12,RIM-SUPERGEL-TOPCOAT,,2,,0,,0,,0,,2,"Recent demand is declining, so the forecast is lower."
12-Sep-2026,2026-09-12,RIM-SUPERGEL-TOPCOAT-2PK,,0,,0,,0,,0,,0,"Recent demand is volatile, so the forecast is kept conservative."
12-Sep-2026,2026-09-12,RIM-ULTIMATE-PRM-001,,0,,0,,0,,0,,0,Current stock availability is limiting observed demand.
12-Sep-2026,2026-09-12,RIM-ULTIMATE-PRM-001-2PK,,0,,0,,0,,0,,0,Current stock availability is limiting observed demand.
12-Sep-2026,2026-09-12,RIM-ULTIMATE-PRM-001-3PK,,0,,0,,0,,0,,0,"Demand is intermittent, so the forecast remains conservative."
12-Sep-2026,2026-09-12,RIM-ULTIMATE-PRM-001-5PK,,0,,0,,0,,0,,0,"Demand is intermittent, so the forecast remains conservative."
12-Sep-2026,2026-09-12,RIM-WNDCLOUD-LIQ-ES-001,,0,,0,,0,,0,,0,"Demand is intermittent, so the forecast remains conservative."
12-Sep-2026,2026-09-12,RIM-WNDCLOUD-LIQ-ES-002,,0,,0,,0,,0,,0,Current stock availability is limiting observed demand.
12-Sep-2026,2026-09-12,RIM-WNDCLOUD-LIQ-ES-004,,0,,0,,0,,0,,0,"Demand is intermittent, so the forecast remains conservative."
12-Sep-2026,2026-09-12,RIM-WNDCLOUD-LIQ-ES-005,,0,,0,,0,,0,,0,"Demand is intermittent, so the forecast remains conservative."
12-Sep-2026,2026-09-12,RIM-WNDCLOUD-LIQ-ES-006,,0,,0,,0,,0,,0,Current stock availability is limiting observed demand.
12-Sep-2026,2026-09-12,RIM-WNDCLOUD-LIQ-ES-007,,0,,0,,0,,0,,0,"Demand is intermittent, so the forecast remains conservative."
12-Sep-2026,2026-09-12,RIM-WONDER-SERUM,,0,,0,,0,,0,,0,"Recent demand is volatile, so the forecast is kept conservative."
12-Sep-2026,2026-09-12,RIM-WONDERF-BROW-001,,0,,0,,0,,0,,0,Current stock availability is limiting observed demand.
12-Sep-2026,2026-09-12,RIM-WONDERF-BROW-002,,1,,0,,0,,0,,1,"Recent demand is volatile, so the forecast is kept conservative."
12-Sep-2026,2026-09-12,RIM-WONDERF-BROW-003,,7,,0,,0,,0,,7,"Recent demand is volatile, so the forecast is kept conservative."
12-Sep-2026,2026-09-12,RIM-WONDERF-GEL-004,,0,,0,,0,,0,,0,Current stock availability is limiting observed demand.
12-Sep-2026,2026-09-12,RIM-WONDERINK-EL-001,,0,,0,,0,,0,,0,"Demand is intermittent, so the forecast remains conservative."
12-Sep-2026,2026-09-12,RIM-WONDERINK-LIQ-EL-002,,0,,0,,0,,0,,0,"Recent demand is volatile, so the forecast is kept conservative."
12-Sep-2026,2026-09-12,RIM-WONDERINK-LIQ-EL-003,,0,,0,,0,,0,,0,"Demand is intermittent, so the forecast remains conservative."
12-Sep-2026,2026-09-12,RIM-WONDERINK-LIQ-EL-005,,0,,0,,0,,0,,0,"Demand is intermittent, so the forecast remains conservative."
12-Sep-2026,2026-09-12,RIM-WONDERLAST-001,,0,,0,,0,,0,,0,"Demand is intermittent, so the forecast remains conservative."
12-Sep-2026,2026-09-12,RIM-WONDERLAST-002,,0,,0,,0,,0,,0,"Demand is intermittent, so the forecast remains conservative."
12-Sep-2026,2026-09-12,RIM-WONDERLAST-003,,0,,0,,0,,0,,0,"Demand is intermittent, so the forecast remains conservative."
12-Sep-2026,2026-09-12,RIM-WONDERLAST-004,,0,,0,,0,,0,,0,"Demand is intermittent, so the forecast remains conservative."
12-Sep-2026,2026-09-12,RIM-WONDERPROOF-EL-006,,0,,0,,0,,0,,0,"Demand is intermittent, so the forecast remains conservative."
12-Sep-2026,2026-09-12,RIM-WS2IN1-002,,0,,0,,0,,0,,0,"Demand is intermittent, so the forecast remains conservative."
12-Sep-2026,2026-09-12,RIM-WS2IN1-003,,0,,0,,0,,0,,0,"Demand is intermittent, so the forecast remains conservative."
13-Sep-2026,2026-09-13,RIM-100WP-BLK,,0,,3,,0,,0,,3,"Recent demand is volatile, so the forecast is kept conservative."
13-Sep-2026,2026-09-13,RIM-1KLL-071,,0,,0,,0,,0,,0,Current stock availability is limiting observed demand.
13-Sep-2026,2026-09-13,RIM-1KLL-080,,0,,0,,0,,0,,0,Current stock availability is limiting observed demand.
13-Sep-2026,2026-09-13,RIM-1KLL-081,,0,,0,,0,,0,,0,"Demand is intermittent, so the forecast remains conservative."
13-Sep-2026,2026-09-13,RIM-BBCREAM-LIGHT,,0,,1,,0,,0,,1,"Recent demand is volatile, so the forecast is kept conservative."
13-Sep-2026,2026-09-13,RIM-BBCREAM-MEDIUM,,0,,0,,0,,0,,0,Current stock availability is limiting observed demand.
13-Sep-2026,2026-09-13,RIM-BBCREAM-VERYLIGHT,,0,,0,,0,,0,,0,Current stock availability is limiting observed demand.
13-Sep-2026,2026-09-13,RIM-BTW-BSK-DRKBRW,,2,,1,,0,,0,,3,"Recent demand is volatile, so the forecast is kept conservative."
13-Sep-2026,2026-09-13,RIM-BTW-BSK-DRKBRW-2PK,,0,,0,,0,,0,,0,"Recent demand is volatile, so the forecast is kept conservative."
13-Sep-2026,2026-09-13,RIM-BTW-BSK-DRKBRW-3PK,,0,,0,,0,,0,,0,"Demand is intermittent, so the forecast remains conservative."
13-Sep-2026,2026-09-13,RIM-BTW-BSK-MEDBRW,,0,,2,,0,,0,,2,"Demand is intermittent, so the forecast remains conservative."
13-Sep-2026,2026-09-13,RIM-BTW-BSK-MEDBRW-2PK,,0,,0,,0,,0,,0,"Demand is intermittent, so the forecast remains conservative."
13-Sep-2026,2026-09-13,RIM-BTW-BSK-MEDBRW-3PK,,0,,0,,0,,0,,0,"Recent demand is volatile, so the forecast is kept conservative."
13-Sep-2026,2026-09-13,RIM-BTW-F&S-001,,0,,0,,0,,0,,0,"Recent demand is volatile, so the forecast is kept conservative."
13-Sep-2026,2026-09-13,RIM-BTW-F&S-002,,0,,0,,0,,0,,0,"Recent demand is volatile, so the forecast is kept conservative."
13-Sep-2026,2026-09-13,RIM-BTW-F&S-003,,5,,0,,0,,0,,5,"Recent demand is volatile, so the forecast is kept conservative."
13-Sep-2026,2026-09-13,RIM-BTW-F&S-004,,0,,0,,0,,0,,0,"Demand is intermittent, so the forecast remains conservative."
13-Sep-2026,2026-09-13,RIM-BTWEYEBROW-003,,0,,0,,0,,0,,0,Current stock availability is limiting observed demand.
13-Sep-2026,2026-09-13,RIM-BTWEYEBROW-005,,0,,0,,0,,0,,0,"Demand is intermittent, so the forecast remains conservative."
13-Sep-2026,2026-09-13,RIM-BTWEYEBROW-005-2PK,,0,,0,,0,,0,,0,"Demand is intermittent, so the forecast remains conservative."
13-Sep-2026,2026-09-13,RIM-BTWEYEBROW-005-3PK,,0,,0,,0,,0,,0,"Demand is intermittent, so the forecast remains conservative."
13-Sep-2026,2026-09-13,RIM-BTWEYEBROW-005-5PK,,0,,0,,0,,0,,0,"Demand is intermittent, so the forecast remains conservative."
13-Sep-2026,2026-09-13,RIM-BTWEYEBROW-006,,0,,0,,0,,0,,0,Current stock availability is limiting observed demand.
13-Sep-2026,2026-09-13,RIM-BTWEYEBROW-006-2PK,,0,,0,,0,,0,,0,"Demand is intermittent, so the forecast remains conservative."
13-Sep-2026,2026-09-13,RIM-BTWEYEBROW-006-5PK,,0,,0,,0,,0,,0,"Demand is intermittent, so the forecast remains conservative."
13-Sep-2026,2026-09-13,RIM-BTWFIBRE-001,,0,,0,,0,,0,,0,Current stock availability is limiting observed demand.
13-Sep-2026,2026-09-13,RIM-BTWFIBRE-003,,0,,0,,0,,0,,0,Current stock availability is limiting observed demand.
13-Sep-2026,2026-09-13,RIM-BUNDLE-LIP-SET-PINK-NUDES,,0,,0,,0,,0,,0,"Demand is intermittent, so the forecast remains conservative."
13-Sep-2026,2026-09-13,RIM-BUNDLE-MSC-BLK-WP-TRIO,,0,,0,,0,,0,,0,Current stock availability is limiting observed demand.
13-Sep-2026,2026-09-13,RIM-EBP-BLKBRW,,0,,0,,0,,0,,0,Current stock availability is limiting observed demand.
13-Sep-2026,2026-09-13,RIM-EBP-BLKBRW-2PK,,0,,0,,0,,0,,0,"Demand is intermittent, so the forecast remains conservative."
13-Sep-2026,2026-09-13,RIM-EBP-BLKBRW-5PK,,0,,0,,0,,0,,0,"Recent demand is volatile, so the forecast is kept conservative."
13-Sep-2026,2026-09-13,RIM-EBP-DRKBRW,,11,,2,,0,,0,,13,Stable historical demand with consistent recent sales.
13-Sep-2026,2026-09-13,RIM-EBP-DRKBRW-5PK,,0,,0,,0,,0,,0,"Demand is intermittent, so the forecast remains conservative."
13-Sep-2026,2026-09-13,RIM-EBP-HAZEL,,0,,0,,0,,0,,0,Current stock availability is limiting observed demand.
13-Sep-2026,2026-09-13,RIM-EBP-HAZEL-5PK,,0,,0,,0,,0,,0,"Demand is intermittent, so the forecast remains conservative."
13-Sep-2026,2026-09-13,RIM-ELP-021,,0,,0,,0,,0,,0,"Recent demand is volatile, so the forecast is kept conservative."
13-Sep-2026,2026-09-13,RIM-ELP-061,,0,,1,,0,,0,,1,"Recent demand is volatile, so the forecast is kept conservative."
13-Sep-2026,2026-09-13,RIM-ELP-061-2PK,,0,,0,,0,,0,,0,"Demand is intermittent, so the forecast remains conservative."
13-Sep-2026,2026-09-13,RIM-ELP-061-6PK,,0,,0,,0,,0,,0,"Recent demand is volatile, so the forecast is kept conservative."
13-Sep-2026,2026-09-13,RIM-ELP-064,,1,,0,,0,,0,,1,"Recent demand is volatile, so the forecast is kept conservative."
13-Sep-2026,2026-09-13,RIM-ELP-064-2PK,,0,,0,,0,,0,,0,"Recent demand is volatile, so the forecast is kept conservative."
13-Sep-2026,2026-09-13,RIM-ELP-064-3PK,,0,,0,,0,,0,,0,"Demand is intermittent, so the forecast remains conservative."
13-Sep-2026,2026-09-13,RIM-ELP-064-5PK,,0,,0,,0,,0,,0,"Demand is intermittent, so the forecast remains conservative."
13-Sep-2026,2026-09-13,RIM-ELP-071,,0,,0,,0,,0,,0,"Recent demand is volatile, so the forecast is kept conservative."
13-Sep-2026,2026-09-13,RIM-ELP-071-2PK,,0,,0,,0,,0,,0,"Demand is intermittent, so the forecast remains conservative."
13-Sep-2026,2026-09-13,RIM-ELP-071-3PK,,0,,0,,0,,0,,0,"Demand is intermittent, so the forecast remains conservative."
13-Sep-2026,2026-09-13,RIM-ELP-071-5PK,,0,,0,,0,,0,,0,"Demand is intermittent, so the forecast remains conservative."
13-Sep-2026,2026-09-13,RIM-EXAG-EYEL-001,,0,,1,,0,,0,,1,"Recent demand is volatile, so the forecast is kept conservative."
13-Sep-2026,2026-09-13,RIM-EXAG-EYEL-001-2PK,,0,,0,,0,,0,,0,"Recent demand is volatile, so the forecast is kept conservative."
13-Sep-2026,2026-09-13,RIM-EXAG-EYEL-001-3PK,,0,,0,,0,,0,,0,"Recent demand is volatile, so the forecast is kept conservative."
13-Sep-2026,2026-09-13,RIM-EXAG-EYEL-001-5PK,,0,,0,,0,,0,,0,"Demand is intermittent, so the forecast remains conservative."
13-Sep-2026,2026-09-13,RIM-EXAG-EYEL-003-WP,,0,,0,,0,,0,,0,"Demand is intermittent, so the forecast remains conservative."
13-Sep-2026,2026-09-13,RIM-EXGEL-230,,0,,0,,0,,0,,0,"Demand is intermittent, so the forecast remains conservative."
13-Sep-2026,2026-09-13,RIM-EXGEL-240,,0,,0,,0,,0,,0,Current stock availability is limiting observed demand.
13-Sep-2026,2026-09-13,RIM-FDT-MATCH-101,,0,,0,,0,,0,,0,Current stock availability is limiting observed demand.
13-Sep-2026,2026-09-13,RIM-FDT-MATCH-103,,0,,0,,0,,0,,0,Current stock availability is limiting observed demand.
13-Sep-2026,2026-09-13,RIM-FDT-MATCH-200,,0,,0,,0,,0,,0,"Recent demand is volatile, so the forecast is kept conservative."
13-Sep-2026,2026-09-13,RIM-FDT-MATCH-203,,0,,0,,0,,0,,0,"Recent demand is volatile, so the forecast is kept conservative."
13-Sep-2026,2026-09-13,RIM-FDT-MATCH-300,,0,,0,,0,,0,,0,Current stock availability is limiting observed demand.
13-Sep-2026,2026-09-13,RIM-FDT-MATCH-400,,0,,0,,0,,0,,0,Current stock availability is limiting observed demand.
13-Sep-2026,2026-09-13,RIM-FDT-MATCH-501,,0,,0,,0,,0,,0,"Demand is intermittent, so the forecast remains conservative."
13-Sep-2026,2026-09-13,RIM-FIX&PROT-PRIMER,,0,,0,,0,,0,,0,Current stock availability is limiting observed demand.
13-Sep-2026,2026-09-13,RIM-GENTLE-EYE-MAKEUP-RMVR-125ML,,0,,0,,0,,0,,0,Current stock availability is limiting observed demand.
13-Sep-2026,2026-09-13,RIM-GLAMEYES-LL-001,,0,,0,,0,,0,,0,"Recent demand is volatile, so the forecast is kept conservative."
13-Sep-2026,2026-09-13,RIM-GLAMEYES-LL-001-2PK,,0,,0,,0,,0,,0,"Recent demand is volatile, so the forecast is kept conservative."
13-Sep-2026,2026-09-13,RIM-GLAMEYES-LL-002,,0,,0,,0,,0,,0,Current stock availability is limiting observed demand.
13-Sep-2026,2026-09-13,RIM-HIGHLIGHT-001,,0,,0,,0,,0,,0,"Recent demand is volatile, so the forecast is kept conservative."
13-Sep-2026,2026-09-13,RIM-HIGHLIGHT-002,,0,,0,,0,,0,,0,"Recent demand is volatile, so the forecast is kept conservative."
13-Sep-2026,2026-09-13,RIM-HTB-001,,0,,0,,0,,0,,0,Current stock availability is limiting observed demand.
13-Sep-2026,2026-09-13,RIM-HTB-001-2PK,,0,,0,,0,,0,,0,"Demand is intermittent, so the forecast remains conservative."
13-Sep-2026,2026-09-13,RIM-HTB-001-3PK,,0,,0,,0,,0,,0,"Demand is intermittent, so the forecast remains conservative."
13-Sep-2026,2026-09-13,RIM-HTB-001-5PK,,0,,0,,0,,0,,0,"Demand is intermittent, so the forecast remains conservative."
13-Sep-2026,2026-09-13,RIM-HTB-002,,0,,0,,0,,0,,0,Current stock availability is limiting observed demand.
13-Sep-2026,2026-09-13,RIM-HTB-004,,0,,3,,0,,0,,3,"Recent demand is volatile, so the forecast is kept conservative."
13-Sep-2026,2026-09-13,RIM-HTB-004-2PK,,0,,0,,0,,0,,0,"Recent demand is volatile, so the forecast is kept conservative."
13-Sep-2026,2026-09-13,RIM-HTB-004-3PK,,0,,0,,0,,0,,0,"Recent demand is volatile, so the forecast is kept conservative."
13-Sep-2026,2026-09-13,RIM-HTB-004-5PK,,0,,0,,0,,0,,0,"Recent demand is volatile, so the forecast is kept conservative."
13-Sep-2026,2026-09-13,RIM-HTB-103,,0,,0,,0,,0,,0,Current stock availability is limiting observed demand.
13-Sep-2026,2026-09-13,RIM-HTB-103-2PK,,0,,0,,0,,0,,0,Current stock availability is limiting observed demand.
13-Sep-2026,2026-09-13,RIM-HTB-103-3PK,,0,,0,,0,,0,,0,"Demand is intermittent, so the forecast remains conservative."
13-Sep-2026,2026-09-13,RIM-HTB-103-5PK,,0,,0,,0,,0,,0,"Demand is intermittent, so the forecast remains conservative."
13-Sep-2026,2026-09-13,RIM-HTB-105,,0,,1,,0,,0,,1,"Recent demand is volatile, so the forecast is kept conservative."
13-Sep-2026,2026-09-13,RIM-INSTACC-GREEN,,0,,0,,0,,0,,0,Current stock availability is limiting observed demand.
13-Sep-2026,2026-09-13,RIM-INSTACC-LAVENDER,,0,,0,,0,,0,,0,Current stock availability is limiting observed demand.
13-Sep-2026,2026-09-13,RIM-INSTAFIX-SPRAY,,0,,0,,0,,0,,0,Current stock availability is limiting observed demand.
13-Sep-2026,2026-09-13,RIM-JELLY-010,,0,,0,,0,,0,,0,"Demand is intermittent, so the forecast remains conservative."
13-Sep-2026,2026-09-13,RIM-JELLY-020,,0,,0,,0,,0,,0,"Demand is intermittent, so the forecast remains conservative."
13-Sep-2026,2026-09-13,RIM-JELLY-040,,0,,0,,0,,0,,0,"Demand is intermittent, so the forecast remains conservative."
13-Sep-2026,2026-09-13,RIM-KATE-NUDE-LS-040,,0,,0,,0,,0,,0,Current stock availability is limiting observed demand.
13-Sep-2026,2026-09-13,RIM-KATE-NUDE-LS-042,,0,,0,,0,,0,,0,Current stock availability is limiting observed demand.
13-Sep-2026,2026-09-13,RIM-KATE-NUDE-LS-045,,0,,0,,0,,0,,0,Current stock availability is limiting observed demand.
13-Sep-2026,2026-09-13,RIM-KATE-NUDE-LS-045-5PK,,0,,0,,0,,0,,0,Current stock availability is limiting observed demand.
13-Sep-2026,2026-09-13,RIM-KATE-NUDE-LS-048,,0,,0,,0,,0,,0,Current stock availability is limiting observed demand.
13-Sep-2026,2026-09-13,RIM-KATE-SCULPTPAL-002,,0,,0,,0,,0,,0,Current stock availability is limiting observed demand.
13-Sep-2026,2026-09-13,RIM-KATE-SCULPTPAL-002-2PK,,0,,0,,0,,0,,0,"Demand is intermittent, so the forecast remains conservative."
13-Sep-2026,2026-09-13,RIM-KATE-SCULPTPAL-002-3PK,,0,,0,,0,,0,,0,"Demand is intermittent, so the forecast remains conservative."
13-Sep-2026,2026-09-13,RIM-KATE-SCULPTPAL-002-5PK,,0,,0,,0,,0,,0,"Demand is intermittent, so the forecast remains conservative."
13-Sep-2026,2026-09-13,RIM-KF-BROW-DEFINER-001,,0,,0,,0,,0,,0,"Demand is intermittent, so the forecast remains conservative."
13-Sep-2026,2026-09-13,RIM-KF-BROW-DEFINER-002,,0,,0,,0,,0,,0,"Demand is intermittent, so the forecast remains conservative."
13-Sep-2026,2026-09-13,RIM-KF-BROW-DEFINER-004,,0,,0,,0,,0,,0,"Demand is intermittent, so the forecast remains conservative."
13-Sep-2026,2026-09-13,RIM-KF-BROW-DEFINER-005,,0,,0,,0,,0,,0,"Demand is intermittent, so the forecast remains conservative."
13-Sep-2026,2026-09-13,RIM-KF-BROW-DEFINER-006,,0,,0,,0,,0,,0,"Recent demand is volatile, so the forecast is kept conservative."
13-Sep-2026,2026-09-13,RIM-KF-CCLR-010,,0,,0,,0,,0,,0,Current stock availability is limiting observed demand.
13-Sep-2026,2026-09-13,RIM-KF-CCLR-020,,0,,0,,0,,0,,0,Current stock availability is limiting observed demand.
13-Sep-2026,2026-09-13,RIM-KF-CCLR-030,,0,,0,,0,,0,,0,"Demand is intermittent, so the forecast remains conservative."
13-Sep-2026,2026-09-13,RIM-KF-CCLR-040,,0,,0,,0,,0,,0,"Demand is intermittent, so the forecast remains conservative."
13-Sep-2026,2026-09-13,RIM-KF-EYE-DEFINER-02,,0,,0,,0,,0,,0,"Demand is intermittent, so the forecast remains conservative."
13-Sep-2026,2026-09-13,RIM-KF-EYE-DEFINER-03,,0,,0,,0,,0,,0,"Demand is intermittent, so the forecast remains conservative."
13-Sep-2026,2026-09-13,RIM-KF-EYE-DEFINER-04,,0,,0,,0,,0,,0,"Demand is intermittent, so the forecast remains conservative."
13-Sep-2026,2026-09-13,RIM-KF-EYE-DEFINER-05,,0,,0,,0,,0,,0,"Demand is intermittent, so the forecast remains conservative."
13-Sep-2026,2026-09-13,RIM-KF-EYE-DEFINER-06,,0,,0,,0,,0,,0,"Demand is intermittent, so the forecast remains conservative."
13-Sep-2026,2026-09-13,RIM-KF-FDT-001,,0,,0,,0,,0,,0,Current stock availability is limiting observed demand.
13-Sep-2026,2026-09-13,RIM-KF-FDT-103,,0,,0,,0,,0,,0,"Demand is intermittent, so the forecast remains conservative."
13-Sep-2026,2026-09-13,RIM-KF-FDT-150,,0,,0,,0,,0,,0,"Demand is intermittent, so the forecast remains conservative."
13-Sep-2026,2026-09-13,RIM-KF-FDT-210,,0,,0,,0,,0,,0,"Demand is intermittent, so the forecast remains conservative."
13-Sep-2026,2026-09-13,RIM-KF-FDT-410,,0,,0,,0,,0,,0,"Demand is intermittent, so the forecast remains conservative."
13-Sep-2026,2026-09-13,RIM-KF-MSC-BLACK,,0,,0,,0,,0,,0,"Demand is intermittent, so the forecast remains conservative."
13-Sep-2026,2026-09-13,RIM-KF-MSC-BROWN,,0,,0,,0,,0,,0,Current stock availability is limiting observed demand.
13-Sep-2026,2026-09-13,RIM-KF-MULTISTICK-002,,0,,0,,0,,0,,0,"Demand is intermittent, so the forecast remains conservative."
13-Sep-2026,2026-09-13,RIM-KF-MULTISTICK-003,,0,,0,,0,,0,,0,"Demand is intermittent, so the forecast remains conservative."
13-Sep-2026,2026-09-13,RIM-KF-MULTISTICK-004,,0,,0,,0,,0,,0,Current stock availability is limiting observed demand.
13-Sep-2026,2026-09-13,RIM-KF-MULTISTICK-005,,0,,0,,0,,0,,0,"Demand is intermittent, so the forecast remains conservative."
13-Sep-2026,2026-09-13,RIM-KF-NAIL-150,,0,,0,,0,,0,,0,"Demand is intermittent, so the forecast remains conservative."
13-Sep-2026,2026-09-13,RIM-KF-NAIL-151,,0,,0,,0,,0,,0,"Demand is intermittent, so the forecast remains conservative."
13-Sep-2026,2026-09-13,RIM-KF-NAIL-152,,0,,0,,0,,0,,0,"Demand is intermittent, so the forecast remains conservative."
13-Sep-2026,2026-09-13,RIM-KF-NAIL-153,,0,,0,,0,,0,,0,"Demand is intermittent, so the forecast remains conservative."
13-Sep-2026,2026-09-13,RIM-KF-NAIL-154,,0,,0,,0,,0,,0,"Demand is intermittent, so the forecast remains conservative."
13-Sep-2026,2026-09-13,RIM-KF-NAIL-155,,0,,0,,0,,0,,0,"Demand is intermittent, so the forecast remains conservative."
13-Sep-2026,2026-09-13,RIM-KF-NAIL-156,,0,,0,,0,,0,,0,Current stock availability is limiting observed demand.
13-Sep-2026,2026-09-13,RIM-KF-NAIL-157,,0,,0,,0,,0,,0,"Demand is intermittent, so the forecast remains conservative."
13-Sep-2026,2026-09-13,RIM-KF-NAIL-158,,0,,0,,0,,0,,0,"Demand is intermittent, so the forecast remains conservative."
13-Sep-2026,2026-09-13,RIM-KF-NAIL-160,,0,,0,,0,,0,,0,Current stock availability is limiting observed demand.
13-Sep-2026,2026-09-13,RIM-KF-NAIL-162,,0,,0,,0,,0,,0,"Demand is intermittent, so the forecast remains conservative."
13-Sep-2026,2026-09-13,RIM-KF-NAIL-163,,0,,0,,0,,0,,0,"Demand is intermittent, so the forecast remains conservative."
13-Sep-2026,2026-09-13,RIM-KF-NAIL-164,,0,,0,,0,,0,,0,"Demand is intermittent, so the forecast remains conservative."
13-Sep-2026,2026-09-13,RIM-KF-NAIL-167,,0,,0,,0,,0,,0,Current stock availability is limiting observed demand.
13-Sep-2026,2026-09-13,RIM-KF-NAIL-168,,0,,0,,0,,0,,0,Current stock availability is limiting observed demand.
13-Sep-2026,2026-09-13,RIM-KF-NAIL-169,,0,,0,,0,,0,,0,"Demand is intermittent, so the forecast remains conservative."
13-Sep-2026,2026-09-13,RIM-KF-NAIL-170,,0,,0,,0,,0,,0,Current stock availability is limiting observed demand.
13-Sep-2026,2026-09-13,RIM-KF-PWDR-001,,0,,0,,0,,0,,0,"Recent demand is volatile, so the forecast is kept conservative."
13-Sep-2026,2026-09-13,RIM-KF-PWDR-001-2PK,,0,,0,,0,,0,,0,"Demand is intermittent, so the forecast remains conservative."
13-Sep-2026,2026-09-13,RIM-KF-PWDR-001-5PK,,0,,0,,0,,0,,0,"Demand is intermittent, so the forecast remains conservative."
13-Sep-2026,2026-09-13,RIM-KF-PWDR-010,,0,,0,,0,,0,,0,"Recent demand is volatile, so the forecast is kept conservative."
13-Sep-2026,2026-09-13,RIM-KF-PWDR-020,,0,,0,,0,,0,,0,"Recent demand is volatile, so the forecast is kept conservative."
13-Sep-2026,2026-09-13,RIM-KF-PWDR-030,,0,,0,,0,,0,,0,"Recent demand is volatile, so the forecast is kept conservative."
13-Sep-2026,2026-09-13,RIM-KF-PWDR-030-2PK,,0,,0,,0,,0,,0,"Recent demand is volatile, so the forecast is kept conservative."
13-Sep-2026,2026-09-13,RIM-KF-PWDR-030-5PK,,0,,0,,0,,0,,0,"Recent demand is volatile, so the forecast is kept conservative."
13-Sep-2026,2026-09-13,RIM-KF-PWDR-040,,0,,0,,0,,0,,0,Current stock availability is limiting observed demand.
13-Sep-2026,2026-09-13,RIM-KF-PWDR-050,,0,,0,,0,,0,,0,"Recent demand is volatile, so the forecast is kept conservative."
13-Sep-2026,2026-09-13,RIM-KOHL-KJEL-001,,0,,0,,0,,0,,0,Current stock availability is limiting observed demand.
13-Sep-2026,2026-09-13,RIM-KOHL-KJEL-002,,0,,0,,0,,0,,0,Current stock availability is limiting observed demand.
13-Sep-2026,2026-09-13,RIM-KOHL-KJEL-004,,0,,0,,0,,0,,0,"Demand is intermittent, so the forecast remains conservative."
13-Sep-2026,2026-09-13,RIM-LAST-AUTOLIP-018,,0,,0,,0,,0,,0,Current stock availability is limiting observed demand.
13-Sep-2026,2026-09-13,RIM-LAST-AUTOLIP-018-2PK,,0,,0,,0,,0,,0,"Demand is intermittent, so the forecast remains conservative."
13-Sep-2026,2026-09-13,RIM-LAST-AUTOLIP-018-3PK,,0,,0,,0,,0,,0,"Demand is intermittent, so the forecast remains conservative."
13-Sep-2026,2026-09-13,RIM-LAST-AUTOLIP-018-5PK,,0,,0,,0,,0,,0,"Demand is intermittent, so the forecast remains conservative."
13-Sep-2026,2026-09-13,RIM-LAST-AUTOLIP-024,,0,,0,,0,,0,,0,"Demand is intermittent, so the forecast remains conservative."
13-Sep-2026,2026-09-13,RIM-LAST-AUTOLIP-045,,0,,0,,0,,0,,0,Current stock availability is limiting observed demand.
13-Sep-2026,2026-09-13,RIM-LAST-AUTOLIP-063,,0,,0,,0,,0,,0,Current stock availability is limiting observed demand.
13-Sep-2026,2026-09-13,RIM-LAST-AUTOLIP-063-3PK,,0,,0,,0,,0,,0,"Demand is intermittent, so the forecast remains conservative."
13-Sep-2026,2026-09-13,RIM-LAST-AUTOLIP-070,,0,,0,,0,,0,,0,"Demand is intermittent, so the forecast remains conservative."
13-Sep-2026,2026-09-13,RIM-LAST-AUTOLIP-105,,0,,0,,0,,0,,0,"Demand is intermittent, so the forecast remains conservative."
13-Sep-2026,2026-09-13,RIM-LAST-MEGA-MATTE-LIQ-LPK-110,,0,,0,,0,,0,,0,"Demand is intermittent, so the forecast remains conservative."
13-Sep-2026,2026-09-13,RIM-LAST-MEGA-MATTE-LIQ-LPK-210,,0,,0,,0,,0,,0,"Demand is intermittent, so the forecast remains conservative."
13-Sep-2026,2026-09-13,RIM-LAST-MEGA-MATTE-LIQ-LPK-600,,0,,0,,0,,0,,0,Current stock availability is limiting observed demand.
13-Sep-2026,2026-09-13,RIM-LAST-MEGA-MATTE-LIQ-LPK-700,,0,,0,,0,,0,,0,"Recent demand is volatile, so the forecast is kept conservative."
13-Sep-2026,2026-09-13,RIM-LAST-MEGA-MATTE-LIQ-LPK-709,,0,,0,,0,,0,,0,"Demand is intermittent, so the forecast remains conservative."
13-Sep-2026,2026-09-13,RIM-LAST-MEGA-MATTE-LIQ-LPK-910,,0,,0,,0,,0,,0,"Demand is intermittent, so the forecast remains conservative."
13-Sep-2026,2026-09-13,RIM-LAST-MEGA-MATTE-LIQ-LPK-930,,0,,0,,0,,0,,0,"Demand is intermittent, so the forecast remains conservative."
13-Sep-2026,2026-09-13,RIM-LASTCCLR-001,,0,,0,,0,,0,,0,Current stock availability is limiting observed demand.
13-Sep-2026,2026-09-13,RIM-LASTCCLR-010,,0,,0,,0,,0,,0,Current stock availability is limiting observed demand.
13-Sep-2026,2026-09-13,RIM-LASTCCLR-020,,0,,0,,0,,0,,0,Current stock availability is limiting observed demand.
13-Sep-2026,2026-09-13,RIM-LASTCOMPACT-004,,0,,0,,0,,0,,0,Current stock availability is limiting observed demand.
13-Sep-2026,2026-09-13,RIM-LASTCOMPACT-005,,0,,0,,0,,0,,0,Current stock availability is limiting observed demand.
13-Sep-2026,2026-09-13,RIM-LASTCOMPACT-007,,0,,0,,0,,0,,0,Current stock availability is limiting observed demand.
13-Sep-2026,2026-09-13,RIM-LASTCOMPACT-008,,0,,0,,0,,0,,0,Current stock availability is limiting observed demand.
13-Sep-2026,2026-09-13,RIM-LASTCOMPACT-009,,0,,0,,0,,0,,0,"Demand is intermittent, so the forecast remains conservative."
13-Sep-2026,2026-09-13,RIM-LASTCOMPACT-011,,0,,0,,0,,0,,0,"Demand is intermittent, so the forecast remains conservative."
13-Sep-2026,2026-09-13,RIM-LASTCOMPACT-012,,0,,0,,0,,0,,0,Current stock availability is limiting observed demand.
13-Sep-2026,2026-09-13,RIM-LASTFIN-EXTMATT-LPK-160,,0,,0,,0,,0,,0,Current stock availability is limiting observed demand.
13-Sep-2026,2026-09-13,RIM-LASTFIN-EXTMATT-LPK-600,,0,,0,,0,,0,,0,Current stock availability is limiting observed demand.
13-Sep-2026,2026-09-13,RIM-LASTFIN-EXTMATT-LPK-710,,0,,0,,0,,0,,0,Current stock availability is limiting observed demand.
13-Sep-2026,2026-09-13,RIM-LASTFIN-EXTMATT-LPK-840,,0,,0,,0,,0,,0,Current stock availability is limiting observed demand.
13-Sep-2026,2026-09-13,RIM-LASTFIN-PRIMER,,0,,0,,0,,0,,0,Current stock availability is limiting observed demand.
13-Sep-2026,2026-09-13,RIM-LASTING-PROV-115,,0,,0,,0,,0,,0,"Demand is intermittent, so the forecast remains conservative."
13-Sep-2026,2026-09-13,RIM-LASTING-PROV-210,,0,,0,,0,,0,,0,"Recent demand is volatile, so the forecast is kept conservative."
13-Sep-2026,2026-09-13,RIM-LASTING-PROV-220,,0,,0,,0,,0,,0,"Demand is intermittent, so the forecast remains conservative."
13-Sep-2026,2026-09-13,RIM-LASTING-PROV-310,,0,,0,,0,,0,,0,"Demand is intermittent, so the forecast remains conservative."
13-Sep-2026,2026-09-13,RIM-LASTING-PROV-400,,0,,0,,0,,0,,0,"Demand is intermittent, so the forecast remains conservative."
13-Sep-2026,2026-09-13,RIM-LASTING-PROV-410,,0,,0,,0,,0,,0,"Demand is intermittent, so the forecast remains conservative."
13-Sep-2026,2026-09-13,RIM-LASTING-PROV-440,,0,,0,,0,,0,,0,"Demand is intermittent, so the forecast remains conservative."
13-Sep-2026,2026-09-13,RIM-LASTING-PROV-500,,0,,0,,0,,0,,0,"Recent demand is volatile, so the forecast is kept conservative."
13-Sep-2026,2026-09-13,RIM-LASTING-PROV-570,,0,,0,,0,,0,,0,"Demand is intermittent, so the forecast remains conservative."
13-Sep-2026,2026-09-13,RIM-LASTING-PROV-600,,0,,0,,0,,0,,0,Current stock availability is limiting observed demand.
13-Sep-2026,2026-09-13,RIM-LASTING-PROV-730,,0,,0,,0,,0,,0,"Demand is intermittent, so the forecast remains conservative."
13-Sep-2026,2026-09-13,RIM-LASTING-PROV-740,,0,,0,,0,,0,,0,"Demand is intermittent, so the forecast remains conservative."
13-Sep-2026,2026-09-13,RIM-LASTLIP-110,,0,,0,,0,,0,,0,"Recent demand is volatile, so the forecast is kept conservative."
13-Sep-2026,2026-09-13,RIM-LASTLIP-120,,0,,0,,0,,0,,0,"Recent demand is volatile, so the forecast is kept conservative."
13-Sep-2026,2026-09-13,RIM-LASTLIP-120-2PK,,0,,0,,0,,0,,0,"Demand is intermittent, so the forecast remains conservative."
13-Sep-2026,2026-09-13,RIM-LASTLIP-120-3PK,,0,,0,,0,,0,,0,"Demand is intermittent, so the forecast remains conservative."
13-Sep-2026,2026-09-13,RIM-LASTLIP-120-5PK,,0,,0,,0,,0,,0,"Recent demand is volatile, so the forecast is kept conservative."
13-Sep-2026,2026-09-13,RIM-LASTLIP-125,,0,,0,,0,,0,,0,"Recent demand is volatile, so the forecast is kept conservative."
13-Sep-2026,2026-09-13,RIM-LASTLIP-195,,0,,0,,0,,0,,0,"Recent demand is volatile, so the forecast is kept conservative."
13-Sep-2026,2026-09-13,RIM-LASTLIP-215,,0,,0,,0,,0,,0,"Recent demand is volatile, so the forecast is kept conservative."
13-Sep-2026,2026-09-13,RIM-LASTLIP-505,,0,,0,,0,,0,,0,"Recent demand is volatile, so the forecast is kept conservative."
13-Sep-2026,2026-09-13,RIM-LASTLIP-580,,0,,0,,0,,0,,0,"Recent demand is volatile, so the forecast is kept conservative."
13-Sep-2026,2026-09-13,RIM-LASTLIP-620,,2,,0,,0,,0,,2,"Recent demand is volatile, so the forecast is kept conservative."
13-Sep-2026,2026-09-13,RIM-LASTLIP-705,,0,,0,,0,,0,,0,"Recent demand is volatile, so the forecast is kept conservative."
13-Sep-2026,2026-09-13,RIM-LASTLIP-705-2PK,,0,,0,,0,,0,,0,"Demand is intermittent, so the forecast remains conservative."
13-Sep-2026,2026-09-13,RIM-LASTLIP-705-3PK,,0,,0,,0,,0,,0,"Recent demand is volatile, so the forecast is kept conservative."
13-Sep-2026,2026-09-13,RIM-LASTLIP-705-5PK,,0,,0,,0,,0,,0,"Demand is intermittent, so the forecast remains conservative."
13-Sep-2026,2026-09-13,RIM-LASTLIP-725,,0,,1,,0,,0,,1,"Recent demand is volatile, so the forecast is kept conservative."
13-Sep-2026,2026-09-13,RIM-LASTLIP-760,,0,,0,,0,,0,,0,"Recent demand is volatile, so the forecast is kept conservative."
13-Sep-2026,2026-09-13,RIM-LASTLIP-790,,0,,0,,0,,0,,0,"Demand is intermittent, so the forecast remains conservative."
13-Sep-2026,2026-09-13,RIM-LASTLIP-850,,0,,0,,0,,0,,0,"Recent demand is volatile, so the forecast is kept conservative."
13-Sep-2026,2026-09-13,RIM-LASTLIP-880,,0,,0,,0,,0,,0,"Recent demand is volatile, so the forecast is kept conservative."
13-Sep-2026,2026-09-13,RIM-LASTMAT-FDT-001,,0,,0,,0,,0,,0,Current stock availability is limiting observed demand.
13-Sep-2026,2026-09-13,RIM-LASTMAT-FDT-010,,0,,0,,0,,0,,0,Current stock availability is limiting observed demand.
13-Sep-2026,2026-09-13,RIM-LASTMAT-FDT-085,,0,,0,,0,,0,,0,Current stock availability is limiting observed demand.
13-Sep-2026,2026-09-13,RIM-LASTMAT-FDT-100,,0,,0,,0,,0,,0,Current stock availability is limiting observed demand.
13-Sep-2026,2026-09-13,RIM-LASTMAT-FDT-103,,0,,0,,0,,0,,0,Current stock availability is limiting observed demand.
13-Sep-2026,2026-09-13,RIM-LASTMAT-FDT-201,,0,,0,,0,,0,,0,Current stock availability is limiting observed demand.
13-Sep-2026,2026-09-13,RIM-LASTMAT-FDT-203,,0,,0,,0,,0,,0,Current stock availability is limiting observed demand.
13-Sep-2026,2026-09-13,RIM-LASTMAT-FDT-300,,0,,0,,0,,0,,0,Current stock availability is limiting observed demand.
13-Sep-2026,2026-09-13,RIM-LASTMAT-FDT-304,,0,,0,,0,,0,,0,Current stock availability is limiting observed demand.
13-Sep-2026,2026-09-13,RIM-LASTMAT-FDT-400,,0,,0,,0,,0,,0,Current stock availability is limiting observed demand.
13-Sep-2026,2026-09-13,RIM-LASTMAT-PRIMER,,0,,0,,0,,0,,0,Current stock availability is limiting observed demand.
13-Sep-2026,2026-09-13,RIM-LF-FDT-RG-001,,0,,0,,0,,0,,0,"Demand is intermittent, so the forecast remains conservative."
13-Sep-2026,2026-09-13,RIM-LF-FDT-RG-070,,0,,0,,0,,0,,0,"Demand is intermittent, so the forecast remains conservative."
13-Sep-2026,2026-09-13,RIM-LF-FDT-RG-103,,0,,0,,0,,0,,0,Current stock availability is limiting observed demand.
13-Sep-2026,2026-09-13,RIM-LF-FDT-RG-160,,0,,0,,0,,0,,0,"Demand is intermittent, so the forecast remains conservative."
13-Sep-2026,2026-09-13,RIM-LF-FDT-RG-170,,0,,0,,0,,0,,0,"Demand is intermittent, so the forecast remains conservative."
13-Sep-2026,2026-09-13,RIM-LF-FDT-RG-200,,0,,0,,0,,0,,0,Current stock availability is limiting observed demand.
13-Sep-2026,2026-09-13,RIM-LF-FDT-RG-203,,0,,0,,0,,0,,0,"Demand is intermittent, so the forecast remains conservative."
13-Sep-2026,2026-09-13,RIM-LF-FDT-RG-210,,0,,0,,0,,0,,0,Current stock availability is limiting observed demand.
13-Sep-2026,2026-09-13,RIM-LF-FDT-RG-303,,0,,0,,0,,0,,0,Current stock availability is limiting observed demand.
13-Sep-2026,2026-09-13,RIM-LF-LS-002,,0,,0,,0,,0,,0,Current stock availability is limiting observed demand.
13-Sep-2026,2026-09-13,RIM-LF-LS-006,,0,,0,,0,,0,,0,"Demand is intermittent, so the forecast remains conservative."
13-Sep-2026,2026-09-13,RIM-LF-LS-006-2PK,,0,,0,,0,,0,,0,"Demand is intermittent, so the forecast remains conservative."
13-Sep-2026,2026-09-13,RIM-LF-LS-006-3PK,,0,,0,,0,,0,,0,"Demand is intermittent, so the forecast remains conservative."
13-Sep-2026,2026-09-13,RIM-LF-LS-006-5PK,,0,,0,,0,,0,,0,"Demand is intermittent, so the forecast remains conservative."
13-Sep-2026,2026-09-13,RIM-LF-LS-058,,0,,0,,0,,0,,0,Current stock availability is limiting observed demand.
13-Sep-2026,2026-09-13,RIM-LF-LS-058-2PK,,0,,0,,0,,0,,0,"Demand is intermittent, so the forecast remains conservative."
13-Sep-2026,2026-09-13,RIM-LF-LS-058-3PK,,0,,0,,0,,0,,0,"Demand is intermittent, so the forecast remains conservative."
13-Sep-2026,2026-09-13,RIM-LF-LS-066,,0,,0,,0,,0,,0,Current stock availability is limiting observed demand.
13-Sep-2026,2026-09-13,RIM-LF-LS-066-2PK,,0,,0,,0,,0,,0,"Demand is intermittent, so the forecast remains conservative."
13-Sep-2026,2026-09-13,RIM-LF-LS-066-3PK,,0,,0,,0,,0,,0,Current stock availability is limiting observed demand.
13-Sep-2026,2026-09-13,RIM-LF-LS-066-5PK,,0,,0,,0,,0,,0,"Demand is intermittent, so the forecast remains conservative."
13-Sep-2026,2026-09-13,RIM-LF-LS-070,,0,,0,,0,,0,,0,Current stock availability is limiting observed demand.
13-Sep-2026,2026-09-13,RIM-LF-LS-070-2PK,,0,,0,,0,,0,,0,"Demand is intermittent, so the forecast remains conservative."
13-Sep-2026,2026-09-13,RIM-LF-LS-070-3PK,,0,,0,,0,,0,,0,"Demand is intermittent, so the forecast remains conservative."
13-Sep-2026,2026-09-13,RIM-LF-LS-070-5PK,,0,,0,,0,,0,,0,"Demand is intermittent, so the forecast remains conservative."
13-Sep-2026,2026-09-13,RIM-LF-LS-077,,1,,4,,0,,0,,5,Stable historical demand with consistent recent sales.
13-Sep-2026,2026-09-13,RIM-LF-LS-084,,0,,1,,0,,0,,1,"Recent demand is volatile, so the forecast is kept conservative."
13-Sep-2026,2026-09-13,RIM-LF-LS-086,,0,,0,,0,,0,,0,Current stock availability is limiting observed demand.
13-Sep-2026,2026-09-13,RIM-LF-LS-086-2PK,,0,,0,,0,,0,,0,"Demand is intermittent, so the forecast remains conservative."
13-Sep-2026,2026-09-13,RIM-LF-LS-086-3PK,,0,,0,,0,,0,,0,"Demand is intermittent, so the forecast remains conservative."
13-Sep-2026,2026-09-13,RIM-LF-LS-086-5PK,,0,,0,,0,,0,,0,Current stock availability is limiting observed demand.
13-Sep-2026,2026-09-13,RIM-LF-LS-100,,0,,0,,0,,0,,0,"Recent demand is volatile, so the forecast is kept conservative."
13-Sep-2026,2026-09-13,RIM-LF-LS-101,,0,,1,,0,,0,,1,"Recent demand is volatile, so the forecast is kept conservative."
13-Sep-2026,2026-09-13,RIM-LF-LS-107,,0,,0,,0,,0,,0,Current stock availability is limiting observed demand.
13-Sep-2026,2026-09-13,RIM-LF-LS-170,,0,,0,,0,,0,,0,"Recent demand is volatile, so the forecast is kept conservative."
13-Sep-2026,2026-09-13,RIM-LF-LS-200,,0,,0,,0,,0,,0,Current stock availability is limiting observed demand.
13-Sep-2026,2026-09-13,RIM-LF-LS-206,,1,,1,,0,,0,,2,"Recent demand is volatile, so the forecast is kept conservative."
13-Sep-2026,2026-09-13,RIM-LF-LS-206-2PK,,0,,0,,0,,0,,0,"Recent demand is volatile, so the forecast is kept conservative."
13-Sep-2026,2026-09-13,RIM-LF-LS-206-3PK,,0,,0,,0,,0,,0,"Recent demand is volatile, so the forecast is kept conservative."
13-Sep-2026,2026-09-13,RIM-LF-LS-206-5PK,,0,,0,,0,,0,,0,Current stock availability is limiting observed demand.
13-Sep-2026,2026-09-13,RIM-LF-LS-264,,0,,0,,0,,0,,0,Current stock availability is limiting observed demand.
13-Sep-2026,2026-09-13,RIM-LF-LS-264-2PK,,0,,0,,0,,0,,0,Current stock availability is limiting observed demand.
13-Sep-2026,2026-09-13,RIM-LF-LS-264-3PK,,0,,0,,0,,0,,0,"Demand is intermittent, so the forecast remains conservative."
13-Sep-2026,2026-09-13,RIM-LF-LS-264-5PK,,0,,0,,0,,0,,0,"Demand is intermittent, so the forecast remains conservative."
13-Sep-2026,2026-09-13,RIM-LF-LS-500,,0,,0,,0,,0,,0,Current stock availability is limiting observed demand.
13-Sep-2026,2026-09-13,RIM-LF-LS-710,,0,,0,,0,,0,,0,Current stock availability is limiting observed demand.
13-Sep-2026,2026-09-13,RIM-LF-LS-800,,0,,0,,0,,0,,0,Current stock availability is limiting observed demand.
13-Sep-2026,2026-09-13,RIM-LF-LS-KATE-001,,0,,0,,0,,0,,0,"Demand is intermittent, so the forecast remains conservative."
13-Sep-2026,2026-09-13,RIM-LF-LS-KATE-005,,0,,0,,0,,0,,0,"Demand is intermittent, so the forecast remains conservative."
13-Sep-2026,2026-09-13,RIM-LF-LS-KATE-008,,0,,0,,0,,0,,0,"Demand is intermittent, so the forecast remains conservative."
13-Sep-2026,2026-09-13,RIM-LF-LS-KATE-008-2PK,,0,,0,,0,,0,,0,"Demand is intermittent, so the forecast remains conservative."
13-Sep-2026,2026-09-13,RIM-LF-LS-KATE-008-3PK,,0,,0,,0,,0,,0,"Demand is intermittent, so the forecast remains conservative."
13-Sep-2026,2026-09-13,RIM-LF-MATTE-170,,0,,0,,0,,0,,0,"Demand is intermittent, so the forecast remains conservative."
13-Sep-2026,2026-09-13,RIM-LF-MATTE-180,,0,,0,,0,,0,,0,"Demand is intermittent, so the forecast remains conservative."
13-Sep-2026,2026-09-13,RIM-LF-MATTE-220,,0,,0,,0,,0,,0,Current stock availability is limiting observed demand.
13-Sep-2026,2026-09-13,RIM-LF-MATTE-230,,0,,0,,0,,0,,0,Current stock availability is limiting observed demand.
13-Sep-2026,2026-09-13,RIM-LF-MATTE-530,,0,,0,,0,,0,,0,Current stock availability is limiting observed demand.
13-Sep-2026,2026-09-13,RIM-LF-MATTE-715,,0,,0,,0,,0,,0,"Recent demand is volatile, so the forecast is kept conservative."
13-Sep-2026,2026-09-13,RIM-LF-MATTE-730,,0,,0,,0,,0,,0,Current stock availability is limiting observed demand.
13-Sep-2026,2026-09-13,RIM-LF-SG-LS-900,,0,,0,,0,,0,,0,"Recent demand is volatile, so the forecast is kept conservative."
13-Sep-2026,2026-09-13,RIM-LF-SG-LS-901,,0,,0,,0,,0,,0,"Recent demand is volatile, so the forecast is kept conservative."
13-Sep-2026,2026-09-13,RIM-LF-SG-LS-902,,0,,0,,0,,0,,0,"Recent demand is volatile, so the forecast is kept conservative."
13-Sep-2026,2026-09-13,RIM-LF-SG-LS-903,,0,,0,,0,,0,,0,"Recent demand is volatile, so the forecast is kept conservative."
13-Sep-2026,2026-09-13,RIM-LF-SG-LS-904,,0,,1,,0,,0,,1,"Recent demand is volatile, so the forecast is kept conservative."
13-Sep-2026,2026-09-13,RIM-LF-SG-LS-905,,0,,0,,0,,0,,0,"Recent demand is volatile, so the forecast is kept conservative."
13-Sep-2026,2026-09-13,RIM-LR-CCLR-EYEILLUM-010,,0,,0,,0,,0,,0,Current stock availability is limiting observed demand.
13-Sep-2026,2026-09-13,RIM-LR-CCLR-EYEILLUM-030,,0,,0,,0,,0,,0,Current stock availability is limiting observed demand.
13-Sep-2026,2026-09-13,RIM-MAGNIF-MONO-004,,0,,0,,0,,0,,0,Current stock availability is limiting observed demand.
13-Sep-2026,2026-09-13,RIM-MAGNIF-MONO-006,,0,,0,,0,,0,,0,"Demand is intermittent, so the forecast remains conservative."
13-Sep-2026,2026-09-13,RIM-MAGNIF-MONO-008,,0,,0,,0,,0,,0,Current stock availability is limiting observed demand.
13-Sep-2026,2026-09-13,RIM-MAGNIF-MONO-014,,0,,0,,0,,0,,0,Current stock availability is limiting observed demand.
13-Sep-2026,2026-09-13,RIM-MAGNIF-MONO-014-2PK,,0,,0,,0,,0,,0,Current stock availability is limiting observed demand.
13-Sep-2026,2026-09-13,RIM-MAGNIF-MONO-014-3PK,,0,,0,,0,,0,,0,"Demand is intermittent, so the forecast remains conservative."
13-Sep-2026,2026-09-13,RIM-MAGNIF-PAL-001,,0,,0,,0,,0,,0,"Recent demand is volatile, so the forecast is kept conservative."
13-Sep-2026,2026-09-13,RIM-MAGNIF-PAL-004,,0,,0,,0,,0,,0,"Demand is intermittent, so the forecast remains conservative."
13-Sep-2026,2026-09-13,RIM-MAGNIF-PAL-005,,0,,0,,0,,0,,0,"Recent demand is volatile, so the forecast is kept conservative."
13-Sep-2026,2026-09-13,RIM-MAGNIF-PAL-006,,0,,0,,0,,0,,0,Current stock availability is limiting observed demand.
13-Sep-2026,2026-09-13,RIM-MAGNIF-PAL-008,,0,,0,,0,,0,,0,Current stock availability is limiting observed demand.
13-Sep-2026,2026-09-13,RIM-MAGNIF-PAL-009,,0,,0,,0,,0,,0,Current stock availability is limiting observed demand.
13-Sep-2026,2026-09-13,RIM-MATCH-PWDR,,0,,0,,0,,0,,0,Current stock availability is limiting observed demand.
13-Sep-2026,2026-09-13,RIM-MAXI-BLUSH-001,,0,,0,,0,,0,,0,"Recent demand is volatile, so the forecast is kept conservative."
13-Sep-2026,2026-09-13,RIM-MAXI-BLUSH-001-2PK,,0,,0,,0,,0,,0,"Demand is intermittent, so the forecast remains conservative."
13-Sep-2026,2026-09-13,RIM-MAXI-BLUSH-001-3PK,,0,,0,,0,,0,,0,"Demand is intermittent, so the forecast remains conservative."
13-Sep-2026,2026-09-13,RIM-MAXI-BLUSH-003,,0,,0,,0,,0,,0,"Recent demand is volatile, so the forecast is kept conservative."
13-Sep-2026,2026-09-13,RIM-MAXI-BLUSH-005,,0,,0,,0,,0,,0,"Recent demand is volatile, so the forecast is kept conservative."
13-Sep-2026,2026-09-13,RIM-MAXI-BLUSH-006,,0,,0,,0,,0,,0,"Recent demand is volatile, so the forecast is kept conservative."
13-Sep-2026,2026-09-13,RIM-MBP-001,,0,,0,,0,,0,,0,"Recent demand is volatile, so the forecast is kept conservative."
13-Sep-2026,2026-09-13,RIM-MBP-002,,0,,1,,0,,0,,1,"Recent demand is volatile, so the forecast is kept conservative."
13-Sep-2026,2026-09-13,RIM-MBP-003,,5,,0,,0,,0,,5,Stable historical demand with consistent recent sales.
13-Sep-2026,2026-09-13,RIM-MICRO-BRW-001,,0,,0,,0,,0,,0,"Demand is intermittent, so the forecast remains conservative."
13-Sep-2026,2026-09-13,RIM-MICRO-BRW-002,,0,,0,,0,,0,,0,"Recent demand is volatile, so the forecast is kept conservative."
13-Sep-2026,2026-09-13,RIM-MICRO-BRW-003,,1,,0,,0,,0,,1,"Recent demand is volatile, so the forecast is kept conservative."
13-Sep-2026,2026-09-13,RIM-MICRO-BRW-004,,0,,0,,0,,0,,0,Current stock availability is limiting observed demand.
13-Sep-2026,2026-09-13,RIM-MINI-PWRPAL-001,,0,,0,,0,,0,,0,Current stock availability is limiting observed demand.
13-Sep-2026,2026-09-13,RIM-MINI-PWRPAL-002,,0,,0,,0,,0,,0,"Demand is intermittent, so the forecast remains conservative."
13-Sep-2026,2026-09-13,RIM-MOIST-LPK-100,,0,,0,,0,,0,,0,Current stock availability is limiting observed demand.
13-Sep-2026,2026-09-13,RIM-MOIST-LPK-140,,0,,0,,0,,0,,0,Current stock availability is limiting observed demand.
13-Sep-2026,2026-09-13,RIM-MOIST-LPK-180,,0,,0,,0,,0,,0,Current stock availability is limiting observed demand.
13-Sep-2026,2026-09-13,RIM-MOIST-LPK-180-2PK,,0,,0,,0,,0,,0,"Demand is intermittent, so the forecast remains conservative."
13-Sep-2026,2026-09-13,RIM-MOIST-LPK-180-3PK,,0,,0,,0,,0,,0,"Demand is intermittent, so the forecast remains conservative."
13-Sep-2026,2026-09-13,RIM-MOIST-LPK-180-5PK,,0,,0,,0,,0,,0,"Demand is intermittent, so the forecast remains conservative."
13-Sep-2026,2026-09-13,RIM-MOIST-LPK-200,,0,,0,,0,,0,,0,"Demand is intermittent, so the forecast remains conservative."
13-Sep-2026,2026-09-13,RIM-MOIST-LPK-200-2PK,,0,,0,,0,,0,,0,Current stock availability is limiting observed demand.
13-Sep-2026,2026-09-13,RIM-MOIST-LPK-200-3PK,,0,,0,,0,,0,,0,"Demand is intermittent, so the forecast remains conservative."
13-Sep-2026,2026-09-13,RIM-MOIST-LPK-200-5PK,,0,,0,,0,,0,,0,"Demand is intermittent, so the forecast remains conservative."
13-Sep-2026,2026-09-13,RIM-MOIST-LPK-210,,0,,0,,0,,0,,0,Current stock availability is limiting observed demand.
13-Sep-2026,2026-09-13,RIM-MOIST-LPK-260,,0,,0,,0,,0,,0,"Demand is intermittent, so the forecast remains conservative."
13-Sep-2026,2026-09-13,RIM-MOIST-LPK-360,,0,,0,,0,,0,,0,Current stock availability is limiting observed demand.
13-Sep-2026,2026-09-13,RIM-MOIST-LPK-510,,0,,0,,0,,0,,0,"Recent demand is volatile, so the forecast is kept conservative."
13-Sep-2026,2026-09-13,RIM-MSC-ACCEL-BLK,,1,,1,,0,,0,,2,"Recent demand is volatile, so the forecast is kept conservative."
13-Sep-2026,2026-09-13,RIM-MSC-ACCEL-BLK-2PK,,0,,0,,0,,0,,0,"Demand is intermittent, so the forecast remains conservative."
13-Sep-2026,2026-09-13,RIM-MSC-ACCEL-BLK-3PK,,0,,0,,0,,0,,0,"Recent demand is volatile, so the forecast is kept conservative."
13-Sep-2026,2026-09-13,RIM-MSC-ACCEL-BLK-5PK,,0,,0,,0,,0,,0,"Recent demand is volatile, so the forecast is kept conservative."
13-Sep-2026,2026-09-13,RIM-MSC-CURL-003,,0,,0,,0,,0,,0,Current stock availability is limiting observed demand.
13-Sep-2026,2026-09-13,RIM-MSC-E3DL-003,,0,,6,,0,,0,,6,"Recent demand is volatile, so the forecast is kept conservative."
13-Sep-2026,2026-09-13,RIM-MSC-E3DL-003-2PK,,0,,0,,0,,0,,0,"Demand is intermittent, so the forecast remains conservative."
13-Sep-2026,2026-09-13,RIM-MSC-E3DL-003-3PK,,0,,0,,0,,0,,0,"Recent demand is volatile, so the forecast is kept conservative."
13-Sep-2026,2026-09-13,RIM-MSC-E3DL-003-5PK,,0,,0,,0,,0,,0,"Recent demand is volatile, so the forecast is kept conservative."
13-Sep-2026,2026-09-13,RIM-MSC-ELL-003,,0,,5,,0,,0,,5,"Recent demand is volatile, so the forecast is kept conservative."
13-Sep-2026,2026-09-13,RIM-MSC-ELL-003-2PK,,0,,0,,0,,0,,0,"Recent demand is volatile, so the forecast is kept conservative."
13-Sep-2026,2026-09-13,RIM-MSC-ELL-003-3PK,,0,,0,,0,,0,,0,"Demand is intermittent, so the forecast remains conservative."
13-Sep-2026,2026-09-13,RIM-MSC-ELL-003-5PK,,0,,0,,0,,0,,0,"Recent demand is volatile, so the forecast is kept conservative."
13-Sep-2026,2026-09-13,RIM-MSC-ESL-101,,0,,6,,0,,0,,6,"Recent demand is volatile, so the forecast is kept conservative."
13-Sep-2026,2026-09-13,RIM-MSC-ESL-101-2PK,,0,,0,,0,,0,,0,"Recent demand is volatile, so the forecast is kept conservative."
13-Sep-2026,2026-09-13,RIM-MSC-ESL-101-3PK,,0,,0,,0,,0,,0,"Recent demand is volatile, so the forecast is kept conservative."
13-Sep-2026,2026-09-13,RIM-MSC-ESL-101-5PK,,0,,0,,0,,0,,0,"Demand is intermittent, so the forecast remains conservative."
13-Sep-2026,2026-09-13,RIM-MSC-ESL-102,,1,,2,,0,,0,,3,"Recent demand is volatile, so the forecast is kept conservative."
13-Sep-2026,2026-09-13,RIM-MSC-ESL-102-2PK,,0,,0,,0,,0,,0,"Demand is intermittent, so the forecast remains conservative."
13-Sep-2026,2026-09-13,RIM-MSC-ESL-102-3PK,,0,,0,,0,,0,,0,"Recent demand is volatile, so the forecast is kept conservative."
13-Sep-2026,2026-09-13,RIM-MSC-ESL-102-5PK,,0,,0,,0,,0,,0,"Recent demand is volatile, so the forecast is kept conservative."
13-Sep-2026,2026-09-13,RIM-MSC-SCAND-BLK,,0,,0,,0,,0,,0,Current stock availability is limiting observed demand.
13-Sep-2026,2026-09-13,RIM-MSC-SCAND-LYCRA,,0,,0,,0,,0,,0,"Recent demand is volatile, so the forecast is kept conservative."
13-Sep-2026,2026-09-13,RIM-MSC-SCAND-RL-001,,2,,1,,0,,0,,3,"Recent demand is declining, so the forecast is lower."
13-Sep-2026,2026-09-13,RIM-MSC-SCAND-RL-001-2PK,,0,,0,,0,,0,,0,"Recent demand is volatile, so the forecast is kept conservative."
13-Sep-2026,2026-09-13,RIM-MSC-SCAND-RL-001-3PK,,0,,0,,0,,0,,0,"Recent demand is volatile, so the forecast is kept conservative."
13-Sep-2026,2026-09-13,RIM-MSC-SCAND-RL-001-5PK,,0,,0,,0,,0,,0,"Demand is intermittent, so the forecast remains conservative."
13-Sep-2026,2026-09-13,RIM-MSC-SCAND-RL-002,,0,,0,,0,,0,,0,"Recent demand is volatile, so the forecast is kept conservative."
13-Sep-2026,2026-09-13,RIM-MSC-SCAND-RL-003,,0,,0,,0,,0,,0,"Recent demand is volatile, so the forecast is kept conservative."
13-Sep-2026,2026-09-13,RIM-MSC-SCAND-RL-003-2PK,,0,,0,,0,,0,,0,"Demand is intermittent, so the forecast remains conservative."
13-Sep-2026,2026-09-13,RIM-MSC-SCAND-RL-003-3PK,,0,,0,,0,,0,,0,"Demand is intermittent, so the forecast remains conservative."
13-Sep-2026,2026-09-13,RIM-MSC-SCAND-RL-003-5PK,,0,,0,,0,,0,,0,"Recent demand is volatile, so the forecast is kept conservative."
13-Sep-2026,2026-09-13,RIM-MSC-SCAND-VOD-001,,4,,0,,0,,0,,4,"Recent demand is volatile, so the forecast is kept conservative."
13-Sep-2026,2026-09-13,RIM-MSC-SCAND-VOD-002,,0,,0,,0,,0,,0,"Recent demand is volatile, so the forecast is kept conservative."
13-Sep-2026,2026-09-13,RIM-MSC-SCAND-VOD-002-2PK,,0,,0,,0,,0,,0,"Demand is intermittent, so the forecast remains conservative."
13-Sep-2026,2026-09-13,RIM-MSC-SCAND-VOD-002-5PK,,0,,0,,0,,0,,0,"Demand is intermittent, so the forecast remains conservative."
13-Sep-2026,2026-09-13,RIM-MSC-SCAND-VOD-WP,,0,,0,,0,,0,,0,"Recent demand is volatile, so the forecast is kept conservative."
13-Sep-2026,2026-09-13,RIM-MSC-SCAND-WOW-001,,1,,0,,0,,0,,1,"Recent demand is volatile, so the forecast is kept conservative."
13-Sep-2026,2026-09-13,RIM-MSC-SCAND-WOW-003,,0,,0,,0,,0,,0,Current stock availability is limiting observed demand.
13-Sep-2026,2026-09-13,RIM-MSC-SCAND-WOW-WP,,0,,0,,0,,0,,0,"Recent demand is volatile, so the forecast is kept conservative."
13-Sep-2026,2026-09-13,RIM-MSC-THRILLSEEKER-BLKBRWN,,0,,0,,0,,0,,0,"Recent demand is volatile, so the forecast is kept conservative."
13-Sep-2026,2026-09-13,RIM-MSC-THRILLSEEKER-EXTBLACK,,0,,0,,0,,0,,0,"Recent demand is volatile, so the forecast is kept conservative."
13-Sep-2026,2026-09-13,RIM-MSC-VF-X10-001,,0,,0,,0,,0,,0,Current stock availability is limiting observed demand.
13-Sep-2026,2026-09-13,RIM-MSC-VOLCOL-001,,0,,0,,0,,0,,0,Current stock availability is limiting observed demand.
13-Sep-2026,2026-09-13,RIM-MSC-WDF-001,,0,,0,,0,,0,,0,"Demand is intermittent, so the forecast remains conservative."
13-Sep-2026,2026-09-13,RIM-MSC-WDF-003,,0,,0,,0,,0,,0,"Recent demand is volatile, so the forecast is kept conservative."
13-Sep-2026,2026-09-13,RIM-MSC-WDF-WP,,0,,0,,0,,0,,0,"Recent demand is volatile, so the forecast is kept conservative."
13-Sep-2026,2026-09-13,RIM-MSC-WLUX-001,,0,,0,,0,,0,,0,"Recent demand is volatile, so the forecast is kept conservative."
13-Sep-2026,2026-09-13,RIM-MSC-WLUX-002,,0,,0,,0,,0,,0,"Recent demand is volatile, so the forecast is kept conservative."
13-Sep-2026,2026-09-13,RIM-MSC-WLUX-003,,0,,1,,0,,0,,1,"Recent demand is volatile, so the forecast is kept conservative."
13-Sep-2026,2026-09-13,RIM-MSC-WLUX-003-2PK,,0,,0,,0,,0,,0,"Demand is intermittent, so the forecast remains conservative."
13-Sep-2026,2026-09-13,RIM-MSC-WNDR-EXT-001,,0,,0,,0,,0,,0,"Recent demand is volatile, so the forecast is kept conservative."
13-Sep-2026,2026-09-13,RIM-MSC-WNDRBOND-LASH-FILLER-BLK,,0,,0,,0,,0,,0,"Demand is intermittent, so the forecast remains conservative."
13-Sep-2026,2026-09-13,RIM-MULTI-TASK-CLR-010,,0,,0,,0,,0,,0,"Recent demand is volatile, so the forecast is kept conservative."
13-Sep-2026,2026-09-13,RIM-MULTI-TASK-CLR-020,,0,,0,,0,,0,,0,"Recent demand is volatile, so the forecast is kept conservative."
13-Sep-2026,2026-09-13,RIM-MULTI-TASK-CLR-030,,0,,0,,0,,0,,0,"Demand is intermittent, so the forecast remains conservative."
13-Sep-2026,2026-09-13,RIM-MULTI-TASK-CLR-040,,0,,0,,0,,0,,0,"Demand is intermittent, so the forecast remains conservative."
13-Sep-2026,2026-09-13,RIM-MULTI-TASK-CLR-050,,0,,0,,0,,0,,0,"Demand is intermittent, so the forecast remains conservative."
13-Sep-2026,2026-09-13,RIM-MULTI-TASK-CLR-060,,0,,0,,0,,0,,0,Current stock availability is limiting observed demand.
13-Sep-2026,2026-09-13,RIM-MULTI-TASK-CLR-070,,0,,0,,0,,0,,0,"Demand is intermittent, so the forecast remains conservative."
13-Sep-2026,2026-09-13,RIM-MULTI-TASK-CLR-090,,0,,0,,0,,0,,0,Current stock availability is limiting observed demand.
13-Sep-2026,2026-09-13,RIM-MULTI-TASKER-BTF-30ML-002,,0,,0,,0,,0,,0,"Demand is intermittent, so the forecast remains conservative."
13-Sep-2026,2026-09-13,RIM-MULTI-TASKER-BTF-30ML-003,,0,,0,,0,,0,,0,"Demand is intermittent, so the forecast remains conservative."
13-Sep-2026,2026-09-13,RIM-MULTI-TASKER-BTF-30ML-004,,0,,0,,0,,0,,0,"Demand is intermittent, so the forecast remains conservative."
13-Sep-2026,2026-09-13,RIM-NAIL-60S-101,,0,,0,,0,,0,,0,"Recent demand is volatile, so the forecast is kept conservative."
13-Sep-2026,2026-09-13,RIM-NAIL-60S-130,,0,,0,,0,,0,,0,"Recent demand is volatile, so the forecast is kept conservative."
13-Sep-2026,2026-09-13,RIM-NAIL-60S-150,,0,,0,,0,,0,,0,"Demand is intermittent, so the forecast remains conservative."
13-Sep-2026,2026-09-13,RIM-NAIL-60S-151,,0,,0,,0,,0,,0,"Recent demand is volatile, so the forecast is kept conservative."
13-Sep-2026,2026-09-13,RIM-NAIL-60S-152,,0,,0,,0,,0,,0,"Recent demand is volatile, so the forecast is kept conservative."
13-Sep-2026,2026-09-13,RIM-NAIL-60S-153,,0,,0,,0,,0,,0,"Demand is intermittent, so the forecast remains conservative."
13-Sep-2026,2026-09-13,RIM-NAIL-60S-154,,0,,0,,0,,0,,0,"Recent demand is volatile, so the forecast is kept conservative."
13-Sep-2026,2026-09-13,RIM-NAIL-60S-155,,0,,0,,0,,0,,0,"Demand is intermittent, so the forecast remains conservative."
13-Sep-2026,2026-09-13,RIM-NAIL-60S-203,,0,,0,,0,,0,,0,"Recent demand is volatile, so the forecast is kept conservative."
13-Sep-2026,2026-09-13,RIM-NAIL-60S-210,,0,,0,,0,,0,,0,"Recent demand is volatile, so the forecast is kept conservative."
13-Sep-2026,2026-09-13,RIM-NAIL-60S-230,,0,,0,,0,,0,,0,"Recent demand is volatile, so the forecast is kept conservative."
13-Sep-2026,2026-09-13,RIM-NAIL-60S-235,,0,,0,,0,,0,,0,"Recent demand is volatile, so the forecast is kept conservative."
13-Sep-2026,2026-09-13,RIM-NAIL-60S-262,,0,,0,,0,,0,,0,"Recent demand is volatile, so the forecast is kept conservative."
13-Sep-2026,2026-09-13,RIM-NAIL-60S-270,,0,,0,,0,,0,,0,"Recent demand is volatile, so the forecast is kept conservative."
13-Sep-2026,2026-09-13,RIM-NAIL-60S-271,,0,,0,,0,,0,,0,"Recent demand is volatile, so the forecast is kept conservative."
13-Sep-2026,2026-09-13,RIM-NAIL-60S-300,,0,,0,,0,,0,,0,"Recent demand is volatile, so the forecast is kept conservative."
13-Sep-2026,2026-09-13,RIM-NAIL-60S-310,,0,,0,,0,,0,,0,"Recent demand is volatile, so the forecast is kept conservative."
13-Sep-2026,2026-09-13,RIM-NAIL-60S-312,,0,,0,,0,,0,,0,"Recent demand is volatile, so the forecast is kept conservative."
13-Sep-2026,2026-09-13,RIM-NAIL-60S-313,,0,,0,,0,,0,,0,"Recent demand is volatile, so the forecast is kept conservative."
13-Sep-2026,2026-09-13,RIM-NAIL-60S-314,,0,,0,,0,,0,,0,"Recent demand is volatile, so the forecast is kept conservative."
13-Sep-2026,2026-09-13,RIM-NAIL-60S-315,,0,,0,,0,,0,,0,"Recent demand is volatile, so the forecast is kept conservative."
13-Sep-2026,2026-09-13,RIM-NAIL-60S-320,,0,,0,,0,,0,,0,"Recent demand is volatile, so the forecast is kept conservative."
13-Sep-2026,2026-09-13,RIM-NAIL-60S-322,,0,,0,,0,,0,,0,"Recent demand is volatile, so the forecast is kept conservative."
13-Sep-2026,2026-09-13,RIM-NAIL-60S-323,,0,,0,,0,,0,,0,"Recent demand is volatile, so the forecast is kept conservative."
13-Sep-2026,2026-09-13,RIM-NAIL-60S-324,,0,,0,,0,,0,,0,"Recent demand is volatile, so the forecast is kept conservative."
13-Sep-2026,2026-09-13,RIM-NAIL-60S-335,,0,,0,,0,,0,,0,"Recent demand is volatile, so the forecast is kept conservative."
13-Sep-2026,2026-09-13,RIM-NAIL-60S-336,,0,,0,,0,,0,,0,"Recent demand is volatile, so the forecast is kept conservative."
13-Sep-2026,2026-09-13,RIM-NAIL-60S-340,,0,,0,,0,,0,,0,"Recent demand is volatile, so the forecast is kept conservative."
13-Sep-2026,2026-09-13,RIM-NAIL-60S-345,,1,,1,,0,,0,,2,"Recent demand is volatile, so the forecast is kept conservative."
13-Sep-2026,2026-09-13,RIM-NAIL-60S-401,,0,,0,,0,,0,,0,Current stock availability is limiting observed demand.
13-Sep-2026,2026-09-13,RIM-NAIL-60S-404,,0,,0,,0,,0,,0,"Recent demand is volatile, so the forecast is kept conservative."
13-Sep-2026,2026-09-13,RIM-NAIL-60S-405,,0,,0,,0,,0,,0,"Recent demand is volatile, so the forecast is kept conservative."
13-Sep-2026,2026-09-13,RIM-NAIL-60S-406,,0,,0,,0,,0,,0,"Demand is intermittent, so the forecast remains conservative."
13-Sep-2026,2026-09-13,RIM-NAIL-60S-410,,0,,0,,0,,0,,0,"Recent demand is volatile, so the forecast is kept conservative."
13-Sep-2026,2026-09-13,RIM-NAIL-60S-411,,0,,0,,0,,0,,0,Current stock availability is limiting observed demand.
13-Sep-2026,2026-09-13,RIM-NAIL-60S-430,,0,,0,,0,,0,,0,Current stock availability is limiting observed demand.
13-Sep-2026,2026-09-13,RIM-NAIL-60S-498,,0,,0,,0,,0,,0,"Recent demand is volatile, so the forecast is kept conservative."
13-Sep-2026,2026-09-13,RIM-NAIL-60S-500,,0,,0,,0,,0,,0,"Recent demand is volatile, so the forecast is kept conservative."
13-Sep-2026,2026-09-13,RIM-NAIL-60S-510,,0,,0,,0,,0,,0,"Recent demand is volatile, so the forecast is kept conservative."
13-Sep-2026,2026-09-13,RIM-NAIL-60S-558,,0,,0,,0,,0,,0,"Recent demand is volatile, so the forecast is kept conservative."
13-Sep-2026,2026-09-13,RIM-NAIL-60S-560,,0,,0,,0,,0,,0,"Recent demand is volatile, so the forecast is kept conservative."
13-Sep-2026,2026-09-13,RIM-NAIL-60S-561,,0,,0,,0,,0,,0,"Recent demand is volatile, so the forecast is kept conservative."
13-Sep-2026,2026-09-13,RIM-NAIL-60S-703,,0,,0,,0,,0,,0,"Recent demand is volatile, so the forecast is kept conservative."
13-Sep-2026,2026-09-13,RIM-NAIL-60S-705,,0,,0,,0,,0,,0,"Recent demand is volatile, so the forecast is kept conservative."
13-Sep-2026,2026-09-13,RIM-NAIL-60S-707,,0,,0,,0,,0,,0,"Recent demand is volatile, so the forecast is kept conservative."
13-Sep-2026,2026-09-13,RIM-NAIL-60S-708,,0,,0,,0,,0,,0,Current stock availability is limiting observed demand.
13-Sep-2026,2026-09-13,RIM-NAIL-60S-709,,0,,0,,0,,0,,0,"Recent demand is volatile, so the forecast is kept conservative."
13-Sep-2026,2026-09-13,RIM-NAIL-60S-710,,0,,0,,0,,0,,0,"Recent demand is volatile, so the forecast is kept conservative."
13-Sep-2026,2026-09-13,RIM-NAIL-60S-711,,0,,0,,0,,0,,0,"Recent demand is volatile, so the forecast is kept conservative."
13-Sep-2026,2026-09-13,RIM-NAIL-60S-712,,0,,0,,0,,0,,0,Current stock availability is limiting observed demand.
13-Sep-2026,2026-09-13,RIM-NAIL-60S-713,,0,,0,,0,,0,,0,"Recent demand is volatile, so the forecast is kept conservative."
13-Sep-2026,2026-09-13,RIM-NAIL-60S-714,,0,,0,,0,,0,,0,"Recent demand is volatile, so the forecast is kept conservative."
13-Sep-2026,2026-09-13,RIM-NAIL-60S-715,,0,,0,,0,,0,,0,Current stock availability is limiting observed demand.
13-Sep-2026,2026-09-13,RIM-NAIL-60S-718,,0,,0,,0,,0,,0,"Recent demand is volatile, so the forecast is kept conservative."
13-Sep-2026,2026-09-13,RIM-NAIL-60S-719,,0,,0,,0,,0,,0,"Recent demand is volatile, so the forecast is kept conservative."
13-Sep-2026,2026-09-13,RIM-NAIL-60S-720,,0,,0,,0,,0,,0,"Recent demand is volatile, so the forecast is kept conservative."
13-Sep-2026,2026-09-13,RIM-NAIL-60S-721,,0,,0,,0,,0,,0,"Recent demand is volatile, so the forecast is kept conservative."
13-Sep-2026,2026-09-13,RIM-NAIL-60S-722,,0,,0,,0,,0,,0,"Recent demand is volatile, so the forecast is kept conservative."
13-Sep-2026,2026-09-13,RIM-NAIL-60S-730,,0,,0,,0,,0,,0,Current stock availability is limiting observed demand.
13-Sep-2026,2026-09-13,RIM-NAIL-60S-740,,0,,0,,0,,0,,0,"Recent demand is volatile, so the forecast is kept conservative."
13-Sep-2026,2026-09-13,RIM-NAIL-60S-807,,0,,0,,0,,0,,0,"Recent demand is volatile, so the forecast is kept conservative."
13-Sep-2026,2026-09-13,RIM-NAIL-60S-809,,0,,0,,0,,0,,0,"Recent demand is volatile, so the forecast is kept conservative."
13-Sep-2026,2026-09-13,RIM-NAIL-60S-810,,0,,0,,0,,0,,0,"Recent demand is volatile, so the forecast is kept conservative."
13-Sep-2026,2026-09-13,RIM-NAIL-60S-811,,0,,0,,0,,0,,0,"Recent demand is volatile, so the forecast is kept conservative."
13-Sep-2026,2026-09-13,RIM-NAIL-60S-812,,0,,0,,0,,0,,0,Current stock availability is limiting observed demand.
13-Sep-2026,2026-09-13,RIM-NAIL-60S-820,,0,,0,,0,,0,,0,"Demand is intermittent, so the forecast remains conservative."
13-Sep-2026,2026-09-13,RIM-NAIL-60S-828,,0,,0,,0,,0,,0,"Recent demand is volatile, so the forecast is kept conservative."
13-Sep-2026,2026-09-13,RIM-NAIL-60S-831,,0,,0,,0,,0,,0,"Demand is intermittent, so the forecast remains conservative."
13-Sep-2026,2026-09-13,RIM-NAIL-60S-833,,0,,0,,0,,0,,0,"Recent demand is volatile, so the forecast is kept conservative."
13-Sep-2026,2026-09-13,RIM-NAIL-60S-834,,0,,0,,0,,0,,0,"Recent demand is volatile, so the forecast is kept conservative."
13-Sep-2026,2026-09-13,RIM-NAIL-60S-853,,0,,0,,0,,0,,0,"Recent demand is volatile, so the forecast is kept conservative."
13-Sep-2026,2026-09-13,RIM-NAIL-60S-878,,0,,0,,0,,0,,0,Current stock availability is limiting observed demand.
13-Sep-2026,2026-09-13,RIM-NAIL-60S-900,,0,,1,,0,,0,,1,"Recent demand is volatile, so the forecast is kept conservative."
13-Sep-2026,2026-09-13,RIM-NAIL-60S-901,,0,,0,,0,,0,,0,Current stock availability is limiting observed demand.
13-Sep-2026,2026-09-13,RIM-NAIL-60S-902,,2,,1,,0,,0,,3,"Recent demand is volatile, so the forecast is kept conservative."
13-Sep-2026,2026-09-13,RIM-NAIL-60S-905,,0,,0,,0,,0,,0,"Recent demand is volatile, so the forecast is kept conservative."
13-Sep-2026,2026-09-13,RIM-NAIL-60S-BUNDLE-10PCS-V1,,0,,0,,0,,0,,0,"Recent demand is volatile, so the forecast is kept conservative."
13-Sep-2026,2026-09-13,RIM-NAIL-60S-BUNDLE-10PCS-V2,,0,,0,,0,,0,,0,"Demand is intermittent, so the forecast remains conservative."
13-Sep-2026,2026-09-13,RIM-NAIL-60S-BUNDLE-10PCS-V3,,0,,0,,0,,0,,0,"Recent demand is volatile, so the forecast is kept conservative."
13-Sep-2026,2026-09-13,RIM-NAIL-60S-BUNDLE-15PCS-V1,,0,,0,,0,,0,,0,Current stock availability is limiting observed demand.
13-Sep-2026,2026-09-13,RIM-NAIL-60S-BUNDLE-5PCS-V1,,0,,0,,0,,0,,0,"Demand is intermittent, so the forecast remains conservative."
13-Sep-2026,2026-09-13,RIM-NAIL-60S-BUNDLE-5PCS-V2,,0,,0,,0,,0,,0,"Demand is intermittent, so the forecast remains conservative."
13-Sep-2026,2026-09-13,RIM-NAIL-60S-BUNDLE-5PCS-V3,,0,,0,,0,,0,,0,"Recent demand is volatile, so the forecast is kept conservative."
13-Sep-2026,2026-09-13,RIM-NAIL-60S-BUNDLE-5PCS-V4,,0,,0,,0,,0,,0,"Demand is intermittent, so the forecast remains conservative."
13-Sep-2026,2026-09-13,RIM-NAIL-60S-BUNDLE-RED-5,,0,,0,,0,,0,,0,"Recent demand is volatile, so the forecast is kept conservative."
13-Sep-2026,2026-09-13,RIM-NAIL-60S-BUNDLE-SUMMER-5,,0,,0,,0,,0,,0,"Demand is intermittent, so the forecast remains conservative."
13-Sep-2026,2026-09-13,RIM-NAIL-60S-MIX-10PCS,,0,,0,,0,,0,,0,"Recent demand is volatile, so the forecast is kept conservative."
13-Sep-2026,2026-09-13,RIM-NAIL-60S-MIX-15PCS,,0,,0,,0,,0,,0,Current stock availability is limiting observed demand.
13-Sep-2026,2026-09-13,RIM-NAIL-60S-MIX-8PCS,,0,,0,,0,,0,,0,"Demand is intermittent, so the forecast remains conservative."
13-Sep-2026,2026-09-13,RIM-NAIL-FT-TOPCOAT,,0,,0,,0,,0,,0,Current stock availability is limiting observed demand.
13-Sep-2026,2026-09-13,RIM-NAIL-FT-TOPCOAT-2PK,,0,,0,,0,,0,,0,"Demand is intermittent, so the forecast remains conservative."
13-Sep-2026,2026-09-13,RIM-NAIL-GLITTER-BOMB-019,,0,,0,,0,,0,,0,Current stock availability is limiting observed demand.
13-Sep-2026,2026-09-13,RIM-NAIL-NN-5IN1,,0,,0,,0,,0,,0,Current stock availability is limiting observed demand.
13-Sep-2026,2026-09-13,RIM-NAIL-NN-STRONGER,,0,,0,,0,,0,,0,Current stock availability is limiting observed demand.
13-Sep-2026,2026-09-13,RIM-NAIL-SUPERGEL-001,,0,,0,,0,,0,,0,"Demand is intermittent, so the forecast remains conservative."
13-Sep-2026,2026-09-13,RIM-NAIL-SUPERGEL-008,,0,,0,,0,,0,,0,"Recent demand is volatile, so the forecast is kept conservative."
13-Sep-2026,2026-09-13,RIM-NAIL-SUPERGEL-012,,1,,0,,0,,0,,1,"Recent demand is volatile, so the forecast is kept conservative."
13-Sep-2026,2026-09-13,RIM-NAIL-SUPERGEL-014,,0,,0,,0,,0,,0,Current stock availability is limiting observed demand.
13-Sep-2026,2026-09-13,RIM-NAIL-SUPERGEL-020,,0,,0,,0,,0,,0,Current stock availability is limiting observed demand.
13-Sep-2026,2026-09-13,RIM-NAIL-SUPERGEL-021,,0,,0,,0,,0,,0,"Recent demand is volatile, so the forecast is kept conservative."
13-Sep-2026,2026-09-13,RIM-NAIL-SUPERGEL-022,,0,,0,,0,,0,,0,"Recent demand is volatile, so the forecast is kept conservative."
13-Sep-2026,2026-09-13,RIM-NAIL-SUPERGEL-023,,0,,0,,0,,0,,0,Current stock availability is limiting observed demand.
13-Sep-2026,2026-09-13,RIM-NAIL-SUPERGEL-023-2PK,,0,,0,,0,,0,,0,"Demand is intermittent, so the forecast remains conservative."
13-Sep-2026,2026-09-13,RIM-NAIL-SUPERGEL-023-5PK,,0,,0,,0,,0,,0,"Demand is intermittent, so the forecast remains conservative."
13-Sep-2026,2026-09-13,RIM-NAIL-SUPERGEL-024,,0,,0,,0,,0,,0,"Recent demand is volatile, so the forecast is kept conservative."
13-Sep-2026,2026-09-13,RIM-NAIL-SUPERGEL-025,,0,,0,,0,,0,,0,"Recent demand is volatile, so the forecast is kept conservative."
13-Sep-2026,2026-09-13,RIM-NAIL-SUPERGEL-026,,0,,0,,0,,0,,0,"Recent demand is volatile, so the forecast is kept conservative."
13-Sep-2026,2026-09-13,RIM-NAIL-SUPERGEL-027,,0,,0,,0,,0,,0,Current stock availability is limiting observed demand.
13-Sep-2026,2026-09-13,RIM-NAIL-SUPERGEL-030,,0,,0,,0,,0,,0,Current stock availability is limiting observed demand.
13-Sep-2026,2026-09-13,RIM-NAIL-SUPERGEL-031,,0,,0,,0,,0,,0,Current stock availability is limiting observed demand.
13-Sep-2026,2026-09-13,RIM-NAIL-SUPERGEL-032,,0,,0,,0,,0,,0,"Recent demand is volatile, so the forecast is kept conservative."
13-Sep-2026,2026-09-13,RIM-NAIL-SUPERGEL-033,,0,,0,,0,,0,,0,"Recent demand is volatile, so the forecast is kept conservative."
13-Sep-2026,2026-09-13,RIM-NAIL-SUPERGEL-035,,0,,0,,0,,0,,0,"Recent demand is volatile, so the forecast is kept conservative."
13-Sep-2026,2026-09-13,RIM-NAIL-SUPERGEL-042,,0,,0,,0,,0,,0,"Recent demand is volatile, so the forecast is kept conservative."
13-Sep-2026,2026-09-13,RIM-NAIL-SUPERGEL-043,,0,,0,,0,,0,,0,"Recent demand is volatile, so the forecast is kept conservative."
13-Sep-2026,2026-09-13,RIM-NAIL-SUPERGEL-044,,0,,0,,0,,0,,0,Current stock availability is limiting observed demand.
13-Sep-2026,2026-09-13,RIM-NAIL-SUPERGEL-045,,0,,0,,0,,0,,0,"Recent demand is volatile, so the forecast is kept conservative."
13-Sep-2026,2026-09-13,RIM-NAIL-SUPERGEL-052,,0,,0,,0,,0,,0,Current stock availability is limiting observed demand.
13-Sep-2026,2026-09-13,RIM-NAIL-SUPERGEL-054,,0,,0,,0,,0,,0,"Recent demand is volatile, so the forecast is kept conservative."
13-Sep-2026,2026-09-13,RIM-NAIL-SUPERGEL-056,,0,,0,,0,,0,,0,"Recent demand is volatile, so the forecast is kept conservative."
13-Sep-2026,2026-09-13,RIM-NAIL-SUPERGEL-058,,0,,0,,0,,0,,0,"Demand is intermittent, so the forecast remains conservative."
13-Sep-2026,2026-09-13,RIM-NAIL-SUPERGEL-069,,0,,0,,0,,0,,0,Current stock availability is limiting observed demand.
13-Sep-2026,2026-09-13,RIM-NAIL-SUPERGEL-070,,0,,0,,0,,0,,0,Current stock availability is limiting observed demand.
13-Sep-2026,2026-09-13,RIM-NAIL-SUPERGEL-071,,0,,0,,0,,0,,0,"Recent demand is volatile, so the forecast is kept conservative."
13-Sep-2026,2026-09-13,RIM-NAIL-SUPERGEL-083,,0,,0,,0,,0,,0,"Recent demand is volatile, so the forecast is kept conservative."
13-Sep-2026,2026-09-13,RIM-NAIL-SUPERGEL-090,,0,,0,,0,,0,,0,Current stock availability is limiting observed demand.
13-Sep-2026,2026-09-13,RIM-NAIL-SUPERGEL-091,,0,,0,,0,,0,,0,"Recent demand is volatile, so the forecast is kept conservative."
13-Sep-2026,2026-09-13,RIM-NAIL-SUPERGEL-091A,,1,,0,,0,,0,,1,"Recent demand is volatile, so the forecast is kept conservative."
13-Sep-2026,2026-09-13,RIM-NAIL-SUPERGEL-094,,0,,0,,0,,0,,0,"Recent demand is volatile, so the forecast is kept conservative."
13-Sep-2026,2026-09-13,RIM-NAIL-SUPERGEL-095,,0,,0,,0,,0,,0,"Recent demand is volatile, so the forecast is kept conservative."
13-Sep-2026,2026-09-13,RIM-NAIL-SUPERGEL-096,,0,,0,,0,,0,,0,"Demand is intermittent, so the forecast remains conservative."
13-Sep-2026,2026-09-13,RIM-NAIL-SUPERGEL-097,,0,,0,,0,,0,,0,"Recent demand is volatile, so the forecast is kept conservative."
13-Sep-2026,2026-09-13,RIM-NAIL-SUPERGEL-098,,0,,0,,0,,0,,0,Current stock availability is limiting observed demand.
13-Sep-2026,2026-09-13,RIM-NAIL-SUPERGEL-099,,0,,0,,0,,0,,0,"Recent demand is volatile, so the forecast is kept conservative."
13-Sep-2026,2026-09-13,RIM-NATURALBRONZER-001,,0,,0,,0,,0,,0,Current stock availability is limiting observed demand.
13-Sep-2026,2026-09-13,RIM-NATURALBRONZER-002,,0,,0,,0,,0,,0,"Recent demand is volatile, so the forecast is kept conservative."
13-Sep-2026,2026-09-13,RIM-NATURALBRONZER-002-3PK,,0,,0,,0,,0,,0,"Demand is intermittent, so the forecast remains conservative."
13-Sep-2026,2026-09-13,RIM-OMG-LIP-130,,0,,1,,0,,0,,1,"Recent demand is volatile, so the forecast is kept conservative."
13-Sep-2026,2026-09-13,RIM-OMG-LIP-150,,0,,0,,0,,0,,0,"Recent demand is volatile, so the forecast is kept conservative."
13-Sep-2026,2026-09-13,RIM-OMG-LIP-160,,0,,0,,0,,0,,0,"Recent demand is volatile, so the forecast is kept conservative."
13-Sep-2026,2026-09-13,RIM-OMG-LIP-200,,0,,0,,0,,0,,0,Current stock availability is limiting observed demand.
13-Sep-2026,2026-09-13,RIM-OMG-LIP-210,,0,,0,,0,,0,,0,"Demand is intermittent, so the forecast remains conservative."
13-Sep-2026,2026-09-13,RIM-OMG-LIP-260,,0,,0,,0,,0,,0,Current stock availability is limiting observed demand.
13-Sep-2026,2026-09-13,RIM-OMG-LIP-300,,0,,0,,0,,0,,0,Current stock availability is limiting observed demand.
13-Sep-2026,2026-09-13,RIM-OMG-LIP-330,,0,,0,,0,,0,,0,"Recent demand is volatile, so the forecast is kept conservative."
13-Sep-2026,2026-09-13,RIM-OMG-LIP-400,,0,,0,,0,,0,,0,Current stock availability is limiting observed demand.
13-Sep-2026,2026-09-13,RIM-OMG-LIP-500,,0,,0,,0,,0,,0,"Demand is intermittent, so the forecast remains conservative."
13-Sep-2026,2026-09-13,RIM-OMG-LIP-531,,0,,0,,0,,0,,0,Current stock availability is limiting observed demand.
13-Sep-2026,2026-09-13,RIM-OMG-LIP-758,,0,,0,,0,,0,,0,Current stock availability is limiting observed demand.
13-Sep-2026,2026-09-13,RIM-OMG-LIP-759,,0,,0,,0,,0,,0,"Demand is intermittent, so the forecast remains conservative."
13-Sep-2026,2026-09-13,RIM-OMG-LIP-800,,0,,0,,0,,0,,0,"Recent demand is volatile, so the forecast is kept conservative."
13-Sep-2026,2026-09-13,RIM-OMG-LIP-801,,0,,0,,0,,0,,0,Current stock availability is limiting observed demand.
13-Sep-2026,2026-09-13,RIM-OMG-LIP-LOVEBUG,,0,,0,,0,,0,,0,"Recent demand is volatile, so the forecast is kept conservative."
13-Sep-2026,2026-09-13,RIM-OMG-PLUMP-501,,0,,0,,0,,0,,0,Current stock availability is limiting observed demand.
13-Sep-2026,2026-09-13,RIM-OMG-PLUMP-820,,0,,0,,0,,0,,0,Current stock availability is limiting observed demand.
13-Sep-2026,2026-09-13,RIM-OMP-LIP-SHAPER-010,,0,,0,,0,,0,,0,"Demand is intermittent, so the forecast remains conservative."
13-Sep-2026,2026-09-13,RIM-OMP-LIP-SHAPER-030,,0,,0,,0,,0,,0,"Demand is intermittent, so the forecast remains conservative."
13-Sep-2026,2026-09-13,RIM-OMP-LIP-SHAPER-040,,0,,0,,0,,0,,0,"Demand is intermittent, so the forecast remains conservative."
13-Sep-2026,2026-09-13,RIM-OMP-LIP-SHAPER-050,,0,,0,,0,,0,,0,"Demand is intermittent, so the forecast remains conservative."
13-Sep-2026,2026-09-13,RIM-PROVOCALIP-210,,0,,0,,0,,0,,0,Current stock availability is limiting observed demand.
13-Sep-2026,2026-09-13,RIM-PROVOCALIP-570,,0,,0,,0,,0,,0,"Recent demand is volatile, so the forecast is kept conservative."
13-Sep-2026,2026-09-13,RIM-PROVOCALIP-710,,0,,0,,0,,0,,0,Current stock availability is limiting observed demand.
13-Sep-2026,2026-09-13,RIM-PROVOCALIP-730,,0,,0,,0,,0,,0,"Recent demand is volatile, so the forecast is kept conservative."
13-Sep-2026,2026-09-13,RIM-RADBRICK-001,,0,,0,,0,,0,,0,Current stock availability is limiting observed demand.
13-Sep-2026,2026-09-13,RIM-RADBRICK-002,,0,,0,,0,,0,,0,Current stock availability is limiting observed demand.
13-Sep-2026,2026-09-13,RIM-RADBRICK-003,,0,,0,,0,,0,,0,Current stock availability is limiting observed demand.
13-Sep-2026,2026-09-13,RIM-SCD-EL-WP-001,,1,,1,,0,,0,,2,"Recent demand is volatile, so the forecast is kept conservative."
13-Sep-2026,2026-09-13,RIM-SCD-EL-WP-001-2PK,,0,,0,,0,,0,,0,"Demand is intermittent, so the forecast remains conservative."
13-Sep-2026,2026-09-13,RIM-SCD-EL-WP-001-3PK,,0,,0,,0,,0,,0,"Demand is intermittent, so the forecast remains conservative."
13-Sep-2026,2026-09-13,RIM-SCD-EL-WP-001-5PK,,0,,0,,0,,0,,0,"Demand is intermittent, so the forecast remains conservative."
13-Sep-2026,2026-09-13,RIM-SCD-EL-WP-003,,0,,0,,0,,0,,0,"Recent demand is volatile, so the forecast is kept conservative."
13-Sep-2026,2026-09-13,RIM-SCD-EL-WP-005,,0,,0,,0,,0,,0,"Demand is intermittent, so the forecast remains conservative."
13-Sep-2026,2026-09-13,RIM-SCD-EL-WP-006,,0,,0,,0,,0,,0,Current stock availability is limiting observed demand.
13-Sep-2026,2026-09-13,RIM-SCD-EL-WP-008,,0,,0,,0,,0,,0,Current stock availability is limiting observed demand.
13-Sep-2026,2026-09-13,RIM-SCD-EYE-001,,16,,2,,0,,0,,18,"Recent sales are increasing, so the forecast is higher."
13-Sep-2026,2026-09-13,RIM-SCD-EYE-001-2PK,,0,,0,,0,,0,,0,"Demand is intermittent, so the forecast remains conservative."
13-Sep-2026,2026-09-13,RIM-SCD-EYE-001-3PK,,0,,0,,0,,0,,0,"Demand is intermittent, so the forecast remains conservative."
13-Sep-2026,2026-09-13,RIM-SCD-EYE-001-5PK,,0,,0,,0,,0,,0,"Recent demand is volatile, so the forecast is kept conservative."
13-Sep-2026,2026-09-13,RIM-SCD-EYE-002,,0,,0,,0,,0,,0,Current stock availability is limiting observed demand.
13-Sep-2026,2026-09-13,RIM-SCD-EYE-002-2PK,,0,,0,,0,,0,,0,"Demand is intermittent, so the forecast remains conservative."
13-Sep-2026,2026-09-13,RIM-SCD-EYE-002-3PK,,0,,0,,0,,0,,0,"Demand is intermittent, so the forecast remains conservative."
13-Sep-2026,2026-09-13,RIM-SCD-EYE-002-5PK,,0,,0,,0,,0,,0,"Demand is intermittent, so the forecast remains conservative."
13-Sep-2026,2026-09-13,RIM-SCD-EYE-003,,0,,2,,0,,0,,2,"Recent demand is volatile, so the forecast is kept conservative."
13-Sep-2026,2026-09-13,RIM-SCD-EYE-003-2PK,,0,,0,,0,,0,,0,"Demand is intermittent, so the forecast remains conservative."
13-Sep-2026,2026-09-13,RIM-SCD-EYE-003-3PK,,0,,0,,0,,0,,0,"Demand is intermittent, so the forecast remains conservative."
13-Sep-2026,2026-09-13,RIM-SCD-EYE-003-5PK,,0,,0,,0,,0,,0,"Demand is intermittent, so the forecast remains conservative."
13-Sep-2026,2026-09-13,RIM-SCD-EYE-004,,0,,0,,0,,0,,0,"Recent demand is volatile, so the forecast is kept conservative."
13-Sep-2026,2026-09-13,RIM-SCD-EYE-005,,0,,0,,0,,0,,0,"Recent demand is volatile, so the forecast is kept conservative."
13-Sep-2026,2026-09-13,RIM-SCD-EYE-006,,0,,1,,0,,0,,1,"Recent demand is volatile, so the forecast is kept conservative."
13-Sep-2026,2026-09-13,RIM-SCD-EYE-006-2PK,,0,,0,,0,,0,,0,"Recent demand is volatile, so the forecast is kept conservative."
13-Sep-2026,2026-09-13,RIM-SCD-EYE-006-3PK,,0,,0,,0,,0,,0,"Recent demand is volatile, so the forecast is kept conservative."
13-Sep-2026,2026-09-13,RIM-SCD-EYE-006-5PK,,0,,0,,0,,0,,0,"Recent demand is volatile, so the forecast is kept conservative."
13-Sep-2026,2026-09-13,RIM-SCD-MICRO-EL-001,,0,,0,,0,,0,,0,"Demand is intermittent, so the forecast remains conservative."
13-Sep-2026,2026-09-13,RIM-SM-PRIMER-003,,0,,0,,0,,0,,0,"Demand is intermittent, so the forecast remains conservative."
13-Sep-2026,2026-09-13,RIM-SMLIQ-100,,0,,0,,0,,0,,0,"Demand is intermittent, so the forecast remains conservative."
13-Sep-2026,2026-09-13,RIM-SMLIQ-110,,0,,0,,0,,0,,0,Current stock availability is limiting observed demand.
13-Sep-2026,2026-09-13,RIM-SMLIQ-200,,0,,0,,0,,0,,0,Current stock availability is limiting observed demand.
13-Sep-2026,2026-09-13,RIM-SMLIQ-220,,0,,0,,0,,0,,0,Current stock availability is limiting observed demand.
13-Sep-2026,2026-09-13,RIM-SMLIQ-500,,0,,0,,0,,0,,0,Current stock availability is limiting observed demand.
13-Sep-2026,2026-09-13,RIM-SMLIQ-600,,0,,0,,0,,0,,0,Current stock availability is limiting observed demand.
13-Sep-2026,2026-09-13,RIM-SMLIQ-700,,0,,0,,0,,0,,0,"Recent demand is volatile, so the forecast is kept conservative."
13-Sep-2026,2026-09-13,RIM-SMLIQ-706,,0,,0,,0,,0,,0,Current stock availability is limiting observed demand.
13-Sep-2026,2026-09-13,RIM-SMLIQ-707,,0,,0,,0,,0,,0,Current stock availability is limiting observed demand.
13-Sep-2026,2026-09-13,RIM-SMLIQ-708,,0,,0,,0,,0,,0,Current stock availability is limiting observed demand.
13-Sep-2026,2026-09-13,RIM-SMLIQ-709,,0,,0,,0,,0,,0,Current stock availability is limiting observed demand.
13-Sep-2026,2026-09-13,RIM-SMLIQ-720,,0,,0,,0,,0,,0,Current stock availability is limiting observed demand.
13-Sep-2026,2026-09-13,RIM-SMLIQ-723,,0,,0,,0,,0,,0,Current stock availability is limiting observed demand.
13-Sep-2026,2026-09-13,RIM-SMLIQ-725,,0,,0,,0,,0,,0,Current stock availability is limiting observed demand.
13-Sep-2026,2026-09-13,RIM-SMLIQ-820,,0,,0,,0,,0,,0,Current stock availability is limiting observed demand.
13-Sep-2026,2026-09-13,RIM-SMLIQ-830,,0,,0,,0,,0,,0,"Demand is intermittent, so the forecast remains conservative."
13-Sep-2026,2026-09-13,RIM-SMLIQ-870,,0,,0,,0,,0,,0,"Demand is intermittent, so the forecast remains conservative."
13-Sep-2026,2026-09-13,RIM-SMLQFDT-502,,0,,0,,0,,0,,0,Current stock availability is limiting observed demand.
13-Sep-2026,2026-09-13,RIM-SMPP-001,,1,,5,,0,,0,,6,"Recent demand is volatile, so the forecast is kept conservative."
13-Sep-2026,2026-09-13,RIM-SMPP-001-2PK,,0,,0,,0,,0,,0,"Recent demand is volatile, so the forecast is kept conservative."
13-Sep-2026,2026-09-13,RIM-SMPP-001-3PK,,0,,0,,0,,0,,0,"Recent demand is volatile, so the forecast is kept conservative."
13-Sep-2026,2026-09-13,RIM-SMPP-001-5PK,,0,,0,,0,,0,,0,"Recent demand is volatile, so the forecast is kept conservative."
13-Sep-2026,2026-09-13,RIM-SMPP-002,,0,,1,,0,,0,,1,"Recent demand is volatile, so the forecast is kept conservative."
13-Sep-2026,2026-09-13,RIM-SMPP-002-2PK,,0,,0,,0,,0,,0,"Recent demand is volatile, so the forecast is kept conservative."
13-Sep-2026,2026-09-13,RIM-SMPP-002-3PK,,0,,0,,0,,0,,0,"Recent demand is volatile, so the forecast is kept conservative."
13-Sep-2026,2026-09-13,RIM-SMPP-002-5PK,,0,,0,,0,,0,,0,"Demand is intermittent, so the forecast remains conservative."
13-Sep-2026,2026-09-13,RIM-SMPP-003,,0,,4,,0,,0,,4,"Recent demand is volatile, so the forecast is kept conservative."
13-Sep-2026,2026-09-13,RIM-SMPP-003-2PK,,0,,0,,0,,0,,0,"Recent demand is volatile, so the forecast is kept conservative."
13-Sep-2026,2026-09-13,RIM-SMPP-003-3PK,,0,,0,,0,,0,,0,"Recent demand is volatile, so the forecast is kept conservative."
13-Sep-2026,2026-09-13,RIM-SMPP-003-5PK,,0,,0,,0,,0,,0,"Recent demand is volatile, so the forecast is kept conservative."
13-Sep-2026,2026-09-13,RIM-SMPP-004,,0,,2,,0,,0,,2,"Recent demand is volatile, so the forecast is kept conservative."
13-Sep-2026,2026-09-13,RIM-SMPP-004-2PK,,0,,0,,0,,0,,0,"Recent demand is volatile, so the forecast is kept conservative."
13-Sep-2026,2026-09-13,RIM-SMPP-004-3PK,,0,,0,,0,,0,,0,"Recent demand is volatile, so the forecast is kept conservative."
13-Sep-2026,2026-09-13,RIM-SMPP-004-5PK,,0,,0,,0,,0,,0,"Demand is intermittent, so the forecast remains conservative."
13-Sep-2026,2026-09-13,RIM-SMPP-005,,7,,5,,0,,0,,12,"Recent sales are increasing, so the forecast is higher."
13-Sep-2026,2026-09-13,RIM-SMPP-005-2PK,,0,,0,,0,,0,,0,"Recent demand is volatile, so the forecast is kept conservative."
13-Sep-2026,2026-09-13,RIM-SMPP-005-3PK,,0,,0,,0,,0,,0,"Recent demand is volatile, so the forecast is kept conservative."
13-Sep-2026,2026-09-13,RIM-SMPP-005-5PK,,0,,0,,0,,0,,0,"Recent demand is volatile, so the forecast is kept conservative."
13-Sep-2026,2026-09-13,RIM-SMPP-006,,0,,2,,0,,0,,2,"Recent demand is volatile, so the forecast is kept conservative."
13-Sep-2026,2026-09-13,RIM-SMPP-006-2PK,,0,,0,,0,,0,,0,"Demand is intermittent, so the forecast remains conservative."
13-Sep-2026,2026-09-13,RIM-SMPP-006-3PK,,0,,0,,0,,0,,0,"Recent demand is volatile, so the forecast is kept conservative."
13-Sep-2026,2026-09-13,RIM-SMPP-006-5PK,,0,,0,,0,,0,,0,"Recent demand is volatile, so the forecast is kept conservative."
13-Sep-2026,2026-09-13,RIM-SMPP-007,,0,,0,,0,,0,,0,Current stock availability is limiting observed demand.
13-Sep-2026,2026-09-13,RIM-SMPP-008,,0,,0,,0,,0,,0,"Recent demand is volatile, so the forecast is kept conservative."
13-Sep-2026,2026-09-13,RIM-SMPP-009,,0,,0,,0,,0,,0,"Recent demand is volatile, so the forecast is kept conservative."
13-Sep-2026,2026-09-13,RIM-SMPP-010,,0,,0,,0,,0,,0,Current stock availability is limiting observed demand.
13-Sep-2026,2026-09-13,RIM-STAY-MATTE-LIQLIP-COLOR-709,,0,,0,,0,,0,,0,Current stock availability is limiting observed demand.
13-Sep-2026,2026-09-13,RIM-STAY-SATIN-LIP-200,,0,,0,,0,,0,,0,Current stock availability is limiting observed demand.
13-Sep-2026,2026-09-13,RIM-STAY-SATIN-LIP-210,,0,,0,,0,,0,,0,"Recent demand is volatile, so the forecast is kept conservative."
13-Sep-2026,2026-09-13,RIM-STAY-SATIN-LIP-500,,0,,0,,0,,0,,0,"Recent demand is volatile, so the forecast is kept conservative."
13-Sep-2026,2026-09-13,RIM-SUPERGEL-GLITTER,,0,,0,,0,,0,,0,"Recent demand is volatile, so the forecast is kept conservative."
13-Sep-2026,2026-09-13,RIM-SUPERGEL-TOPCOAT,,2,,0,,0,,0,,2,"Recent demand is declining, so the forecast is lower."
13-Sep-2026,2026-09-13,RIM-SUPERGEL-TOPCOAT-2PK,,0,,0,,0,,0,,0,"Recent demand is volatile, so the forecast is kept conservative."
13-Sep-2026,2026-09-13,RIM-ULTIMATE-PRM-001,,0,,0,,0,,0,,0,Current stock availability is limiting observed demand.
13-Sep-2026,2026-09-13,RIM-ULTIMATE-PRM-001-2PK,,0,,0,,0,,0,,0,Current stock availability is limiting observed demand.
13-Sep-2026,2026-09-13,RIM-ULTIMATE-PRM-001-3PK,,0,,0,,0,,0,,0,"Demand is intermittent, so the forecast remains conservative."
13-Sep-2026,2026-09-13,RIM-ULTIMATE-PRM-001-5PK,,0,,0,,0,,0,,0,"Demand is intermittent, so the forecast remains conservative."
13-Sep-2026,2026-09-13,RIM-WNDCLOUD-LIQ-ES-001,,0,,0,,0,,0,,0,"Demand is intermittent, so the forecast remains conservative."
13-Sep-2026,2026-09-13,RIM-WNDCLOUD-LIQ-ES-002,,0,,0,,0,,0,,0,Current stock availability is limiting observed demand.
13-Sep-2026,2026-09-13,RIM-WNDCLOUD-LIQ-ES-004,,0,,0,,0,,0,,0,"Demand is intermittent, so the forecast remains conservative."
13-Sep-2026,2026-09-13,RIM-WNDCLOUD-LIQ-ES-005,,0,,0,,0,,0,,0,"Demand is intermittent, so the forecast remains conservative."
13-Sep-2026,2026-09-13,RIM-WNDCLOUD-LIQ-ES-006,,0,,0,,0,,0,,0,Current stock availability is limiting observed demand.
13-Sep-2026,2026-09-13,RIM-WNDCLOUD-LIQ-ES-007,,0,,0,,0,,0,,0,"Demand is intermittent, so the forecast remains conservative."
13-Sep-2026,2026-09-13,RIM-WONDER-SERUM,,0,,0,,0,,0,,0,"Recent demand is volatile, so the forecast is kept conservative."
13-Sep-2026,2026-09-13,RIM-WONDERF-BROW-001,,0,,0,,0,,0,,0,Current stock availability is limiting observed demand.
13-Sep-2026,2026-09-13,RIM-WONDERF-BROW-002,,1,,0,,0,,0,,1,"Recent demand is volatile, so the forecast is kept conservative."
13-Sep-2026,2026-09-13,RIM-WONDERF-BROW-003,,7,,0,,0,,0,,7,"Recent demand is volatile, so the forecast is kept conservative."
13-Sep-2026,2026-09-13,RIM-WONDERF-GEL-004,,0,,0,,0,,0,,0,Current stock availability is limiting observed demand.
13-Sep-2026,2026-09-13,RIM-WONDERINK-EL-001,,0,,0,,0,,0,,0,"Demand is intermittent, so the forecast remains conservative."
13-Sep-2026,2026-09-13,RIM-WONDERINK-LIQ-EL-002,,0,,0,,0,,0,,0,"Recent demand is volatile, so the forecast is kept conservative."
13-Sep-2026,2026-09-13,RIM-WONDERINK-LIQ-EL-003,,0,,0,,0,,0,,0,"Demand is intermittent, so the forecast remains conservative."
13-Sep-2026,2026-09-13,RIM-WONDERINK-LIQ-EL-005,,0,,0,,0,,0,,0,"Demand is intermittent, so the forecast remains conservative."
13-Sep-2026,2026-09-13,RIM-WONDERLAST-001,,0,,0,,0,,0,,0,"Demand is intermittent, so the forecast remains conservative."
13-Sep-2026,2026-09-13,RIM-WONDERLAST-002,,0,,0,,0,,0,,0,"Demand is intermittent, so the forecast remains conservative."
13-Sep-2026,2026-09-13,RIM-WONDERLAST-003,,0,,0,,0,,0,,0,"Demand is intermittent, so the forecast remains conservative."
13-Sep-2026,2026-09-13,RIM-WONDERLAST-004,,0,,0,,0,,0,,0,"Demand is intermittent, so the forecast remains conservative."
13-Sep-2026,2026-09-13,RIM-WONDERPROOF-EL-006,,0,,0,,0,,0,,0,"Demand is intermittent, so the forecast remains conservative."
13-Sep-2026,2026-09-13,RIM-WS2IN1-002,,0,,0,,0,,0,,0,"Demand is intermittent, so the forecast remains conservative."
13-Sep-2026,2026-09-13,RIM-WS2IN1-003,,0,,0,,0,,0,,0,"Demand is intermittent, so the forecast remains conservative."
14-Sep-2026,2026-09-14,RIM-100WP-BLK,,0,,3,,0,,0,,3,"Recent demand is volatile, so the forecast is kept conservative."
14-Sep-2026,2026-09-14,RIM-1KLL-071,,0,,0,,0,,0,,0,Current stock availability is limiting observed demand.
14-Sep-2026,2026-09-14,RIM-1KLL-080,,0,,0,,0,,0,,0,Current stock availability is limiting observed demand.
14-Sep-2026,2026-09-14,RIM-1KLL-081,,0,,0,,0,,0,,0,"Demand is intermittent, so the forecast remains conservative."
14-Sep-2026,2026-09-14,RIM-BBCREAM-LIGHT,,0,,1,,0,,0,,1,"Recent demand is volatile, so the forecast is kept conservative."
14-Sep-2026,2026-09-14,RIM-BBCREAM-MEDIUM,,0,,0,,0,,0,,0,Current stock availability is limiting observed demand.
14-Sep-2026,2026-09-14,RIM-BBCREAM-VERYLIGHT,,0,,0,,0,,0,,0,Current stock availability is limiting observed demand.
14-Sep-2026,2026-09-14,RIM-BTW-BSK-DRKBRW,,2,,1,,0,,0,,3,"Recent demand is volatile, so the forecast is kept conservative."
14-Sep-2026,2026-09-14,RIM-BTW-BSK-DRKBRW-2PK,,0,,0,,0,,0,,0,"Recent demand is volatile, so the forecast is kept conservative."
14-Sep-2026,2026-09-14,RIM-BTW-BSK-DRKBRW-3PK,,0,,0,,0,,0,,0,"Demand is intermittent, so the forecast remains conservative."
14-Sep-2026,2026-09-14,RIM-BTW-BSK-MEDBRW,,0,,2,,0,,0,,2,"Demand is intermittent, so the forecast remains conservative."
14-Sep-2026,2026-09-14,RIM-BTW-BSK-MEDBRW-2PK,,0,,0,,0,,0,,0,"Demand is intermittent, so the forecast remains conservative."
14-Sep-2026,2026-09-14,RIM-BTW-BSK-MEDBRW-3PK,,0,,0,,0,,0,,0,"Recent demand is volatile, so the forecast is kept conservative."
14-Sep-2026,2026-09-14,RIM-BTW-F&S-001,,0,,0,,0,,0,,0,"Recent demand is volatile, so the forecast is kept conservative."
14-Sep-2026,2026-09-14,RIM-BTW-F&S-002,,0,,0,,0,,0,,0,"Recent demand is volatile, so the forecast is kept conservative."
14-Sep-2026,2026-09-14,RIM-BTW-F&S-003,,6,,0,,0,,0,,6,"Recent demand is volatile, so the forecast is kept conservative."
14-Sep-2026,2026-09-14,RIM-BTW-F&S-004,,0,,0,,0,,0,,0,"Demand is intermittent, so the forecast remains conservative."
14-Sep-2026,2026-09-14,RIM-BTWEYEBROW-003,,0,,0,,0,,0,,0,Current stock availability is limiting observed demand.
14-Sep-2026,2026-09-14,RIM-BTWEYEBROW-005,,0,,0,,0,,0,,0,"Demand is intermittent, so the forecast remains conservative."
14-Sep-2026,2026-09-14,RIM-BTWEYEBROW-005-2PK,,0,,0,,0,,0,,0,"Demand is intermittent, so the forecast remains conservative."
14-Sep-2026,2026-09-14,RIM-BTWEYEBROW-005-3PK,,0,,0,,0,,0,,0,"Demand is intermittent, so the forecast remains conservative."
14-Sep-2026,2026-09-14,RIM-BTWEYEBROW-005-5PK,,0,,0,,0,,0,,0,"Demand is intermittent, so the forecast remains conservative."
14-Sep-2026,2026-09-14,RIM-BTWEYEBROW-006,,0,,0,,0,,0,,0,Current stock availability is limiting observed demand.
14-Sep-2026,2026-09-14,RIM-BTWEYEBROW-006-2PK,,0,,0,,0,,0,,0,"Demand is intermittent, so the forecast remains conservative."
14-Sep-2026,2026-09-14,RIM-BTWEYEBROW-006-5PK,,0,,0,,0,,0,,0,"Demand is intermittent, so the forecast remains conservative."
14-Sep-2026,2026-09-14,RIM-BTWFIBRE-001,,0,,0,,0,,0,,0,Current stock availability is limiting observed demand.
14-Sep-2026,2026-09-14,RIM-BTWFIBRE-003,,0,,0,,0,,0,,0,Current stock availability is limiting observed demand.
14-Sep-2026,2026-09-14,RIM-BUNDLE-LIP-SET-PINK-NUDES,,0,,0,,0,,0,,0,"Demand is intermittent, so the forecast remains conservative."
14-Sep-2026,2026-09-14,RIM-BUNDLE-MSC-BLK-WP-TRIO,,0,,0,,0,,0,,0,Current stock availability is limiting observed demand.
14-Sep-2026,2026-09-14,RIM-EBP-BLKBRW,,0,,0,,0,,0,,0,Current stock availability is limiting observed demand.
14-Sep-2026,2026-09-14,RIM-EBP-BLKBRW-2PK,,0,,0,,0,,0,,0,"Demand is intermittent, so the forecast remains conservative."
14-Sep-2026,2026-09-14,RIM-EBP-BLKBRW-5PK,,0,,0,,0,,0,,0,"Recent demand is volatile, so the forecast is kept conservative."
14-Sep-2026,2026-09-14,RIM-EBP-DRKBRW,,12,,2,,0,,0,,14,Stable historical demand with consistent recent sales.
14-Sep-2026,2026-09-14,RIM-EBP-DRKBRW-5PK,,0,,0,,0,,0,,0,"Demand is intermittent, so the forecast remains conservative."
14-Sep-2026,2026-09-14,RIM-EBP-HAZEL,,0,,0,,0,,0,,0,Current stock availability is limiting observed demand.
14-Sep-2026,2026-09-14,RIM-EBP-HAZEL-5PK,,0,,0,,0,,0,,0,"Demand is intermittent, so the forecast remains conservative."
14-Sep-2026,2026-09-14,RIM-ELP-021,,0,,0,,0,,0,,0,"Recent demand is volatile, so the forecast is kept conservative."
14-Sep-2026,2026-09-14,RIM-ELP-061,,0,,1,,0,,0,,1,"Recent demand is volatile, so the forecast is kept conservative."
14-Sep-2026,2026-09-14,RIM-ELP-061-2PK,,0,,0,,0,,0,,0,"Demand is intermittent, so the forecast remains conservative."
14-Sep-2026,2026-09-14,RIM-ELP-061-6PK,,0,,0,,0,,0,,0,"Recent demand is volatile, so the forecast is kept conservative."
14-Sep-2026,2026-09-14,RIM-ELP-064,,1,,0,,0,,0,,1,"Recent demand is volatile, so the forecast is kept conservative."
14-Sep-2026,2026-09-14,RIM-ELP-064-2PK,,0,,0,,0,,0,,0,"Recent demand is volatile, so the forecast is kept conservative."
14-Sep-2026,2026-09-14,RIM-ELP-064-3PK,,0,,0,,0,,0,,0,"Demand is intermittent, so the forecast remains conservative."
14-Sep-2026,2026-09-14,RIM-ELP-064-5PK,,0,,0,,0,,0,,0,"Demand is intermittent, so the forecast remains conservative."
14-Sep-2026,2026-09-14,RIM-ELP-071,,0,,0,,0,,0,,0,"Recent demand is volatile, so the forecast is kept conservative."
14-Sep-2026,2026-09-14,RIM-ELP-071-2PK,,0,,0,,0,,0,,0,"Demand is intermittent, so the forecast remains conservative."
14-Sep-2026,2026-09-14,RIM-ELP-071-3PK,,0,,0,,0,,0,,0,"Demand is intermittent, so the forecast remains conservative."
14-Sep-2026,2026-09-14,RIM-ELP-071-5PK,,0,,0,,0,,0,,0,"Demand is intermittent, so the forecast remains conservative."
14-Sep-2026,2026-09-14,RIM-EXAG-EYEL-001,,0,,1,,0,,0,,1,"Recent demand is volatile, so the forecast is kept conservative."
14-Sep-2026,2026-09-14,RIM-EXAG-EYEL-001-2PK,,0,,0,,0,,0,,0,"Recent demand is volatile, so the forecast is kept conservative."
14-Sep-2026,2026-09-14,RIM-EXAG-EYEL-001-3PK,,0,,0,,0,,0,,0,"Recent demand is volatile, so the forecast is kept conservative."
14-Sep-2026,2026-09-14,RIM-EXAG-EYEL-001-5PK,,0,,0,,0,,0,,0,"Demand is intermittent, so the forecast remains conservative."
14-Sep-2026,2026-09-14,RIM-EXAG-EYEL-003-WP,,0,,0,,0,,0,,0,"Demand is intermittent, so the forecast remains conservative."
14-Sep-2026,2026-09-14,RIM-EXGEL-230,,0,,0,,0,,0,,0,"Demand is intermittent, so the forecast remains conservative."
14-Sep-2026,2026-09-14,RIM-EXGEL-240,,0,,0,,0,,0,,0,Current stock availability is limiting observed demand.
14-Sep-2026,2026-09-14,RIM-FDT-MATCH-101,,0,,0,,0,,0,,0,Current stock availability is limiting observed demand.
14-Sep-2026,2026-09-14,RIM-FDT-MATCH-103,,0,,0,,0,,0,,0,Current stock availability is limiting observed demand.
14-Sep-2026,2026-09-14,RIM-FDT-MATCH-200,,0,,0,,0,,0,,0,"Recent demand is volatile, so the forecast is kept conservative."
14-Sep-2026,2026-09-14,RIM-FDT-MATCH-203,,0,,0,,0,,0,,0,"Recent demand is volatile, so the forecast is kept conservative."
14-Sep-2026,2026-09-14,RIM-FDT-MATCH-300,,0,,0,,0,,0,,0,Current stock availability is limiting observed demand.
14-Sep-2026,2026-09-14,RIM-FDT-MATCH-400,,0,,0,,0,,0,,0,Current stock availability is limiting observed demand.
14-Sep-2026,2026-09-14,RIM-FDT-MATCH-501,,0,,0,,0,,0,,0,"Demand is intermittent, so the forecast remains conservative."
14-Sep-2026,2026-09-14,RIM-FIX&PROT-PRIMER,,0,,0,,0,,0,,0,Current stock availability is limiting observed demand.
14-Sep-2026,2026-09-14,RIM-GENTLE-EYE-MAKEUP-RMVR-125ML,,0,,0,,0,,0,,0,Current stock availability is limiting observed demand.
14-Sep-2026,2026-09-14,RIM-GLAMEYES-LL-001,,0,,0,,0,,0,,0,"Recent demand is volatile, so the forecast is kept conservative."
14-Sep-2026,2026-09-14,RIM-GLAMEYES-LL-001-2PK,,0,,0,,0,,0,,0,"Recent demand is volatile, so the forecast is kept conservative."
14-Sep-2026,2026-09-14,RIM-GLAMEYES-LL-002,,0,,0,,0,,0,,0,Current stock availability is limiting observed demand.
14-Sep-2026,2026-09-14,RIM-HIGHLIGHT-001,,0,,0,,0,,0,,0,"Recent demand is volatile, so the forecast is kept conservative."
14-Sep-2026,2026-09-14,RIM-HIGHLIGHT-002,,0,,0,,0,,0,,0,"Recent demand is volatile, so the forecast is kept conservative."
14-Sep-2026,2026-09-14,RIM-HTB-001,,0,,0,,0,,0,,0,Current stock availability is limiting observed demand.
14-Sep-2026,2026-09-14,RIM-HTB-001-2PK,,0,,0,,0,,0,,0,"Demand is intermittent, so the forecast remains conservative."
14-Sep-2026,2026-09-14,RIM-HTB-001-3PK,,0,,0,,0,,0,,0,"Demand is intermittent, so the forecast remains conservative."
14-Sep-2026,2026-09-14,RIM-HTB-001-5PK,,0,,0,,0,,0,,0,"Demand is intermittent, so the forecast remains conservative."
14-Sep-2026,2026-09-14,RIM-HTB-002,,0,,0,,0,,0,,0,Current stock availability is limiting observed demand.
14-Sep-2026,2026-09-14,RIM-HTB-004,,0,,3,,0,,0,,3,"Recent demand is volatile, so the forecast is kept conservative."
14-Sep-2026,2026-09-14,RIM-HTB-004-2PK,,0,,0,,0,,0,,0,"Recent demand is volatile, so the forecast is kept conservative."
14-Sep-2026,2026-09-14,RIM-HTB-004-3PK,,0,,0,,0,,0,,0,"Recent demand is volatile, so the forecast is kept conservative."
14-Sep-2026,2026-09-14,RIM-HTB-004-5PK,,0,,0,,0,,0,,0,"Recent demand is volatile, so the forecast is kept conservative."
14-Sep-2026,2026-09-14,RIM-HTB-103,,0,,0,,0,,0,,0,Current stock availability is limiting observed demand.
14-Sep-2026,2026-09-14,RIM-HTB-103-2PK,,0,,0,,0,,0,,0,Current stock availability is limiting observed demand.
14-Sep-2026,2026-09-14,RIM-HTB-103-3PK,,0,,0,,0,,0,,0,"Demand is intermittent, so the forecast remains conservative."
14-Sep-2026,2026-09-14,RIM-HTB-103-5PK,,0,,0,,0,,0,,0,"Demand is intermittent, so the forecast remains conservative."
14-Sep-2026,2026-09-14,RIM-HTB-105,,0,,1,,0,,0,,1,"Recent demand is volatile, so the forecast is kept conservative."
14-Sep-2026,2026-09-14,RIM-INSTACC-GREEN,,0,,0,,0,,0,,0,Current stock availability is limiting observed demand.
14-Sep-2026,2026-09-14,RIM-INSTACC-LAVENDER,,0,,0,,0,,0,,0,Current stock availability is limiting observed demand.
14-Sep-2026,2026-09-14,RIM-INSTAFIX-SPRAY,,0,,0,,0,,0,,0,Current stock availability is limiting observed demand.
14-Sep-2026,2026-09-14,RIM-JELLY-010,,0,,0,,0,,0,,0,"Demand is intermittent, so the forecast remains conservative."
14-Sep-2026,2026-09-14,RIM-JELLY-020,,0,,0,,0,,0,,0,"Demand is intermittent, so the forecast remains conservative."
14-Sep-2026,2026-09-14,RIM-JELLY-040,,0,,0,,0,,0,,0,"Demand is intermittent, so the forecast remains conservative."
14-Sep-2026,2026-09-14,RIM-KATE-NUDE-LS-040,,0,,0,,0,,0,,0,Current stock availability is limiting observed demand.
14-Sep-2026,2026-09-14,RIM-KATE-NUDE-LS-042,,0,,0,,0,,0,,0,Current stock availability is limiting observed demand.
14-Sep-2026,2026-09-14,RIM-KATE-NUDE-LS-045,,0,,0,,0,,0,,0,Current stock availability is limiting observed demand.
14-Sep-2026,2026-09-14,RIM-KATE-NUDE-LS-045-5PK,,0,,0,,0,,0,,0,Current stock availability is limiting observed demand.
14-Sep-2026,2026-09-14,RIM-KATE-NUDE-LS-048,,0,,0,,0,,0,,0,Current stock availability is limiting observed demand.
14-Sep-2026,2026-09-14,RIM-KATE-SCULPTPAL-002,,0,,0,,0,,0,,0,Current stock availability is limiting observed demand.
14-Sep-2026,2026-09-14,RIM-KATE-SCULPTPAL-002-2PK,,0,,0,,0,,0,,0,"Demand is intermittent, so the forecast remains conservative."
14-Sep-2026,2026-09-14,RIM-KATE-SCULPTPAL-002-3PK,,0,,0,,0,,0,,0,"Demand is intermittent, so the forecast remains conservative."
14-Sep-2026,2026-09-14,RIM-KATE-SCULPTPAL-002-5PK,,0,,0,,0,,0,,0,"Demand is intermittent, so the forecast remains conservative."
14-Sep-2026,2026-09-14,RIM-KF-BROW-DEFINER-001,,0,,0,,0,,0,,0,"Demand is intermittent, so the forecast remains conservative."
14-Sep-2026,2026-09-14,RIM-KF-BROW-DEFINER-002,,0,,0,,0,,0,,0,"Demand is intermittent, so the forecast remains conservative."
14-Sep-2026,2026-09-14,RIM-KF-BROW-DEFINER-004,,0,,0,,0,,0,,0,"Demand is intermittent, so the forecast remains conservative."
14-Sep-2026,2026-09-14,RIM-KF-BROW-DEFINER-005,,0,,0,,0,,0,,0,"Demand is intermittent, so the forecast remains conservative."
14-Sep-2026,2026-09-14,RIM-KF-BROW-DEFINER-006,,0,,0,,0,,0,,0,"Recent demand is volatile, so the forecast is kept conservative."
14-Sep-2026,2026-09-14,RIM-KF-CCLR-010,,0,,0,,0,,0,,0,Current stock availability is limiting observed demand.
14-Sep-2026,2026-09-14,RIM-KF-CCLR-020,,0,,0,,0,,0,,0,Current stock availability is limiting observed demand.
14-Sep-2026,2026-09-14,RIM-KF-CCLR-030,,0,,0,,0,,0,,0,"Demand is intermittent, so the forecast remains conservative."
14-Sep-2026,2026-09-14,RIM-KF-CCLR-040,,0,,0,,0,,0,,0,"Demand is intermittent, so the forecast remains conservative."
14-Sep-2026,2026-09-14,RIM-KF-EYE-DEFINER-02,,0,,0,,0,,0,,0,"Demand is intermittent, so the forecast remains conservative."
14-Sep-2026,2026-09-14,RIM-KF-EYE-DEFINER-03,,0,,0,,0,,0,,0,"Demand is intermittent, so the forecast remains conservative."
14-Sep-2026,2026-09-14,RIM-KF-EYE-DEFINER-04,,0,,0,,0,,0,,0,"Demand is intermittent, so the forecast remains conservative."
14-Sep-2026,2026-09-14,RIM-KF-EYE-DEFINER-05,,0,,0,,0,,0,,0,"Demand is intermittent, so the forecast remains conservative."
14-Sep-2026,2026-09-14,RIM-KF-EYE-DEFINER-06,,0,,0,,0,,0,,0,"Demand is intermittent, so the forecast remains conservative."
14-Sep-2026,2026-09-14,RIM-KF-FDT-001,,0,,0,,0,,0,,0,Current stock availability is limiting observed demand.
14-Sep-2026,2026-09-14,RIM-KF-FDT-103,,0,,0,,0,,0,,0,"Demand is intermittent, so the forecast remains conservative."
14-Sep-2026,2026-09-14,RIM-KF-FDT-150,,0,,0,,0,,0,,0,"Demand is intermittent, so the forecast remains conservative."
14-Sep-2026,2026-09-14,RIM-KF-FDT-210,,0,,0,,0,,0,,0,"Demand is intermittent, so the forecast remains conservative."
14-Sep-2026,2026-09-14,RIM-KF-FDT-410,,0,,0,,0,,0,,0,"Demand is intermittent, so the forecast remains conservative."
14-Sep-2026,2026-09-14,RIM-KF-MSC-BLACK,,0,,0,,0,,0,,0,"Demand is intermittent, so the forecast remains conservative."
14-Sep-2026,2026-09-14,RIM-KF-MSC-BROWN,,0,,0,,0,,0,,0,Current stock availability is limiting observed demand.
14-Sep-2026,2026-09-14,RIM-KF-MULTISTICK-002,,0,,0,,0,,0,,0,"Demand is intermittent, so the forecast remains conservative."
14-Sep-2026,2026-09-14,RIM-KF-MULTISTICK-003,,0,,0,,0,,0,,0,"Demand is intermittent, so the forecast remains conservative."
14-Sep-2026,2026-09-14,RIM-KF-MULTISTICK-004,,0,,0,,0,,0,,0,Current stock availability is limiting observed demand.
14-Sep-2026,2026-09-14,RIM-KF-MULTISTICK-005,,0,,0,,0,,0,,0,"Demand is intermittent, so the forecast remains conservative."
14-Sep-2026,2026-09-14,RIM-KF-NAIL-150,,0,,0,,0,,0,,0,"Demand is intermittent, so the forecast remains conservative."
14-Sep-2026,2026-09-14,RIM-KF-NAIL-151,,0,,0,,0,,0,,0,"Demand is intermittent, so the forecast remains conservative."
14-Sep-2026,2026-09-14,RIM-KF-NAIL-152,,0,,0,,0,,0,,0,"Demand is intermittent, so the forecast remains conservative."
14-Sep-2026,2026-09-14,RIM-KF-NAIL-153,,0,,0,,0,,0,,0,"Demand is intermittent, so the forecast remains conservative."
14-Sep-2026,2026-09-14,RIM-KF-NAIL-154,,0,,0,,0,,0,,0,"Demand is intermittent, so the forecast remains conservative."
14-Sep-2026,2026-09-14,RIM-KF-NAIL-155,,0,,0,,0,,0,,0,"Demand is intermittent, so the forecast remains conservative."
14-Sep-2026,2026-09-14,RIM-KF-NAIL-156,,0,,0,,0,,0,,0,Current stock availability is limiting observed demand.
14-Sep-2026,2026-09-14,RIM-KF-NAIL-157,,0,,0,,0,,0,,0,"Demand is intermittent, so the forecast remains conservative."
14-Sep-2026,2026-09-14,RIM-KF-NAIL-158,,0,,0,,0,,0,,0,"Demand is intermittent, so the forecast remains conservative."
14-Sep-2026,2026-09-14,RIM-KF-NAIL-160,,0,,0,,0,,0,,0,Current stock availability is limiting observed demand.
14-Sep-2026,2026-09-14,RIM-KF-NAIL-162,,0,,0,,0,,0,,0,"Demand is intermittent, so the forecast remains conservative."
14-Sep-2026,2026-09-14,RIM-KF-NAIL-163,,0,,0,,0,,0,,0,"Demand is intermittent, so the forecast remains conservative."
14-Sep-2026,2026-09-14,RIM-KF-NAIL-164,,0,,0,,0,,0,,0,"Demand is intermittent, so the forecast remains conservative."
14-Sep-2026,2026-09-14,RIM-KF-NAIL-167,,0,,0,,0,,0,,0,Current stock availability is limiting observed demand.
14-Sep-2026,2026-09-14,RIM-KF-NAIL-168,,0,,0,,0,,0,,0,Current stock availability is limiting observed demand.
14-Sep-2026,2026-09-14,RIM-KF-NAIL-169,,0,,0,,0,,0,,0,"Demand is intermittent, so the forecast remains conservative."
14-Sep-2026,2026-09-14,RIM-KF-NAIL-170,,0,,0,,0,,0,,0,Current stock availability is limiting observed demand.
14-Sep-2026,2026-09-14,RIM-KF-PWDR-001,,0,,0,,0,,0,,0,"Recent demand is volatile, so the forecast is kept conservative."
14-Sep-2026,2026-09-14,RIM-KF-PWDR-001-2PK,,0,,0,,0,,0,,0,"Demand is intermittent, so the forecast remains conservative."
14-Sep-2026,2026-09-14,RIM-KF-PWDR-001-5PK,,0,,0,,0,,0,,0,"Demand is intermittent, so the forecast remains conservative."
14-Sep-2026,2026-09-14,RIM-KF-PWDR-010,,0,,0,,0,,0,,0,"Recent demand is volatile, so the forecast is kept conservative."
14-Sep-2026,2026-09-14,RIM-KF-PWDR-020,,0,,0,,0,,0,,0,"Recent demand is volatile, so the forecast is kept conservative."
14-Sep-2026,2026-09-14,RIM-KF-PWDR-030,,0,,0,,0,,0,,0,"Recent demand is volatile, so the forecast is kept conservative."
14-Sep-2026,2026-09-14,RIM-KF-PWDR-030-2PK,,0,,0,,0,,0,,0,"Recent demand is volatile, so the forecast is kept conservative."
14-Sep-2026,2026-09-14,RIM-KF-PWDR-030-5PK,,0,,0,,0,,0,,0,"Recent demand is volatile, so the forecast is kept conservative."
14-Sep-2026,2026-09-14,RIM-KF-PWDR-040,,0,,0,,0,,0,,0,Current stock availability is limiting observed demand.
14-Sep-2026,2026-09-14,RIM-KF-PWDR-050,,0,,0,,0,,0,,0,"Recent demand is volatile, so the forecast is kept conservative."
14-Sep-2026,2026-09-14,RIM-KOHL-KJEL-001,,0,,0,,0,,0,,0,Current stock availability is limiting observed demand.
14-Sep-2026,2026-09-14,RIM-KOHL-KJEL-002,,0,,0,,0,,0,,0,Current stock availability is limiting observed demand.
14-Sep-2026,2026-09-14,RIM-KOHL-KJEL-004,,0,,0,,0,,0,,0,"Demand is intermittent, so the forecast remains conservative."
14-Sep-2026,2026-09-14,RIM-LAST-AUTOLIP-018,,0,,0,,0,,0,,0,Current stock availability is limiting observed demand.
14-Sep-2026,2026-09-14,RIM-LAST-AUTOLIP-018-2PK,,0,,0,,0,,0,,0,"Demand is intermittent, so the forecast remains conservative."
14-Sep-2026,2026-09-14,RIM-LAST-AUTOLIP-018-3PK,,0,,0,,0,,0,,0,"Demand is intermittent, so the forecast remains conservative."
14-Sep-2026,2026-09-14,RIM-LAST-AUTOLIP-018-5PK,,0,,0,,0,,0,,0,"Demand is intermittent, so the forecast remains conservative."
14-Sep-2026,2026-09-14,RIM-LAST-AUTOLIP-024,,0,,0,,0,,0,,0,"Demand is intermittent, so the forecast remains conservative."
14-Sep-2026,2026-09-14,RIM-LAST-AUTOLIP-045,,0,,0,,0,,0,,0,Current stock availability is limiting observed demand.
14-Sep-2026,2026-09-14,RIM-LAST-AUTOLIP-063,,0,,0,,0,,0,,0,Current stock availability is limiting observed demand.
14-Sep-2026,2026-09-14,RIM-LAST-AUTOLIP-063-3PK,,0,,0,,0,,0,,0,"Demand is intermittent, so the forecast remains conservative."
14-Sep-2026,2026-09-14,RIM-LAST-AUTOLIP-070,,0,,0,,0,,0,,0,"Demand is intermittent, so the forecast remains conservative."
14-Sep-2026,2026-09-14,RIM-LAST-AUTOLIP-105,,0,,0,,0,,0,,0,"Demand is intermittent, so the forecast remains conservative."
14-Sep-2026,2026-09-14,RIM-LAST-MEGA-MATTE-LIQ-LPK-110,,0,,0,,0,,0,,0,"Demand is intermittent, so the forecast remains conservative."
14-Sep-2026,2026-09-14,RIM-LAST-MEGA-MATTE-LIQ-LPK-210,,0,,0,,0,,0,,0,"Demand is intermittent, so the forecast remains conservative."
14-Sep-2026,2026-09-14,RIM-LAST-MEGA-MATTE-LIQ-LPK-600,,0,,0,,0,,0,,0,Current stock availability is limiting observed demand.
14-Sep-2026,2026-09-14,RIM-LAST-MEGA-MATTE-LIQ-LPK-700,,0,,0,,0,,0,,0,"Recent demand is volatile, so the forecast is kept conservative."
14-Sep-2026,2026-09-14,RIM-LAST-MEGA-MATTE-LIQ-LPK-709,,0,,0,,0,,0,,0,"Demand is intermittent, so the forecast remains conservative."
14-Sep-2026,2026-09-14,RIM-LAST-MEGA-MATTE-LIQ-LPK-910,,0,,0,,0,,0,,0,"Demand is intermittent, so the forecast remains conservative."
14-Sep-2026,2026-09-14,RIM-LAST-MEGA-MATTE-LIQ-LPK-930,,0,,0,,0,,0,,0,"Demand is intermittent, so the forecast remains conservative."
14-Sep-2026,2026-09-14,RIM-LASTCCLR-001,,0,,0,,0,,0,,0,Current stock availability is limiting observed demand.
14-Sep-2026,2026-09-14,RIM-LASTCCLR-010,,0,,0,,0,,0,,0,Current stock availability is limiting observed demand.
14-Sep-2026,2026-09-14,RIM-LASTCCLR-020,,0,,0,,0,,0,,0,Current stock availability is limiting observed demand.
14-Sep-2026,2026-09-14,RIM-LASTCOMPACT-004,,0,,0,,0,,0,,0,Current stock availability is limiting observed demand.
14-Sep-2026,2026-09-14,RIM-LASTCOMPACT-005,,0,,0,,0,,0,,0,Current stock availability is limiting observed demand.
14-Sep-2026,2026-09-14,RIM-LASTCOMPACT-007,,0,,0,,0,,0,,0,Current stock availability is limiting observed demand.
14-Sep-2026,2026-09-14,RIM-LASTCOMPACT-008,,0,,0,,0,,0,,0,Current stock availability is limiting observed demand.
14-Sep-2026,2026-09-14,RIM-LASTCOMPACT-009,,0,,0,,0,,0,,0,"Demand is intermittent, so the forecast remains conservative."
14-Sep-2026,2026-09-14,RIM-LASTCOMPACT-011,,0,,0,,0,,0,,0,"Demand is intermittent, so the forecast remains conservative."
14-Sep-2026,2026-09-14,RIM-LASTCOMPACT-012,,0,,0,,0,,0,,0,Current stock availability is limiting observed demand.
14-Sep-2026,2026-09-14,RIM-LASTFIN-EXTMATT-LPK-160,,0,,0,,0,,0,,0,Current stock availability is limiting observed demand.
14-Sep-2026,2026-09-14,RIM-LASTFIN-EXTMATT-LPK-600,,0,,0,,0,,0,,0,Current stock availability is limiting observed demand.
14-Sep-2026,2026-09-14,RIM-LASTFIN-EXTMATT-LPK-710,,0,,0,,0,,0,,0,Current stock availability is limiting observed demand.
14-Sep-2026,2026-09-14,RIM-LASTFIN-EXTMATT-LPK-840,,0,,0,,0,,0,,0,Current stock availability is limiting observed demand.
14-Sep-2026,2026-09-14,RIM-LASTFIN-PRIMER,,0,,0,,0,,0,,0,Current stock availability is limiting observed demand.
14-Sep-2026,2026-09-14,RIM-LASTING-PROV-115,,0,,0,,0,,0,,0,"Demand is intermittent, so the forecast remains conservative."
14-Sep-2026,2026-09-14,RIM-LASTING-PROV-210,,0,,0,,0,,0,,0,"Recent demand is volatile, so the forecast is kept conservative."
14-Sep-2026,2026-09-14,RIM-LASTING-PROV-220,,0,,0,,0,,0,,0,"Demand is intermittent, so the forecast remains conservative."
14-Sep-2026,2026-09-14,RIM-LASTING-PROV-310,,0,,0,,0,,0,,0,"Demand is intermittent, so the forecast remains conservative."
14-Sep-2026,2026-09-14,RIM-LASTING-PROV-400,,0,,0,,0,,0,,0,"Demand is intermittent, so the forecast remains conservative."
14-Sep-2026,2026-09-14,RIM-LASTING-PROV-410,,0,,0,,0,,0,,0,"Demand is intermittent, so the forecast remains conservative."
14-Sep-2026,2026-09-14,RIM-LASTING-PROV-440,,0,,0,,0,,0,,0,"Demand is intermittent, so the forecast remains conservative."
14-Sep-2026,2026-09-14,RIM-LASTING-PROV-500,,0,,0,,0,,0,,0,"Recent demand is volatile, so the forecast is kept conservative."
14-Sep-2026,2026-09-14,RIM-LASTING-PROV-570,,0,,0,,0,,0,,0,"Demand is intermittent, so the forecast remains conservative."
14-Sep-2026,2026-09-14,RIM-LASTING-PROV-600,,0,,0,,0,,0,,0,Current stock availability is limiting observed demand.
14-Sep-2026,2026-09-14,RIM-LASTING-PROV-730,,0,,0,,0,,0,,0,"Demand is intermittent, so the forecast remains conservative."
14-Sep-2026,2026-09-14,RIM-LASTING-PROV-740,,0,,0,,0,,0,,0,"Demand is intermittent, so the forecast remains conservative."
14-Sep-2026,2026-09-14,RIM-LASTLIP-110,,0,,0,,0,,0,,0,"Recent demand is volatile, so the forecast is kept conservative."
14-Sep-2026,2026-09-14,RIM-LASTLIP-120,,0,,0,,0,,0,,0,"Recent demand is volatile, so the forecast is kept conservative."
14-Sep-2026,2026-09-14,RIM-LASTLIP-120-2PK,,0,,0,,0,,0,,0,"Demand is intermittent, so the forecast remains conservative."
14-Sep-2026,2026-09-14,RIM-LASTLIP-120-3PK,,0,,0,,0,,0,,0,"Demand is intermittent, so the forecast remains conservative."
14-Sep-2026,2026-09-14,RIM-LASTLIP-120-5PK,,0,,0,,0,,0,,0,"Recent demand is volatile, so the forecast is kept conservative."
14-Sep-2026,2026-09-14,RIM-LASTLIP-125,,0,,0,,0,,0,,0,"Recent demand is volatile, so the forecast is kept conservative."
14-Sep-2026,2026-09-14,RIM-LASTLIP-195,,0,,0,,0,,0,,0,"Recent demand is volatile, so the forecast is kept conservative."
14-Sep-2026,2026-09-14,RIM-LASTLIP-215,,0,,0,,0,,0,,0,"Recent demand is volatile, so the forecast is kept conservative."
14-Sep-2026,2026-09-14,RIM-LASTLIP-505,,0,,0,,0,,0,,0,"Recent demand is volatile, so the forecast is kept conservative."
14-Sep-2026,2026-09-14,RIM-LASTLIP-580,,0,,0,,0,,0,,0,"Recent demand is volatile, so the forecast is kept conservative."
14-Sep-2026,2026-09-14,RIM-LASTLIP-620,,2,,0,,0,,0,,2,"Recent demand is volatile, so the forecast is kept conservative."
14-Sep-2026,2026-09-14,RIM-LASTLIP-705,,0,,0,,0,,0,,0,"Recent demand is volatile, so the forecast is kept conservative."
14-Sep-2026,2026-09-14,RIM-LASTLIP-705-2PK,,0,,0,,0,,0,,0,"Demand is intermittent, so the forecast remains conservative."
14-Sep-2026,2026-09-14,RIM-LASTLIP-705-3PK,,0,,0,,0,,0,,0,"Recent demand is volatile, so the forecast is kept conservative."
14-Sep-2026,2026-09-14,RIM-LASTLIP-705-5PK,,0,,0,,0,,0,,0,"Demand is intermittent, so the forecast remains conservative."
14-Sep-2026,2026-09-14,RIM-LASTLIP-725,,0,,1,,0,,0,,1,"Recent demand is volatile, so the forecast is kept conservative."
14-Sep-2026,2026-09-14,RIM-LASTLIP-760,,0,,0,,0,,0,,0,"Recent demand is volatile, so the forecast is kept conservative."
14-Sep-2026,2026-09-14,RIM-LASTLIP-790,,0,,0,,0,,0,,0,"Demand is intermittent, so the forecast remains conservative."
14-Sep-2026,2026-09-14,RIM-LASTLIP-850,,0,,0,,0,,0,,0,"Recent demand is volatile, so the forecast is kept conservative."
14-Sep-2026,2026-09-14,RIM-LASTLIP-880,,0,,0,,0,,0,,0,"Recent demand is volatile, so the forecast is kept conservative."
14-Sep-2026,2026-09-14,RIM-LASTMAT-FDT-001,,0,,0,,0,,0,,0,Current stock availability is limiting observed demand.
14-Sep-2026,2026-09-14,RIM-LASTMAT-FDT-010,,0,,0,,0,,0,,0,Current stock availability is limiting observed demand.
14-Sep-2026,2026-09-14,RIM-LASTMAT-FDT-085,,0,,0,,0,,0,,0,Current stock availability is limiting observed demand.
14-Sep-2026,2026-09-14,RIM-LASTMAT-FDT-100,,0,,0,,0,,0,,0,Current stock availability is limiting observed demand.
14-Sep-2026,2026-09-14,RIM-LASTMAT-FDT-103,,0,,0,,0,,0,,0,Current stock availability is limiting observed demand.
14-Sep-2026,2026-09-14,RIM-LASTMAT-FDT-201,,0,,0,,0,,0,,0,Current stock availability is limiting observed demand.
14-Sep-2026,2026-09-14,RIM-LASTMAT-FDT-203,,0,,0,,0,,0,,0,Current stock availability is limiting observed demand.
14-Sep-2026,2026-09-14,RIM-LASTMAT-FDT-300,,0,,0,,0,,0,,0,Current stock availability is limiting observed demand.
14-Sep-2026,2026-09-14,RIM-LASTMAT-FDT-304,,0,,0,,0,,0,,0,Current stock availability is limiting observed demand.
14-Sep-2026,2026-09-14,RIM-LASTMAT-FDT-400,,0,,0,,0,,0,,0,Current stock availability is limiting observed demand.
14-Sep-2026,2026-09-14,RIM-LASTMAT-PRIMER,,0,,0,,0,,0,,0,Current stock availability is limiting observed demand.
14-Sep-2026,2026-09-14,RIM-LF-FDT-RG-001,,0,,0,,0,,0,,0,"Demand is intermittent, so the forecast remains conservative."
14-Sep-2026,2026-09-14,RIM-LF-FDT-RG-070,,0,,0,,0,,0,,0,"Demand is intermittent, so the forecast remains conservative."
14-Sep-2026,2026-09-14,RIM-LF-FDT-RG-103,,0,,0,,0,,0,,0,Current stock availability is limiting observed demand.
14-Sep-2026,2026-09-14,RIM-LF-FDT-RG-160,,0,,0,,0,,0,,0,"Demand is intermittent, so the forecast remains conservative."
14-Sep-2026,2026-09-14,RIM-LF-FDT-RG-170,,0,,0,,0,,0,,0,"Demand is intermittent, so the forecast remains conservative."
14-Sep-2026,2026-09-14,RIM-LF-FDT-RG-200,,0,,0,,0,,0,,0,Current stock availability is limiting observed demand.
14-Sep-2026,2026-09-14,RIM-LF-FDT-RG-203,,0,,0,,0,,0,,0,"Demand is intermittent, so the forecast remains conservative."
14-Sep-2026,2026-09-14,RIM-LF-FDT-RG-210,,0,,0,,0,,0,,0,Current stock availability is limiting observed demand.
14-Sep-2026,2026-09-14,RIM-LF-FDT-RG-303,,0,,0,,0,,0,,0,Current stock availability is limiting observed demand.
14-Sep-2026,2026-09-14,RIM-LF-LS-002,,0,,0,,0,,0,,0,Current stock availability is limiting observed demand.
14-Sep-2026,2026-09-14,RIM-LF-LS-006,,0,,0,,0,,0,,0,"Demand is intermittent, so the forecast remains conservative."
14-Sep-2026,2026-09-14,RIM-LF-LS-006-2PK,,0,,0,,0,,0,,0,"Demand is intermittent, so the forecast remains conservative."
14-Sep-2026,2026-09-14,RIM-LF-LS-006-3PK,,0,,0,,0,,0,,0,"Demand is intermittent, so the forecast remains conservative."
14-Sep-2026,2026-09-14,RIM-LF-LS-006-5PK,,0,,0,,0,,0,,0,"Demand is intermittent, so the forecast remains conservative."
14-Sep-2026,2026-09-14,RIM-LF-LS-058,,0,,0,,0,,0,,0,Current stock availability is limiting observed demand.
14-Sep-2026,2026-09-14,RIM-LF-LS-058-2PK,,0,,0,,0,,0,,0,"Demand is intermittent, so the forecast remains conservative."
14-Sep-2026,2026-09-14,RIM-LF-LS-058-3PK,,0,,0,,0,,0,,0,"Demand is intermittent, so the forecast remains conservative."
14-Sep-2026,2026-09-14,RIM-LF-LS-066,,0,,0,,0,,0,,0,Current stock availability is limiting observed demand.
14-Sep-2026,2026-09-14,RIM-LF-LS-066-2PK,,0,,0,,0,,0,,0,"Demand is intermittent, so the forecast remains conservative."
14-Sep-2026,2026-09-14,RIM-LF-LS-066-3PK,,0,,0,,0,,0,,0,Current stock availability is limiting observed demand.
14-Sep-2026,2026-09-14,RIM-LF-LS-066-5PK,,0,,0,,0,,0,,0,"Demand is intermittent, so the forecast remains conservative."
14-Sep-2026,2026-09-14,RIM-LF-LS-070,,0,,0,,0,,0,,0,Current stock availability is limiting observed demand.
14-Sep-2026,2026-09-14,RIM-LF-LS-070-2PK,,0,,0,,0,,0,,0,"Demand is intermittent, so the forecast remains conservative."
14-Sep-2026,2026-09-14,RIM-LF-LS-070-3PK,,0,,0,,0,,0,,0,"Demand is intermittent, so the forecast remains conservative."
14-Sep-2026,2026-09-14,RIM-LF-LS-070-5PK,,0,,0,,0,,0,,0,"Demand is intermittent, so the forecast remains conservative."
14-Sep-2026,2026-09-14,RIM-LF-LS-077,,1,,4,,0,,0,,5,Stable historical demand with consistent recent sales.
14-Sep-2026,2026-09-14,RIM-LF-LS-084,,0,,1,,0,,0,,1,"Recent demand is volatile, so the forecast is kept conservative."
14-Sep-2026,2026-09-14,RIM-LF-LS-086,,0,,0,,0,,0,,0,Current stock availability is limiting observed demand.
14-Sep-2026,2026-09-14,RIM-LF-LS-086-2PK,,0,,0,,0,,0,,0,"Demand is intermittent, so the forecast remains conservative."
14-Sep-2026,2026-09-14,RIM-LF-LS-086-3PK,,0,,0,,0,,0,,0,"Demand is intermittent, so the forecast remains conservative."
14-Sep-2026,2026-09-14,RIM-LF-LS-086-5PK,,0,,0,,0,,0,,0,Current stock availability is limiting observed demand.
14-Sep-2026,2026-09-14,RIM-LF-LS-100,,0,,0,,0,,0,,0,"Recent demand is volatile, so the forecast is kept conservative."
14-Sep-2026,2026-09-14,RIM-LF-LS-101,,0,,1,,0,,0,,1,"Recent demand is volatile, so the forecast is kept conservative."
14-Sep-2026,2026-09-14,RIM-LF-LS-107,,0,,0,,0,,0,,0,Current stock availability is limiting observed demand.
14-Sep-2026,2026-09-14,RIM-LF-LS-170,,0,,0,,0,,0,,0,"Recent demand is volatile, so the forecast is kept conservative."
14-Sep-2026,2026-09-14,RIM-LF-LS-200,,0,,0,,0,,0,,0,Current stock availability is limiting observed demand.
14-Sep-2026,2026-09-14,RIM-LF-LS-206,,1,,1,,0,,0,,2,"Recent demand is volatile, so the forecast is kept conservative."
14-Sep-2026,2026-09-14,RIM-LF-LS-206-2PK,,0,,0,,0,,0,,0,"Recent demand is volatile, so the forecast is kept conservative."
14-Sep-2026,2026-09-14,RIM-LF-LS-206-3PK,,0,,0,,0,,0,,0,"Recent demand is volatile, so the forecast is kept conservative."
14-Sep-2026,2026-09-14,RIM-LF-LS-206-5PK,,0,,0,,0,,0,,0,Current stock availability is limiting observed demand.
14-Sep-2026,2026-09-14,RIM-LF-LS-264,,0,,0,,0,,0,,0,Current stock availability is limiting observed demand.
14-Sep-2026,2026-09-14,RIM-LF-LS-264-2PK,,0,,0,,0,,0,,0,Current stock availability is limiting observed demand.
14-Sep-2026,2026-09-14,RIM-LF-LS-264-3PK,,0,,0,,0,,0,,0,"Demand is intermittent, so the forecast remains conservative."
14-Sep-2026,2026-09-14,RIM-LF-LS-264-5PK,,0,,0,,0,,0,,0,"Demand is intermittent, so the forecast remains conservative."
14-Sep-2026,2026-09-14,RIM-LF-LS-500,,0,,0,,0,,0,,0,Current stock availability is limiting observed demand.
14-Sep-2026,2026-09-14,RIM-LF-LS-710,,0,,0,,0,,0,,0,Current stock availability is limiting observed demand.
14-Sep-2026,2026-09-14,RIM-LF-LS-800,,0,,0,,0,,0,,0,Current stock availability is limiting observed demand.
14-Sep-2026,2026-09-14,RIM-LF-LS-KATE-001,,0,,0,,0,,0,,0,"Demand is intermittent, so the forecast remains conservative."
14-Sep-2026,2026-09-14,RIM-LF-LS-KATE-005,,0,,0,,0,,0,,0,"Demand is intermittent, so the forecast remains conservative."
14-Sep-2026,2026-09-14,RIM-LF-LS-KATE-008,,0,,0,,0,,0,,0,"Demand is intermittent, so the forecast remains conservative."
14-Sep-2026,2026-09-14,RIM-LF-LS-KATE-008-2PK,,0,,0,,0,,0,,0,"Demand is intermittent, so the forecast remains conservative."
14-Sep-2026,2026-09-14,RIM-LF-LS-KATE-008-3PK,,0,,0,,0,,0,,0,"Demand is intermittent, so the forecast remains conservative."
14-Sep-2026,2026-09-14,RIM-LF-MATTE-170,,0,,0,,0,,0,,0,"Demand is intermittent, so the forecast remains conservative."
14-Sep-2026,2026-09-14,RIM-LF-MATTE-180,,0,,0,,0,,0,,0,"Demand is intermittent, so the forecast remains conservative."
14-Sep-2026,2026-09-14,RIM-LF-MATTE-220,,0,,0,,0,,0,,0,Current stock availability is limiting observed demand.
14-Sep-2026,2026-09-14,RIM-LF-MATTE-230,,0,,0,,0,,0,,0,Current stock availability is limiting observed demand.
14-Sep-2026,2026-09-14,RIM-LF-MATTE-530,,0,,0,,0,,0,,0,Current stock availability is limiting observed demand.
14-Sep-2026,2026-09-14,RIM-LF-MATTE-715,,0,,0,,0,,0,,0,"Recent demand is volatile, so the forecast is kept conservative."
14-Sep-2026,2026-09-14,RIM-LF-MATTE-730,,0,,0,,0,,0,,0,Current stock availability is limiting observed demand.
14-Sep-2026,2026-09-14,RIM-LF-SG-LS-900,,0,,0,,0,,0,,0,"Recent demand is volatile, so the forecast is kept conservative."
14-Sep-2026,2026-09-14,RIM-LF-SG-LS-901,,0,,0,,0,,0,,0,"Recent demand is volatile, so the forecast is kept conservative."
14-Sep-2026,2026-09-14,RIM-LF-SG-LS-902,,0,,0,,0,,0,,0,"Recent demand is volatile, so the forecast is kept conservative."
14-Sep-2026,2026-09-14,RIM-LF-SG-LS-903,,0,,0,,0,,0,,0,"Recent demand is volatile, so the forecast is kept conservative."
14-Sep-2026,2026-09-14,RIM-LF-SG-LS-904,,0,,1,,0,,0,,1,"Recent demand is volatile, so the forecast is kept conservative."
14-Sep-2026,2026-09-14,RIM-LF-SG-LS-905,,0,,0,,0,,0,,0,"Recent demand is volatile, so the forecast is kept conservative."
14-Sep-2026,2026-09-14,RIM-LR-CCLR-EYEILLUM-010,,0,,0,,0,,0,,0,Current stock availability is limiting observed demand.
14-Sep-2026,2026-09-14,RIM-LR-CCLR-EYEILLUM-030,,0,,0,,0,,0,,0,Current stock availability is limiting observed demand.
14-Sep-2026,2026-09-14,RIM-MAGNIF-MONO-004,,0,,0,,0,,0,,0,Current stock availability is limiting observed demand.
14-Sep-2026,2026-09-14,RIM-MAGNIF-MONO-006,,0,,0,,0,,0,,0,"Demand is intermittent, so the forecast remains conservative."
14-Sep-2026,2026-09-14,RIM-MAGNIF-MONO-008,,0,,0,,0,,0,,0,Current stock availability is limiting observed demand.
14-Sep-2026,2026-09-14,RIM-MAGNIF-MONO-014,,0,,0,,0,,0,,0,Current stock availability is limiting observed demand.
14-Sep-2026,2026-09-14,RIM-MAGNIF-MONO-014-2PK,,0,,0,,0,,0,,0,Current stock availability is limiting observed demand.
14-Sep-2026,2026-09-14,RIM-MAGNIF-MONO-014-3PK,,0,,0,,0,,0,,0,"Demand is intermittent, so the forecast remains conservative."
14-Sep-2026,2026-09-14,RIM-MAGNIF-PAL-001,,0,,0,,0,,0,,0,"Recent demand is volatile, so the forecast is kept conservative."
14-Sep-2026,2026-09-14,RIM-MAGNIF-PAL-004,,0,,0,,0,,0,,0,"Demand is intermittent, so the forecast remains conservative."
14-Sep-2026,2026-09-14,RIM-MAGNIF-PAL-005,,0,,0,,0,,0,,0,"Recent demand is volatile, so the forecast is kept conservative."
14-Sep-2026,2026-09-14,RIM-MAGNIF-PAL-006,,0,,0,,0,,0,,0,Current stock availability is limiting observed demand.
14-Sep-2026,2026-09-14,RIM-MAGNIF-PAL-008,,0,,0,,0,,0,,0,Current stock availability is limiting observed demand.
14-Sep-2026,2026-09-14,RIM-MAGNIF-PAL-009,,0,,0,,0,,0,,0,Current stock availability is limiting observed demand.
14-Sep-2026,2026-09-14,RIM-MATCH-PWDR,,0,,0,,0,,0,,0,Current stock availability is limiting observed demand.
14-Sep-2026,2026-09-14,RIM-MAXI-BLUSH-001,,0,,0,,0,,0,,0,"Recent demand is volatile, so the forecast is kept conservative."
14-Sep-2026,2026-09-14,RIM-MAXI-BLUSH-001-2PK,,0,,0,,0,,0,,0,"Demand is intermittent, so the forecast remains conservative."
14-Sep-2026,2026-09-14,RIM-MAXI-BLUSH-001-3PK,,0,,0,,0,,0,,0,"Demand is intermittent, so the forecast remains conservative."
14-Sep-2026,2026-09-14,RIM-MAXI-BLUSH-003,,0,,0,,0,,0,,0,"Recent demand is volatile, so the forecast is kept conservative."
14-Sep-2026,2026-09-14,RIM-MAXI-BLUSH-005,,0,,0,,0,,0,,0,"Recent demand is volatile, so the forecast is kept conservative."
14-Sep-2026,2026-09-14,RIM-MAXI-BLUSH-006,,0,,0,,0,,0,,0,"Recent demand is volatile, so the forecast is kept conservative."
14-Sep-2026,2026-09-14,RIM-MBP-001,,0,,0,,0,,0,,0,"Recent demand is volatile, so the forecast is kept conservative."
14-Sep-2026,2026-09-14,RIM-MBP-002,,0,,1,,0,,0,,1,"Recent demand is volatile, so the forecast is kept conservative."
14-Sep-2026,2026-09-14,RIM-MBP-003,,5,,0,,0,,0,,5,Stable historical demand with consistent recent sales.
14-Sep-2026,2026-09-14,RIM-MICRO-BRW-001,,0,,0,,0,,0,,0,"Demand is intermittent, so the forecast remains conservative."
14-Sep-2026,2026-09-14,RIM-MICRO-BRW-002,,0,,0,,0,,0,,0,"Recent demand is volatile, so the forecast is kept conservative."
14-Sep-2026,2026-09-14,RIM-MICRO-BRW-003,,1,,0,,0,,0,,1,"Recent demand is volatile, so the forecast is kept conservative."
14-Sep-2026,2026-09-14,RIM-MICRO-BRW-004,,0,,0,,0,,0,,0,Current stock availability is limiting observed demand.
14-Sep-2026,2026-09-14,RIM-MINI-PWRPAL-001,,0,,0,,0,,0,,0,Current stock availability is limiting observed demand.
14-Sep-2026,2026-09-14,RIM-MINI-PWRPAL-002,,0,,0,,0,,0,,0,"Demand is intermittent, so the forecast remains conservative."
14-Sep-2026,2026-09-14,RIM-MOIST-LPK-100,,0,,0,,0,,0,,0,Current stock availability is limiting observed demand.
14-Sep-2026,2026-09-14,RIM-MOIST-LPK-140,,0,,0,,0,,0,,0,Current stock availability is limiting observed demand.
14-Sep-2026,2026-09-14,RIM-MOIST-LPK-180,,0,,0,,0,,0,,0,Current stock availability is limiting observed demand.
14-Sep-2026,2026-09-14,RIM-MOIST-LPK-180-2PK,,0,,0,,0,,0,,0,"Demand is intermittent, so the forecast remains conservative."
14-Sep-2026,2026-09-14,RIM-MOIST-LPK-180-3PK,,0,,0,,0,,0,,0,"Demand is intermittent, so the forecast remains conservative."
14-Sep-2026,2026-09-14,RIM-MOIST-LPK-180-5PK,,0,,0,,0,,0,,0,"Demand is intermittent, so the forecast remains conservative."
14-Sep-2026,2026-09-14,RIM-MOIST-LPK-200,,0,,0,,0,,0,,0,"Demand is intermittent, so the forecast remains conservative."
14-Sep-2026,2026-09-14,RIM-MOIST-LPK-200-2PK,,0,,0,,0,,0,,0,Current stock availability is limiting observed demand.
14-Sep-2026,2026-09-14,RIM-MOIST-LPK-200-3PK,,0,,0,,0,,0,,0,"Demand is intermittent, so the forecast remains conservative."
14-Sep-2026,2026-09-14,RIM-MOIST-LPK-200-5PK,,0,,0,,0,,0,,0,"Demand is intermittent, so the forecast remains conservative."
14-Sep-2026,2026-09-14,RIM-MOIST-LPK-210,,0,,0,,0,,0,,0,Current stock availability is limiting observed demand.
14-Sep-2026,2026-09-14,RIM-MOIST-LPK-260,,0,,0,,0,,0,,0,"Demand is intermittent, so the forecast remains conservative."
14-Sep-2026,2026-09-14,RIM-MOIST-LPK-360,,0,,0,,0,,0,,0,Current stock availability is limiting observed demand.
14-Sep-2026,2026-09-14,RIM-MOIST-LPK-510,,0,,0,,0,,0,,0,"Recent demand is volatile, so the forecast is kept conservative."
14-Sep-2026,2026-09-14,RIM-MSC-ACCEL-BLK,,1,,1,,0,,0,,2,"Recent demand is volatile, so the forecast is kept conservative."
14-Sep-2026,2026-09-14,RIM-MSC-ACCEL-BLK-2PK,,0,,0,,0,,0,,0,"Demand is intermittent, so the forecast remains conservative."
14-Sep-2026,2026-09-14,RIM-MSC-ACCEL-BLK-3PK,,0,,0,,0,,0,,0,"Recent demand is volatile, so the forecast is kept conservative."
14-Sep-2026,2026-09-14,RIM-MSC-ACCEL-BLK-5PK,,0,,0,,0,,0,,0,"Recent demand is volatile, so the forecast is kept conservative."
14-Sep-2026,2026-09-14,RIM-MSC-CURL-003,,0,,0,,0,,0,,0,Current stock availability is limiting observed demand.
14-Sep-2026,2026-09-14,RIM-MSC-E3DL-003,,0,,6,,0,,0,,6,"Recent demand is volatile, so the forecast is kept conservative."
14-Sep-2026,2026-09-14,RIM-MSC-E3DL-003-2PK,,0,,0,,0,,0,,0,"Demand is intermittent, so the forecast remains conservative."
14-Sep-2026,2026-09-14,RIM-MSC-E3DL-003-3PK,,0,,0,,0,,0,,0,"Recent demand is volatile, so the forecast is kept conservative."
14-Sep-2026,2026-09-14,RIM-MSC-E3DL-003-5PK,,0,,0,,0,,0,,0,"Recent demand is volatile, so the forecast is kept conservative."
14-Sep-2026,2026-09-14,RIM-MSC-ELL-003,,0,,5,,0,,0,,5,"Recent demand is volatile, so the forecast is kept conservative."
14-Sep-2026,2026-09-14,RIM-MSC-ELL-003-2PK,,0,,0,,0,,0,,0,"Recent demand is volatile, so the forecast is kept conservative."
14-Sep-2026,2026-09-14,RIM-MSC-ELL-003-3PK,,0,,0,,0,,0,,0,"Demand is intermittent, so the forecast remains conservative."
14-Sep-2026,2026-09-14,RIM-MSC-ELL-003-5PK,,0,,0,,0,,0,,0,"Recent demand is volatile, so the forecast is kept conservative."
14-Sep-2026,2026-09-14,RIM-MSC-ESL-101,,0,,6,,0,,0,,6,"Recent demand is volatile, so the forecast is kept conservative."
14-Sep-2026,2026-09-14,RIM-MSC-ESL-101-2PK,,0,,0,,0,,0,,0,"Recent demand is volatile, so the forecast is kept conservative."
14-Sep-2026,2026-09-14,RIM-MSC-ESL-101-3PK,,0,,0,,0,,0,,0,"Recent demand is volatile, so the forecast is kept conservative."
14-Sep-2026,2026-09-14,RIM-MSC-ESL-101-5PK,,0,,0,,0,,0,,0,"Demand is intermittent, so the forecast remains conservative."
14-Sep-2026,2026-09-14,RIM-MSC-ESL-102,,1,,2,,0,,0,,3,"Recent demand is volatile, so the forecast is kept conservative."
14-Sep-2026,2026-09-14,RIM-MSC-ESL-102-2PK,,0,,0,,0,,0,,0,"Demand is intermittent, so the forecast remains conservative."
14-Sep-2026,2026-09-14,RIM-MSC-ESL-102-3PK,,0,,0,,0,,0,,0,"Recent demand is volatile, so the forecast is kept conservative."
14-Sep-2026,2026-09-14,RIM-MSC-ESL-102-5PK,,0,,0,,0,,0,,0,"Recent demand is volatile, so the forecast is kept conservative."
14-Sep-2026,2026-09-14,RIM-MSC-SCAND-BLK,,0,,0,,0,,0,,0,Current stock availability is limiting observed demand.
14-Sep-2026,2026-09-14,RIM-MSC-SCAND-LYCRA,,0,,0,,0,,0,,0,"Recent demand is volatile, so the forecast is kept conservative."
14-Sep-2026,2026-09-14,RIM-MSC-SCAND-RL-001,,2,,1,,0,,0,,3,"Recent demand is declining, so the forecast is lower."
14-Sep-2026,2026-09-14,RIM-MSC-SCAND-RL-001-2PK,,0,,0,,0,,0,,0,"Recent demand is volatile, so the forecast is kept conservative."
14-Sep-2026,2026-09-14,RIM-MSC-SCAND-RL-001-3PK,,0,,0,,0,,0,,0,"Recent demand is volatile, so the forecast is kept conservative."
14-Sep-2026,2026-09-14,RIM-MSC-SCAND-RL-001-5PK,,0,,0,,0,,0,,0,"Demand is intermittent, so the forecast remains conservative."
14-Sep-2026,2026-09-14,RIM-MSC-SCAND-RL-002,,0,,0,,0,,0,,0,"Recent demand is volatile, so the forecast is kept conservative."
14-Sep-2026,2026-09-14,RIM-MSC-SCAND-RL-003,,0,,0,,0,,0,,0,"Recent demand is volatile, so the forecast is kept conservative."
14-Sep-2026,2026-09-14,RIM-MSC-SCAND-RL-003-2PK,,0,,0,,0,,0,,0,"Demand is intermittent, so the forecast remains conservative."
14-Sep-2026,2026-09-14,RIM-MSC-SCAND-RL-003-3PK,,0,,0,,0,,0,,0,"Demand is intermittent, so the forecast remains conservative."
14-Sep-2026,2026-09-14,RIM-MSC-SCAND-RL-003-5PK,,0,,0,,0,,0,,0,"Recent demand is volatile, so the forecast is kept conservative."
14-Sep-2026,2026-09-14,RIM-MSC-SCAND-VOD-001,,4,,0,,0,,0,,4,"Recent demand is volatile, so the forecast is kept conservative."
14-Sep-2026,2026-09-14,RIM-MSC-SCAND-VOD-002,,0,,0,,0,,0,,0,"Recent demand is volatile, so the forecast is kept conservative."
14-Sep-2026,2026-09-14,RIM-MSC-SCAND-VOD-002-2PK,,0,,0,,0,,0,,0,"Demand is intermittent, so the forecast remains conservative."
14-Sep-2026,2026-09-14,RIM-MSC-SCAND-VOD-002-5PK,,0,,0,,0,,0,,0,"Demand is intermittent, so the forecast remains conservative."
14-Sep-2026,2026-09-14,RIM-MSC-SCAND-VOD-WP,,0,,0,,0,,0,,0,"Recent demand is volatile, so the forecast is kept conservative."
14-Sep-2026,2026-09-14,RIM-MSC-SCAND-WOW-001,,2,,0,,0,,0,,2,"Recent demand is volatile, so the forecast is kept conservative."
14-Sep-2026,2026-09-14,RIM-MSC-SCAND-WOW-003,,0,,0,,0,,0,,0,Current stock availability is limiting observed demand.
14-Sep-2026,2026-09-14,RIM-MSC-SCAND-WOW-WP,,0,,0,,0,,0,,0,"Recent demand is volatile, so the forecast is kept conservative."
14-Sep-2026,2026-09-14,RIM-MSC-THRILLSEEKER-BLKBRWN,,0,,0,,0,,0,,0,"Recent demand is volatile, so the forecast is kept conservative."
14-Sep-2026,2026-09-14,RIM-MSC-THRILLSEEKER-EXTBLACK,,0,,0,,0,,0,,0,"Recent demand is volatile, so the forecast is kept conservative."
14-Sep-2026,2026-09-14,RIM-MSC-VF-X10-001,,0,,0,,0,,0,,0,Current stock availability is limiting observed demand.
14-Sep-2026,2026-09-14,RIM-MSC-VOLCOL-001,,0,,0,,0,,0,,0,Current stock availability is limiting observed demand.
14-Sep-2026,2026-09-14,RIM-MSC-WDF-001,,0,,0,,0,,0,,0,"Demand is intermittent, so the forecast remains conservative."
14-Sep-2026,2026-09-14,RIM-MSC-WDF-003,,0,,0,,0,,0,,0,"Recent demand is volatile, so the forecast is kept conservative."
14-Sep-2026,2026-09-14,RIM-MSC-WDF-WP,,0,,0,,0,,0,,0,"Recent demand is volatile, so the forecast is kept conservative."
14-Sep-2026,2026-09-14,RIM-MSC-WLUX-001,,0,,0,,0,,0,,0,"Recent demand is volatile, so the forecast is kept conservative."
14-Sep-2026,2026-09-14,RIM-MSC-WLUX-002,,0,,0,,0,,0,,0,"Recent demand is volatile, so the forecast is kept conservative."
14-Sep-2026,2026-09-14,RIM-MSC-WLUX-003,,0,,1,,0,,0,,1,"Recent demand is volatile, so the forecast is kept conservative."
14-Sep-2026,2026-09-14,RIM-MSC-WLUX-003-2PK,,0,,0,,0,,0,,0,"Demand is intermittent, so the forecast remains conservative."
14-Sep-2026,2026-09-14,RIM-MSC-WNDR-EXT-001,,0,,0,,0,,0,,0,"Recent demand is volatile, so the forecast is kept conservative."
14-Sep-2026,2026-09-14,RIM-MSC-WNDRBOND-LASH-FILLER-BLK,,0,,0,,0,,0,,0,"Demand is intermittent, so the forecast remains conservative."
14-Sep-2026,2026-09-14,RIM-MULTI-TASK-CLR-010,,0,,0,,0,,0,,0,"Recent demand is volatile, so the forecast is kept conservative."
14-Sep-2026,2026-09-14,RIM-MULTI-TASK-CLR-020,,0,,0,,0,,0,,0,"Recent demand is volatile, so the forecast is kept conservative."
14-Sep-2026,2026-09-14,RIM-MULTI-TASK-CLR-030,,0,,0,,0,,0,,0,"Demand is intermittent, so the forecast remains conservative."
14-Sep-2026,2026-09-14,RIM-MULTI-TASK-CLR-040,,0,,0,,0,,0,,0,"Demand is intermittent, so the forecast remains conservative."
14-Sep-2026,2026-09-14,RIM-MULTI-TASK-CLR-050,,0,,0,,0,,0,,0,"Demand is intermittent, so the forecast remains conservative."
14-Sep-2026,2026-09-14,RIM-MULTI-TASK-CLR-060,,0,,0,,0,,0,,0,Current stock availability is limiting observed demand.
14-Sep-2026,2026-09-14,RIM-MULTI-TASK-CLR-070,,0,,0,,0,,0,,0,"Demand is intermittent, so the forecast remains conservative."
14-Sep-2026,2026-09-14,RIM-MULTI-TASK-CLR-090,,0,,0,,0,,0,,0,Current stock availability is limiting observed demand.
14-Sep-2026,2026-09-14,RIM-MULTI-TASKER-BTF-30ML-002,,0,,0,,0,,0,,0,"Demand is intermittent, so the forecast remains conservative."
14-Sep-2026,2026-09-14,RIM-MULTI-TASKER-BTF-30ML-003,,0,,0,,0,,0,,0,"Demand is intermittent, so the forecast remains conservative."
14-Sep-2026,2026-09-14,RIM-MULTI-TASKER-BTF-30ML-004,,0,,0,,0,,0,,0,"Demand is intermittent, so the forecast remains conservative."
14-Sep-2026,2026-09-14,RIM-NAIL-60S-101,,0,,0,,0,,0,,0,"Recent demand is volatile, so the forecast is kept conservative."
14-Sep-2026,2026-09-14,RIM-NAIL-60S-130,,0,,0,,0,,0,,0,"Recent demand is volatile, so the forecast is kept conservative."
14-Sep-2026,2026-09-14,RIM-NAIL-60S-150,,0,,0,,0,,0,,0,"Demand is intermittent, so the forecast remains conservative."
14-Sep-2026,2026-09-14,RIM-NAIL-60S-151,,0,,0,,0,,0,,0,"Recent demand is volatile, so the forecast is kept conservative."
14-Sep-2026,2026-09-14,RIM-NAIL-60S-152,,0,,0,,0,,0,,0,"Recent demand is volatile, so the forecast is kept conservative."
14-Sep-2026,2026-09-14,RIM-NAIL-60S-153,,0,,0,,0,,0,,0,"Demand is intermittent, so the forecast remains conservative."
14-Sep-2026,2026-09-14,RIM-NAIL-60S-154,,0,,0,,0,,0,,0,"Recent demand is volatile, so the forecast is kept conservative."
14-Sep-2026,2026-09-14,RIM-NAIL-60S-155,,0,,0,,0,,0,,0,"Demand is intermittent, so the forecast remains conservative."
14-Sep-2026,2026-09-14,RIM-NAIL-60S-203,,0,,0,,0,,0,,0,"Recent demand is volatile, so the forecast is kept conservative."
14-Sep-2026,2026-09-14,RIM-NAIL-60S-210,,0,,0,,0,,0,,0,"Recent demand is volatile, so the forecast is kept conservative."
14-Sep-2026,2026-09-14,RIM-NAIL-60S-230,,0,,0,,0,,0,,0,"Recent demand is volatile, so the forecast is kept conservative."
14-Sep-2026,2026-09-14,RIM-NAIL-60S-235,,0,,0,,0,,0,,0,"Recent demand is volatile, so the forecast is kept conservative."
14-Sep-2026,2026-09-14,RIM-NAIL-60S-262,,0,,0,,0,,0,,0,"Recent demand is volatile, so the forecast is kept conservative."
14-Sep-2026,2026-09-14,RIM-NAIL-60S-270,,0,,0,,0,,0,,0,"Recent demand is volatile, so the forecast is kept conservative."
14-Sep-2026,2026-09-14,RIM-NAIL-60S-271,,0,,0,,0,,0,,0,"Recent demand is volatile, so the forecast is kept conservative."
14-Sep-2026,2026-09-14,RIM-NAIL-60S-300,,0,,0,,0,,0,,0,"Recent demand is volatile, so the forecast is kept conservative."
14-Sep-2026,2026-09-14,RIM-NAIL-60S-310,,0,,0,,0,,0,,0,"Recent demand is volatile, so the forecast is kept conservative."
14-Sep-2026,2026-09-14,RIM-NAIL-60S-312,,0,,0,,0,,0,,0,"Recent demand is volatile, so the forecast is kept conservative."
14-Sep-2026,2026-09-14,RIM-NAIL-60S-313,,0,,0,,0,,0,,0,"Recent demand is volatile, so the forecast is kept conservative."
14-Sep-2026,2026-09-14,RIM-NAIL-60S-314,,0,,0,,0,,0,,0,"Recent demand is volatile, so the forecast is kept conservative."
14-Sep-2026,2026-09-14,RIM-NAIL-60S-315,,0,,0,,0,,0,,0,"Recent demand is volatile, so the forecast is kept conservative."
14-Sep-2026,2026-09-14,RIM-NAIL-60S-320,,0,,0,,0,,0,,0,"Recent demand is volatile, so the forecast is kept conservative."
14-Sep-2026,2026-09-14,RIM-NAIL-60S-322,,0,,0,,0,,0,,0,"Recent demand is volatile, so the forecast is kept conservative."
14-Sep-2026,2026-09-14,RIM-NAIL-60S-323,,0,,0,,0,,0,,0,"Recent demand is volatile, so the forecast is kept conservative."
14-Sep-2026,2026-09-14,RIM-NAIL-60S-324,,0,,0,,0,,0,,0,"Recent demand is volatile, so the forecast is kept conservative."
14-Sep-2026,2026-09-14,RIM-NAIL-60S-335,,0,,0,,0,,0,,0,"Recent demand is volatile, so the forecast is kept conservative."
14-Sep-2026,2026-09-14,RIM-NAIL-60S-336,,0,,0,,0,,0,,0,"Recent demand is volatile, so the forecast is kept conservative."
14-Sep-2026,2026-09-14,RIM-NAIL-60S-340,,0,,0,,0,,0,,0,"Recent demand is volatile, so the forecast is kept conservative."
14-Sep-2026,2026-09-14,RIM-NAIL-60S-345,,1,,1,,0,,0,,2,"Recent demand is volatile, so the forecast is kept conservative."
14-Sep-2026,2026-09-14,RIM-NAIL-60S-401,,0,,0,,0,,0,,0,Current stock availability is limiting observed demand.
14-Sep-2026,2026-09-14,RIM-NAIL-60S-404,,0,,0,,0,,0,,0,"Recent demand is volatile, so the forecast is kept conservative."
14-Sep-2026,2026-09-14,RIM-NAIL-60S-405,,0,,0,,0,,0,,0,"Recent demand is volatile, so the forecast is kept conservative."
14-Sep-2026,2026-09-14,RIM-NAIL-60S-406,,0,,0,,0,,0,,0,"Demand is intermittent, so the forecast remains conservative."
14-Sep-2026,2026-09-14,RIM-NAIL-60S-410,,0,,0,,0,,0,,0,"Recent demand is volatile, so the forecast is kept conservative."
14-Sep-2026,2026-09-14,RIM-NAIL-60S-411,,0,,0,,0,,0,,0,Current stock availability is limiting observed demand.
14-Sep-2026,2026-09-14,RIM-NAIL-60S-430,,0,,0,,0,,0,,0,Current stock availability is limiting observed demand.
14-Sep-2026,2026-09-14,RIM-NAIL-60S-498,,0,,0,,0,,0,,0,"Recent demand is volatile, so the forecast is kept conservative."
14-Sep-2026,2026-09-14,RIM-NAIL-60S-500,,0,,0,,0,,0,,0,"Recent demand is volatile, so the forecast is kept conservative."
14-Sep-2026,2026-09-14,RIM-NAIL-60S-510,,0,,0,,0,,0,,0,"Recent demand is volatile, so the forecast is kept conservative."
14-Sep-2026,2026-09-14,RIM-NAIL-60S-558,,0,,0,,0,,0,,0,"Recent demand is volatile, so the forecast is kept conservative."
14-Sep-2026,2026-09-14,RIM-NAIL-60S-560,,0,,0,,0,,0,,0,"Recent demand is volatile, so the forecast is kept conservative."
14-Sep-2026,2026-09-14,RIM-NAIL-60S-561,,0,,0,,0,,0,,0,"Recent demand is volatile, so the forecast is kept conservative."
14-Sep-2026,2026-09-14,RIM-NAIL-60S-703,,0,,0,,0,,0,,0,"Recent demand is volatile, so the forecast is kept conservative."
14-Sep-2026,2026-09-14,RIM-NAIL-60S-705,,0,,0,,0,,0,,0,"Recent demand is volatile, so the forecast is kept conservative."
14-Sep-2026,2026-09-14,RIM-NAIL-60S-707,,0,,0,,0,,0,,0,"Recent demand is volatile, so the forecast is kept conservative."
14-Sep-2026,2026-09-14,RIM-NAIL-60S-708,,0,,0,,0,,0,,0,Current stock availability is limiting observed demand.
14-Sep-2026,2026-09-14,RIM-NAIL-60S-709,,0,,0,,0,,0,,0,"Recent demand is volatile, so the forecast is kept conservative."
14-Sep-2026,2026-09-14,RIM-NAIL-60S-710,,0,,0,,0,,0,,0,"Recent demand is volatile, so the forecast is kept conservative."
14-Sep-2026,2026-09-14,RIM-NAIL-60S-711,,0,,0,,0,,0,,0,"Recent demand is volatile, so the forecast is kept conservative."
14-Sep-2026,2026-09-14,RIM-NAIL-60S-712,,0,,0,,0,,0,,0,Current stock availability is limiting observed demand.
14-Sep-2026,2026-09-14,RIM-NAIL-60S-713,,0,,0,,0,,0,,0,"Recent demand is volatile, so the forecast is kept conservative."
14-Sep-2026,2026-09-14,RIM-NAIL-60S-714,,0,,0,,0,,0,,0,"Recent demand is volatile, so the forecast is kept conservative."
14-Sep-2026,2026-09-14,RIM-NAIL-60S-715,,0,,0,,0,,0,,0,Current stock availability is limiting observed demand.
14-Sep-2026,2026-09-14,RIM-NAIL-60S-718,,0,,0,,0,,0,,0,"Recent demand is volatile, so the forecast is kept conservative."
14-Sep-2026,2026-09-14,RIM-NAIL-60S-719,,0,,0,,0,,0,,0,"Recent demand is volatile, so the forecast is kept conservative."
14-Sep-2026,2026-09-14,RIM-NAIL-60S-720,,0,,0,,0,,0,,0,"Recent demand is volatile, so the forecast is kept conservative."
14-Sep-2026,2026-09-14,RIM-NAIL-60S-721,,0,,0,,0,,0,,0,"Recent demand is volatile, so the forecast is kept conservative."
14-Sep-2026,2026-09-14,RIM-NAIL-60S-722,,0,,0,,0,,0,,0,"Recent demand is volatile, so the forecast is kept conservative."
14-Sep-2026,2026-09-14,RIM-NAIL-60S-730,,0,,0,,0,,0,,0,Current stock availability is limiting observed demand.
14-Sep-2026,2026-09-14,RIM-NAIL-60S-740,,0,,0,,0,,0,,0,"Recent demand is volatile, so the forecast is kept conservative."
14-Sep-2026,2026-09-14,RIM-NAIL-60S-807,,0,,0,,0,,0,,0,"Recent demand is volatile, so the forecast is kept conservative."
14-Sep-2026,2026-09-14,RIM-NAIL-60S-809,,0,,0,,0,,0,,0,"Recent demand is volatile, so the forecast is kept conservative."
14-Sep-2026,2026-09-14,RIM-NAIL-60S-810,,0,,0,,0,,0,,0,"Recent demand is volatile, so the forecast is kept conservative."
14-Sep-2026,2026-09-14,RIM-NAIL-60S-811,,0,,0,,0,,0,,0,"Recent demand is volatile, so the forecast is kept conservative."
14-Sep-2026,2026-09-14,RIM-NAIL-60S-812,,0,,0,,0,,0,,0,Current stock availability is limiting observed demand.
14-Sep-2026,2026-09-14,RIM-NAIL-60S-820,,0,,0,,0,,0,,0,"Demand is intermittent, so the forecast remains conservative."
14-Sep-2026,2026-09-14,RIM-NAIL-60S-828,,0,,0,,0,,0,,0,"Recent demand is volatile, so the forecast is kept conservative."
14-Sep-2026,2026-09-14,RIM-NAIL-60S-831,,0,,0,,0,,0,,0,"Demand is intermittent, so the forecast remains conservative."
14-Sep-2026,2026-09-14,RIM-NAIL-60S-833,,0,,0,,0,,0,,0,"Recent demand is volatile, so the forecast is kept conservative."
14-Sep-2026,2026-09-14,RIM-NAIL-60S-834,,0,,0,,0,,0,,0,"Recent demand is volatile, so the forecast is kept conservative."
14-Sep-2026,2026-09-14,RIM-NAIL-60S-853,,0,,0,,0,,0,,0,"Recent demand is volatile, so the forecast is kept conservative."
14-Sep-2026,2026-09-14,RIM-NAIL-60S-878,,0,,0,,0,,0,,0,Current stock availability is limiting observed demand.
14-Sep-2026,2026-09-14,RIM-NAIL-60S-900,,0,,1,,0,,0,,1,"Recent demand is volatile, so the forecast is kept conservative."
14-Sep-2026,2026-09-14,RIM-NAIL-60S-901,,0,,0,,0,,0,,0,Current stock availability is limiting observed demand.
14-Sep-2026,2026-09-14,RIM-NAIL-60S-902,,2,,1,,0,,0,,3,"Recent demand is volatile, so the forecast is kept conservative."
14-Sep-2026,2026-09-14,RIM-NAIL-60S-905,,0,,0,,0,,0,,0,"Recent demand is volatile, so the forecast is kept conservative."
14-Sep-2026,2026-09-14,RIM-NAIL-60S-BUNDLE-10PCS-V1,,0,,0,,0,,0,,0,"Recent demand is volatile, so the forecast is kept conservative."
14-Sep-2026,2026-09-14,RIM-NAIL-60S-BUNDLE-10PCS-V2,,0,,0,,0,,0,,0,"Demand is intermittent, so the forecast remains conservative."
14-Sep-2026,2026-09-14,RIM-NAIL-60S-BUNDLE-10PCS-V3,,0,,0,,0,,0,,0,"Recent demand is volatile, so the forecast is kept conservative."
14-Sep-2026,2026-09-14,RIM-NAIL-60S-BUNDLE-15PCS-V1,,0,,0,,0,,0,,0,Current stock availability is limiting observed demand.
14-Sep-2026,2026-09-14,RIM-NAIL-60S-BUNDLE-5PCS-V1,,0,,0,,0,,0,,0,"Demand is intermittent, so the forecast remains conservative."
14-Sep-2026,2026-09-14,RIM-NAIL-60S-BUNDLE-5PCS-V2,,0,,0,,0,,0,,0,"Demand is intermittent, so the forecast remains conservative."
14-Sep-2026,2026-09-14,RIM-NAIL-60S-BUNDLE-5PCS-V3,,0,,0,,0,,0,,0,"Recent demand is volatile, so the forecast is kept conservative."
14-Sep-2026,2026-09-14,RIM-NAIL-60S-BUNDLE-5PCS-V4,,0,,0,,0,,0,,0,"Demand is intermittent, so the forecast remains conservative."
14-Sep-2026,2026-09-14,RIM-NAIL-60S-BUNDLE-RED-5,,0,,0,,0,,0,,0,"Recent demand is volatile, so the forecast is kept conservative."
14-Sep-2026,2026-09-14,RIM-NAIL-60S-BUNDLE-SUMMER-5,,0,,0,,0,,0,,0,"Demand is intermittent, so the forecast remains conservative."
14-Sep-2026,2026-09-14,RIM-NAIL-60S-MIX-10PCS,,0,,0,,0,,0,,0,"Recent demand is volatile, so the forecast is kept conservative."
14-Sep-2026,2026-09-14,RIM-NAIL-60S-MIX-15PCS,,0,,0,,0,,0,,0,Current stock availability is limiting observed demand.
14-Sep-2026,2026-09-14,RIM-NAIL-60S-MIX-8PCS,,0,,0,,0,,0,,0,"Demand is intermittent, so the forecast remains conservative."
14-Sep-2026,2026-09-14,RIM-NAIL-FT-TOPCOAT,,0,,0,,0,,0,,0,Current stock availability is limiting observed demand.
14-Sep-2026,2026-09-14,RIM-NAIL-FT-TOPCOAT-2PK,,0,,0,,0,,0,,0,"Demand is intermittent, so the forecast remains conservative."
14-Sep-2026,2026-09-14,RIM-NAIL-GLITTER-BOMB-019,,0,,0,,0,,0,,0,Current stock availability is limiting observed demand.
14-Sep-2026,2026-09-14,RIM-NAIL-NN-5IN1,,0,,0,,0,,0,,0,Current stock availability is limiting observed demand.
14-Sep-2026,2026-09-14,RIM-NAIL-NN-STRONGER,,0,,0,,0,,0,,0,Current stock availability is limiting observed demand.
14-Sep-2026,2026-09-14,RIM-NAIL-SUPERGEL-001,,0,,0,,0,,0,,0,"Demand is intermittent, so the forecast remains conservative."
14-Sep-2026,2026-09-14,RIM-NAIL-SUPERGEL-008,,0,,0,,0,,0,,0,"Recent demand is volatile, so the forecast is kept conservative."
14-Sep-2026,2026-09-14,RIM-NAIL-SUPERGEL-012,,1,,0,,0,,0,,1,"Recent demand is volatile, so the forecast is kept conservative."
14-Sep-2026,2026-09-14,RIM-NAIL-SUPERGEL-014,,0,,0,,0,,0,,0,Current stock availability is limiting observed demand.
14-Sep-2026,2026-09-14,RIM-NAIL-SUPERGEL-020,,0,,0,,0,,0,,0,Current stock availability is limiting observed demand.
14-Sep-2026,2026-09-14,RIM-NAIL-SUPERGEL-021,,0,,0,,0,,0,,0,"Recent demand is volatile, so the forecast is kept conservative."
14-Sep-2026,2026-09-14,RIM-NAIL-SUPERGEL-022,,0,,0,,0,,0,,0,"Recent demand is volatile, so the forecast is kept conservative."
14-Sep-2026,2026-09-14,RIM-NAIL-SUPERGEL-023,,0,,0,,0,,0,,0,Current stock availability is limiting observed demand.
14-Sep-2026,2026-09-14,RIM-NAIL-SUPERGEL-023-2PK,,0,,0,,0,,0,,0,"Demand is intermittent, so the forecast remains conservative."
14-Sep-2026,2026-09-14,RIM-NAIL-SUPERGEL-023-5PK,,0,,0,,0,,0,,0,"Demand is intermittent, so the forecast remains conservative."
14-Sep-2026,2026-09-14,RIM-NAIL-SUPERGEL-024,,0,,0,,0,,0,,0,"Recent demand is volatile, so the forecast is kept conservative."
14-Sep-2026,2026-09-14,RIM-NAIL-SUPERGEL-025,,0,,0,,0,,0,,0,"Recent demand is volatile, so the forecast is kept conservative."
14-Sep-2026,2026-09-14,RIM-NAIL-SUPERGEL-026,,0,,0,,0,,0,,0,"Recent demand is volatile, so the forecast is kept conservative."
14-Sep-2026,2026-09-14,RIM-NAIL-SUPERGEL-027,,0,,0,,0,,0,,0,Current stock availability is limiting observed demand.
14-Sep-2026,2026-09-14,RIM-NAIL-SUPERGEL-030,,0,,0,,0,,0,,0,Current stock availability is limiting observed demand.
14-Sep-2026,2026-09-14,RIM-NAIL-SUPERGEL-031,,0,,0,,0,,0,,0,Current stock availability is limiting observed demand.
14-Sep-2026,2026-09-14,RIM-NAIL-SUPERGEL-032,,0,,0,,0,,0,,0,"Recent demand is volatile, so the forecast is kept conservative."
14-Sep-2026,2026-09-14,RIM-NAIL-SUPERGEL-033,,0,,0,,0,,0,,0,"Recent demand is volatile, so the forecast is kept conservative."
14-Sep-2026,2026-09-14,RIM-NAIL-SUPERGEL-035,,0,,0,,0,,0,,0,"Recent demand is volatile, so the forecast is kept conservative."
14-Sep-2026,2026-09-14,RIM-NAIL-SUPERGEL-042,,0,,0,,0,,0,,0,"Recent demand is volatile, so the forecast is kept conservative."
14-Sep-2026,2026-09-14,RIM-NAIL-SUPERGEL-043,,0,,0,,0,,0,,0,"Recent demand is volatile, so the forecast is kept conservative."
14-Sep-2026,2026-09-14,RIM-NAIL-SUPERGEL-044,,0,,0,,0,,0,,0,Current stock availability is limiting observed demand.
14-Sep-2026,2026-09-14,RIM-NAIL-SUPERGEL-045,,0,,0,,0,,0,,0,"Recent demand is volatile, so the forecast is kept conservative."
14-Sep-2026,2026-09-14,RIM-NAIL-SUPERGEL-052,,0,,0,,0,,0,,0,Current stock availability is limiting observed demand.
14-Sep-2026,2026-09-14,RIM-NAIL-SUPERGEL-054,,0,,0,,0,,0,,0,"Recent demand is volatile, so the forecast is kept conservative."
14-Sep-2026,2026-09-14,RIM-NAIL-SUPERGEL-056,,0,,0,,0,,0,,0,"Recent demand is volatile, so the forecast is kept conservative."
14-Sep-2026,2026-09-14,RIM-NAIL-SUPERGEL-058,,0,,0,,0,,0,,0,"Demand is intermittent, so the forecast remains conservative."
14-Sep-2026,2026-09-14,RIM-NAIL-SUPERGEL-069,,0,,0,,0,,0,,0,Current stock availability is limiting observed demand.
14-Sep-2026,2026-09-14,RIM-NAIL-SUPERGEL-070,,0,,0,,0,,0,,0,Current stock availability is limiting observed demand.
14-Sep-2026,2026-09-14,RIM-NAIL-SUPERGEL-071,,0,,0,,0,,0,,0,"Recent demand is volatile, so the forecast is kept conservative."
14-Sep-2026,2026-09-14,RIM-NAIL-SUPERGEL-083,,0,,0,,0,,0,,0,"Recent demand is volatile, so the forecast is kept conservative."
14-Sep-2026,2026-09-14,RIM-NAIL-SUPERGEL-090,,0,,0,,0,,0,,0,Current stock availability is limiting observed demand.
14-Sep-2026,2026-09-14,RIM-NAIL-SUPERGEL-091,,0,,0,,0,,0,,0,"Recent demand is volatile, so the forecast is kept conservative."
14-Sep-2026,2026-09-14,RIM-NAIL-SUPERGEL-091A,,1,,0,,0,,0,,1,"Recent demand is volatile, so the forecast is kept conservative."
14-Sep-2026,2026-09-14,RIM-NAIL-SUPERGEL-094,,0,,0,,0,,0,,0,"Recent demand is volatile, so the forecast is kept conservative."
14-Sep-2026,2026-09-14,RIM-NAIL-SUPERGEL-095,,0,,0,,0,,0,,0,"Recent demand is volatile, so the forecast is kept conservative."
14-Sep-2026,2026-09-14,RIM-NAIL-SUPERGEL-096,,0,,0,,0,,0,,0,"Demand is intermittent, so the forecast remains conservative."
14-Sep-2026,2026-09-14,RIM-NAIL-SUPERGEL-097,,0,,0,,0,,0,,0,"Recent demand is volatile, so the forecast is kept conservative."
14-Sep-2026,2026-09-14,RIM-NAIL-SUPERGEL-098,,0,,0,,0,,0,,0,Current stock availability is limiting observed demand.
14-Sep-2026,2026-09-14,RIM-NAIL-SUPERGEL-099,,0,,0,,0,,0,,0,"Recent demand is volatile, so the forecast is kept conservative."
14-Sep-2026,2026-09-14,RIM-NATURALBRONZER-001,,0,,0,,0,,0,,0,Current stock availability is limiting observed demand.
14-Sep-2026,2026-09-14,RIM-NATURALBRONZER-002,,0,,0,,0,,0,,0,"Recent demand is volatile, so the forecast is kept conservative."
14-Sep-2026,2026-09-14,RIM-NATURALBRONZER-002-3PK,,0,,0,,0,,0,,0,"Demand is intermittent, so the forecast remains conservative."
14-Sep-2026,2026-09-14,RIM-OMG-LIP-130,,0,,1,,0,,0,,1,"Recent demand is volatile, so the forecast is kept conservative."
14-Sep-2026,2026-09-14,RIM-OMG-LIP-150,,0,,0,,0,,0,,0,"Recent demand is volatile, so the forecast is kept conservative."
14-Sep-2026,2026-09-14,RIM-OMG-LIP-160,,0,,0,,0,,0,,0,"Recent demand is volatile, so the forecast is kept conservative."
14-Sep-2026,2026-09-14,RIM-OMG-LIP-200,,0,,0,,0,,0,,0,Current stock availability is limiting observed demand.
14-Sep-2026,2026-09-14,RIM-OMG-LIP-210,,0,,0,,0,,0,,0,"Demand is intermittent, so the forecast remains conservative."
14-Sep-2026,2026-09-14,RIM-OMG-LIP-260,,0,,0,,0,,0,,0,Current stock availability is limiting observed demand.
14-Sep-2026,2026-09-14,RIM-OMG-LIP-300,,0,,0,,0,,0,,0,Current stock availability is limiting observed demand.
14-Sep-2026,2026-09-14,RIM-OMG-LIP-330,,0,,0,,0,,0,,0,"Recent demand is volatile, so the forecast is kept conservative."
14-Sep-2026,2026-09-14,RIM-OMG-LIP-400,,0,,0,,0,,0,,0,Current stock availability is limiting observed demand.
14-Sep-2026,2026-09-14,RIM-OMG-LIP-500,,0,,0,,0,,0,,0,"Demand is intermittent, so the forecast remains conservative."
14-Sep-2026,2026-09-14,RIM-OMG-LIP-531,,0,,0,,0,,0,,0,Current stock availability is limiting observed demand.
14-Sep-2026,2026-09-14,RIM-OMG-LIP-758,,0,,0,,0,,0,,0,Current stock availability is limiting observed demand.
14-Sep-2026,2026-09-14,RIM-OMG-LIP-759,,0,,0,,0,,0,,0,"Demand is intermittent, so the forecast remains conservative."
14-Sep-2026,2026-09-14,RIM-OMG-LIP-800,,0,,0,,0,,0,,0,"Recent demand is volatile, so the forecast is kept conservative."
14-Sep-2026,2026-09-14,RIM-OMG-LIP-801,,0,,0,,0,,0,,0,Current stock availability is limiting observed demand.
14-Sep-2026,2026-09-14,RIM-OMG-LIP-LOVEBUG,,0,,0,,0,,0,,0,"Recent demand is volatile, so the forecast is kept conservative."
14-Sep-2026,2026-09-14,RIM-OMG-PLUMP-501,,0,,0,,0,,0,,0,Current stock availability is limiting observed demand.
14-Sep-2026,2026-09-14,RIM-OMG-PLUMP-820,,0,,0,,0,,0,,0,Current stock availability is limiting observed demand.
14-Sep-2026,2026-09-14,RIM-OMP-LIP-SHAPER-010,,0,,0,,0,,0,,0,"Demand is intermittent, so the forecast remains conservative."
14-Sep-2026,2026-09-14,RIM-OMP-LIP-SHAPER-030,,0,,0,,0,,0,,0,"Demand is intermittent, so the forecast remains conservative."
14-Sep-2026,2026-09-14,RIM-OMP-LIP-SHAPER-040,,0,,0,,0,,0,,0,"Demand is intermittent, so the forecast remains conservative."
14-Sep-2026,2026-09-14,RIM-OMP-LIP-SHAPER-050,,0,,0,,0,,0,,0,"Demand is intermittent, so the forecast remains conservative."
14-Sep-2026,2026-09-14,RIM-PROVOCALIP-210,,0,,0,,0,,0,,0,Current stock availability is limiting observed demand.
14-Sep-2026,2026-09-14,RIM-PROVOCALIP-570,,0,,0,,0,,0,,0,"Recent demand is volatile, so the forecast is kept conservative."
14-Sep-2026,2026-09-14,RIM-PROVOCALIP-710,,0,,0,,0,,0,,0,Current stock availability is limiting observed demand.
14-Sep-2026,2026-09-14,RIM-PROVOCALIP-730,,0,,0,,0,,0,,0,"Recent demand is volatile, so the forecast is kept conservative."
14-Sep-2026,2026-09-14,RIM-RADBRICK-001,,0,,0,,0,,0,,0,Current stock availability is limiting observed demand.
14-Sep-2026,2026-09-14,RIM-RADBRICK-002,,0,,0,,0,,0,,0,Current stock availability is limiting observed demand.
14-Sep-2026,2026-09-14,RIM-RADBRICK-003,,0,,0,,0,,0,,0,Current stock availability is limiting observed demand.
14-Sep-2026,2026-09-14,RIM-SCD-EL-WP-001,,1,,1,,0,,0,,2,"Recent demand is volatile, so the forecast is kept conservative."
14-Sep-2026,2026-09-14,RIM-SCD-EL-WP-001-2PK,,0,,0,,0,,0,,0,"Demand is intermittent, so the forecast remains conservative."
14-Sep-2026,2026-09-14,RIM-SCD-EL-WP-001-3PK,,0,,0,,0,,0,,0,"Demand is intermittent, so the forecast remains conservative."
14-Sep-2026,2026-09-14,RIM-SCD-EL-WP-001-5PK,,0,,0,,0,,0,,0,"Demand is intermittent, so the forecast remains conservative."
14-Sep-2026,2026-09-14,RIM-SCD-EL-WP-003,,0,,0,,0,,0,,0,"Recent demand is volatile, so the forecast is kept conservative."
14-Sep-2026,2026-09-14,RIM-SCD-EL-WP-005,,0,,0,,0,,0,,0,"Demand is intermittent, so the forecast remains conservative."
14-Sep-2026,2026-09-14,RIM-SCD-EL-WP-006,,0,,0,,0,,0,,0,Current stock availability is limiting observed demand.
14-Sep-2026,2026-09-14,RIM-SCD-EL-WP-008,,0,,0,,0,,0,,0,Current stock availability is limiting observed demand.
14-Sep-2026,2026-09-14,RIM-SCD-EYE-001,,16,,2,,0,,0,,18,"Recent sales are increasing, so the forecast is higher."
14-Sep-2026,2026-09-14,RIM-SCD-EYE-001-2PK,,0,,0,,0,,0,,0,"Demand is intermittent, so the forecast remains conservative."
14-Sep-2026,2026-09-14,RIM-SCD-EYE-001-3PK,,0,,0,,0,,0,,0,"Demand is intermittent, so the forecast remains conservative."
14-Sep-2026,2026-09-14,RIM-SCD-EYE-001-5PK,,0,,0,,0,,0,,0,"Recent demand is volatile, so the forecast is kept conservative."
14-Sep-2026,2026-09-14,RIM-SCD-EYE-002,,0,,0,,0,,0,,0,Current stock availability is limiting observed demand.
14-Sep-2026,2026-09-14,RIM-SCD-EYE-002-2PK,,0,,0,,0,,0,,0,"Demand is intermittent, so the forecast remains conservative."
14-Sep-2026,2026-09-14,RIM-SCD-EYE-002-3PK,,0,,0,,0,,0,,0,"Demand is intermittent, so the forecast remains conservative."
14-Sep-2026,2026-09-14,RIM-SCD-EYE-002-5PK,,0,,0,,0,,0,,0,"Demand is intermittent, so the forecast remains conservative."
14-Sep-2026,2026-09-14,RIM-SCD-EYE-003,,0,,2,,0,,0,,2,"Recent demand is volatile, so the forecast is kept conservative."
14-Sep-2026,2026-09-14,RIM-SCD-EYE-003-2PK,,0,,0,,0,,0,,0,"Demand is intermittent, so the forecast remains conservative."
14-Sep-2026,2026-09-14,RIM-SCD-EYE-003-3PK,,0,,0,,0,,0,,0,"Demand is intermittent, so the forecast remains conservative."
14-Sep-2026,2026-09-14,RIM-SCD-EYE-003-5PK,,0,,0,,0,,0,,0,"Demand is intermittent, so the forecast remains conservative."
14-Sep-2026,2026-09-14,RIM-SCD-EYE-004,,0,,0,,0,,0,,0,"Recent demand is volatile, so the forecast is kept conservative."
14-Sep-2026,2026-09-14,RIM-SCD-EYE-005,,0,,0,,0,,0,,0,"Recent demand is volatile, so the forecast is kept conservative."
14-Sep-2026,2026-09-14,RIM-SCD-EYE-006,,0,,1,,0,,0,,1,"Recent demand is volatile, so the forecast is kept conservative."
14-Sep-2026,2026-09-14,RIM-SCD-EYE-006-2PK,,0,,0,,0,,0,,0,"Recent demand is volatile, so the forecast is kept conservative."
14-Sep-2026,2026-09-14,RIM-SCD-EYE-006-3PK,,0,,0,,0,,0,,0,"Recent demand is volatile, so the forecast is kept conservative."
14-Sep-2026,2026-09-14,RIM-SCD-EYE-006-5PK,,0,,0,,0,,0,,0,"Recent demand is volatile, so the forecast is kept conservative."
14-Sep-2026,2026-09-14,RIM-SCD-MICRO-EL-001,,0,,0,,0,,0,,0,"Demand is intermittent, so the forecast remains conservative."
14-Sep-2026,2026-09-14,RIM-SM-PRIMER-003,,0,,0,,0,,0,,0,"Demand is intermittent, so the forecast remains conservative."
14-Sep-2026,2026-09-14,RIM-SMLIQ-100,,0,,0,,0,,0,,0,"Demand is intermittent, so the forecast remains conservative."
14-Sep-2026,2026-09-14,RIM-SMLIQ-110,,0,,0,,0,,0,,0,Current stock availability is limiting observed demand.
14-Sep-2026,2026-09-14,RIM-SMLIQ-200,,0,,0,,0,,0,,0,Current stock availability is limiting observed demand.
14-Sep-2026,2026-09-14,RIM-SMLIQ-220,,0,,0,,0,,0,,0,Current stock availability is limiting observed demand.
14-Sep-2026,2026-09-14,RIM-SMLIQ-500,,0,,0,,0,,0,,0,Current stock availability is limiting observed demand.
14-Sep-2026,2026-09-14,RIM-SMLIQ-600,,0,,0,,0,,0,,0,Current stock availability is limiting observed demand.
14-Sep-2026,2026-09-14,RIM-SMLIQ-700,,0,,0,,0,,0,,0,"Recent demand is volatile, so the forecast is kept conservative."
14-Sep-2026,2026-09-14,RIM-SMLIQ-706,,0,,0,,0,,0,,0,Current stock availability is limiting observed demand.
14-Sep-2026,2026-09-14,RIM-SMLIQ-707,,0,,0,,0,,0,,0,Current stock availability is limiting observed demand.
14-Sep-2026,2026-09-14,RIM-SMLIQ-708,,0,,0,,0,,0,,0,Current stock availability is limiting observed demand.
14-Sep-2026,2026-09-14,RIM-SMLIQ-709,,0,,0,,0,,0,,0,Current stock availability is limiting observed demand.
14-Sep-2026,2026-09-14,RIM-SMLIQ-720,,0,,0,,0,,0,,0,Current stock availability is limiting observed demand.
14-Sep-2026,2026-09-14,RIM-SMLIQ-723,,0,,0,,0,,0,,0,Current stock availability is limiting observed demand.
14-Sep-2026,2026-09-14,RIM-SMLIQ-725,,0,,0,,0,,0,,0,Current stock availability is limiting observed demand.
14-Sep-2026,2026-09-14,RIM-SMLIQ-820,,0,,0,,0,,0,,0,Current stock availability is limiting observed demand.
14-Sep-2026,2026-09-14,RIM-SMLIQ-830,,0,,0,,0,,0,,0,"Demand is intermittent, so the forecast remains conservative."
14-Sep-2026,2026-09-14,RIM-SMLIQ-870,,0,,0,,0,,0,,0,"Demand is intermittent, so the forecast remains conservative."
14-Sep-2026,2026-09-14,RIM-SMLQFDT-502,,0,,0,,0,,0,,0,Current stock availability is limiting observed demand.
14-Sep-2026,2026-09-14,RIM-SMPP-001,,1,,5,,0,,0,,6,"Recent demand is volatile, so the forecast is kept conservative."
14-Sep-2026,2026-09-14,RIM-SMPP-001-2PK,,0,,0,,0,,0,,0,"Recent demand is volatile, so the forecast is kept conservative."
14-Sep-2026,2026-09-14,RIM-SMPP-001-3PK,,0,,0,,0,,0,,0,"Recent demand is volatile, so the forecast is kept conservative."
14-Sep-2026,2026-09-14,RIM-SMPP-001-5PK,,0,,0,,0,,0,,0,"Recent demand is volatile, so the forecast is kept conservative."
14-Sep-2026,2026-09-14,RIM-SMPP-002,,0,,1,,0,,0,,1,"Recent demand is volatile, so the forecast is kept conservative."
14-Sep-2026,2026-09-14,RIM-SMPP-002-2PK,,0,,0,,0,,0,,0,"Recent demand is volatile, so the forecast is kept conservative."
14-Sep-2026,2026-09-14,RIM-SMPP-002-3PK,,0,,0,,0,,0,,0,"Recent demand is volatile, so the forecast is kept conservative."
14-Sep-2026,2026-09-14,RIM-SMPP-002-5PK,,0,,0,,0,,0,,0,"Demand is intermittent, so the forecast remains conservative."
14-Sep-2026,2026-09-14,RIM-SMPP-003,,0,,4,,0,,0,,4,"Recent demand is volatile, so the forecast is kept conservative."
14-Sep-2026,2026-09-14,RIM-SMPP-003-2PK,,0,,0,,0,,0,,0,"Recent demand is volatile, so the forecast is kept conservative."
14-Sep-2026,2026-09-14,RIM-SMPP-003-3PK,,0,,0,,0,,0,,0,"Recent demand is volatile, so the forecast is kept conservative."
14-Sep-2026,2026-09-14,RIM-SMPP-003-5PK,,0,,0,,0,,0,,0,"Recent demand is volatile, so the forecast is kept conservative."
14-Sep-2026,2026-09-14,RIM-SMPP-004,,0,,2,,0,,0,,2,"Recent demand is volatile, so the forecast is kept conservative."
14-Sep-2026,2026-09-14,RIM-SMPP-004-2PK,,0,,0,,0,,0,,0,"Recent demand is volatile, so the forecast is kept conservative."
14-Sep-2026,2026-09-14,RIM-SMPP-004-3PK,,0,,0,,0,,0,,0,"Recent demand is volatile, so the forecast is kept conservative."
14-Sep-2026,2026-09-14,RIM-SMPP-004-5PK,,0,,0,,0,,0,,0,"Demand is intermittent, so the forecast remains conservative."
14-Sep-2026,2026-09-14,RIM-SMPP-005,,8,,5,,0,,0,,13,"Recent sales are increasing, so the forecast is higher."
14-Sep-2026,2026-09-14,RIM-SMPP-005-2PK,,0,,0,,0,,0,,0,"Recent demand is volatile, so the forecast is kept conservative."
14-Sep-2026,2026-09-14,RIM-SMPP-005-3PK,,0,,0,,0,,0,,0,"Recent demand is volatile, so the forecast is kept conservative."
14-Sep-2026,2026-09-14,RIM-SMPP-005-5PK,,0,,0,,0,,0,,0,"Recent demand is volatile, so the forecast is kept conservative."
14-Sep-2026,2026-09-14,RIM-SMPP-006,,0,,2,,0,,0,,2,"Recent demand is volatile, so the forecast is kept conservative."
14-Sep-2026,2026-09-14,RIM-SMPP-006-2PK,,0,,0,,0,,0,,0,"Demand is intermittent, so the forecast remains conservative."
14-Sep-2026,2026-09-14,RIM-SMPP-006-3PK,,0,,0,,0,,0,,0,"Recent demand is volatile, so the forecast is kept conservative."
14-Sep-2026,2026-09-14,RIM-SMPP-006-5PK,,0,,0,,0,,0,,0,"Recent demand is volatile, so the forecast is kept conservative."
14-Sep-2026,2026-09-14,RIM-SMPP-007,,0,,0,,0,,0,,0,Current stock availability is limiting observed demand.
14-Sep-2026,2026-09-14,RIM-SMPP-008,,0,,0,,0,,0,,0,"Recent demand is volatile, so the forecast is kept conservative."
14-Sep-2026,2026-09-14,RIM-SMPP-009,,0,,0,,0,,0,,0,"Recent demand is volatile, so the forecast is kept conservative."
14-Sep-2026,2026-09-14,RIM-SMPP-010,,0,,0,,0,,0,,0,Current stock availability is limiting observed demand.
14-Sep-2026,2026-09-14,RIM-STAY-MATTE-LIQLIP-COLOR-709,,0,,0,,0,,0,,0,Current stock availability is limiting observed demand.
14-Sep-2026,2026-09-14,RIM-STAY-SATIN-LIP-200,,0,,0,,0,,0,,0,Current stock availability is limiting observed demand.
14-Sep-2026,2026-09-14,RIM-STAY-SATIN-LIP-210,,0,,0,,0,,0,,0,"Recent demand is volatile, so the forecast is kept conservative."
14-Sep-2026,2026-09-14,RIM-STAY-SATIN-LIP-500,,0,,0,,0,,0,,0,"Recent demand is volatile, so the forecast is kept conservative."
14-Sep-2026,2026-09-14,RIM-SUPERGEL-GLITTER,,0,,0,,0,,0,,0,"Recent demand is volatile, so the forecast is kept conservative."
14-Sep-2026,2026-09-14,RIM-SUPERGEL-TOPCOAT,,2,,0,,0,,0,,2,"Recent demand is declining, so the forecast is lower."
14-Sep-2026,2026-09-14,RIM-SUPERGEL-TOPCOAT-2PK,,0,,0,,0,,0,,0,"Recent demand is volatile, so the forecast is kept conservative."
14-Sep-2026,2026-09-14,RIM-ULTIMATE-PRM-001,,0,,0,,0,,0,,0,Current stock availability is limiting observed demand.
14-Sep-2026,2026-09-14,RIM-ULTIMATE-PRM-001-2PK,,0,,0,,0,,0,,0,Current stock availability is limiting observed demand.
14-Sep-2026,2026-09-14,RIM-ULTIMATE-PRM-001-3PK,,0,,0,,0,,0,,0,"Demand is intermittent, so the forecast remains conservative."
14-Sep-2026,2026-09-14,RIM-ULTIMATE-PRM-001-5PK,,0,,0,,0,,0,,0,"Demand is intermittent, so the forecast remains conservative."
14-Sep-2026,2026-09-14,RIM-WNDCLOUD-LIQ-ES-001,,0,,0,,0,,0,,0,"Demand is intermittent, so the forecast remains conservative."
14-Sep-2026,2026-09-14,RIM-WNDCLOUD-LIQ-ES-002,,0,,0,,0,,0,,0,Current stock availability is limiting observed demand.
14-Sep-2026,2026-09-14,RIM-WNDCLOUD-LIQ-ES-004,,0,,0,,0,,0,,0,"Demand is intermittent, so the forecast remains conservative."
14-Sep-2026,2026-09-14,RIM-WNDCLOUD-LIQ-ES-005,,0,,0,,0,,0,,0,"Demand is intermittent, so the forecast remains conservative."
14-Sep-2026,2026-09-14,RIM-WNDCLOUD-LIQ-ES-006,,0,,0,,0,,0,,0,Current stock availability is limiting observed demand.
14-Sep-2026,2026-09-14,RIM-WNDCLOUD-LIQ-ES-007,,0,,0,,0,,0,,0,"Demand is intermittent, so the forecast remains conservative."
14-Sep-2026,2026-09-14,RIM-WONDER-SERUM,,0,,0,,0,,0,,0,"Recent demand is volatile, so the forecast is kept conservative."
14-Sep-2026,2026-09-14,RIM-WONDERF-BROW-001,,0,,0,,0,,0,,0,Current stock availability is limiting observed demand.
14-Sep-2026,2026-09-14,RIM-WONDERF-BROW-002,,1,,0,,0,,0,,1,"Recent demand is volatile, so the forecast is kept conservative."
14-Sep-2026,2026-09-14,RIM-WONDERF-BROW-003,,8,,0,,0,,0,,8,"Recent demand is volatile, so the forecast is kept conservative."
14-Sep-2026,2026-09-14,RIM-WONDERF-GEL-004,,0,,0,,0,,0,,0,Current stock availability is limiting observed demand.
14-Sep-2026,2026-09-14,RIM-WONDERINK-EL-001,,0,,0,,0,,0,,0,"Demand is intermittent, so the forecast remains conservative."
14-Sep-2026,2026-09-14,RIM-WONDERINK-LIQ-EL-002,,0,,0,,0,,0,,0,"Recent demand is volatile, so the forecast is kept conservative."
14-Sep-2026,2026-09-14,RIM-WONDERINK-LIQ-EL-003,,0,,0,,0,,0,,0,"Demand is intermittent, so the forecast remains conservative."
14-Sep-2026,2026-09-14,RIM-WONDERINK-LIQ-EL-005,,0,,0,,0,,0,,0,"Demand is intermittent, so the forecast remains conservative."
14-Sep-2026,2026-09-14,RIM-WONDERLAST-001,,0,,0,,0,,0,,0,"Demand is intermittent, so the forecast remains conservative."
14-Sep-2026,2026-09-14,RIM-WONDERLAST-002,,0,,0,,0,,0,,0,"Demand is intermittent, so the forecast remains conservative."
14-Sep-2026,2026-09-14,RIM-WONDERLAST-003,,0,,0,,0,,0,,0,"Demand is intermittent, so the forecast remains conservative."
14-Sep-2026,2026-09-14,RIM-WONDERLAST-004,,0,,0,,0,,0,,0,"Demand is intermittent, so the forecast remains conservative."
14-Sep-2026,2026-09-14,RIM-WONDERPROOF-EL-006,,0,,0,,0,,0,,0,"Demand is intermittent, so the forecast remains conservative."
14-Sep-2026,2026-09-14,RIM-WS2IN1-002,,0,,0,,0,,0,,0,"Demand is intermittent, so the forecast remains conservative."
14-Sep-2026,2026-09-14,RIM-WS2IN1-003,,0,,0,,0,,0,,0,"Demand is intermittent, so the forecast remains conservative."
15-Sep-2026,2026-09-15,RIM-100WP-BLK,,0,,3,,0,,0,,3,"Recent demand is volatile, so the forecast is kept conservative."
15-Sep-2026,2026-09-15,RIM-1KLL-071,,0,,0,,0,,0,,0,Current stock availability is limiting observed demand.
15-Sep-2026,2026-09-15,RIM-1KLL-080,,0,,0,,0,,0,,0,Current stock availability is limiting observed demand.
15-Sep-2026,2026-09-15,RIM-1KLL-081,,0,,0,,0,,0,,0,"Demand is intermittent, so the forecast remains conservative."
15-Sep-2026,2026-09-15,RIM-BBCREAM-LIGHT,,0,,1,,0,,0,,1,"Recent demand is volatile, so the forecast is kept conservative."
15-Sep-2026,2026-09-15,RIM-BBCREAM-MEDIUM,,0,,0,,0,,0,,0,Current stock availability is limiting observed demand.
15-Sep-2026,2026-09-15,RIM-BBCREAM-VERYLIGHT,,0,,0,,0,,0,,0,Current stock availability is limiting observed demand.
15-Sep-2026,2026-09-15,RIM-BTW-BSK-DRKBRW,,2,,1,,0,,0,,3,"Recent demand is volatile, so the forecast is kept conservative."
15-Sep-2026,2026-09-15,RIM-BTW-BSK-DRKBRW-2PK,,0,,0,,0,,0,,0,"Recent demand is volatile, so the forecast is kept conservative."
15-Sep-2026,2026-09-15,RIM-BTW-BSK-DRKBRW-3PK,,0,,0,,0,,0,,0,"Demand is intermittent, so the forecast remains conservative."
15-Sep-2026,2026-09-15,RIM-BTW-BSK-MEDBRW,,0,,2,,0,,0,,2,"Demand is intermittent, so the forecast remains conservative."
15-Sep-2026,2026-09-15,RIM-BTW-BSK-MEDBRW-2PK,,0,,0,,0,,0,,0,"Demand is intermittent, so the forecast remains conservative."
15-Sep-2026,2026-09-15,RIM-BTW-BSK-MEDBRW-3PK,,0,,0,,0,,0,,0,"Recent demand is volatile, so the forecast is kept conservative."
15-Sep-2026,2026-09-15,RIM-BTW-F&S-001,,0,,0,,0,,0,,0,"Recent demand is volatile, so the forecast is kept conservative."
15-Sep-2026,2026-09-15,RIM-BTW-F&S-002,,0,,0,,0,,0,,0,"Recent demand is volatile, so the forecast is kept conservative."
15-Sep-2026,2026-09-15,RIM-BTW-F&S-003,,6,,0,,0,,0,,6,"Recent demand is volatile, so the forecast is kept conservative."
15-Sep-2026,2026-09-15,RIM-BTW-F&S-004,,0,,0,,0,,0,,0,"Demand is intermittent, so the forecast remains conservative."
15-Sep-2026,2026-09-15,RIM-BTWEYEBROW-003,,0,,0,,0,,0,,0,Current stock availability is limiting observed demand.
15-Sep-2026,2026-09-15,RIM-BTWEYEBROW-005,,0,,0,,0,,0,,0,"Demand is intermittent, so the forecast remains conservative."
15-Sep-2026,2026-09-15,RIM-BTWEYEBROW-005-2PK,,0,,0,,0,,0,,0,"Demand is intermittent, so the forecast remains conservative."
15-Sep-2026,2026-09-15,RIM-BTWEYEBROW-005-3PK,,0,,0,,0,,0,,0,"Demand is intermittent, so the forecast remains conservative."
15-Sep-2026,2026-09-15,RIM-BTWEYEBROW-005-5PK,,0,,0,,0,,0,,0,"Demand is intermittent, so the forecast remains conservative."
15-Sep-2026,2026-09-15,RIM-BTWEYEBROW-006,,0,,0,,0,,0,,0,Current stock availability is limiting observed demand.
15-Sep-2026,2026-09-15,RIM-BTWEYEBROW-006-2PK,,0,,0,,0,,0,,0,"Demand is intermittent, so the forecast remains conservative."
15-Sep-2026,2026-09-15,RIM-BTWEYEBROW-006-5PK,,0,,0,,0,,0,,0,"Demand is intermittent, so the forecast remains conservative."
15-Sep-2026,2026-09-15,RIM-BTWFIBRE-001,,0,,0,,0,,0,,0,Current stock availability is limiting observed demand.
15-Sep-2026,2026-09-15,RIM-BTWFIBRE-003,,0,,0,,0,,0,,0,Current stock availability is limiting observed demand.
15-Sep-2026,2026-09-15,RIM-BUNDLE-LIP-SET-PINK-NUDES,,0,,0,,0,,0,,0,"Demand is intermittent, so the forecast remains conservative."
15-Sep-2026,2026-09-15,RIM-BUNDLE-MSC-BLK-WP-TRIO,,0,,0,,0,,0,,0,Current stock availability is limiting observed demand.
15-Sep-2026,2026-09-15,RIM-EBP-BLKBRW,,0,,0,,0,,0,,0,Current stock availability is limiting observed demand.
15-Sep-2026,2026-09-15,RIM-EBP-BLKBRW-2PK,,0,,0,,0,,0,,0,"Demand is intermittent, so the forecast remains conservative."
15-Sep-2026,2026-09-15,RIM-EBP-BLKBRW-5PK,,0,,0,,0,,0,,0,"Recent demand is volatile, so the forecast is kept conservative."
15-Sep-2026,2026-09-15,RIM-EBP-DRKBRW,,11,,2,,0,,0,,13,Stable historical demand with consistent recent sales.
15-Sep-2026,2026-09-15,RIM-EBP-DRKBRW-5PK,,0,,0,,0,,0,,0,"Demand is intermittent, so the forecast remains conservative."
15-Sep-2026,2026-09-15,RIM-EBP-HAZEL,,0,,0,,0,,0,,0,Current stock availability is limiting observed demand.
15-Sep-2026,2026-09-15,RIM-EBP-HAZEL-5PK,,0,,0,,0,,0,,0,"Demand is intermittent, so the forecast remains conservative."
15-Sep-2026,2026-09-15,RIM-ELP-021,,0,,0,,0,,0,,0,"Recent demand is volatile, so the forecast is kept conservative."
15-Sep-2026,2026-09-15,RIM-ELP-061,,0,,1,,0,,0,,1,"Recent demand is volatile, so the forecast is kept conservative."
15-Sep-2026,2026-09-15,RIM-ELP-061-2PK,,0,,0,,0,,0,,0,"Demand is intermittent, so the forecast remains conservative."
15-Sep-2026,2026-09-15,RIM-ELP-061-6PK,,0,,0,,0,,0,,0,"Recent demand is volatile, so the forecast is kept conservative."
15-Sep-2026,2026-09-15,RIM-ELP-064,,1,,0,,0,,0,,1,"Recent demand is volatile, so the forecast is kept conservative."
15-Sep-2026,2026-09-15,RIM-ELP-064-2PK,,0,,0,,0,,0,,0,"Recent demand is volatile, so the forecast is kept conservative."
15-Sep-2026,2026-09-15,RIM-ELP-064-3PK,,0,,0,,0,,0,,0,"Demand is intermittent, so the forecast remains conservative."
15-Sep-2026,2026-09-15,RIM-ELP-064-5PK,,0,,0,,0,,0,,0,"Demand is intermittent, so the forecast remains conservative."
15-Sep-2026,2026-09-15,RIM-ELP-071,,0,,0,,0,,0,,0,"Recent demand is volatile, so the forecast is kept conservative."
15-Sep-2026,2026-09-15,RIM-ELP-071-2PK,,0,,0,,0,,0,,0,"Demand is intermittent, so the forecast remains conservative."
15-Sep-2026,2026-09-15,RIM-ELP-071-3PK,,0,,0,,0,,0,,0,"Demand is intermittent, so the forecast remains conservative."
15-Sep-2026,2026-09-15,RIM-ELP-071-5PK,,0,,0,,0,,0,,0,"Demand is intermittent, so the forecast remains conservative."
15-Sep-2026,2026-09-15,RIM-EXAG-EYEL-001,,0,,1,,0,,0,,1,"Recent demand is volatile, so the forecast is kept conservative."
15-Sep-2026,2026-09-15,RIM-EXAG-EYEL-001-2PK,,0,,0,,0,,0,,0,"Recent demand is volatile, so the forecast is kept conservative."
15-Sep-2026,2026-09-15,RIM-EXAG-EYEL-001-3PK,,0,,0,,0,,0,,0,"Recent demand is volatile, so the forecast is kept conservative."
15-Sep-2026,2026-09-15,RIM-EXAG-EYEL-001-5PK,,0,,0,,0,,0,,0,"Demand is intermittent, so the forecast remains conservative."
15-Sep-2026,2026-09-15,RIM-EXAG-EYEL-003-WP,,0,,0,,0,,0,,0,"Demand is intermittent, so the forecast remains conservative."
15-Sep-2026,2026-09-15,RIM-EXGEL-230,,0,,0,,0,,0,,0,"Demand is intermittent, so the forecast remains conservative."
15-Sep-2026,2026-09-15,RIM-EXGEL-240,,0,,0,,0,,0,,0,Current stock availability is limiting observed demand.
15-Sep-2026,2026-09-15,RIM-FDT-MATCH-101,,0,,0,,0,,0,,0,Current stock availability is limiting observed demand.
15-Sep-2026,2026-09-15,RIM-FDT-MATCH-103,,0,,0,,0,,0,,0,Current stock availability is limiting observed demand.
15-Sep-2026,2026-09-15,RIM-FDT-MATCH-200,,0,,0,,0,,0,,0,"Recent demand is volatile, so the forecast is kept conservative."
15-Sep-2026,2026-09-15,RIM-FDT-MATCH-203,,0,,0,,0,,0,,0,"Recent demand is volatile, so the forecast is kept conservative."
15-Sep-2026,2026-09-15,RIM-FDT-MATCH-300,,0,,0,,0,,0,,0,Current stock availability is limiting observed demand.
15-Sep-2026,2026-09-15,RIM-FDT-MATCH-400,,0,,0,,0,,0,,0,Current stock availability is limiting observed demand.
15-Sep-2026,2026-09-15,RIM-FDT-MATCH-501,,0,,0,,0,,0,,0,"Demand is intermittent, so the forecast remains conservative."
15-Sep-2026,2026-09-15,RIM-FIX&PROT-PRIMER,,0,,0,,0,,0,,0,Current stock availability is limiting observed demand.
15-Sep-2026,2026-09-15,RIM-GENTLE-EYE-MAKEUP-RMVR-125ML,,0,,0,,0,,0,,0,Current stock availability is limiting observed demand.
15-Sep-2026,2026-09-15,RIM-GLAMEYES-LL-001,,0,,0,,0,,0,,0,"Recent demand is volatile, so the forecast is kept conservative."
15-Sep-2026,2026-09-15,RIM-GLAMEYES-LL-001-2PK,,0,,0,,0,,0,,0,"Recent demand is volatile, so the forecast is kept conservative."
15-Sep-2026,2026-09-15,RIM-GLAMEYES-LL-002,,0,,0,,0,,0,,0,Current stock availability is limiting observed demand.
15-Sep-2026,2026-09-15,RIM-HIGHLIGHT-001,,0,,0,,0,,0,,0,"Recent demand is volatile, so the forecast is kept conservative."
15-Sep-2026,2026-09-15,RIM-HIGHLIGHT-002,,0,,0,,0,,0,,0,"Recent demand is volatile, so the forecast is kept conservative."
15-Sep-2026,2026-09-15,RIM-HTB-001,,0,,0,,0,,0,,0,Current stock availability is limiting observed demand.
15-Sep-2026,2026-09-15,RIM-HTB-001-2PK,,0,,0,,0,,0,,0,"Demand is intermittent, so the forecast remains conservative."
15-Sep-2026,2026-09-15,RIM-HTB-001-3PK,,0,,0,,0,,0,,0,"Demand is intermittent, so the forecast remains conservative."
15-Sep-2026,2026-09-15,RIM-HTB-001-5PK,,0,,0,,0,,0,,0,"Demand is intermittent, so the forecast remains conservative."
15-Sep-2026,2026-09-15,RIM-HTB-002,,0,,0,,0,,0,,0,Current stock availability is limiting observed demand.
15-Sep-2026,2026-09-15,RIM-HTB-004,,0,,3,,0,,0,,3,"Recent demand is volatile, so the forecast is kept conservative."
15-Sep-2026,2026-09-15,RIM-HTB-004-2PK,,0,,0,,0,,0,,0,"Recent demand is volatile, so the forecast is kept conservative."
15-Sep-2026,2026-09-15,RIM-HTB-004-3PK,,0,,0,,0,,0,,0,"Recent demand is volatile, so the forecast is kept conservative."
15-Sep-2026,2026-09-15,RIM-HTB-004-5PK,,0,,0,,0,,0,,0,"Recent demand is volatile, so the forecast is kept conservative."
15-Sep-2026,2026-09-15,RIM-HTB-103,,0,,0,,0,,0,,0,Current stock availability is limiting observed demand.
15-Sep-2026,2026-09-15,RIM-HTB-103-2PK,,0,,0,,0,,0,,0,Current stock availability is limiting observed demand.
15-Sep-2026,2026-09-15,RIM-HTB-103-3PK,,0,,0,,0,,0,,0,"Demand is intermittent, so the forecast remains conservative."
15-Sep-2026,2026-09-15,RIM-HTB-103-5PK,,0,,0,,0,,0,,0,"Demand is intermittent, so the forecast remains conservative."
15-Sep-2026,2026-09-15,RIM-HTB-105,,0,,1,,0,,0,,1,"Recent demand is volatile, so the forecast is kept conservative."
15-Sep-2026,2026-09-15,RIM-INSTACC-GREEN,,0,,0,,0,,0,,0,Current stock availability is limiting observed demand.
15-Sep-2026,2026-09-15,RIM-INSTACC-LAVENDER,,0,,0,,0,,0,,0,Current stock availability is limiting observed demand.
15-Sep-2026,2026-09-15,RIM-INSTAFIX-SPRAY,,0,,0,,0,,0,,0,Current stock availability is limiting observed demand.
15-Sep-2026,2026-09-15,RIM-JELLY-010,,0,,0,,0,,0,,0,"Demand is intermittent, so the forecast remains conservative."
15-Sep-2026,2026-09-15,RIM-JELLY-020,,0,,0,,0,,0,,0,"Demand is intermittent, so the forecast remains conservative."
15-Sep-2026,2026-09-15,RIM-JELLY-040,,0,,0,,0,,0,,0,"Demand is intermittent, so the forecast remains conservative."
15-Sep-2026,2026-09-15,RIM-KATE-NUDE-LS-040,,0,,0,,0,,0,,0,Current stock availability is limiting observed demand.
15-Sep-2026,2026-09-15,RIM-KATE-NUDE-LS-042,,0,,0,,0,,0,,0,Current stock availability is limiting observed demand.
15-Sep-2026,2026-09-15,RIM-KATE-NUDE-LS-045,,0,,0,,0,,0,,0,Current stock availability is limiting observed demand.
15-Sep-2026,2026-09-15,RIM-KATE-NUDE-LS-045-5PK,,0,,0,,0,,0,,0,Current stock availability is limiting observed demand.
15-Sep-2026,2026-09-15,RIM-KATE-NUDE-LS-048,,0,,0,,0,,0,,0,Current stock availability is limiting observed demand.
15-Sep-2026,2026-09-15,RIM-KATE-SCULPTPAL-002,,0,,0,,0,,0,,0,Current stock availability is limiting observed demand.
15-Sep-2026,2026-09-15,RIM-KATE-SCULPTPAL-002-2PK,,0,,0,,0,,0,,0,"Demand is intermittent, so the forecast remains conservative."
15-Sep-2026,2026-09-15,RIM-KATE-SCULPTPAL-002-3PK,,0,,0,,0,,0,,0,"Demand is intermittent, so the forecast remains conservative."
15-Sep-2026,2026-09-15,RIM-KATE-SCULPTPAL-002-5PK,,0,,0,,0,,0,,0,"Demand is intermittent, so the forecast remains conservative."
15-Sep-2026,2026-09-15,RIM-KF-BROW-DEFINER-001,,0,,0,,0,,0,,0,"Demand is intermittent, so the forecast remains conservative."
15-Sep-2026,2026-09-15,RIM-KF-BROW-DEFINER-002,,0,,0,,0,,0,,0,"Demand is intermittent, so the forecast remains conservative."
15-Sep-2026,2026-09-15,RIM-KF-BROW-DEFINER-004,,0,,0,,0,,0,,0,"Demand is intermittent, so the forecast remains conservative."
15-Sep-2026,2026-09-15,RIM-KF-BROW-DEFINER-005,,0,,0,,0,,0,,0,"Demand is intermittent, so the forecast remains conservative."
15-Sep-2026,2026-09-15,RIM-KF-BROW-DEFINER-006,,0,,0,,0,,0,,0,"Recent demand is volatile, so the forecast is kept conservative."
15-Sep-2026,2026-09-15,RIM-KF-CCLR-010,,0,,0,,0,,0,,0,Current stock availability is limiting observed demand.
15-Sep-2026,2026-09-15,RIM-KF-CCLR-020,,0,,0,,0,,0,,0,Current stock availability is limiting observed demand.
15-Sep-2026,2026-09-15,RIM-KF-CCLR-030,,0,,0,,0,,0,,0,"Demand is intermittent, so the forecast remains conservative."
15-Sep-2026,2026-09-15,RIM-KF-CCLR-040,,0,,0,,0,,0,,0,"Demand is intermittent, so the forecast remains conservative."
15-Sep-2026,2026-09-15,RIM-KF-EYE-DEFINER-02,,0,,0,,0,,0,,0,"Demand is intermittent, so the forecast remains conservative."
15-Sep-2026,2026-09-15,RIM-KF-EYE-DEFINER-03,,0,,0,,0,,0,,0,"Demand is intermittent, so the forecast remains conservative."
15-Sep-2026,2026-09-15,RIM-KF-EYE-DEFINER-04,,0,,0,,0,,0,,0,"Demand is intermittent, so the forecast remains conservative."
15-Sep-2026,2026-09-15,RIM-KF-EYE-DEFINER-05,,0,,0,,0,,0,,0,"Demand is intermittent, so the forecast remains conservative."
15-Sep-2026,2026-09-15,RIM-KF-EYE-DEFINER-06,,0,,0,,0,,0,,0,"Demand is intermittent, so the forecast remains conservative."
15-Sep-2026,2026-09-15,RIM-KF-FDT-001,,0,,0,,0,,0,,0,Current stock availability is limiting observed demand.
15-Sep-2026,2026-09-15,RIM-KF-FDT-103,,0,,0,,0,,0,,0,"Demand is intermittent, so the forecast remains conservative."
15-Sep-2026,2026-09-15,RIM-KF-FDT-150,,0,,0,,0,,0,,0,"Demand is intermittent, so the forecast remains conservative."
15-Sep-2026,2026-09-15,RIM-KF-FDT-210,,0,,0,,0,,0,,0,"Demand is intermittent, so the forecast remains conservative."
15-Sep-2026,2026-09-15,RIM-KF-FDT-410,,0,,0,,0,,0,,0,"Demand is intermittent, so the forecast remains conservative."
15-Sep-2026,2026-09-15,RIM-KF-MSC-BLACK,,0,,0,,0,,0,,0,"Demand is intermittent, so the forecast remains conservative."
15-Sep-2026,2026-09-15,RIM-KF-MSC-BROWN,,0,,0,,0,,0,,0,Current stock availability is limiting observed demand.
15-Sep-2026,2026-09-15,RIM-KF-MULTISTICK-002,,0,,0,,0,,0,,0,"Demand is intermittent, so the forecast remains conservative."
15-Sep-2026,2026-09-15,RIM-KF-MULTISTICK-003,,0,,0,,0,,0,,0,"Demand is intermittent, so the forecast remains conservative."
15-Sep-2026,2026-09-15,RIM-KF-MULTISTICK-004,,0,,0,,0,,0,,0,Current stock availability is limiting observed demand.
15-Sep-2026,2026-09-15,RIM-KF-MULTISTICK-005,,0,,0,,0,,0,,0,"Demand is intermittent, so the forecast remains conservative."
15-Sep-2026,2026-09-15,RIM-KF-NAIL-150,,0,,0,,0,,0,,0,"Demand is intermittent, so the forecast remains conservative."
15-Sep-2026,2026-09-15,RIM-KF-NAIL-151,,0,,0,,0,,0,,0,"Demand is intermittent, so the forecast remains conservative."
15-Sep-2026,2026-09-15,RIM-KF-NAIL-152,,0,,0,,0,,0,,0,"Demand is intermittent, so the forecast remains conservative."
15-Sep-2026,2026-09-15,RIM-KF-NAIL-153,,0,,0,,0,,0,,0,"Demand is intermittent, so the forecast remains conservative."
15-Sep-2026,2026-09-15,RIM-KF-NAIL-154,,0,,0,,0,,0,,0,"Demand is intermittent, so the forecast remains conservative."
15-Sep-2026,2026-09-15,RIM-KF-NAIL-155,,0,,0,,0,,0,,0,"Demand is intermittent, so the forecast remains conservative."
15-Sep-2026,2026-09-15,RIM-KF-NAIL-156,,0,,0,,0,,0,,0,Current stock availability is limiting observed demand.
15-Sep-2026,2026-09-15,RIM-KF-NAIL-157,,0,,0,,0,,0,,0,"Demand is intermittent, so the forecast remains conservative."
15-Sep-2026,2026-09-15,RIM-KF-NAIL-158,,0,,0,,0,,0,,0,"Demand is intermittent, so the forecast remains conservative."
15-Sep-2026,2026-09-15,RIM-KF-NAIL-160,,0,,0,,0,,0,,0,Current stock availability is limiting observed demand.
15-Sep-2026,2026-09-15,RIM-KF-NAIL-162,,0,,0,,0,,0,,0,"Demand is intermittent, so the forecast remains conservative."
15-Sep-2026,2026-09-15,RIM-KF-NAIL-163,,0,,0,,0,,0,,0,"Demand is intermittent, so the forecast remains conservative."
15-Sep-2026,2026-09-15,RIM-KF-NAIL-164,,0,,0,,0,,0,,0,"Demand is intermittent, so the forecast remains conservative."
15-Sep-2026,2026-09-15,RIM-KF-NAIL-167,,0,,0,,0,,0,,0,Current stock availability is limiting observed demand.
15-Sep-2026,2026-09-15,RIM-KF-NAIL-168,,0,,0,,0,,0,,0,Current stock availability is limiting observed demand.
15-Sep-2026,2026-09-15,RIM-KF-NAIL-169,,0,,0,,0,,0,,0,"Demand is intermittent, so the forecast remains conservative."
15-Sep-2026,2026-09-15,RIM-KF-NAIL-170,,0,,0,,0,,0,,0,Current stock availability is limiting observed demand.
15-Sep-2026,2026-09-15,RIM-KF-PWDR-001,,0,,0,,0,,0,,0,"Recent demand is volatile, so the forecast is kept conservative."
15-Sep-2026,2026-09-15,RIM-KF-PWDR-001-2PK,,0,,0,,0,,0,,0,"Demand is intermittent, so the forecast remains conservative."
15-Sep-2026,2026-09-15,RIM-KF-PWDR-001-5PK,,0,,0,,0,,0,,0,"Demand is intermittent, so the forecast remains conservative."
15-Sep-2026,2026-09-15,RIM-KF-PWDR-010,,0,,0,,0,,0,,0,"Recent demand is volatile, so the forecast is kept conservative."
15-Sep-2026,2026-09-15,RIM-KF-PWDR-020,,0,,0,,0,,0,,0,"Recent demand is volatile, so the forecast is kept conservative."
15-Sep-2026,2026-09-15,RIM-KF-PWDR-030,,0,,0,,0,,0,,0,"Recent demand is volatile, so the forecast is kept conservative."
15-Sep-2026,2026-09-15,RIM-KF-PWDR-030-2PK,,0,,0,,0,,0,,0,"Recent demand is volatile, so the forecast is kept conservative."
15-Sep-2026,2026-09-15,RIM-KF-PWDR-030-5PK,,0,,0,,0,,0,,0,"Recent demand is volatile, so the forecast is kept conservative."
15-Sep-2026,2026-09-15,RIM-KF-PWDR-040,,0,,0,,0,,0,,0,Current stock availability is limiting observed demand.
15-Sep-2026,2026-09-15,RIM-KF-PWDR-050,,0,,0,,0,,0,,0,"Recent demand is volatile, so the forecast is kept conservative."
15-Sep-2026,2026-09-15,RIM-KOHL-KJEL-001,,0,,0,,0,,0,,0,Current stock availability is limiting observed demand.
15-Sep-2026,2026-09-15,RIM-KOHL-KJEL-002,,0,,0,,0,,0,,0,Current stock availability is limiting observed demand.
15-Sep-2026,2026-09-15,RIM-KOHL-KJEL-004,,0,,0,,0,,0,,0,"Demand is intermittent, so the forecast remains conservative."
15-Sep-2026,2026-09-15,RIM-LAST-AUTOLIP-018,,0,,0,,0,,0,,0,Current stock availability is limiting observed demand.
15-Sep-2026,2026-09-15,RIM-LAST-AUTOLIP-018-2PK,,0,,0,,0,,0,,0,"Demand is intermittent, so the forecast remains conservative."
15-Sep-2026,2026-09-15,RIM-LAST-AUTOLIP-018-3PK,,0,,0,,0,,0,,0,"Demand is intermittent, so the forecast remains conservative."
15-Sep-2026,2026-09-15,RIM-LAST-AUTOLIP-018-5PK,,0,,0,,0,,0,,0,"Demand is intermittent, so the forecast remains conservative."
15-Sep-2026,2026-09-15,RIM-LAST-AUTOLIP-024,,0,,0,,0,,0,,0,"Demand is intermittent, so the forecast remains conservative."
15-Sep-2026,2026-09-15,RIM-LAST-AUTOLIP-045,,0,,0,,0,,0,,0,Current stock availability is limiting observed demand.
15-Sep-2026,2026-09-15,RIM-LAST-AUTOLIP-063,,0,,0,,0,,0,,0,Current stock availability is limiting observed demand.
15-Sep-2026,2026-09-15,RIM-LAST-AUTOLIP-063-3PK,,0,,0,,0,,0,,0,"Demand is intermittent, so the forecast remains conservative."
15-Sep-2026,2026-09-15,RIM-LAST-AUTOLIP-070,,0,,0,,0,,0,,0,"Demand is intermittent, so the forecast remains conservative."
15-Sep-2026,2026-09-15,RIM-LAST-AUTOLIP-105,,0,,0,,0,,0,,0,"Demand is intermittent, so the forecast remains conservative."
15-Sep-2026,2026-09-15,RIM-LAST-MEGA-MATTE-LIQ-LPK-110,,0,,0,,0,,0,,0,"Demand is intermittent, so the forecast remains conservative."
15-Sep-2026,2026-09-15,RIM-LAST-MEGA-MATTE-LIQ-LPK-210,,0,,0,,0,,0,,0,"Demand is intermittent, so the forecast remains conservative."
15-Sep-2026,2026-09-15,RIM-LAST-MEGA-MATTE-LIQ-LPK-600,,0,,0,,0,,0,,0,Current stock availability is limiting observed demand.
15-Sep-2026,2026-09-15,RIM-LAST-MEGA-MATTE-LIQ-LPK-700,,0,,0,,0,,0,,0,"Recent demand is volatile, so the forecast is kept conservative."
15-Sep-2026,2026-09-15,RIM-LAST-MEGA-MATTE-LIQ-LPK-709,,0,,0,,0,,0,,0,"Demand is intermittent, so the forecast remains conservative."
15-Sep-2026,2026-09-15,RIM-LAST-MEGA-MATTE-LIQ-LPK-910,,0,,0,,0,,0,,0,"Demand is intermittent, so the forecast remains conservative."
15-Sep-2026,2026-09-15,RIM-LAST-MEGA-MATTE-LIQ-LPK-930,,0,,0,,0,,0,,0,"Demand is intermittent, so the forecast remains conservative."
15-Sep-2026,2026-09-15,RIM-LASTCCLR-001,,0,,0,,0,,0,,0,Current stock availability is limiting observed demand.
15-Sep-2026,2026-09-15,RIM-LASTCCLR-010,,0,,0,,0,,0,,0,Current stock availability is limiting observed demand.
15-Sep-2026,2026-09-15,RIM-LASTCCLR-020,,0,,0,,0,,0,,0,Current stock availability is limiting observed demand.
15-Sep-2026,2026-09-15,RIM-LASTCOMPACT-004,,0,,0,,0,,0,,0,Current stock availability is limiting observed demand.
15-Sep-2026,2026-09-15,RIM-LASTCOMPACT-005,,0,,0,,0,,0,,0,Current stock availability is limiting observed demand.
15-Sep-2026,2026-09-15,RIM-LASTCOMPACT-007,,0,,0,,0,,0,,0,Current stock availability is limiting observed demand.
15-Sep-2026,2026-09-15,RIM-LASTCOMPACT-008,,0,,0,,0,,0,,0,Current stock availability is limiting observed demand.
15-Sep-2026,2026-09-15,RIM-LASTCOMPACT-009,,0,,0,,0,,0,,0,"Demand is intermittent, so the forecast remains conservative."
15-Sep-2026,2026-09-15,RIM-LASTCOMPACT-011,,0,,0,,0,,0,,0,"Demand is intermittent, so the forecast remains conservative."
15-Sep-2026,2026-09-15,RIM-LASTCOMPACT-012,,0,,0,,0,,0,,0,Current stock availability is limiting observed demand.
15-Sep-2026,2026-09-15,RIM-LASTFIN-EXTMATT-LPK-160,,0,,0,,0,,0,,0,Current stock availability is limiting observed demand.
15-Sep-2026,2026-09-15,RIM-LASTFIN-EXTMATT-LPK-600,,0,,0,,0,,0,,0,Current stock availability is limiting observed demand.
15-Sep-2026,2026-09-15,RIM-LASTFIN-EXTMATT-LPK-710,,0,,0,,0,,0,,0,Current stock availability is limiting observed demand.
15-Sep-2026,2026-09-15,RIM-LASTFIN-EXTMATT-LPK-840,,0,,0,,0,,0,,0,Current stock availability is limiting observed demand.
15-Sep-2026,2026-09-15,RIM-LASTFIN-PRIMER,,0,,0,,0,,0,,0,Current stock availability is limiting observed demand.
15-Sep-2026,2026-09-15,RIM-LASTING-PROV-115,,0,,0,,0,,0,,0,"Demand is intermittent, so the forecast remains conservative."
15-Sep-2026,2026-09-15,RIM-LASTING-PROV-210,,0,,0,,0,,0,,0,"Recent demand is volatile, so the forecast is kept conservative."
15-Sep-2026,2026-09-15,RIM-LASTING-PROV-220,,0,,0,,0,,0,,0,"Demand is intermittent, so the forecast remains conservative."
15-Sep-2026,2026-09-15,RIM-LASTING-PROV-310,,0,,0,,0,,0,,0,"Demand is intermittent, so the forecast remains conservative."
15-Sep-2026,2026-09-15,RIM-LASTING-PROV-400,,0,,0,,0,,0,,0,"Demand is intermittent, so the forecast remains conservative."
15-Sep-2026,2026-09-15,RIM-LASTING-PROV-410,,0,,0,,0,,0,,0,"Demand is intermittent, so the forecast remains conservative."
15-Sep-2026,2026-09-15,RIM-LASTING-PROV-440,,0,,0,,0,,0,,0,"Demand is intermittent, so the forecast remains conservative."
15-Sep-2026,2026-09-15,RIM-LASTING-PROV-500,,0,,0,,0,,0,,0,"Recent demand is volatile, so the forecast is kept conservative."
15-Sep-2026,2026-09-15,RIM-LASTING-PROV-570,,0,,0,,0,,0,,0,"Demand is intermittent, so the forecast remains conservative."
15-Sep-2026,2026-09-15,RIM-LASTING-PROV-600,,0,,0,,0,,0,,0,Current stock availability is limiting observed demand.
15-Sep-2026,2026-09-15,RIM-LASTING-PROV-730,,0,,0,,0,,0,,0,"Demand is intermittent, so the forecast remains conservative."
15-Sep-2026,2026-09-15,RIM-LASTING-PROV-740,,0,,0,,0,,0,,0,"Demand is intermittent, so the forecast remains conservative."
15-Sep-2026,2026-09-15,RIM-LASTLIP-110,,0,,0,,0,,0,,0,"Recent demand is volatile, so the forecast is kept conservative."
15-Sep-2026,2026-09-15,RIM-LASTLIP-120,,0,,0,,0,,0,,0,"Recent demand is volatile, so the forecast is kept conservative."
15-Sep-2026,2026-09-15,RIM-LASTLIP-120-2PK,,0,,0,,0,,0,,0,"Demand is intermittent, so the forecast remains conservative."
15-Sep-2026,2026-09-15,RIM-LASTLIP-120-3PK,,0,,0,,0,,0,,0,"Demand is intermittent, so the forecast remains conservative."
15-Sep-2026,2026-09-15,RIM-LASTLIP-120-5PK,,0,,0,,0,,0,,0,"Recent demand is volatile, so the forecast is kept conservative."
15-Sep-2026,2026-09-15,RIM-LASTLIP-125,,0,,0,,0,,0,,0,"Recent demand is volatile, so the forecast is kept conservative."
15-Sep-2026,2026-09-15,RIM-LASTLIP-195,,0,,0,,0,,0,,0,"Recent demand is volatile, so the forecast is kept conservative."
15-Sep-2026,2026-09-15,RIM-LASTLIP-215,,0,,0,,0,,0,,0,"Recent demand is volatile, so the forecast is kept conservative."
15-Sep-2026,2026-09-15,RIM-LASTLIP-505,,0,,0,,0,,0,,0,"Recent demand is volatile, so the forecast is kept conservative."
15-Sep-2026,2026-09-15,RIM-LASTLIP-580,,0,,0,,0,,0,,0,"Recent demand is volatile, so the forecast is kept conservative."
15-Sep-2026,2026-09-15,RIM-LASTLIP-620,,2,,0,,0,,0,,2,"Recent demand is volatile, so the forecast is kept conservative."
15-Sep-2026,2026-09-15,RIM-LASTLIP-705,,0,,0,,0,,0,,0,"Recent demand is volatile, so the forecast is kept conservative."
15-Sep-2026,2026-09-15,RIM-LASTLIP-705-2PK,,0,,0,,0,,0,,0,"Demand is intermittent, so the forecast remains conservative."
15-Sep-2026,2026-09-15,RIM-LASTLIP-705-3PK,,0,,0,,0,,0,,0,"Recent demand is volatile, so the forecast is kept conservative."
15-Sep-2026,2026-09-15,RIM-LASTLIP-705-5PK,,0,,0,,0,,0,,0,"Demand is intermittent, so the forecast remains conservative."
15-Sep-2026,2026-09-15,RIM-LASTLIP-725,,0,,1,,0,,0,,1,"Recent demand is volatile, so the forecast is kept conservative."
15-Sep-2026,2026-09-15,RIM-LASTLIP-760,,0,,0,,0,,0,,0,"Recent demand is volatile, so the forecast is kept conservative."
15-Sep-2026,2026-09-15,RIM-LASTLIP-790,,0,,0,,0,,0,,0,"Demand is intermittent, so the forecast remains conservative."
15-Sep-2026,2026-09-15,RIM-LASTLIP-850,,0,,0,,0,,0,,0,"Recent demand is volatile, so the forecast is kept conservative."
15-Sep-2026,2026-09-15,RIM-LASTLIP-880,,0,,0,,0,,0,,0,"Recent demand is volatile, so the forecast is kept conservative."
15-Sep-2026,2026-09-15,RIM-LASTMAT-FDT-001,,0,,0,,0,,0,,0,Current stock availability is limiting observed demand.
15-Sep-2026,2026-09-15,RIM-LASTMAT-FDT-010,,0,,0,,0,,0,,0,Current stock availability is limiting observed demand.
15-Sep-2026,2026-09-15,RIM-LASTMAT-FDT-085,,0,,0,,0,,0,,0,Current stock availability is limiting observed demand.
15-Sep-2026,2026-09-15,RIM-LASTMAT-FDT-100,,0,,0,,0,,0,,0,Current stock availability is limiting observed demand.
15-Sep-2026,2026-09-15,RIM-LASTMAT-FDT-103,,0,,0,,0,,0,,0,Current stock availability is limiting observed demand.
15-Sep-2026,2026-09-15,RIM-LASTMAT-FDT-201,,0,,0,,0,,0,,0,Current stock availability is limiting observed demand.
15-Sep-2026,2026-09-15,RIM-LASTMAT-FDT-203,,0,,0,,0,,0,,0,Current stock availability is limiting observed demand.
15-Sep-2026,2026-09-15,RIM-LASTMAT-FDT-300,,0,,0,,0,,0,,0,Current stock availability is limiting observed demand.
15-Sep-2026,2026-09-15,RIM-LASTMAT-FDT-304,,0,,0,,0,,0,,0,Current stock availability is limiting observed demand.
15-Sep-2026,2026-09-15,RIM-LASTMAT-FDT-400,,0,,0,,0,,0,,0,Current stock availability is limiting observed demand.
15-Sep-2026,2026-09-15,RIM-LASTMAT-PRIMER,,0,,0,,0,,0,,0,Current stock availability is limiting observed demand.
15-Sep-2026,2026-09-15,RIM-LF-FDT-RG-001,,0,,0,,0,,0,,0,"Demand is intermittent, so the forecast remains conservative."
15-Sep-2026,2026-09-15,RIM-LF-FDT-RG-070,,0,,0,,0,,0,,0,"Demand is intermittent, so the forecast remains conservative."
15-Sep-2026,2026-09-15,RIM-LF-FDT-RG-103,,0,,0,,0,,0,,0,Current stock availability is limiting observed demand.
15-Sep-2026,2026-09-15,RIM-LF-FDT-RG-160,,0,,0,,0,,0,,0,"Demand is intermittent, so the forecast remains conservative."
15-Sep-2026,2026-09-15,RIM-LF-FDT-RG-170,,0,,0,,0,,0,,0,"Demand is intermittent, so the forecast remains conservative."
15-Sep-2026,2026-09-15,RIM-LF-FDT-RG-200,,0,,0,,0,,0,,0,Current stock availability is limiting observed demand.
15-Sep-2026,2026-09-15,RIM-LF-FDT-RG-203,,0,,0,,0,,0,,0,"Demand is intermittent, so the forecast remains conservative."
15-Sep-2026,2026-09-15,RIM-LF-FDT-RG-210,,0,,0,,0,,0,,0,Current stock availability is limiting observed demand.
15-Sep-2026,2026-09-15,RIM-LF-FDT-RG-303,,0,,0,,0,,0,,0,Current stock availability is limiting observed demand.
15-Sep-2026,2026-09-15,RIM-LF-LS-002,,0,,0,,0,,0,,0,Current stock availability is limiting observed demand.
15-Sep-2026,2026-09-15,RIM-LF-LS-006,,0,,0,,0,,0,,0,"Demand is intermittent, so the forecast remains conservative."
15-Sep-2026,2026-09-15,RIM-LF-LS-006-2PK,,0,,0,,0,,0,,0,"Demand is intermittent, so the forecast remains conservative."
15-Sep-2026,2026-09-15,RIM-LF-LS-006-3PK,,0,,0,,0,,0,,0,"Demand is intermittent, so the forecast remains conservative."
15-Sep-2026,2026-09-15,RIM-LF-LS-006-5PK,,0,,0,,0,,0,,0,"Demand is intermittent, so the forecast remains conservative."
15-Sep-2026,2026-09-15,RIM-LF-LS-058,,0,,0,,0,,0,,0,Current stock availability is limiting observed demand.
15-Sep-2026,2026-09-15,RIM-LF-LS-058-2PK,,0,,0,,0,,0,,0,"Demand is intermittent, so the forecast remains conservative."
15-Sep-2026,2026-09-15,RIM-LF-LS-058-3PK,,0,,0,,0,,0,,0,"Demand is intermittent, so the forecast remains conservative."
15-Sep-2026,2026-09-15,RIM-LF-LS-066,,0,,0,,0,,0,,0,Current stock availability is limiting observed demand.
15-Sep-2026,2026-09-15,RIM-LF-LS-066-2PK,,0,,0,,0,,0,,0,"Demand is intermittent, so the forecast remains conservative."
15-Sep-2026,2026-09-15,RIM-LF-LS-066-3PK,,0,,0,,0,,0,,0,Current stock availability is limiting observed demand.
15-Sep-2026,2026-09-15,RIM-LF-LS-066-5PK,,0,,0,,0,,0,,0,"Demand is intermittent, so the forecast remains conservative."
15-Sep-2026,2026-09-15,RIM-LF-LS-070,,0,,0,,0,,0,,0,Current stock availability is limiting observed demand.
15-Sep-2026,2026-09-15,RIM-LF-LS-070-2PK,,0,,0,,0,,0,,0,"Demand is intermittent, so the forecast remains conservative."
15-Sep-2026,2026-09-15,RIM-LF-LS-070-3PK,,0,,0,,0,,0,,0,"Demand is intermittent, so the forecast remains conservative."
15-Sep-2026,2026-09-15,RIM-LF-LS-070-5PK,,0,,0,,0,,0,,0,"Demand is intermittent, so the forecast remains conservative."
15-Sep-2026,2026-09-15,RIM-LF-LS-077,,1,,4,,0,,0,,5,Stable historical demand with consistent recent sales.
15-Sep-2026,2026-09-15,RIM-LF-LS-084,,0,,1,,0,,0,,1,"Recent demand is volatile, so the forecast is kept conservative."
15-Sep-2026,2026-09-15,RIM-LF-LS-086,,0,,0,,0,,0,,0,Current stock availability is limiting observed demand.
15-Sep-2026,2026-09-15,RIM-LF-LS-086-2PK,,0,,0,,0,,0,,0,"Demand is intermittent, so the forecast remains conservative."
15-Sep-2026,2026-09-15,RIM-LF-LS-086-3PK,,0,,0,,0,,0,,0,"Demand is intermittent, so the forecast remains conservative."
15-Sep-2026,2026-09-15,RIM-LF-LS-086-5PK,,0,,0,,0,,0,,0,Current stock availability is limiting observed demand.
15-Sep-2026,2026-09-15,RIM-LF-LS-100,,0,,0,,0,,0,,0,"Recent demand is volatile, so the forecast is kept conservative."
15-Sep-2026,2026-09-15,RIM-LF-LS-101,,0,,1,,0,,0,,1,"Recent demand is volatile, so the forecast is kept conservative."
15-Sep-2026,2026-09-15,RIM-LF-LS-107,,0,,0,,0,,0,,0,Current stock availability is limiting observed demand.
15-Sep-2026,2026-09-15,RIM-LF-LS-170,,0,,0,,0,,0,,0,"Recent demand is volatile, so the forecast is kept conservative."
15-Sep-2026,2026-09-15,RIM-LF-LS-200,,0,,0,,0,,0,,0,Current stock availability is limiting observed demand.
15-Sep-2026,2026-09-15,RIM-LF-LS-206,,1,,1,,0,,0,,2,"Recent demand is volatile, so the forecast is kept conservative."
15-Sep-2026,2026-09-15,RIM-LF-LS-206-2PK,,0,,0,,0,,0,,0,"Recent demand is volatile, so the forecast is kept conservative."
15-Sep-2026,2026-09-15,RIM-LF-LS-206-3PK,,0,,0,,0,,0,,0,"Recent demand is volatile, so the forecast is kept conservative."
15-Sep-2026,2026-09-15,RIM-LF-LS-206-5PK,,0,,0,,0,,0,,0,Current stock availability is limiting observed demand.
15-Sep-2026,2026-09-15,RIM-LF-LS-264,,0,,0,,0,,0,,0,Current stock availability is limiting observed demand.
15-Sep-2026,2026-09-15,RIM-LF-LS-264-2PK,,0,,0,,0,,0,,0,Current stock availability is limiting observed demand.
15-Sep-2026,2026-09-15,RIM-LF-LS-264-3PK,,0,,0,,0,,0,,0,"Demand is intermittent, so the forecast remains conservative."
15-Sep-2026,2026-09-15,RIM-LF-LS-264-5PK,,0,,0,,0,,0,,0,"Demand is intermittent, so the forecast remains conservative."
15-Sep-2026,2026-09-15,RIM-LF-LS-500,,0,,0,,0,,0,,0,Current stock availability is limiting observed demand.
15-Sep-2026,2026-09-15,RIM-LF-LS-710,,0,,0,,0,,0,,0,Current stock availability is limiting observed demand.
15-Sep-2026,2026-09-15,RIM-LF-LS-800,,0,,0,,0,,0,,0,Current stock availability is limiting observed demand.
15-Sep-2026,2026-09-15,RIM-LF-LS-KATE-001,,0,,0,,0,,0,,0,"Demand is intermittent, so the forecast remains conservative."
15-Sep-2026,2026-09-15,RIM-LF-LS-KATE-005,,0,,0,,0,,0,,0,"Demand is intermittent, so the forecast remains conservative."
15-Sep-2026,2026-09-15,RIM-LF-LS-KATE-008,,0,,0,,0,,0,,0,"Demand is intermittent, so the forecast remains conservative."
15-Sep-2026,2026-09-15,RIM-LF-LS-KATE-008-2PK,,0,,0,,0,,0,,0,"Demand is intermittent, so the forecast remains conservative."
15-Sep-2026,2026-09-15,RIM-LF-LS-KATE-008-3PK,,0,,0,,0,,0,,0,"Demand is intermittent, so the forecast remains conservative."
15-Sep-2026,2026-09-15,RIM-LF-MATTE-170,,0,,0,,0,,0,,0,"Demand is intermittent, so the forecast remains conservative."
15-Sep-2026,2026-09-15,RIM-LF-MATTE-180,,0,,0,,0,,0,,0,"Demand is intermittent, so the forecast remains conservative."
15-Sep-2026,2026-09-15,RIM-LF-MATTE-220,,0,,0,,0,,0,,0,Current stock availability is limiting observed demand.
15-Sep-2026,2026-09-15,RIM-LF-MATTE-230,,0,,0,,0,,0,,0,Current stock availability is limiting observed demand.
15-Sep-2026,2026-09-15,RIM-LF-MATTE-530,,0,,0,,0,,0,,0,Current stock availability is limiting observed demand.
15-Sep-2026,2026-09-15,RIM-LF-MATTE-715,,0,,0,,0,,0,,0,"Recent demand is volatile, so the forecast is kept conservative."
15-Sep-2026,2026-09-15,RIM-LF-MATTE-730,,0,,0,,0,,0,,0,Current stock availability is limiting observed demand.
15-Sep-2026,2026-09-15,RIM-LF-SG-LS-900,,0,,0,,0,,0,,0,"Recent demand is volatile, so the forecast is kept conservative."
15-Sep-2026,2026-09-15,RIM-LF-SG-LS-901,,0,,0,,0,,0,,0,"Recent demand is volatile, so the forecast is kept conservative."
15-Sep-2026,2026-09-15,RIM-LF-SG-LS-902,,0,,0,,0,,0,,0,"Recent demand is volatile, so the forecast is kept conservative."
15-Sep-2026,2026-09-15,RIM-LF-SG-LS-903,,0,,0,,0,,0,,0,"Recent demand is volatile, so the forecast is kept conservative."
15-Sep-2026,2026-09-15,RIM-LF-SG-LS-904,,0,,1,,0,,0,,1,"Recent demand is volatile, so the forecast is kept conservative."
15-Sep-2026,2026-09-15,RIM-LF-SG-LS-905,,0,,0,,0,,0,,0,"Recent demand is volatile, so the forecast is kept conservative."
15-Sep-2026,2026-09-15,RIM-LR-CCLR-EYEILLUM-010,,0,,0,,0,,0,,0,Current stock availability is limiting observed demand.
15-Sep-2026,2026-09-15,RIM-LR-CCLR-EYEILLUM-030,,0,,0,,0,,0,,0,Current stock availability is limiting observed demand.
15-Sep-2026,2026-09-15,RIM-MAGNIF-MONO-004,,0,,0,,0,,0,,0,Current stock availability is limiting observed demand.
15-Sep-2026,2026-09-15,RIM-MAGNIF-MONO-006,,0,,0,,0,,0,,0,"Demand is intermittent, so the forecast remains conservative."
15-Sep-2026,2026-09-15,RIM-MAGNIF-MONO-008,,0,,0,,0,,0,,0,Current stock availability is limiting observed demand.
15-Sep-2026,2026-09-15,RIM-MAGNIF-MONO-014,,0,,0,,0,,0,,0,Current stock availability is limiting observed demand.
15-Sep-2026,2026-09-15,RIM-MAGNIF-MONO-014-2PK,,0,,0,,0,,0,,0,Current stock availability is limiting observed demand.
15-Sep-2026,2026-09-15,RIM-MAGNIF-MONO-014-3PK,,0,,0,,0,,0,,0,"Demand is intermittent, so the forecast remains conservative."
15-Sep-2026,2026-09-15,RIM-MAGNIF-PAL-001,,0,,0,,0,,0,,0,"Recent demand is volatile, so the forecast is kept conservative."
15-Sep-2026,2026-09-15,RIM-MAGNIF-PAL-004,,0,,0,,0,,0,,0,"Demand is intermittent, so the forecast remains conservative."
15-Sep-2026,2026-09-15,RIM-MAGNIF-PAL-005,,0,,0,,0,,0,,0,"Recent demand is volatile, so the forecast is kept conservative."
15-Sep-2026,2026-09-15,RIM-MAGNIF-PAL-006,,0,,0,,0,,0,,0,Current stock availability is limiting observed demand.
15-Sep-2026,2026-09-15,RIM-MAGNIF-PAL-008,,0,,0,,0,,0,,0,Current stock availability is limiting observed demand.
15-Sep-2026,2026-09-15,RIM-MAGNIF-PAL-009,,0,,0,,0,,0,,0,Current stock availability is limiting observed demand.
15-Sep-2026,2026-09-15,RIM-MATCH-PWDR,,0,,0,,0,,0,,0,Current stock availability is limiting observed demand.
15-Sep-2026,2026-09-15,RIM-MAXI-BLUSH-001,,0,,0,,0,,0,,0,"Recent demand is volatile, so the forecast is kept conservative."
15-Sep-2026,2026-09-15,RIM-MAXI-BLUSH-001-2PK,,0,,0,,0,,0,,0,"Demand is intermittent, so the forecast remains conservative."
15-Sep-2026,2026-09-15,RIM-MAXI-BLUSH-001-3PK,,0,,0,,0,,0,,0,"Demand is intermittent, so the forecast remains conservative."
15-Sep-2026,2026-09-15,RIM-MAXI-BLUSH-003,,0,,0,,0,,0,,0,"Recent demand is volatile, so the forecast is kept conservative."
15-Sep-2026,2026-09-15,RIM-MAXI-BLUSH-005,,0,,0,,0,,0,,0,"Recent demand is volatile, so the forecast is kept conservative."
15-Sep-2026,2026-09-15,RIM-MAXI-BLUSH-006,,0,,0,,0,,0,,0,"Recent demand is volatile, so the forecast is kept conservative."
15-Sep-2026,2026-09-15,RIM-MBP-001,,0,,0,,0,,0,,0,"Recent demand is volatile, so the forecast is kept conservative."
15-Sep-2026,2026-09-15,RIM-MBP-002,,0,,1,,0,,0,,1,"Recent demand is volatile, so the forecast is kept conservative."
15-Sep-2026,2026-09-15,RIM-MBP-003,,5,,0,,0,,0,,5,Stable historical demand with consistent recent sales.
15-Sep-2026,2026-09-15,RIM-MICRO-BRW-001,,0,,0,,0,,0,,0,"Demand is intermittent, so the forecast remains conservative."
15-Sep-2026,2026-09-15,RIM-MICRO-BRW-002,,0,,0,,0,,0,,0,"Recent demand is volatile, so the forecast is kept conservative."
15-Sep-2026,2026-09-15,RIM-MICRO-BRW-003,,1,,0,,0,,0,,1,"Recent demand is volatile, so the forecast is kept conservative."
15-Sep-2026,2026-09-15,RIM-MICRO-BRW-004,,0,,0,,0,,0,,0,Current stock availability is limiting observed demand.
15-Sep-2026,2026-09-15,RIM-MINI-PWRPAL-001,,0,,0,,0,,0,,0,Current stock availability is limiting observed demand.
15-Sep-2026,2026-09-15,RIM-MINI-PWRPAL-002,,0,,0,,0,,0,,0,"Demand is intermittent, so the forecast remains conservative."
15-Sep-2026,2026-09-15,RIM-MOIST-LPK-100,,0,,0,,0,,0,,0,Current stock availability is limiting observed demand.
15-Sep-2026,2026-09-15,RIM-MOIST-LPK-140,,0,,0,,0,,0,,0,Current stock availability is limiting observed demand.
15-Sep-2026,2026-09-15,RIM-MOIST-LPK-180,,0,,0,,0,,0,,0,Current stock availability is limiting observed demand.
15-Sep-2026,2026-09-15,RIM-MOIST-LPK-180-2PK,,0,,0,,0,,0,,0,"Demand is intermittent, so the forecast remains conservative."
15-Sep-2026,2026-09-15,RIM-MOIST-LPK-180-3PK,,0,,0,,0,,0,,0,"Demand is intermittent, so the forecast remains conservative."
15-Sep-2026,2026-09-15,RIM-MOIST-LPK-180-5PK,,0,,0,,0,,0,,0,"Demand is intermittent, so the forecast remains conservative."
15-Sep-2026,2026-09-15,RIM-MOIST-LPK-200,,0,,0,,0,,0,,0,"Demand is intermittent, so the forecast remains conservative."
15-Sep-2026,2026-09-15,RIM-MOIST-LPK-200-2PK,,0,,0,,0,,0,,0,Current stock availability is limiting observed demand.
15-Sep-2026,2026-09-15,RIM-MOIST-LPK-200-3PK,,0,,0,,0,,0,,0,"Demand is intermittent, so the forecast remains conservative."
15-Sep-2026,2026-09-15,RIM-MOIST-LPK-200-5PK,,0,,0,,0,,0,,0,"Demand is intermittent, so the forecast remains conservative."
15-Sep-2026,2026-09-15,RIM-MOIST-LPK-210,,0,,0,,0,,0,,0,Current stock availability is limiting observed demand.
15-Sep-2026,2026-09-15,RIM-MOIST-LPK-260,,0,,0,,0,,0,,0,"Demand is intermittent, so the forecast remains conservative."
15-Sep-2026,2026-09-15,RIM-MOIST-LPK-360,,0,,0,,0,,0,,0,Current stock availability is limiting observed demand.
15-Sep-2026,2026-09-15,RIM-MOIST-LPK-510,,0,,0,,0,,0,,0,"Recent demand is volatile, so the forecast is kept conservative."
15-Sep-2026,2026-09-15,RIM-MSC-ACCEL-BLK,,1,,1,,0,,0,,2,"Recent demand is volatile, so the forecast is kept conservative."
15-Sep-2026,2026-09-15,RIM-MSC-ACCEL-BLK-2PK,,0,,0,,0,,0,,0,"Demand is intermittent, so the forecast remains conservative."
15-Sep-2026,2026-09-15,RIM-MSC-ACCEL-BLK-3PK,,0,,0,,0,,0,,0,"Recent demand is volatile, so the forecast is kept conservative."
15-Sep-2026,2026-09-15,RIM-MSC-ACCEL-BLK-5PK,,0,,0,,0,,0,,0,"Recent demand is volatile, so the forecast is kept conservative."
15-Sep-2026,2026-09-15,RIM-MSC-CURL-003,,0,,0,,0,,0,,0,Current stock availability is limiting observed demand.
15-Sep-2026,2026-09-15,RIM-MSC-E3DL-003,,0,,6,,0,,0,,6,"Recent demand is volatile, so the forecast is kept conservative."
15-Sep-2026,2026-09-15,RIM-MSC-E3DL-003-2PK,,0,,0,,0,,0,,0,"Demand is intermittent, so the forecast remains conservative."
15-Sep-2026,2026-09-15,RIM-MSC-E3DL-003-3PK,,0,,0,,0,,0,,0,"Recent demand is volatile, so the forecast is kept conservative."
15-Sep-2026,2026-09-15,RIM-MSC-E3DL-003-5PK,,0,,0,,0,,0,,0,"Recent demand is volatile, so the forecast is kept conservative."
15-Sep-2026,2026-09-15,RIM-MSC-ELL-003,,0,,5,,0,,0,,5,"Recent demand is volatile, so the forecast is kept conservative."
15-Sep-2026,2026-09-15,RIM-MSC-ELL-003-2PK,,0,,0,,0,,0,,0,"Recent demand is volatile, so the forecast is kept conservative."
15-Sep-2026,2026-09-15,RIM-MSC-ELL-003-3PK,,0,,0,,0,,0,,0,"Demand is intermittent, so the forecast remains conservative."
15-Sep-2026,2026-09-15,RIM-MSC-ELL-003-5PK,,0,,0,,0,,0,,0,"Recent demand is volatile, so the forecast is kept conservative."
15-Sep-2026,2026-09-15,RIM-MSC-ESL-101,,0,,6,,0,,0,,6,"Recent demand is volatile, so the forecast is kept conservative."
15-Sep-2026,2026-09-15,RIM-MSC-ESL-101-2PK,,0,,0,,0,,0,,0,"Recent demand is volatile, so the forecast is kept conservative."
15-Sep-2026,2026-09-15,RIM-MSC-ESL-101-3PK,,0,,0,,0,,0,,0,"Recent demand is volatile, so the forecast is kept conservative."
15-Sep-2026,2026-09-15,RIM-MSC-ESL-101-5PK,,0,,0,,0,,0,,0,"Demand is intermittent, so the forecast remains conservative."
15-Sep-2026,2026-09-15,RIM-MSC-ESL-102,,1,,2,,0,,0,,3,"Recent demand is volatile, so the forecast is kept conservative."
15-Sep-2026,2026-09-15,RIM-MSC-ESL-102-2PK,,0,,0,,0,,0,,0,"Demand is intermittent, so the forecast remains conservative."
15-Sep-2026,2026-09-15,RIM-MSC-ESL-102-3PK,,0,,0,,0,,0,,0,"Recent demand is volatile, so the forecast is kept conservative."
15-Sep-2026,2026-09-15,RIM-MSC-ESL-102-5PK,,0,,0,,0,,0,,0,"Recent demand is volatile, so the forecast is kept conservative."
15-Sep-2026,2026-09-15,RIM-MSC-SCAND-BLK,,0,,0,,0,,0,,0,Current stock availability is limiting observed demand.
15-Sep-2026,2026-09-15,RIM-MSC-SCAND-LYCRA,,0,,0,,0,,0,,0,"Recent demand is volatile, so the forecast is kept conservative."
15-Sep-2026,2026-09-15,RIM-MSC-SCAND-RL-001,,2,,1,,0,,0,,3,"Recent demand is declining, so the forecast is lower."
15-Sep-2026,2026-09-15,RIM-MSC-SCAND-RL-001-2PK,,0,,0,,0,,0,,0,"Recent demand is volatile, so the forecast is kept conservative."
15-Sep-2026,2026-09-15,RIM-MSC-SCAND-RL-001-3PK,,0,,0,,0,,0,,0,"Recent demand is volatile, so the forecast is kept conservative."
15-Sep-2026,2026-09-15,RIM-MSC-SCAND-RL-001-5PK,,0,,0,,0,,0,,0,"Demand is intermittent, so the forecast remains conservative."
15-Sep-2026,2026-09-15,RIM-MSC-SCAND-RL-002,,0,,0,,0,,0,,0,"Recent demand is volatile, so the forecast is kept conservative."
15-Sep-2026,2026-09-15,RIM-MSC-SCAND-RL-003,,0,,0,,0,,0,,0,"Recent demand is volatile, so the forecast is kept conservative."
15-Sep-2026,2026-09-15,RIM-MSC-SCAND-RL-003-2PK,,0,,0,,0,,0,,0,"Demand is intermittent, so the forecast remains conservative."
15-Sep-2026,2026-09-15,RIM-MSC-SCAND-RL-003-3PK,,0,,0,,0,,0,,0,"Demand is intermittent, so the forecast remains conservative."
15-Sep-2026,2026-09-15,RIM-MSC-SCAND-RL-003-5PK,,0,,0,,0,,0,,0,"Recent demand is volatile, so the forecast is kept conservative."
15-Sep-2026,2026-09-15,RIM-MSC-SCAND-VOD-001,,4,,0,,0,,0,,4,"Recent demand is volatile, so the forecast is kept conservative."
15-Sep-2026,2026-09-15,RIM-MSC-SCAND-VOD-002,,0,,0,,0,,0,,0,"Recent demand is volatile, so the forecast is kept conservative."
15-Sep-2026,2026-09-15,RIM-MSC-SCAND-VOD-002-2PK,,0,,0,,0,,0,,0,"Demand is intermittent, so the forecast remains conservative."
15-Sep-2026,2026-09-15,RIM-MSC-SCAND-VOD-002-5PK,,0,,0,,0,,0,,0,"Demand is intermittent, so the forecast remains conservative."
15-Sep-2026,2026-09-15,RIM-MSC-SCAND-VOD-WP,,0,,0,,0,,0,,0,"Recent demand is volatile, so the forecast is kept conservative."
15-Sep-2026,2026-09-15,RIM-MSC-SCAND-WOW-001,,2,,0,,0,,0,,2,"Recent demand is volatile, so the forecast is kept conservative."
15-Sep-2026,2026-09-15,RIM-MSC-SCAND-WOW-003,,0,,0,,0,,0,,0,Current stock availability is limiting observed demand.
15-Sep-2026,2026-09-15,RIM-MSC-SCAND-WOW-WP,,0,,0,,0,,0,,0,"Recent demand is volatile, so the forecast is kept conservative."
15-Sep-2026,2026-09-15,RIM-MSC-THRILLSEEKER-BLKBRWN,,0,,0,,0,,0,,0,"Recent demand is volatile, so the forecast is kept conservative."
15-Sep-2026,2026-09-15,RIM-MSC-THRILLSEEKER-EXTBLACK,,0,,0,,0,,0,,0,"Recent demand is volatile, so the forecast is kept conservative."
15-Sep-2026,2026-09-15,RIM-MSC-VF-X10-001,,0,,0,,0,,0,,0,Current stock availability is limiting observed demand.
15-Sep-2026,2026-09-15,RIM-MSC-VOLCOL-001,,0,,0,,0,,0,,0,Current stock availability is limiting observed demand.
15-Sep-2026,2026-09-15,RIM-MSC-WDF-001,,0,,0,,0,,0,,0,"Demand is intermittent, so the forecast remains conservative."
15-Sep-2026,2026-09-15,RIM-MSC-WDF-003,,0,,0,,0,,0,,0,"Recent demand is volatile, so the forecast is kept conservative."
15-Sep-2026,2026-09-15,RIM-MSC-WDF-WP,,0,,0,,0,,0,,0,"Recent demand is volatile, so the forecast is kept conservative."
15-Sep-2026,2026-09-15,RIM-MSC-WLUX-001,,0,,0,,0,,0,,0,"Recent demand is volatile, so the forecast is kept conservative."
15-Sep-2026,2026-09-15,RIM-MSC-WLUX-002,,0,,0,,0,,0,,0,"Recent demand is volatile, so the forecast is kept conservative."
15-Sep-2026,2026-09-15,RIM-MSC-WLUX-003,,0,,1,,0,,0,,1,"Recent demand is volatile, so the forecast is kept conservative."
15-Sep-2026,2026-09-15,RIM-MSC-WLUX-003-2PK,,0,,0,,0,,0,,0,"Demand is intermittent, so the forecast remains conservative."
15-Sep-2026,2026-09-15,RIM-MSC-WNDR-EXT-001,,0,,0,,0,,0,,0,"Recent demand is volatile, so the forecast is kept conservative."
15-Sep-2026,2026-09-15,RIM-MSC-WNDRBOND-LASH-FILLER-BLK,,0,,0,,0,,0,,0,"Demand is intermittent, so the forecast remains conservative."
15-Sep-2026,2026-09-15,RIM-MULTI-TASK-CLR-010,,0,,0,,0,,0,,0,"Recent demand is volatile, so the forecast is kept conservative."
15-Sep-2026,2026-09-15,RIM-MULTI-TASK-CLR-020,,0,,0,,0,,0,,0,"Recent demand is volatile, so the forecast is kept conservative."
15-Sep-2026,2026-09-15,RIM-MULTI-TASK-CLR-030,,0,,0,,0,,0,,0,"Demand is intermittent, so the forecast remains conservative."
15-Sep-2026,2026-09-15,RIM-MULTI-TASK-CLR-040,,0,,0,,0,,0,,0,"Demand is intermittent, so the forecast remains conservative."
15-Sep-2026,2026-09-15,RIM-MULTI-TASK-CLR-050,,0,,0,,0,,0,,0,"Demand is intermittent, so the forecast remains conservative."
15-Sep-2026,2026-09-15,RIM-MULTI-TASK-CLR-060,,0,,0,,0,,0,,0,Current stock availability is limiting observed demand.
15-Sep-2026,2026-09-15,RIM-MULTI-TASK-CLR-070,,0,,0,,0,,0,,0,"Demand is intermittent, so the forecast remains conservative."
15-Sep-2026,2026-09-15,RIM-MULTI-TASK-CLR-090,,0,,0,,0,,0,,0,Current stock availability is limiting observed demand.
15-Sep-2026,2026-09-15,RIM-MULTI-TASKER-BTF-30ML-002,,0,,0,,0,,0,,0,"Demand is intermittent, so the forecast remains conservative."
15-Sep-2026,2026-09-15,RIM-MULTI-TASKER-BTF-30ML-003,,0,,0,,0,,0,,0,"Demand is intermittent, so the forecast remains conservative."
15-Sep-2026,2026-09-15,RIM-MULTI-TASKER-BTF-30ML-004,,0,,0,,0,,0,,0,"Demand is intermittent, so the forecast remains conservative."
15-Sep-2026,2026-09-15,RIM-NAIL-60S-101,,0,,0,,0,,0,,0,"Recent demand is volatile, so the forecast is kept conservative."
15-Sep-2026,2026-09-15,RIM-NAIL-60S-130,,0,,0,,0,,0,,0,"Recent demand is volatile, so the forecast is kept conservative."
15-Sep-2026,2026-09-15,RIM-NAIL-60S-150,,0,,0,,0,,0,,0,"Demand is intermittent, so the forecast remains conservative."
15-Sep-2026,2026-09-15,RIM-NAIL-60S-151,,0,,0,,0,,0,,0,"Recent demand is volatile, so the forecast is kept conservative."
15-Sep-2026,2026-09-15,RIM-NAIL-60S-152,,0,,0,,0,,0,,0,"Recent demand is volatile, so the forecast is kept conservative."
15-Sep-2026,2026-09-15,RIM-NAIL-60S-153,,0,,0,,0,,0,,0,"Demand is intermittent, so the forecast remains conservative."
15-Sep-2026,2026-09-15,RIM-NAIL-60S-154,,0,,0,,0,,0,,0,"Recent demand is volatile, so the forecast is kept conservative."
15-Sep-2026,2026-09-15,RIM-NAIL-60S-155,,0,,0,,0,,0,,0,"Demand is intermittent, so the forecast remains conservative."
15-Sep-2026,2026-09-15,RIM-NAIL-60S-203,,0,,0,,0,,0,,0,"Recent demand is volatile, so the forecast is kept conservative."
15-Sep-2026,2026-09-15,RIM-NAIL-60S-210,,0,,0,,0,,0,,0,"Recent demand is volatile, so the forecast is kept conservative."
15-Sep-2026,2026-09-15,RIM-NAIL-60S-230,,0,,0,,0,,0,,0,"Recent demand is volatile, so the forecast is kept conservative."
15-Sep-2026,2026-09-15,RIM-NAIL-60S-235,,0,,0,,0,,0,,0,"Recent demand is volatile, so the forecast is kept conservative."
15-Sep-2026,2026-09-15,RIM-NAIL-60S-262,,0,,0,,0,,0,,0,"Recent demand is volatile, so the forecast is kept conservative."
15-Sep-2026,2026-09-15,RIM-NAIL-60S-270,,0,,0,,0,,0,,0,"Recent demand is volatile, so the forecast is kept conservative."
15-Sep-2026,2026-09-15,RIM-NAIL-60S-271,,0,,0,,0,,0,,0,"Recent demand is volatile, so the forecast is kept conservative."
15-Sep-2026,2026-09-15,RIM-NAIL-60S-300,,0,,0,,0,,0,,0,"Recent demand is volatile, so the forecast is kept conservative."
15-Sep-2026,2026-09-15,RIM-NAIL-60S-310,,0,,0,,0,,0,,0,"Recent demand is volatile, so the forecast is kept conservative."
15-Sep-2026,2026-09-15,RIM-NAIL-60S-312,,0,,0,,0,,0,,0,"Recent demand is volatile, so the forecast is kept conservative."
15-Sep-2026,2026-09-15,RIM-NAIL-60S-313,,0,,0,,0,,0,,0,"Recent demand is volatile, so the forecast is kept conservative."
15-Sep-2026,2026-09-15,RIM-NAIL-60S-314,,0,,0,,0,,0,,0,"Recent demand is volatile, so the forecast is kept conservative."
15-Sep-2026,2026-09-15,RIM-NAIL-60S-315,,0,,0,,0,,0,,0,"Recent demand is volatile, so the forecast is kept conservative."
15-Sep-2026,2026-09-15,RIM-NAIL-60S-320,,0,,0,,0,,0,,0,"Recent demand is volatile, so the forecast is kept conservative."
15-Sep-2026,2026-09-15,RIM-NAIL-60S-322,,0,,0,,0,,0,,0,"Recent demand is volatile, so the forecast is kept conservative."
15-Sep-2026,2026-09-15,RIM-NAIL-60S-323,,0,,0,,0,,0,,0,"Recent demand is volatile, so the forecast is kept conservative."
15-Sep-2026,2026-09-15,RIM-NAIL-60S-324,,0,,0,,0,,0,,0,"Recent demand is volatile, so the forecast is kept conservative."
15-Sep-2026,2026-09-15,RIM-NAIL-60S-335,,0,,0,,0,,0,,0,"Recent demand is volatile, so the forecast is kept conservative."
15-Sep-2026,2026-09-15,RIM-NAIL-60S-336,,0,,0,,0,,0,,0,"Recent demand is volatile, so the forecast is kept conservative."
15-Sep-2026,2026-09-15,RIM-NAIL-60S-340,,0,,0,,0,,0,,0,"Recent demand is volatile, so the forecast is kept conservative."
15-Sep-2026,2026-09-15,RIM-NAIL-60S-345,,1,,1,,0,,0,,2,"Recent demand is volatile, so the forecast is kept conservative."
15-Sep-2026,2026-09-15,RIM-NAIL-60S-401,,0,,0,,0,,0,,0,Current stock availability is limiting observed demand.
15-Sep-2026,2026-09-15,RIM-NAIL-60S-404,,0,,0,,0,,0,,0,"Recent demand is volatile, so the forecast is kept conservative."
15-Sep-2026,2026-09-15,RIM-NAIL-60S-405,,0,,0,,0,,0,,0,"Recent demand is volatile, so the forecast is kept conservative."
15-Sep-2026,2026-09-15,RIM-NAIL-60S-406,,0,,0,,0,,0,,0,"Demand is intermittent, so the forecast remains conservative."
15-Sep-2026,2026-09-15,RIM-NAIL-60S-410,,0,,0,,0,,0,,0,"Recent demand is volatile, so the forecast is kept conservative."
15-Sep-2026,2026-09-15,RIM-NAIL-60S-411,,0,,0,,0,,0,,0,Current stock availability is limiting observed demand.
15-Sep-2026,2026-09-15,RIM-NAIL-60S-430,,0,,0,,0,,0,,0,Current stock availability is limiting observed demand.
15-Sep-2026,2026-09-15,RIM-NAIL-60S-498,,0,,0,,0,,0,,0,"Recent demand is volatile, so the forecast is kept conservative."
15-Sep-2026,2026-09-15,RIM-NAIL-60S-500,,0,,0,,0,,0,,0,"Recent demand is volatile, so the forecast is kept conservative."
15-Sep-2026,2026-09-15,RIM-NAIL-60S-510,,0,,0,,0,,0,,0,"Recent demand is volatile, so the forecast is kept conservative."
15-Sep-2026,2026-09-15,RIM-NAIL-60S-558,,0,,0,,0,,0,,0,"Recent demand is volatile, so the forecast is kept conservative."
15-Sep-2026,2026-09-15,RIM-NAIL-60S-560,,0,,0,,0,,0,,0,"Recent demand is volatile, so the forecast is kept conservative."
15-Sep-2026,2026-09-15,RIM-NAIL-60S-561,,0,,0,,0,,0,,0,"Recent demand is volatile, so the forecast is kept conservative."
15-Sep-2026,2026-09-15,RIM-NAIL-60S-703,,0,,0,,0,,0,,0,"Recent demand is volatile, so the forecast is kept conservative."
15-Sep-2026,2026-09-15,RIM-NAIL-60S-705,,0,,0,,0,,0,,0,"Recent demand is volatile, so the forecast is kept conservative."
15-Sep-2026,2026-09-15,RIM-NAIL-60S-707,,0,,0,,0,,0,,0,"Recent demand is volatile, so the forecast is kept conservative."
15-Sep-2026,2026-09-15,RIM-NAIL-60S-708,,0,,0,,0,,0,,0,Current stock availability is limiting observed demand.
15-Sep-2026,2026-09-15,RIM-NAIL-60S-709,,0,,0,,0,,0,,0,"Recent demand is volatile, so the forecast is kept conservative."
15-Sep-2026,2026-09-15,RIM-NAIL-60S-710,,0,,0,,0,,0,,0,"Recent demand is volatile, so the forecast is kept conservative."
15-Sep-2026,2026-09-15,RIM-NAIL-60S-711,,0,,0,,0,,0,,0,"Recent demand is volatile, so the forecast is kept conservative."
15-Sep-2026,2026-09-15,RIM-NAIL-60S-712,,0,,0,,0,,0,,0,Current stock availability is limiting observed demand.
15-Sep-2026,2026-09-15,RIM-NAIL-60S-713,,0,,0,,0,,0,,0,"Recent demand is volatile, so the forecast is kept conservative."
15-Sep-2026,2026-09-15,RIM-NAIL-60S-714,,0,,0,,0,,0,,0,"Recent demand is volatile, so the forecast is kept conservative."
15-Sep-2026,2026-09-15,RIM-NAIL-60S-715,,0,,0,,0,,0,,0,Current stock availability is limiting observed demand.
15-Sep-2026,2026-09-15,RIM-NAIL-60S-718,,0,,0,,0,,0,,0,"Recent demand is volatile, so the forecast is kept conservative."
15-Sep-2026,2026-09-15,RIM-NAIL-60S-719,,0,,0,,0,,0,,0,"Recent demand is volatile, so the forecast is kept conservative."
15-Sep-2026,2026-09-15,RIM-NAIL-60S-720,,0,,0,,0,,0,,0,"Recent demand is volatile, so the forecast is kept conservative."
15-Sep-2026,2026-09-15,RIM-NAIL-60S-721,,0,,0,,0,,0,,0,"Recent demand is volatile, so the forecast is kept conservative."
15-Sep-2026,2026-09-15,RIM-NAIL-60S-722,,0,,0,,0,,0,,0,"Recent demand is volatile, so the forecast is kept conservative."
15-Sep-2026,2026-09-15,RIM-NAIL-60S-730,,0,,0,,0,,0,,0,Current stock availability is limiting observed demand.
15-Sep-2026,2026-09-15,RIM-NAIL-60S-740,,0,,0,,0,,0,,0,"Recent demand is volatile, so the forecast is kept conservative."
15-Sep-2026,2026-09-15,RIM-NAIL-60S-807,,0,,0,,0,,0,,0,"Recent demand is volatile, so the forecast is kept conservative."
15-Sep-2026,2026-09-15,RIM-NAIL-60S-809,,0,,0,,0,,0,,0,"Recent demand is volatile, so the forecast is kept conservative."
15-Sep-2026,2026-09-15,RIM-NAIL-60S-810,,0,,0,,0,,0,,0,"Recent demand is volatile, so the forecast is kept conservative."
15-Sep-2026,2026-09-15,RIM-NAIL-60S-811,,0,,0,,0,,0,,0,"Recent demand is volatile, so the forecast is kept conservative."
15-Sep-2026,2026-09-15,RIM-NAIL-60S-812,,0,,0,,0,,0,,0,Current stock availability is limiting observed demand.
15-Sep-2026,2026-09-15,RIM-NAIL-60S-820,,0,,0,,0,,0,,0,"Demand is intermittent, so the forecast remains conservative."
15-Sep-2026,2026-09-15,RIM-NAIL-60S-828,,0,,0,,0,,0,,0,"Recent demand is volatile, so the forecast is kept conservative."
15-Sep-2026,2026-09-15,RIM-NAIL-60S-831,,0,,0,,0,,0,,0,"Demand is intermittent, so the forecast remains conservative."
15-Sep-2026,2026-09-15,RIM-NAIL-60S-833,,0,,0,,0,,0,,0,"Recent demand is volatile, so the forecast is kept conservative."
15-Sep-2026,2026-09-15,RIM-NAIL-60S-834,,0,,0,,0,,0,,0,"Recent demand is volatile, so the forecast is kept conservative."
15-Sep-2026,2026-09-15,RIM-NAIL-60S-853,,0,,0,,0,,0,,0,"Recent demand is volatile, so the forecast is kept conservative."
15-Sep-2026,2026-09-15,RIM-NAIL-60S-878,,0,,0,,0,,0,,0,Current stock availability is limiting observed demand.
15-Sep-2026,2026-09-15,RIM-NAIL-60S-900,,0,,1,,0,,0,,1,"Recent demand is volatile, so the forecast is kept conservative."
15-Sep-2026,2026-09-15,RIM-NAIL-60S-901,,0,,0,,0,,0,,0,Current stock availability is limiting observed demand.
15-Sep-2026,2026-09-15,RIM-NAIL-60S-902,,2,,1,,0,,0,,3,"Recent demand is volatile, so the forecast is kept conservative."
15-Sep-2026,2026-09-15,RIM-NAIL-60S-905,,0,,0,,0,,0,,0,"Recent demand is volatile, so the forecast is kept conservative."
15-Sep-2026,2026-09-15,RIM-NAIL-60S-BUNDLE-10PCS-V1,,0,,0,,0,,0,,0,"Recent demand is volatile, so the forecast is kept conservative."
15-Sep-2026,2026-09-15,RIM-NAIL-60S-BUNDLE-10PCS-V2,,0,,0,,0,,0,,0,"Demand is intermittent, so the forecast remains conservative."
15-Sep-2026,2026-09-15,RIM-NAIL-60S-BUNDLE-10PCS-V3,,0,,0,,0,,0,,0,"Recent demand is volatile, so the forecast is kept conservative."
15-Sep-2026,2026-09-15,RIM-NAIL-60S-BUNDLE-15PCS-V1,,0,,0,,0,,0,,0,Current stock availability is limiting observed demand.
15-Sep-2026,2026-09-15,RIM-NAIL-60S-BUNDLE-5PCS-V1,,0,,0,,0,,0,,0,"Demand is intermittent, so the forecast remains conservative."
15-Sep-2026,2026-09-15,RIM-NAIL-60S-BUNDLE-5PCS-V2,,0,,0,,0,,0,,0,"Demand is intermittent, so the forecast remains conservative."
15-Sep-2026,2026-09-15,RIM-NAIL-60S-BUNDLE-5PCS-V3,,0,,0,,0,,0,,0,"Recent demand is volatile, so the forecast is kept conservative."
15-Sep-2026,2026-09-15,RIM-NAIL-60S-BUNDLE-5PCS-V4,,0,,0,,0,,0,,0,"Demand is intermittent, so the forecast remains conservative."
15-Sep-2026,2026-09-15,RIM-NAIL-60S-BUNDLE-RED-5,,0,,0,,0,,0,,0,"Recent demand is volatile, so the forecast is kept conservative."
15-Sep-2026,2026-09-15,RIM-NAIL-60S-BUNDLE-SUMMER-5,,0,,0,,0,,0,,0,"Demand is intermittent, so the forecast remains conservative."
15-Sep-2026,2026-09-15,RIM-NAIL-60S-MIX-10PCS,,0,,0,,0,,0,,0,"Recent demand is volatile, so the forecast is kept conservative."
15-Sep-2026,2026-09-15,RIM-NAIL-60S-MIX-15PCS,,0,,0,,0,,0,,0,Current stock availability is limiting observed demand.
15-Sep-2026,2026-09-15,RIM-NAIL-60S-MIX-8PCS,,0,,0,,0,,0,,0,"Demand is intermittent, so the forecast remains conservative."
15-Sep-2026,2026-09-15,RIM-NAIL-FT-TOPCOAT,,0,,0,,0,,0,,0,Current stock availability is limiting observed demand.
15-Sep-2026,2026-09-15,RIM-NAIL-FT-TOPCOAT-2PK,,0,,0,,0,,0,,0,"Demand is intermittent, so the forecast remains conservative."
15-Sep-2026,2026-09-15,RIM-NAIL-GLITTER-BOMB-019,,0,,0,,0,,0,,0,Current stock availability is limiting observed demand.
15-Sep-2026,2026-09-15,RIM-NAIL-NN-5IN1,,0,,0,,0,,0,,0,Current stock availability is limiting observed demand.
15-Sep-2026,2026-09-15,RIM-NAIL-NN-STRONGER,,0,,0,,0,,0,,0,Current stock availability is limiting observed demand.
15-Sep-2026,2026-09-15,RIM-NAIL-SUPERGEL-001,,0,,0,,0,,0,,0,"Demand is intermittent, so the forecast remains conservative."
15-Sep-2026,2026-09-15,RIM-NAIL-SUPERGEL-008,,0,,0,,0,,0,,0,"Recent demand is volatile, so the forecast is kept conservative."
15-Sep-2026,2026-09-15,RIM-NAIL-SUPERGEL-012,,1,,0,,0,,0,,1,"Recent demand is volatile, so the forecast is kept conservative."
15-Sep-2026,2026-09-15,RIM-NAIL-SUPERGEL-014,,0,,0,,0,,0,,0,Current stock availability is limiting observed demand.
15-Sep-2026,2026-09-15,RIM-NAIL-SUPERGEL-020,,0,,0,,0,,0,,0,Current stock availability is limiting observed demand.
15-Sep-2026,2026-09-15,RIM-NAIL-SUPERGEL-021,,0,,0,,0,,0,,0,"Recent demand is volatile, so the forecast is kept conservative."
15-Sep-2026,2026-09-15,RIM-NAIL-SUPERGEL-022,,0,,0,,0,,0,,0,"Recent demand is volatile, so the forecast is kept conservative."
15-Sep-2026,2026-09-15,RIM-NAIL-SUPERGEL-023,,0,,0,,0,,0,,0,Current stock availability is limiting observed demand.
15-Sep-2026,2026-09-15,RIM-NAIL-SUPERGEL-023-2PK,,0,,0,,0,,0,,0,"Demand is intermittent, so the forecast remains conservative."
15-Sep-2026,2026-09-15,RIM-NAIL-SUPERGEL-023-5PK,,0,,0,,0,,0,,0,"Demand is intermittent, so the forecast remains conservative."
15-Sep-2026,2026-09-15,RIM-NAIL-SUPERGEL-024,,0,,0,,0,,0,,0,"Recent demand is volatile, so the forecast is kept conservative."
15-Sep-2026,2026-09-15,RIM-NAIL-SUPERGEL-025,,0,,0,,0,,0,,0,"Recent demand is volatile, so the forecast is kept conservative."
15-Sep-2026,2026-09-15,RIM-NAIL-SUPERGEL-026,,0,,0,,0,,0,,0,"Recent demand is volatile, so the forecast is kept conservative."
15-Sep-2026,2026-09-15,RIM-NAIL-SUPERGEL-027,,0,,0,,0,,0,,0,Current stock availability is limiting observed demand.
15-Sep-2026,2026-09-15,RIM-NAIL-SUPERGEL-030,,0,,0,,0,,0,,0,Current stock availability is limiting observed demand.
15-Sep-2026,2026-09-15,RIM-NAIL-SUPERGEL-031,,0,,0,,0,,0,,0,Current stock availability is limiting observed demand.
15-Sep-2026,2026-09-15,RIM-NAIL-SUPERGEL-032,,0,,0,,0,,0,,0,"Recent demand is volatile, so the forecast is kept conservative."
15-Sep-2026,2026-09-15,RIM-NAIL-SUPERGEL-033,,0,,0,,0,,0,,0,"Recent demand is volatile, so the forecast is kept conservative."
15-Sep-2026,2026-09-15,RIM-NAIL-SUPERGEL-035,,0,,0,,0,,0,,0,"Recent demand is volatile, so the forecast is kept conservative."
15-Sep-2026,2026-09-15,RIM-NAIL-SUPERGEL-042,,0,,0,,0,,0,,0,"Recent demand is volatile, so the forecast is kept conservative."
15-Sep-2026,2026-09-15,RIM-NAIL-SUPERGEL-043,,0,,0,,0,,0,,0,"Recent demand is volatile, so the forecast is kept conservative."
15-Sep-2026,2026-09-15,RIM-NAIL-SUPERGEL-044,,0,,0,,0,,0,,0,Current stock availability is limiting observed demand.
15-Sep-2026,2026-09-15,RIM-NAIL-SUPERGEL-045,,0,,0,,0,,0,,0,"Recent demand is volatile, so the forecast is kept conservative."
15-Sep-2026,2026-09-15,RIM-NAIL-SUPERGEL-052,,0,,0,,0,,0,,0,Current stock availability is limiting observed demand.
15-Sep-2026,2026-09-15,RIM-NAIL-SUPERGEL-054,,0,,0,,0,,0,,0,"Recent demand is volatile, so the forecast is kept conservative."
15-Sep-2026,2026-09-15,RIM-NAIL-SUPERGEL-056,,0,,0,,0,,0,,0,"Recent demand is volatile, so the forecast is kept conservative."
15-Sep-2026,2026-09-15,RIM-NAIL-SUPERGEL-058,,0,,0,,0,,0,,0,"Demand is intermittent, so the forecast remains conservative."
15-Sep-2026,2026-09-15,RIM-NAIL-SUPERGEL-069,,0,,0,,0,,0,,0,Current stock availability is limiting observed demand.
15-Sep-2026,2026-09-15,RIM-NAIL-SUPERGEL-070,,0,,0,,0,,0,,0,Current stock availability is limiting observed demand.
15-Sep-2026,2026-09-15,RIM-NAIL-SUPERGEL-071,,0,,0,,0,,0,,0,"Recent demand is volatile, so the forecast is kept conservative."
15-Sep-2026,2026-09-15,RIM-NAIL-SUPERGEL-083,,0,,0,,0,,0,,0,"Recent demand is volatile, so the forecast is kept conservative."
15-Sep-2026,2026-09-15,RIM-NAIL-SUPERGEL-090,,0,,0,,0,,0,,0,Current stock availability is limiting observed demand.
15-Sep-2026,2026-09-15,RIM-NAIL-SUPERGEL-091,,0,,0,,0,,0,,0,"Recent demand is volatile, so the forecast is kept conservative."
15-Sep-2026,2026-09-15,RIM-NAIL-SUPERGEL-091A,,1,,0,,0,,0,,1,"Recent demand is volatile, so the forecast is kept conservative."
15-Sep-2026,2026-09-15,RIM-NAIL-SUPERGEL-094,,0,,0,,0,,0,,0,"Recent demand is volatile, so the forecast is kept conservative."
15-Sep-2026,2026-09-15,RIM-NAIL-SUPERGEL-095,,0,,0,,0,,0,,0,"Recent demand is volatile, so the forecast is kept conservative."
15-Sep-2026,2026-09-15,RIM-NAIL-SUPERGEL-096,,0,,0,,0,,0,,0,"Demand is intermittent, so the forecast remains conservative."
15-Sep-2026,2026-09-15,RIM-NAIL-SUPERGEL-097,,0,,0,,0,,0,,0,"Recent demand is volatile, so the forecast is kept conservative."
15-Sep-2026,2026-09-15,RIM-NAIL-SUPERGEL-098,,0,,0,,0,,0,,0,Current stock availability is limiting observed demand.
15-Sep-2026,2026-09-15,RIM-NAIL-SUPERGEL-099,,0,,0,,0,,0,,0,"Recent demand is volatile, so the forecast is kept conservative."
15-Sep-2026,2026-09-15,RIM-NATURALBRONZER-001,,0,,0,,0,,0,,0,Current stock availability is limiting observed demand.
15-Sep-2026,2026-09-15,RIM-NATURALBRONZER-002,,0,,0,,0,,0,,0,"Recent demand is volatile, so the forecast is kept conservative."
15-Sep-2026,2026-09-15,RIM-NATURALBRONZER-002-3PK,,0,,0,,0,,0,,0,"Demand is intermittent, so the forecast remains conservative."
15-Sep-2026,2026-09-15,RIM-OMG-LIP-130,,0,,1,,0,,0,,1,"Recent demand is volatile, so the forecast is kept conservative."
15-Sep-2026,2026-09-15,RIM-OMG-LIP-150,,0,,0,,0,,0,,0,"Recent demand is volatile, so the forecast is kept conservative."
15-Sep-2026,2026-09-15,RIM-OMG-LIP-160,,0,,0,,0,,0,,0,"Recent demand is volatile, so the forecast is kept conservative."
15-Sep-2026,2026-09-15,RIM-OMG-LIP-200,,0,,0,,0,,0,,0,Current stock availability is limiting observed demand.
15-Sep-2026,2026-09-15,RIM-OMG-LIP-210,,0,,0,,0,,0,,0,"Demand is intermittent, so the forecast remains conservative."
15-Sep-2026,2026-09-15,RIM-OMG-LIP-260,,0,,0,,0,,0,,0,Current stock availability is limiting observed demand.
15-Sep-2026,2026-09-15,RIM-OMG-LIP-300,,0,,0,,0,,0,,0,Current stock availability is limiting observed demand.
15-Sep-2026,2026-09-15,RIM-OMG-LIP-330,,0,,0,,0,,0,,0,"Recent demand is volatile, so the forecast is kept conservative."
15-Sep-2026,2026-09-15,RIM-OMG-LIP-400,,0,,0,,0,,0,,0,Current stock availability is limiting observed demand.
15-Sep-2026,2026-09-15,RIM-OMG-LIP-500,,0,,0,,0,,0,,0,"Demand is intermittent, so the forecast remains conservative."
15-Sep-2026,2026-09-15,RIM-OMG-LIP-531,,0,,0,,0,,0,,0,Current stock availability is limiting observed demand.
15-Sep-2026,2026-09-15,RIM-OMG-LIP-758,,0,,0,,0,,0,,0,Current stock availability is limiting observed demand.
15-Sep-2026,2026-09-15,RIM-OMG-LIP-759,,0,,0,,0,,0,,0,"Demand is intermittent, so the forecast remains conservative."
15-Sep-2026,2026-09-15,RIM-OMG-LIP-800,,0,,0,,0,,0,,0,"Recent demand is volatile, so the forecast is kept conservative."
15-Sep-2026,2026-09-15,RIM-OMG-LIP-801,,0,,0,,0,,0,,0,Current stock availability is limiting observed demand.
15-Sep-2026,2026-09-15,RIM-OMG-LIP-LOVEBUG,,0,,0,,0,,0,,0,"Recent demand is volatile, so the forecast is kept conservative."
15-Sep-2026,2026-09-15,RIM-OMG-PLUMP-501,,0,,0,,0,,0,,0,Current stock availability is limiting observed demand.
15-Sep-2026,2026-09-15,RIM-OMG-PLUMP-820,,0,,0,,0,,0,,0,Current stock availability is limiting observed demand.
15-Sep-2026,2026-09-15,RIM-OMP-LIP-SHAPER-010,,0,,0,,0,,0,,0,"Demand is intermittent, so the forecast remains conservative."
15-Sep-2026,2026-09-15,RIM-OMP-LIP-SHAPER-030,,0,,0,,0,,0,,0,"Demand is intermittent, so the forecast remains conservative."
15-Sep-2026,2026-09-15,RIM-OMP-LIP-SHAPER-040,,0,,0,,0,,0,,0,"Demand is intermittent, so the forecast remains conservative."
15-Sep-2026,2026-09-15,RIM-OMP-LIP-SHAPER-050,,0,,0,,0,,0,,0,"Demand is intermittent, so the forecast remains conservative."
15-Sep-2026,2026-09-15,RIM-PROVOCALIP-210,,0,,0,,0,,0,,0,Current stock availability is limiting observed demand.
15-Sep-2026,2026-09-15,RIM-PROVOCALIP-570,,0,,0,,0,,0,,0,"Recent demand is volatile, so the forecast is kept conservative."
15-Sep-2026,2026-09-15,RIM-PROVOCALIP-710,,0,,0,,0,,0,,0,Current stock availability is limiting observed demand.
15-Sep-2026,2026-09-15,RIM-PROVOCALIP-730,,0,,0,,0,,0,,0,"Recent demand is volatile, so the forecast is kept conservative."
15-Sep-2026,2026-09-15,RIM-RADBRICK-001,,0,,0,,0,,0,,0,Current stock availability is limiting observed demand.
15-Sep-2026,2026-09-15,RIM-RADBRICK-002,,0,,0,,0,,0,,0,Current stock availability is limiting observed demand.
15-Sep-2026,2026-09-15,RIM-RADBRICK-003,,0,,0,,0,,0,,0,Current stock availability is limiting observed demand.
15-Sep-2026,2026-09-15,RIM-SCD-EL-WP-001,,1,,1,,0,,0,,2,"Recent demand is volatile, so the forecast is kept conservative."
15-Sep-2026,2026-09-15,RIM-SCD-EL-WP-001-2PK,,0,,0,,0,,0,,0,"Demand is intermittent, so the forecast remains conservative."
15-Sep-2026,2026-09-15,RIM-SCD-EL-WP-001-3PK,,0,,0,,0,,0,,0,"Demand is intermittent, so the forecast remains conservative."
15-Sep-2026,2026-09-15,RIM-SCD-EL-WP-001-5PK,,0,,0,,0,,0,,0,"Demand is intermittent, so the forecast remains conservative."
15-Sep-2026,2026-09-15,RIM-SCD-EL-WP-003,,0,,0,,0,,0,,0,"Recent demand is volatile, so the forecast is kept conservative."
15-Sep-2026,2026-09-15,RIM-SCD-EL-WP-005,,0,,0,,0,,0,,0,"Demand is intermittent, so the forecast remains conservative."
15-Sep-2026,2026-09-15,RIM-SCD-EL-WP-006,,0,,0,,0,,0,,0,Current stock availability is limiting observed demand.
15-Sep-2026,2026-09-15,RIM-SCD-EL-WP-008,,0,,0,,0,,0,,0,Current stock availability is limiting observed demand.
15-Sep-2026,2026-09-15,RIM-SCD-EYE-001,,16,,2,,0,,0,,18,"Recent sales are increasing, so the forecast is higher."
15-Sep-2026,2026-09-15,RIM-SCD-EYE-001-2PK,,0,,0,,0,,0,,0,"Demand is intermittent, so the forecast remains conservative."
15-Sep-2026,2026-09-15,RIM-SCD-EYE-001-3PK,,0,,0,,0,,0,,0,"Demand is intermittent, so the forecast remains conservative."
15-Sep-2026,2026-09-15,RIM-SCD-EYE-001-5PK,,0,,0,,0,,0,,0,"Recent demand is volatile, so the forecast is kept conservative."
15-Sep-2026,2026-09-15,RIM-SCD-EYE-002,,0,,0,,0,,0,,0,Current stock availability is limiting observed demand.
15-Sep-2026,2026-09-15,RIM-SCD-EYE-002-2PK,,0,,0,,0,,0,,0,"Demand is intermittent, so the forecast remains conservative."
15-Sep-2026,2026-09-15,RIM-SCD-EYE-002-3PK,,0,,0,,0,,0,,0,"Demand is intermittent, so the forecast remains conservative."
15-Sep-2026,2026-09-15,RIM-SCD-EYE-002-5PK,,0,,0,,0,,0,,0,"Demand is intermittent, so the forecast remains conservative."
15-Sep-2026,2026-09-15,RIM-SCD-EYE-003,,0,,2,,0,,0,,2,"Recent demand is volatile, so the forecast is kept conservative."
15-Sep-2026,2026-09-15,RIM-SCD-EYE-003-2PK,,0,,0,,0,,0,,0,"Demand is intermittent, so the forecast remains conservative."
15-Sep-2026,2026-09-15,RIM-SCD-EYE-003-3PK,,0,,0,,0,,0,,0,"Demand is intermittent, so the forecast remains conservative."
15-Sep-2026,2026-09-15,RIM-SCD-EYE-003-5PK,,0,,0,,0,,0,,0,"Demand is intermittent, so the forecast remains conservative."
15-Sep-2026,2026-09-15,RIM-SCD-EYE-004,,0,,0,,0,,0,,0,"Recent demand is volatile, so the forecast is kept conservative."
15-Sep-2026,2026-09-15,RIM-SCD-EYE-005,,0,,0,,0,,0,,0,"Recent demand is volatile, so the forecast is kept conservative."
15-Sep-2026,2026-09-15,RIM-SCD-EYE-006,,0,,1,,0,,0,,1,"Recent demand is volatile, so the forecast is kept conservative."
15-Sep-2026,2026-09-15,RIM-SCD-EYE-006-2PK,,0,,0,,0,,0,,0,"Recent demand is volatile, so the forecast is kept conservative."
15-Sep-2026,2026-09-15,RIM-SCD-EYE-006-3PK,,0,,0,,0,,0,,0,"Recent demand is volatile, so the forecast is kept conservative."
15-Sep-2026,2026-09-15,RIM-SCD-EYE-006-5PK,,0,,0,,0,,0,,0,"Recent demand is volatile, so the forecast is kept conservative."
15-Sep-2026,2026-09-15,RIM-SCD-MICRO-EL-001,,0,,0,,0,,0,,0,"Demand is intermittent, so the forecast remains conservative."
15-Sep-2026,2026-09-15,RIM-SM-PRIMER-003,,0,,0,,0,,0,,0,"Demand is intermittent, so the forecast remains conservative."
15-Sep-2026,2026-09-15,RIM-SMLIQ-100,,0,,0,,0,,0,,0,"Demand is intermittent, so the forecast remains conservative."
15-Sep-2026,2026-09-15,RIM-SMLIQ-110,,0,,0,,0,,0,,0,Current stock availability is limiting observed demand.
15-Sep-2026,2026-09-15,RIM-SMLIQ-200,,0,,0,,0,,0,,0,Current stock availability is limiting observed demand.
15-Sep-2026,2026-09-15,RIM-SMLIQ-220,,0,,0,,0,,0,,0,Current stock availability is limiting observed demand.
15-Sep-2026,2026-09-15,RIM-SMLIQ-500,,0,,0,,0,,0,,0,Current stock availability is limiting observed demand.
15-Sep-2026,2026-09-15,RIM-SMLIQ-600,,0,,0,,0,,0,,0,Current stock availability is limiting observed demand.
15-Sep-2026,2026-09-15,RIM-SMLIQ-700,,0,,0,,0,,0,,0,"Recent demand is volatile, so the forecast is kept conservative."
15-Sep-2026,2026-09-15,RIM-SMLIQ-706,,0,,0,,0,,0,,0,Current stock availability is limiting observed demand.
15-Sep-2026,2026-09-15,RIM-SMLIQ-707,,0,,0,,0,,0,,0,Current stock availability is limiting observed demand.
15-Sep-2026,2026-09-15,RIM-SMLIQ-708,,0,,0,,0,,0,,0,Current stock availability is limiting observed demand.
15-Sep-2026,2026-09-15,RIM-SMLIQ-709,,0,,0,,0,,0,,0,Current stock availability is limiting observed demand.
15-Sep-2026,2026-09-15,RIM-SMLIQ-720,,0,,0,,0,,0,,0,Current stock availability is limiting observed demand.
15-Sep-2026,2026-09-15,RIM-SMLIQ-723,,0,,0,,0,,0,,0,Current stock availability is limiting observed demand.
15-Sep-2026,2026-09-15,RIM-SMLIQ-725,,0,,0,,0,,0,,0,Current stock availability is limiting observed demand.
15-Sep-2026,2026-09-15,RIM-SMLIQ-820,,0,,0,,0,,0,,0,Current stock availability is limiting observed demand.
15-Sep-2026,2026-09-15,RIM-SMLIQ-830,,0,,0,,0,,0,,0,"Demand is intermittent, so the forecast remains conservative."
15-Sep-2026,2026-09-15,RIM-SMLIQ-870,,0,,0,,0,,0,,0,"Demand is intermittent, so the forecast remains conservative."
15-Sep-2026,2026-09-15,RIM-SMLQFDT-502,,0,,0,,0,,0,,0,Current stock availability is limiting observed demand.
15-Sep-2026,2026-09-15,RIM-SMPP-001,,1,,5,,0,,0,,6,"Recent demand is volatile, so the forecast is kept conservative."
15-Sep-2026,2026-09-15,RIM-SMPP-001-2PK,,0,,0,,0,,0,,0,"Recent demand is volatile, so the forecast is kept conservative."
15-Sep-2026,2026-09-15,RIM-SMPP-001-3PK,,0,,0,,0,,0,,0,"Recent demand is volatile, so the forecast is kept conservative."
15-Sep-2026,2026-09-15,RIM-SMPP-001-5PK,,0,,0,,0,,0,,0,"Recent demand is volatile, so the forecast is kept conservative."
15-Sep-2026,2026-09-15,RIM-SMPP-002,,0,,1,,0,,0,,1,"Recent demand is volatile, so the forecast is kept conservative."
15-Sep-2026,2026-09-15,RIM-SMPP-002-2PK,,0,,0,,0,,0,,0,"Recent demand is volatile, so the forecast is kept conservative."
15-Sep-2026,2026-09-15,RIM-SMPP-002-3PK,,0,,0,,0,,0,,0,"Recent demand is volatile, so the forecast is kept conservative."
15-Sep-2026,2026-09-15,RIM-SMPP-002-5PK,,0,,0,,0,,0,,0,"Demand is intermittent, so the forecast remains conservative."
15-Sep-2026,2026-09-15,RIM-SMPP-003,,0,,4,,0,,0,,4,"Recent demand is volatile, so the forecast is kept conservative."
15-Sep-2026,2026-09-15,RIM-SMPP-003-2PK,,0,,0,,0,,0,,0,"Recent demand is volatile, so the forecast is kept conservative."
15-Sep-2026,2026-09-15,RIM-SMPP-003-3PK,,0,,0,,0,,0,,0,"Recent demand is volatile, so the forecast is kept conservative."
15-Sep-2026,2026-09-15,RIM-SMPP-003-5PK,,0,,0,,0,,0,,0,"Recent demand is volatile, so the forecast is kept conservative."
15-Sep-2026,2026-09-15,RIM-SMPP-004,,0,,2,,0,,0,,2,"Recent demand is volatile, so the forecast is kept conservative."
15-Sep-2026,2026-09-15,RIM-SMPP-004-2PK,,0,,0,,0,,0,,0,"Recent demand is volatile, so the forecast is kept conservative."
15-Sep-2026,2026-09-15,RIM-SMPP-004-3PK,,0,,0,,0,,0,,0,"Recent demand is volatile, so the forecast is kept conservative."
15-Sep-2026,2026-09-15,RIM-SMPP-004-5PK,,0,,0,,0,,0,,0,"Demand is intermittent, so the forecast remains conservative."
15-Sep-2026,2026-09-15,RIM-SMPP-005,,7,,5,,0,,0,,12,"Recent sales are increasing, so the forecast is higher."
15-Sep-2026,2026-09-15,RIM-SMPP-005-2PK,,0,,0,,0,,0,,0,"Recent demand is volatile, so the forecast is kept conservative."
15-Sep-2026,2026-09-15,RIM-SMPP-005-3PK,,0,,0,,0,,0,,0,"Recent demand is volatile, so the forecast is kept conservative."
15-Sep-2026,2026-09-15,RIM-SMPP-005-5PK,,0,,0,,0,,0,,0,"Recent demand is volatile, so the forecast is kept conservative."
15-Sep-2026,2026-09-15,RIM-SMPP-006,,0,,2,,0,,0,,2,"Recent demand is volatile, so the forecast is kept conservative."
15-Sep-2026,2026-09-15,RIM-SMPP-006-2PK,,0,,0,,0,,0,,0,"Demand is intermittent, so the forecast remains conservative."
15-Sep-2026,2026-09-15,RIM-SMPP-006-3PK,,0,,0,,0,,0,,0,"Recent demand is volatile, so the forecast is kept conservative."
15-Sep-2026,2026-09-15,RIM-SMPP-006-5PK,,0,,0,,0,,0,,0,"Recent demand is volatile, so the forecast is kept conservative."
15-Sep-2026,2026-09-15,RIM-SMPP-007,,0,,0,,0,,0,,0,Current stock availability is limiting observed demand.
15-Sep-2026,2026-09-15,RIM-SMPP-008,,0,,0,,0,,0,,0,"Recent demand is volatile, so the forecast is kept conservative."
15-Sep-2026,2026-09-15,RIM-SMPP-009,,0,,0,,0,,0,,0,"Recent demand is volatile, so the forecast is kept conservative."
15-Sep-2026,2026-09-15,RIM-SMPP-010,,0,,0,,0,,0,,0,Current stock availability is limiting observed demand.
15-Sep-2026,2026-09-15,RIM-STAY-MATTE-LIQLIP-COLOR-709,,0,,0,,0,,0,,0,Current stock availability is limiting observed demand.
15-Sep-2026,2026-09-15,RIM-STAY-SATIN-LIP-200,,0,,0,,0,,0,,0,Current stock availability is limiting observed demand.
15-Sep-2026,2026-09-15,RIM-STAY-SATIN-LIP-210,,0,,0,,0,,0,,0,"Recent demand is volatile, so the forecast is kept conservative."
15-Sep-2026,2026-09-15,RIM-STAY-SATIN-LIP-500,,0,,0,,0,,0,,0,"Recent demand is volatile, so the forecast is kept conservative."
15-Sep-2026,2026-09-15,RIM-SUPERGEL-GLITTER,,0,,0,,0,,0,,0,"Recent demand is volatile, so the forecast is kept conservative."
15-Sep-2026,2026-09-15,RIM-SUPERGEL-TOPCOAT,,2,,0,,0,,0,,2,"Recent demand is declining, so the forecast is lower."
15-Sep-2026,2026-09-15,RIM-SUPERGEL-TOPCOAT-2PK,,0,,0,,0,,0,,0,"Recent demand is volatile, so the forecast is kept conservative."
15-Sep-2026,2026-09-15,RIM-ULTIMATE-PRM-001,,0,,0,,0,,0,,0,Current stock availability is limiting observed demand.
15-Sep-2026,2026-09-15,RIM-ULTIMATE-PRM-001-2PK,,0,,0,,0,,0,,0,Current stock availability is limiting observed demand.
15-Sep-2026,2026-09-15,RIM-ULTIMATE-PRM-001-3PK,,0,,0,,0,,0,,0,"Demand is intermittent, so the forecast remains conservative."
15-Sep-2026,2026-09-15,RIM-ULTIMATE-PRM-001-5PK,,0,,0,,0,,0,,0,"Demand is intermittent, so the forecast remains conservative."
15-Sep-2026,2026-09-15,RIM-WNDCLOUD-LIQ-ES-001,,0,,0,,0,,0,,0,"Demand is intermittent, so the forecast remains conservative."
15-Sep-2026,2026-09-15,RIM-WNDCLOUD-LIQ-ES-002,,0,,0,,0,,0,,0,Current stock availability is limiting observed demand.
15-Sep-2026,2026-09-15,RIM-WNDCLOUD-LIQ-ES-004,,0,,0,,0,,0,,0,"Demand is intermittent, so the forecast remains conservative."
15-Sep-2026,2026-09-15,RIM-WNDCLOUD-LIQ-ES-005,,0,,0,,0,,0,,0,"Demand is intermittent, so the forecast remains conservative."
15-Sep-2026,2026-09-15,RIM-WNDCLOUD-LIQ-ES-006,,0,,0,,0,,0,,0,Current stock availability is limiting observed demand.
15-Sep-2026,2026-09-15,RIM-WNDCLOUD-LIQ-ES-007,,0,,0,,0,,0,,0,"Demand is intermittent, so the forecast remains conservative."
15-Sep-2026,2026-09-15,RIM-WONDER-SERUM,,0,,0,,0,,0,,0,"Recent demand is volatile, so the forecast is kept conservative."
15-Sep-2026,2026-09-15,RIM-WONDERF-BROW-001,,0,,0,,0,,0,,0,Current stock availability is limiting observed demand.
15-Sep-2026,2026-09-15,RIM-WONDERF-BROW-002,,1,,0,,0,,0,,1,"Recent demand is volatile, so the forecast is kept conservative."
15-Sep-2026,2026-09-15,RIM-WONDERF-BROW-003,,8,,0,,0,,0,,8,"Recent demand is volatile, so the forecast is kept conservative."
15-Sep-2026,2026-09-15,RIM-WONDERF-GEL-004,,0,,0,,0,,0,,0,Current stock availability is limiting observed demand.
15-Sep-2026,2026-09-15,RIM-WONDERINK-EL-001,,0,,0,,0,,0,,0,"Demand is intermittent, so the forecast remains conservative."
15-Sep-2026,2026-09-15,RIM-WONDERINK-LIQ-EL-002,,0,,0,,0,,0,,0,"Recent demand is volatile, so the forecast is kept conservative."
15-Sep-2026,2026-09-15,RIM-WONDERINK-LIQ-EL-003,,0,,0,,0,,0,,0,"Demand is intermittent, so the forecast remains conservative."
15-Sep-2026,2026-09-15,RIM-WONDERINK-LIQ-EL-005,,0,,0,,0,,0,,0,"Demand is intermittent, so the forecast remains conservative."
15-Sep-2026,2026-09-15,RIM-WONDERLAST-001,,0,,0,,0,,0,,0,"Demand is intermittent, so the forecast remains conservative."
15-Sep-2026,2026-09-15,RIM-WONDERLAST-002,,0,,0,,0,,0,,0,"Demand is intermittent, so the forecast remains conservative."
15-Sep-2026,2026-09-15,RIM-WONDERLAST-003,,0,,0,,0,,0,,0,"Demand is intermittent, so the forecast remains conservative."
15-Sep-2026,2026-09-15,RIM-WONDERLAST-004,,0,,0,,0,,0,,0,"Demand is intermittent, so the forecast remains conservative."
15-Sep-2026,2026-09-15,RIM-WONDERPROOF-EL-006,,0,,0,,0,,0,,0,"Demand is intermittent, so the forecast remains conservative."
15-Sep-2026,2026-09-15,RIM-WS2IN1-002,,0,,0,,0,,0,,0,"Demand is intermittent, so the forecast remains conservative."
15-Sep-2026,2026-09-15,RIM-WS2IN1-003,,0,,0,,0,,0,,0,"Demand is intermittent, so the forecast remains conservative."
16-Sep-2026,2026-09-16,RIM-100WP-BLK,,0,,3,,0,,0,,3,"Recent demand is volatile, so the forecast is kept conservative."
16-Sep-2026,2026-09-16,RIM-1KLL-071,,0,,0,,0,,0,,0,Current stock availability is limiting observed demand.
16-Sep-2026,2026-09-16,RIM-1KLL-080,,0,,0,,0,,0,,0,Current stock availability is limiting observed demand.
16-Sep-2026,2026-09-16,RIM-1KLL-081,,0,,0,,0,,0,,0,"Demand is intermittent, so the forecast remains conservative."
16-Sep-2026,2026-09-16,RIM-BBCREAM-LIGHT,,0,,1,,0,,0,,1,"Recent demand is volatile, so the forecast is kept conservative."
16-Sep-2026,2026-09-16,RIM-BBCREAM-MEDIUM,,0,,0,,0,,0,,0,Current stock availability is limiting observed demand.
16-Sep-2026,2026-09-16,RIM-BBCREAM-VERYLIGHT,,0,,0,,0,,0,,0,Current stock availability is limiting observed demand.
16-Sep-2026,2026-09-16,RIM-BTW-BSK-DRKBRW,,2,,1,,0,,0,,3,"Recent demand is volatile, so the forecast is kept conservative."
16-Sep-2026,2026-09-16,RIM-BTW-BSK-DRKBRW-2PK,,0,,0,,0,,0,,0,"Recent demand is volatile, so the forecast is kept conservative."
16-Sep-2026,2026-09-16,RIM-BTW-BSK-DRKBRW-3PK,,0,,0,,0,,0,,0,"Demand is intermittent, so the forecast remains conservative."
16-Sep-2026,2026-09-16,RIM-BTW-BSK-MEDBRW,,0,,2,,0,,0,,2,"Demand is intermittent, so the forecast remains conservative."
16-Sep-2026,2026-09-16,RIM-BTW-BSK-MEDBRW-2PK,,0,,0,,0,,0,,0,"Demand is intermittent, so the forecast remains conservative."
16-Sep-2026,2026-09-16,RIM-BTW-BSK-MEDBRW-3PK,,0,,0,,0,,0,,0,"Recent demand is volatile, so the forecast is kept conservative."
16-Sep-2026,2026-09-16,RIM-BTW-F&S-001,,0,,0,,0,,0,,0,"Recent demand is volatile, so the forecast is kept conservative."
16-Sep-2026,2026-09-16,RIM-BTW-F&S-002,,0,,0,,0,,0,,0,"Recent demand is volatile, so the forecast is kept conservative."
16-Sep-2026,2026-09-16,RIM-BTW-F&S-003,,6,,0,,0,,0,,6,"Recent demand is volatile, so the forecast is kept conservative."
16-Sep-2026,2026-09-16,RIM-BTW-F&S-004,,0,,0,,0,,0,,0,"Demand is intermittent, so the forecast remains conservative."
16-Sep-2026,2026-09-16,RIM-BTWEYEBROW-003,,0,,0,,0,,0,,0,Current stock availability is limiting observed demand.
16-Sep-2026,2026-09-16,RIM-BTWEYEBROW-005,,0,,0,,0,,0,,0,"Demand is intermittent, so the forecast remains conservative."
16-Sep-2026,2026-09-16,RIM-BTWEYEBROW-005-2PK,,0,,0,,0,,0,,0,"Demand is intermittent, so the forecast remains conservative."
16-Sep-2026,2026-09-16,RIM-BTWEYEBROW-005-3PK,,0,,0,,0,,0,,0,"Demand is intermittent, so the forecast remains conservative."
16-Sep-2026,2026-09-16,RIM-BTWEYEBROW-005-5PK,,0,,0,,0,,0,,0,"Demand is intermittent, so the forecast remains conservative."
16-Sep-2026,2026-09-16,RIM-BTWEYEBROW-006,,0,,0,,0,,0,,0,Current stock availability is limiting observed demand.
16-Sep-2026,2026-09-16,RIM-BTWEYEBROW-006-2PK,,0,,0,,0,,0,,0,"Demand is intermittent, so the forecast remains conservative."
16-Sep-2026,2026-09-16,RIM-BTWEYEBROW-006-5PK,,0,,0,,0,,0,,0,"Demand is intermittent, so the forecast remains conservative."
16-Sep-2026,2026-09-16,RIM-BTWFIBRE-001,,0,,0,,0,,0,,0,Current stock availability is limiting observed demand.
16-Sep-2026,2026-09-16,RIM-BTWFIBRE-003,,0,,0,,0,,0,,0,Current stock availability is limiting observed demand.
16-Sep-2026,2026-09-16,RIM-BUNDLE-LIP-SET-PINK-NUDES,,0,,0,,0,,0,,0,"Demand is intermittent, so the forecast remains conservative."
16-Sep-2026,2026-09-16,RIM-BUNDLE-MSC-BLK-WP-TRIO,,0,,0,,0,,0,,0,Current stock availability is limiting observed demand.
16-Sep-2026,2026-09-16,RIM-EBP-BLKBRW,,0,,0,,0,,0,,0,Current stock availability is limiting observed demand.
16-Sep-2026,2026-09-16,RIM-EBP-BLKBRW-2PK,,0,,0,,0,,0,,0,"Demand is intermittent, so the forecast remains conservative."
16-Sep-2026,2026-09-16,RIM-EBP-BLKBRW-5PK,,0,,0,,0,,0,,0,"Recent demand is volatile, so the forecast is kept conservative."
16-Sep-2026,2026-09-16,RIM-EBP-DRKBRW,,11,,2,,0,,0,,13,Stable historical demand with consistent recent sales.
16-Sep-2026,2026-09-16,RIM-EBP-DRKBRW-5PK,,0,,0,,0,,0,,0,"Demand is intermittent, so the forecast remains conservative."
16-Sep-2026,2026-09-16,RIM-EBP-HAZEL,,0,,0,,0,,0,,0,Current stock availability is limiting observed demand.
16-Sep-2026,2026-09-16,RIM-EBP-HAZEL-5PK,,0,,0,,0,,0,,0,"Demand is intermittent, so the forecast remains conservative."
16-Sep-2026,2026-09-16,RIM-ELP-021,,0,,0,,0,,0,,0,"Recent demand is volatile, so the forecast is kept conservative."
16-Sep-2026,2026-09-16,RIM-ELP-061,,0,,1,,0,,0,,1,"Recent demand is volatile, so the forecast is kept conservative."
16-Sep-2026,2026-09-16,RIM-ELP-061-2PK,,0,,0,,0,,0,,0,"Demand is intermittent, so the forecast remains conservative."
16-Sep-2026,2026-09-16,RIM-ELP-061-6PK,,0,,0,,0,,0,,0,"Recent demand is volatile, so the forecast is kept conservative."
16-Sep-2026,2026-09-16,RIM-ELP-064,,1,,0,,0,,0,,1,"Recent demand is volatile, so the forecast is kept conservative."
16-Sep-2026,2026-09-16,RIM-ELP-064-2PK,,0,,0,,0,,0,,0,"Recent demand is volatile, so the forecast is kept conservative."
16-Sep-2026,2026-09-16,RIM-ELP-064-3PK,,0,,0,,0,,0,,0,"Demand is intermittent, so the forecast remains conservative."
16-Sep-2026,2026-09-16,RIM-ELP-064-5PK,,0,,0,,0,,0,,0,"Demand is intermittent, so the forecast remains conservative."
16-Sep-2026,2026-09-16,RIM-ELP-071,,0,,0,,0,,0,,0,"Recent demand is volatile, so the forecast is kept conservative."
16-Sep-2026,2026-09-16,RIM-ELP-071-2PK,,0,,0,,0,,0,,0,"Demand is intermittent, so the forecast remains conservative."
16-Sep-2026,2026-09-16,RIM-ELP-071-3PK,,0,,0,,0,,0,,0,"Demand is intermittent, so the forecast remains conservative."
16-Sep-2026,2026-09-16,RIM-ELP-071-5PK,,0,,0,,0,,0,,0,"Demand is intermittent, so the forecast remains conservative."
16-Sep-2026,2026-09-16,RIM-EXAG-EYEL-001,,0,,1,,0,,0,,1,"Recent demand is volatile, so the forecast is kept conservative."
16-Sep-2026,2026-09-16,RIM-EXAG-EYEL-001-2PK,,0,,0,,0,,0,,0,"Recent demand is volatile, so the forecast is kept conservative."
16-Sep-2026,2026-09-16,RIM-EXAG-EYEL-001-3PK,,0,,0,,0,,0,,0,"Recent demand is volatile, so the forecast is kept conservative."
16-Sep-2026,2026-09-16,RIM-EXAG-EYEL-001-5PK,,0,,0,,0,,0,,0,"Demand is intermittent, so the forecast remains conservative."
16-Sep-2026,2026-09-16,RIM-EXAG-EYEL-003-WP,,0,,0,,0,,0,,0,"Demand is intermittent, so the forecast remains conservative."
16-Sep-2026,2026-09-16,RIM-EXGEL-230,,0,,0,,0,,0,,0,"Demand is intermittent, so the forecast remains conservative."
16-Sep-2026,2026-09-16,RIM-EXGEL-240,,0,,0,,0,,0,,0,Current stock availability is limiting observed demand.
16-Sep-2026,2026-09-16,RIM-FDT-MATCH-101,,0,,0,,0,,0,,0,Current stock availability is limiting observed demand.
16-Sep-2026,2026-09-16,RIM-FDT-MATCH-103,,0,,0,,0,,0,,0,Current stock availability is limiting observed demand.
16-Sep-2026,2026-09-16,RIM-FDT-MATCH-200,,0,,0,,0,,0,,0,"Recent demand is volatile, so the forecast is kept conservative."
16-Sep-2026,2026-09-16,RIM-FDT-MATCH-203,,0,,0,,0,,0,,0,"Recent demand is volatile, so the forecast is kept conservative."
16-Sep-2026,2026-09-16,RIM-FDT-MATCH-300,,0,,0,,0,,0,,0,Current stock availability is limiting observed demand.
16-Sep-2026,2026-09-16,RIM-FDT-MATCH-400,,0,,0,,0,,0,,0,Current stock availability is limiting observed demand.
16-Sep-2026,2026-09-16,RIM-FDT-MATCH-501,,0,,0,,0,,0,,0,"Demand is intermittent, so the forecast remains conservative."
16-Sep-2026,2026-09-16,RIM-FIX&PROT-PRIMER,,0,,0,,0,,0,,0,Current stock availability is limiting observed demand.
16-Sep-2026,2026-09-16,RIM-GENTLE-EYE-MAKEUP-RMVR-125ML,,0,,0,,0,,0,,0,Current stock availability is limiting observed demand.
16-Sep-2026,2026-09-16,RIM-GLAMEYES-LL-001,,0,,0,,0,,0,,0,"Recent demand is volatile, so the forecast is kept conservative."
16-Sep-2026,2026-09-16,RIM-GLAMEYES-LL-001-2PK,,0,,0,,0,,0,,0,"Recent demand is volatile, so the forecast is kept conservative."
16-Sep-2026,2026-09-16,RIM-GLAMEYES-LL-002,,0,,0,,0,,0,,0,Current stock availability is limiting observed demand.
16-Sep-2026,2026-09-16,RIM-HIGHLIGHT-001,,0,,0,,0,,0,,0,"Recent demand is volatile, so the forecast is kept conservative."
16-Sep-2026,2026-09-16,RIM-HIGHLIGHT-002,,0,,0,,0,,0,,0,"Recent demand is volatile, so the forecast is kept conservative."
16-Sep-2026,2026-09-16,RIM-HTB-001,,0,,0,,0,,0,,0,Current stock availability is limiting observed demand.
16-Sep-2026,2026-09-16,RIM-HTB-001-2PK,,0,,0,,0,,0,,0,"Demand is intermittent, so the forecast remains conservative."
16-Sep-2026,2026-09-16,RIM-HTB-001-3PK,,0,,0,,0,,0,,0,"Demand is intermittent, so the forecast remains conservative."
16-Sep-2026,2026-09-16,RIM-HTB-001-5PK,,0,,0,,0,,0,,0,"Demand is intermittent, so the forecast remains conservative."
16-Sep-2026,2026-09-16,RIM-HTB-002,,0,,0,,0,,0,,0,Current stock availability is limiting observed demand.
16-Sep-2026,2026-09-16,RIM-HTB-004,,0,,3,,0,,0,,3,"Recent demand is volatile, so the forecast is kept conservative."
16-Sep-2026,2026-09-16,RIM-HTB-004-2PK,,0,,0,,0,,0,,0,"Recent demand is volatile, so the forecast is kept conservative."
16-Sep-2026,2026-09-16,RIM-HTB-004-3PK,,0,,0,,0,,0,,0,"Recent demand is volatile, so the forecast is kept conservative."
16-Sep-2026,2026-09-16,RIM-HTB-004-5PK,,0,,0,,0,,0,,0,"Recent demand is volatile, so the forecast is kept conservative."
16-Sep-2026,2026-09-16,RIM-HTB-103,,0,,0,,0,,0,,0,Current stock availability is limiting observed demand.
16-Sep-2026,2026-09-16,RIM-HTB-103-2PK,,0,,0,,0,,0,,0,Current stock availability is limiting observed demand.
16-Sep-2026,2026-09-16,RIM-HTB-103-3PK,,0,,0,,0,,0,,0,"Demand is intermittent, so the forecast remains conservative."
16-Sep-2026,2026-09-16,RIM-HTB-103-5PK,,0,,0,,0,,0,,0,"Demand is intermittent, so the forecast remains conservative."
16-Sep-2026,2026-09-16,RIM-HTB-105,,0,,1,,0,,0,,1,"Recent demand is volatile, so the forecast is kept conservative."
16-Sep-2026,2026-09-16,RIM-INSTACC-GREEN,,0,,0,,0,,0,,0,Current stock availability is limiting observed demand.
16-Sep-2026,2026-09-16,RIM-INSTACC-LAVENDER,,0,,0,,0,,0,,0,Current stock availability is limiting observed demand.
16-Sep-2026,2026-09-16,RIM-INSTAFIX-SPRAY,,0,,0,,0,,0,,0,Current stock availability is limiting observed demand.
16-Sep-2026,2026-09-16,RIM-JELLY-010,,0,,0,,0,,0,,0,"Demand is intermittent, so the forecast remains conservative."
16-Sep-2026,2026-09-16,RIM-JELLY-020,,0,,0,,0,,0,,0,"Demand is intermittent, so the forecast remains conservative."
16-Sep-2026,2026-09-16,RIM-JELLY-040,,0,,0,,0,,0,,0,"Demand is intermittent, so the forecast remains conservative."
16-Sep-2026,2026-09-16,RIM-KATE-NUDE-LS-040,,0,,0,,0,,0,,0,Current stock availability is limiting observed demand.
16-Sep-2026,2026-09-16,RIM-KATE-NUDE-LS-042,,0,,0,,0,,0,,0,Current stock availability is limiting observed demand.
16-Sep-2026,2026-09-16,RIM-KATE-NUDE-LS-045,,0,,0,,0,,0,,0,Current stock availability is limiting observed demand.
16-Sep-2026,2026-09-16,RIM-KATE-NUDE-LS-045-5PK,,0,,0,,0,,0,,0,Current stock availability is limiting observed demand.
16-Sep-2026,2026-09-16,RIM-KATE-NUDE-LS-048,,0,,0,,0,,0,,0,Current stock availability is limiting observed demand.
16-Sep-2026,2026-09-16,RIM-KATE-SCULPTPAL-002,,0,,0,,0,,0,,0,Current stock availability is limiting observed demand.
16-Sep-2026,2026-09-16,RIM-KATE-SCULPTPAL-002-2PK,,0,,0,,0,,0,,0,"Demand is intermittent, so the forecast remains conservative."
16-Sep-2026,2026-09-16,RIM-KATE-SCULPTPAL-002-3PK,,0,,0,,0,,0,,0,"Demand is intermittent, so the forecast remains conservative."
16-Sep-2026,2026-09-16,RIM-KATE-SCULPTPAL-002-5PK,,0,,0,,0,,0,,0,"Demand is intermittent, so the forecast remains conservative."
16-Sep-2026,2026-09-16,RIM-KF-BROW-DEFINER-001,,0,,0,,0,,0,,0,"Demand is intermittent, so the forecast remains conservative."
16-Sep-2026,2026-09-16,RIM-KF-BROW-DEFINER-002,,0,,0,,0,,0,,0,"Demand is intermittent, so the forecast remains conservative."
16-Sep-2026,2026-09-16,RIM-KF-BROW-DEFINER-004,,0,,0,,0,,0,,0,"Demand is intermittent, so the forecast remains conservative."
16-Sep-2026,2026-09-16,RIM-KF-BROW-DEFINER-005,,0,,0,,0,,0,,0,"Demand is intermittent, so the forecast remains conservative."
16-Sep-2026,2026-09-16,RIM-KF-BROW-DEFINER-006,,0,,0,,0,,0,,0,"Recent demand is volatile, so the forecast is kept conservative."
16-Sep-2026,2026-09-16,RIM-KF-CCLR-010,,0,,0,,0,,0,,0,Current stock availability is limiting observed demand.
16-Sep-2026,2026-09-16,RIM-KF-CCLR-020,,0,,0,,0,,0,,0,Current stock availability is limiting observed demand.
16-Sep-2026,2026-09-16,RIM-KF-CCLR-030,,0,,0,,0,,0,,0,"Demand is intermittent, so the forecast remains conservative."
16-Sep-2026,2026-09-16,RIM-KF-CCLR-040,,0,,0,,0,,0,,0,"Demand is intermittent, so the forecast remains conservative."
16-Sep-2026,2026-09-16,RIM-KF-EYE-DEFINER-02,,0,,0,,0,,0,,0,"Demand is intermittent, so the forecast remains conservative."
16-Sep-2026,2026-09-16,RIM-KF-EYE-DEFINER-03,,0,,0,,0,,0,,0,"Demand is intermittent, so the forecast remains conservative."
16-Sep-2026,2026-09-16,RIM-KF-EYE-DEFINER-04,,0,,0,,0,,0,,0,"Demand is intermittent, so the forecast remains conservative."
16-Sep-2026,2026-09-16,RIM-KF-EYE-DEFINER-05,,0,,0,,0,,0,,0,"Demand is intermittent, so the forecast remains conservative."
16-Sep-2026,2026-09-16,RIM-KF-EYE-DEFINER-06,,0,,0,,0,,0,,0,"Demand is intermittent, so the forecast remains conservative."
16-Sep-2026,2026-09-16,RIM-KF-FDT-001,,0,,0,,0,,0,,0,Current stock availability is limiting observed demand.
16-Sep-2026,2026-09-16,RIM-KF-FDT-103,,0,,0,,0,,0,,0,"Demand is intermittent, so the forecast remains conservative."
16-Sep-2026,2026-09-16,RIM-KF-FDT-150,,0,,0,,0,,0,,0,"Demand is intermittent, so the forecast remains conservative."
16-Sep-2026,2026-09-16,RIM-KF-FDT-210,,0,,0,,0,,0,,0,"Demand is intermittent, so the forecast remains conservative."
16-Sep-2026,2026-09-16,RIM-KF-FDT-410,,0,,0,,0,,0,,0,"Demand is intermittent, so the forecast remains conservative."
16-Sep-2026,2026-09-16,RIM-KF-MSC-BLACK,,0,,0,,0,,0,,0,"Demand is intermittent, so the forecast remains conservative."
16-Sep-2026,2026-09-16,RIM-KF-MSC-BROWN,,0,,0,,0,,0,,0,Current stock availability is limiting observed demand.
16-Sep-2026,2026-09-16,RIM-KF-MULTISTICK-002,,0,,0,,0,,0,,0,"Demand is intermittent, so the forecast remains conservative."
16-Sep-2026,2026-09-16,RIM-KF-MULTISTICK-003,,0,,0,,0,,0,,0,"Demand is intermittent, so the forecast remains conservative."
16-Sep-2026,2026-09-16,RIM-KF-MULTISTICK-004,,0,,0,,0,,0,,0,Current stock availability is limiting observed demand.
16-Sep-2026,2026-09-16,RIM-KF-MULTISTICK-005,,0,,0,,0,,0,,0,"Demand is intermittent, so the forecast remains conservative."
16-Sep-2026,2026-09-16,RIM-KF-NAIL-150,,0,,0,,0,,0,,0,"Demand is intermittent, so the forecast remains conservative."
16-Sep-2026,2026-09-16,RIM-KF-NAIL-151,,0,,0,,0,,0,,0,"Demand is intermittent, so the forecast remains conservative."
16-Sep-2026,2026-09-16,RIM-KF-NAIL-152,,0,,0,,0,,0,,0,"Demand is intermittent, so the forecast remains conservative."
16-Sep-2026,2026-09-16,RIM-KF-NAIL-153,,0,,0,,0,,0,,0,"Demand is intermittent, so the forecast remains conservative."
16-Sep-2026,2026-09-16,RIM-KF-NAIL-154,,0,,0,,0,,0,,0,"Demand is intermittent, so the forecast remains conservative."
16-Sep-2026,2026-09-16,RIM-KF-NAIL-155,,0,,0,,0,,0,,0,"Demand is intermittent, so the forecast remains conservative."
16-Sep-2026,2026-09-16,RIM-KF-NAIL-156,,0,,0,,0,,0,,0,Current stock availability is limiting observed demand.
16-Sep-2026,2026-09-16,RIM-KF-NAIL-157,,0,,0,,0,,0,,0,"Demand is intermittent, so the forecast remains conservative."
16-Sep-2026,2026-09-16,RIM-KF-NAIL-158,,0,,0,,0,,0,,0,"Demand is intermittent, so the forecast remains conservative."
16-Sep-2026,2026-09-16,RIM-KF-NAIL-160,,0,,0,,0,,0,,0,Current stock availability is limiting observed demand.
16-Sep-2026,2026-09-16,RIM-KF-NAIL-162,,0,,0,,0,,0,,0,"Demand is intermittent, so the forecast remains conservative."
16-Sep-2026,2026-09-16,RIM-KF-NAIL-163,,0,,0,,0,,0,,0,"Demand is intermittent, so the forecast remains conservative."
16-Sep-2026,2026-09-16,RIM-KF-NAIL-164,,0,,0,,0,,0,,0,"Demand is intermittent, so the forecast remains conservative."
16-Sep-2026,2026-09-16,RIM-KF-NAIL-167,,0,,0,,0,,0,,0,Current stock availability is limiting observed demand.
16-Sep-2026,2026-09-16,RIM-KF-NAIL-168,,0,,0,,0,,0,,0,Current stock availability is limiting observed demand.
16-Sep-2026,2026-09-16,RIM-KF-NAIL-169,,0,,0,,0,,0,,0,"Demand is intermittent, so the forecast remains conservative."
16-Sep-2026,2026-09-16,RIM-KF-NAIL-170,,0,,0,,0,,0,,0,Current stock availability is limiting observed demand.
16-Sep-2026,2026-09-16,RIM-KF-PWDR-001,,0,,0,,0,,0,,0,"Recent demand is volatile, so the forecast is kept conservative."
16-Sep-2026,2026-09-16,RIM-KF-PWDR-001-2PK,,0,,0,,0,,0,,0,"Demand is intermittent, so the forecast remains conservative."
16-Sep-2026,2026-09-16,RIM-KF-PWDR-001-5PK,,0,,0,,0,,0,,0,"Demand is intermittent, so the forecast remains conservative."
16-Sep-2026,2026-09-16,RIM-KF-PWDR-010,,0,,0,,0,,0,,0,"Recent demand is volatile, so the forecast is kept conservative."
16-Sep-2026,2026-09-16,RIM-KF-PWDR-020,,0,,0,,0,,0,,0,"Recent demand is volatile, so the forecast is kept conservative."
16-Sep-2026,2026-09-16,RIM-KF-PWDR-030,,0,,0,,0,,0,,0,"Recent demand is volatile, so the forecast is kept conservative."
16-Sep-2026,2026-09-16,RIM-KF-PWDR-030-2PK,,0,,0,,0,,0,,0,"Recent demand is volatile, so the forecast is kept conservative."
16-Sep-2026,2026-09-16,RIM-KF-PWDR-030-5PK,,0,,0,,0,,0,,0,"Recent demand is volatile, so the forecast is kept conservative."
16-Sep-2026,2026-09-16,RIM-KF-PWDR-040,,0,,0,,0,,0,,0,Current stock availability is limiting observed demand.
16-Sep-2026,2026-09-16,RIM-KF-PWDR-050,,0,,0,,0,,0,,0,"Recent demand is volatile, so the forecast is kept conservative."
16-Sep-2026,2026-09-16,RIM-KOHL-KJEL-001,,0,,0,,0,,0,,0,Current stock availability is limiting observed demand.
16-Sep-2026,2026-09-16,RIM-KOHL-KJEL-002,,0,,0,,0,,0,,0,Current stock availability is limiting observed demand.
16-Sep-2026,2026-09-16,RIM-KOHL-KJEL-004,,0,,0,,0,,0,,0,"Demand is intermittent, so the forecast remains conservative."
16-Sep-2026,2026-09-16,RIM-LAST-AUTOLIP-018,,0,,0,,0,,0,,0,Current stock availability is limiting observed demand.
16-Sep-2026,2026-09-16,RIM-LAST-AUTOLIP-018-2PK,,0,,0,,0,,0,,0,"Demand is intermittent, so the forecast remains conservative."
16-Sep-2026,2026-09-16,RIM-LAST-AUTOLIP-018-3PK,,0,,0,,0,,0,,0,"Demand is intermittent, so the forecast remains conservative."
16-Sep-2026,2026-09-16,RIM-LAST-AUTOLIP-018-5PK,,0,,0,,0,,0,,0,"Demand is intermittent, so the forecast remains conservative."
16-Sep-2026,2026-09-16,RIM-LAST-AUTOLIP-024,,0,,0,,0,,0,,0,"Demand is intermittent, so the forecast remains conservative."
16-Sep-2026,2026-09-16,RIM-LAST-AUTOLIP-045,,0,,0,,0,,0,,0,Current stock availability is limiting observed demand.
16-Sep-2026,2026-09-16,RIM-LAST-AUTOLIP-063,,0,,0,,0,,0,,0,Current stock availability is limiting observed demand.
16-Sep-2026,2026-09-16,RIM-LAST-AUTOLIP-063-3PK,,0,,0,,0,,0,,0,"Demand is intermittent, so the forecast remains conservative."
16-Sep-2026,2026-09-16,RIM-LAST-AUTOLIP-070,,0,,0,,0,,0,,0,"Demand is intermittent, so the forecast remains conservative."
16-Sep-2026,2026-09-16,RIM-LAST-AUTOLIP-105,,0,,0,,0,,0,,0,"Demand is intermittent, so the forecast remains conservative."
16-Sep-2026,2026-09-16,RIM-LAST-MEGA-MATTE-LIQ-LPK-110,,0,,0,,0,,0,,0,"Demand is intermittent, so the forecast remains conservative."
16-Sep-2026,2026-09-16,RIM-LAST-MEGA-MATTE-LIQ-LPK-210,,0,,0,,0,,0,,0,"Demand is intermittent, so the forecast remains conservative."
16-Sep-2026,2026-09-16,RIM-LAST-MEGA-MATTE-LIQ-LPK-600,,0,,0,,0,,0,,0,Current stock availability is limiting observed demand.
16-Sep-2026,2026-09-16,RIM-LAST-MEGA-MATTE-LIQ-LPK-700,,0,,0,,0,,0,,0,"Recent demand is volatile, so the forecast is kept conservative."
16-Sep-2026,2026-09-16,RIM-LAST-MEGA-MATTE-LIQ-LPK-709,,0,,0,,0,,0,,0,"Demand is intermittent, so the forecast remains conservative."
16-Sep-2026,2026-09-16,RIM-LAST-MEGA-MATTE-LIQ-LPK-910,,0,,0,,0,,0,,0,"Demand is intermittent, so the forecast remains conservative."
16-Sep-2026,2026-09-16,RIM-LAST-MEGA-MATTE-LIQ-LPK-930,,0,,0,,0,,0,,0,"Demand is intermittent, so the forecast remains conservative."
16-Sep-2026,2026-09-16,RIM-LASTCCLR-001,,0,,0,,0,,0,,0,Current stock availability is limiting observed demand.
16-Sep-2026,2026-09-16,RIM-LASTCCLR-010,,0,,0,,0,,0,,0,Current stock availability is limiting observed demand.
16-Sep-2026,2026-09-16,RIM-LASTCCLR-020,,0,,0,,0,,0,,0,Current stock availability is limiting observed demand.
16-Sep-2026,2026-09-16,RIM-LASTCOMPACT-004,,0,,0,,0,,0,,0,Current stock availability is limiting observed demand.
16-Sep-2026,2026-09-16,RIM-LASTCOMPACT-005,,0,,0,,0,,0,,0,Current stock availability is limiting observed demand.
16-Sep-2026,2026-09-16,RIM-LASTCOMPACT-007,,0,,0,,0,,0,,0,Current stock availability is limiting observed demand.
16-Sep-2026,2026-09-16,RIM-LASTCOMPACT-008,,0,,0,,0,,0,,0,Current stock availability is limiting observed demand.
16-Sep-2026,2026-09-16,RIM-LASTCOMPACT-009,,0,,0,,0,,0,,0,"Demand is intermittent, so the forecast remains conservative."
16-Sep-2026,2026-09-16,RIM-LASTCOMPACT-011,,0,,0,,0,,0,,0,"Demand is intermittent, so the forecast remains conservative."
16-Sep-2026,2026-09-16,RIM-LASTCOMPACT-012,,0,,0,,0,,0,,0,Current stock availability is limiting observed demand.
16-Sep-2026,2026-09-16,RIM-LASTFIN-EXTMATT-LPK-160,,0,,0,,0,,0,,0,Current stock availability is limiting observed demand.
16-Sep-2026,2026-09-16,RIM-LASTFIN-EXTMATT-LPK-600,,0,,0,,0,,0,,0,Current stock availability is limiting observed demand.
16-Sep-2026,2026-09-16,RIM-LASTFIN-EXTMATT-LPK-710,,0,,0,,0,,0,,0,Current stock availability is limiting observed demand.
16-Sep-2026,2026-09-16,RIM-LASTFIN-EXTMATT-LPK-840,,0,,0,,0,,0,,0,Current stock availability is limiting observed demand.
16-Sep-2026,2026-09-16,RIM-LASTFIN-PRIMER,,0,,0,,0,,0,,0,Current stock availability is limiting observed demand.
16-Sep-2026,2026-09-16,RIM-LASTING-PROV-115,,0,,0,,0,,0,,0,"Demand is intermittent, so the forecast remains conservative."
16-Sep-2026,2026-09-16,RIM-LASTING-PROV-210,,0,,0,,0,,0,,0,"Recent demand is volatile, so the forecast is kept conservative."
16-Sep-2026,2026-09-16,RIM-LASTING-PROV-220,,0,,0,,0,,0,,0,"Demand is intermittent, so the forecast remains conservative."
16-Sep-2026,2026-09-16,RIM-LASTING-PROV-310,,0,,0,,0,,0,,0,"Demand is intermittent, so the forecast remains conservative."
16-Sep-2026,2026-09-16,RIM-LASTING-PROV-400,,0,,0,,0,,0,,0,"Demand is intermittent, so the forecast remains conservative."
16-Sep-2026,2026-09-16,RIM-LASTING-PROV-410,,0,,0,,0,,0,,0,"Demand is intermittent, so the forecast remains conservative."
16-Sep-2026,2026-09-16,RIM-LASTING-PROV-440,,0,,0,,0,,0,,0,"Demand is intermittent, so the forecast remains conservative."
16-Sep-2026,2026-09-16,RIM-LASTING-PROV-500,,0,,0,,0,,0,,0,"Recent demand is volatile, so the forecast is kept conservative."
16-Sep-2026,2026-09-16,RIM-LASTING-PROV-570,,0,,0,,0,,0,,0,"Demand is intermittent, so the forecast remains conservative."
16-Sep-2026,2026-09-16,RIM-LASTING-PROV-600,,0,,0,,0,,0,,0,Current stock availability is limiting observed demand.
16-Sep-2026,2026-09-16,RIM-LASTING-PROV-730,,0,,0,,0,,0,,0,"Demand is intermittent, so the forecast remains conservative."
16-Sep-2026,2026-09-16,RIM-LASTING-PROV-740,,0,,0,,0,,0,,0,"Demand is intermittent, so the forecast remains conservative."
16-Sep-2026,2026-09-16,RIM-LASTLIP-110,,0,,0,,0,,0,,0,"Recent demand is volatile, so the forecast is kept conservative."
16-Sep-2026,2026-09-16,RIM-LASTLIP-120,,0,,0,,0,,0,,0,"Recent demand is volatile, so the forecast is kept conservative."
16-Sep-2026,2026-09-16,RIM-LASTLIP-120-2PK,,0,,0,,0,,0,,0,"Demand is intermittent, so the forecast remains conservative."
16-Sep-2026,2026-09-16,RIM-LASTLIP-120-3PK,,0,,0,,0,,0,,0,"Demand is intermittent, so the forecast remains conservative."
16-Sep-2026,2026-09-16,RIM-LASTLIP-120-5PK,,0,,0,,0,,0,,0,"Recent demand is volatile, so the forecast is kept conservative."
16-Sep-2026,2026-09-16,RIM-LASTLIP-125,,0,,0,,0,,0,,0,"Recent demand is volatile, so the forecast is kept conservative."
16-Sep-2026,2026-09-16,RIM-LASTLIP-195,,0,,0,,0,,0,,0,"Recent demand is volatile, so the forecast is kept conservative."
16-Sep-2026,2026-09-16,RIM-LASTLIP-215,,0,,0,,0,,0,,0,"Recent demand is volatile, so the forecast is kept conservative."
16-Sep-2026,2026-09-16,RIM-LASTLIP-505,,0,,0,,0,,0,,0,"Recent demand is volatile, so the forecast is kept conservative."
16-Sep-2026,2026-09-16,RIM-LASTLIP-580,,0,,0,,0,,0,,0,"Recent demand is volatile, so the forecast is kept conservative."
16-Sep-2026,2026-09-16,RIM-LASTLIP-620,,2,,0,,0,,0,,2,"Recent demand is volatile, so the forecast is kept conservative."
16-Sep-2026,2026-09-16,RIM-LASTLIP-705,,0,,0,,0,,0,,0,"Recent demand is volatile, so the forecast is kept conservative."
16-Sep-2026,2026-09-16,RIM-LASTLIP-705-2PK,,0,,0,,0,,0,,0,"Demand is intermittent, so the forecast remains conservative."
16-Sep-2026,2026-09-16,RIM-LASTLIP-705-3PK,,0,,0,,0,,0,,0,"Recent demand is volatile, so the forecast is kept conservative."
16-Sep-2026,2026-09-16,RIM-LASTLIP-705-5PK,,0,,0,,0,,0,,0,"Demand is intermittent, so the forecast remains conservative."
16-Sep-2026,2026-09-16,RIM-LASTLIP-725,,0,,1,,0,,0,,1,"Recent demand is volatile, so the forecast is kept conservative."
16-Sep-2026,2026-09-16,RIM-LASTLIP-760,,0,,0,,0,,0,,0,"Recent demand is volatile, so the forecast is kept conservative."
16-Sep-2026,2026-09-16,RIM-LASTLIP-790,,0,,0,,0,,0,,0,"Demand is intermittent, so the forecast remains conservative."
16-Sep-2026,2026-09-16,RIM-LASTLIP-850,,0,,0,,0,,0,,0,"Recent demand is volatile, so the forecast is kept conservative."
16-Sep-2026,2026-09-16,RIM-LASTLIP-880,,0,,0,,0,,0,,0,"Recent demand is volatile, so the forecast is kept conservative."
16-Sep-2026,2026-09-16,RIM-LASTMAT-FDT-001,,0,,0,,0,,0,,0,Current stock availability is limiting observed demand.
16-Sep-2026,2026-09-16,RIM-LASTMAT-FDT-010,,0,,0,,0,,0,,0,Current stock availability is limiting observed demand.
16-Sep-2026,2026-09-16,RIM-LASTMAT-FDT-085,,0,,0,,0,,0,,0,Current stock availability is limiting observed demand.
16-Sep-2026,2026-09-16,RIM-LASTMAT-FDT-100,,0,,0,,0,,0,,0,Current stock availability is limiting observed demand.
16-Sep-2026,2026-09-16,RIM-LASTMAT-FDT-103,,0,,0,,0,,0,,0,Current stock availability is limiting observed demand.
16-Sep-2026,2026-09-16,RIM-LASTMAT-FDT-201,,0,,0,,0,,0,,0,Current stock availability is limiting observed demand.
16-Sep-2026,2026-09-16,RIM-LASTMAT-FDT-203,,0,,0,,0,,0,,0,Current stock availability is limiting observed demand.
16-Sep-2026,2026-09-16,RIM-LASTMAT-FDT-300,,0,,0,,0,,0,,0,Current stock availability is limiting observed demand.
16-Sep-2026,2026-09-16,RIM-LASTMAT-FDT-304,,0,,0,,0,,0,,0,Current stock availability is limiting observed demand.
16-Sep-2026,2026-09-16,RIM-LASTMAT-FDT-400,,0,,0,,0,,0,,0,Current stock availability is limiting observed demand.
16-Sep-2026,2026-09-16,RIM-LASTMAT-PRIMER,,0,,0,,0,,0,,0,Current stock availability is limiting observed demand.
16-Sep-2026,2026-09-16,RIM-LF-FDT-RG-001,,0,,0,,0,,0,,0,"Demand is intermittent, so the forecast remains conservative."
16-Sep-2026,2026-09-16,RIM-LF-FDT-RG-070,,0,,0,,0,,0,,0,"Demand is intermittent, so the forecast remains conservative."
16-Sep-2026,2026-09-16,RIM-LF-FDT-RG-103,,0,,0,,0,,0,,0,Current stock availability is limiting observed demand.
16-Sep-2026,2026-09-16,RIM-LF-FDT-RG-160,,0,,0,,0,,0,,0,"Demand is intermittent, so the forecast remains conservative."
16-Sep-2026,2026-09-16,RIM-LF-FDT-RG-170,,0,,0,,0,,0,,0,"Demand is intermittent, so the forecast remains conservative."
16-Sep-2026,2026-09-16,RIM-LF-FDT-RG-200,,0,,0,,0,,0,,0,Current stock availability is limiting observed demand.
16-Sep-2026,2026-09-16,RIM-LF-FDT-RG-203,,0,,0,,0,,0,,0,"Demand is intermittent, so the forecast remains conservative."
16-Sep-2026,2026-09-16,RIM-LF-FDT-RG-210,,0,,0,,0,,0,,0,Current stock availability is limiting observed demand.
16-Sep-2026,2026-09-16,RIM-LF-FDT-RG-303,,0,,0,,0,,0,,0,Current stock availability is limiting observed demand.
16-Sep-2026,2026-09-16,RIM-LF-LS-002,,0,,0,,0,,0,,0,Current stock availability is limiting observed demand.
16-Sep-2026,2026-09-16,RIM-LF-LS-006,,0,,0,,0,,0,,0,"Demand is intermittent, so the forecast remains conservative."
16-Sep-2026,2026-09-16,RIM-LF-LS-006-2PK,,0,,0,,0,,0,,0,"Demand is intermittent, so the forecast remains conservative."
16-Sep-2026,2026-09-16,RIM-LF-LS-006-3PK,,0,,0,,0,,0,,0,"Demand is intermittent, so the forecast remains conservative."
16-Sep-2026,2026-09-16,RIM-LF-LS-006-5PK,,0,,0,,0,,0,,0,"Demand is intermittent, so the forecast remains conservative."
16-Sep-2026,2026-09-16,RIM-LF-LS-058,,0,,0,,0,,0,,0,Current stock availability is limiting observed demand.
16-Sep-2026,2026-09-16,RIM-LF-LS-058-2PK,,0,,0,,0,,0,,0,"Demand is intermittent, so the forecast remains conservative."
16-Sep-2026,2026-09-16,RIM-LF-LS-058-3PK,,0,,0,,0,,0,,0,"Demand is intermittent, so the forecast remains conservative."
16-Sep-2026,2026-09-16,RIM-LF-LS-066,,0,,0,,0,,0,,0,Current stock availability is limiting observed demand.
16-Sep-2026,2026-09-16,RIM-LF-LS-066-2PK,,0,,0,,0,,0,,0,"Demand is intermittent, so the forecast remains conservative."
16-Sep-2026,2026-09-16,RIM-LF-LS-066-3PK,,0,,0,,0,,0,,0,Current stock availability is limiting observed demand.
16-Sep-2026,2026-09-16,RIM-LF-LS-066-5PK,,0,,0,,0,,0,,0,"Demand is intermittent, so the forecast remains conservative."
16-Sep-2026,2026-09-16,RIM-LF-LS-070,,0,,0,,0,,0,,0,Current stock availability is limiting observed demand.
16-Sep-2026,2026-09-16,RIM-LF-LS-070-2PK,,0,,0,,0,,0,,0,"Demand is intermittent, so the forecast remains conservative."
16-Sep-2026,2026-09-16,RIM-LF-LS-070-3PK,,0,,0,,0,,0,,0,"Demand is intermittent, so the forecast remains conservative."
16-Sep-2026,2026-09-16,RIM-LF-LS-070-5PK,,0,,0,,0,,0,,0,"Demand is intermittent, so the forecast remains conservative."
16-Sep-2026,2026-09-16,RIM-LF-LS-077,,1,,4,,0,,0,,5,Stable historical demand with consistent recent sales.
16-Sep-2026,2026-09-16,RIM-LF-LS-084,,0,,1,,0,,0,,1,"Recent demand is volatile, so the forecast is kept conservative."
16-Sep-2026,2026-09-16,RIM-LF-LS-086,,0,,0,,0,,0,,0,Current stock availability is limiting observed demand.
16-Sep-2026,2026-09-16,RIM-LF-LS-086-2PK,,0,,0,,0,,0,,0,"Demand is intermittent, so the forecast remains conservative."
16-Sep-2026,2026-09-16,RIM-LF-LS-086-3PK,,0,,0,,0,,0,,0,"Demand is intermittent, so the forecast remains conservative."
16-Sep-2026,2026-09-16,RIM-LF-LS-086-5PK,,0,,0,,0,,0,,0,Current stock availability is limiting observed demand.
16-Sep-2026,2026-09-16,RIM-LF-LS-100,,0,,0,,0,,0,,0,"Recent demand is volatile, so the forecast is kept conservative."
16-Sep-2026,2026-09-16,RIM-LF-LS-101,,0,,1,,0,,0,,1,"Recent demand is volatile, so the forecast is kept conservative."
16-Sep-2026,2026-09-16,RIM-LF-LS-107,,0,,0,,0,,0,,0,Current stock availability is limiting observed demand.
16-Sep-2026,2026-09-16,RIM-LF-LS-170,,0,,0,,0,,0,,0,"Recent demand is volatile, so the forecast is kept conservative."
16-Sep-2026,2026-09-16,RIM-LF-LS-200,,0,,0,,0,,0,,0,Current stock availability is limiting observed demand.
16-Sep-2026,2026-09-16,RIM-LF-LS-206,,1,,1,,0,,0,,2,"Recent demand is volatile, so the forecast is kept conservative."
16-Sep-2026,2026-09-16,RIM-LF-LS-206-2PK,,0,,0,,0,,0,,0,"Recent demand is volatile, so the forecast is kept conservative."
16-Sep-2026,2026-09-16,RIM-LF-LS-206-3PK,,0,,0,,0,,0,,0,"Recent demand is volatile, so the forecast is kept conservative."
16-Sep-2026,2026-09-16,RIM-LF-LS-206-5PK,,0,,0,,0,,0,,0,Current stock availability is limiting observed demand.
16-Sep-2026,2026-09-16,RIM-LF-LS-264,,0,,0,,0,,0,,0,Current stock availability is limiting observed demand.
16-Sep-2026,2026-09-16,RIM-LF-LS-264-2PK,,0,,0,,0,,0,,0,Current stock availability is limiting observed demand.
16-Sep-2026,2026-09-16,RIM-LF-LS-264-3PK,,0,,0,,0,,0,,0,"Demand is intermittent, so the forecast remains conservative."
16-Sep-2026,2026-09-16,RIM-LF-LS-264-5PK,,0,,0,,0,,0,,0,"Demand is intermittent, so the forecast remains conservative."
16-Sep-2026,2026-09-16,RIM-LF-LS-500,,0,,0,,0,,0,,0,Current stock availability is limiting observed demand.
16-Sep-2026,2026-09-16,RIM-LF-LS-710,,0,,0,,0,,0,,0,Current stock availability is limiting observed demand.
16-Sep-2026,2026-09-16,RIM-LF-LS-800,,0,,0,,0,,0,,0,Current stock availability is limiting observed demand.
16-Sep-2026,2026-09-16,RIM-LF-LS-KATE-001,,0,,0,,0,,0,,0,"Demand is intermittent, so the forecast remains conservative."
16-Sep-2026,2026-09-16,RIM-LF-LS-KATE-005,,0,,0,,0,,0,,0,"Demand is intermittent, so the forecast remains conservative."
16-Sep-2026,2026-09-16,RIM-LF-LS-KATE-008,,0,,0,,0,,0,,0,"Demand is intermittent, so the forecast remains conservative."
16-Sep-2026,2026-09-16,RIM-LF-LS-KATE-008-2PK,,0,,0,,0,,0,,0,"Demand is intermittent, so the forecast remains conservative."
16-Sep-2026,2026-09-16,RIM-LF-LS-KATE-008-3PK,,0,,0,,0,,0,,0,"Demand is intermittent, so the forecast remains conservative."
16-Sep-2026,2026-09-16,RIM-LF-MATTE-170,,0,,0,,0,,0,,0,"Demand is intermittent, so the forecast remains conservative."
16-Sep-2026,2026-09-16,RIM-LF-MATTE-180,,0,,0,,0,,0,,0,"Demand is intermittent, so the forecast remains conservative."
16-Sep-2026,2026-09-16,RIM-LF-MATTE-220,,0,,0,,0,,0,,0,Current stock availability is limiting observed demand.
16-Sep-2026,2026-09-16,RIM-LF-MATTE-230,,0,,0,,0,,0,,0,Current stock availability is limiting observed demand.
16-Sep-2026,2026-09-16,RIM-LF-MATTE-530,,0,,0,,0,,0,,0,Current stock availability is limiting observed demand.
16-Sep-2026,2026-09-16,RIM-LF-MATTE-715,,0,,0,,0,,0,,0,"Recent demand is volatile, so the forecast is kept conservative."
16-Sep-2026,2026-09-16,RIM-LF-MATTE-730,,0,,0,,0,,0,,0,Current stock availability is limiting observed demand.
16-Sep-2026,2026-09-16,RIM-LF-SG-LS-900,,0,,0,,0,,0,,0,"Recent demand is volatile, so the forecast is kept conservative."
16-Sep-2026,2026-09-16,RIM-LF-SG-LS-901,,0,,0,,0,,0,,0,"Recent demand is volatile, so the forecast is kept conservative."
16-Sep-2026,2026-09-16,RIM-LF-SG-LS-902,,0,,0,,0,,0,,0,"Recent demand is volatile, so the forecast is kept conservative."
16-Sep-2026,2026-09-16,RIM-LF-SG-LS-903,,0,,0,,0,,0,,0,"Recent demand is volatile, so the forecast is kept conservative."
16-Sep-2026,2026-09-16,RIM-LF-SG-LS-904,,0,,1,,0,,0,,1,"Recent demand is volatile, so the forecast is kept conservative."
16-Sep-2026,2026-09-16,RIM-LF-SG-LS-905,,0,,0,,0,,0,,0,"Recent demand is volatile, so the forecast is kept conservative."
16-Sep-2026,2026-09-16,RIM-LR-CCLR-EYEILLUM-010,,0,,0,,0,,0,,0,Current stock availability is limiting observed demand.
16-Sep-2026,2026-09-16,RIM-LR-CCLR-EYEILLUM-030,,0,,0,,0,,0,,0,Current stock availability is limiting observed demand.
16-Sep-2026,2026-09-16,RIM-MAGNIF-MONO-004,,0,,0,,0,,0,,0,Current stock availability is limiting observed demand.
16-Sep-2026,2026-09-16,RIM-MAGNIF-MONO-006,,0,,0,,0,,0,,0,"Demand is intermittent, so the forecast remains conservative."
16-Sep-2026,2026-09-16,RIM-MAGNIF-MONO-008,,0,,0,,0,,0,,0,Current stock availability is limiting observed demand.
16-Sep-2026,2026-09-16,RIM-MAGNIF-MONO-014,,0,,0,,0,,0,,0,Current stock availability is limiting observed demand.
16-Sep-2026,2026-09-16,RIM-MAGNIF-MONO-014-2PK,,0,,0,,0,,0,,0,Current stock availability is limiting observed demand.
16-Sep-2026,2026-09-16,RIM-MAGNIF-MONO-014-3PK,,0,,0,,0,,0,,0,"Demand is intermittent, so the forecast remains conservative."
16-Sep-2026,2026-09-16,RIM-MAGNIF-PAL-001,,0,,0,,0,,0,,0,"Recent demand is volatile, so the forecast is kept conservative."
16-Sep-2026,2026-09-16,RIM-MAGNIF-PAL-004,,0,,0,,0,,0,,0,"Demand is intermittent, so the forecast remains conservative."
16-Sep-2026,2026-09-16,RIM-MAGNIF-PAL-005,,0,,0,,0,,0,,0,"Recent demand is volatile, so the forecast is kept conservative."
16-Sep-2026,2026-09-16,RIM-MAGNIF-PAL-006,,0,,0,,0,,0,,0,Current stock availability is limiting observed demand.
16-Sep-2026,2026-09-16,RIM-MAGNIF-PAL-008,,0,,0,,0,,0,,0,Current stock availability is limiting observed demand.
16-Sep-2026,2026-09-16,RIM-MAGNIF-PAL-009,,0,,0,,0,,0,,0,Current stock availability is limiting observed demand.
16-Sep-2026,2026-09-16,RIM-MATCH-PWDR,,0,,0,,0,,0,,0,Current stock availability is limiting observed demand.
16-Sep-2026,2026-09-16,RIM-MAXI-BLUSH-001,,0,,0,,0,,0,,0,"Recent demand is volatile, so the forecast is kept conservative."
16-Sep-2026,2026-09-16,RIM-MAXI-BLUSH-001-2PK,,0,,0,,0,,0,,0,"Demand is intermittent, so the forecast remains conservative."
16-Sep-2026,2026-09-16,RIM-MAXI-BLUSH-001-3PK,,0,,0,,0,,0,,0,"Demand is intermittent, so the forecast remains conservative."
16-Sep-2026,2026-09-16,RIM-MAXI-BLUSH-003,,0,,0,,0,,0,,0,"Recent demand is volatile, so the forecast is kept conservative."
16-Sep-2026,2026-09-16,RIM-MAXI-BLUSH-005,,0,,0,,0,,0,,0,"Recent demand is volatile, so the forecast is kept conservative."
16-Sep-2026,2026-09-16,RIM-MAXI-BLUSH-006,,0,,0,,0,,0,,0,"Recent demand is volatile, so the forecast is kept conservative."
16-Sep-2026,2026-09-16,RIM-MBP-001,,0,,0,,0,,0,,0,"Recent demand is volatile, so the forecast is kept conservative."
16-Sep-2026,2026-09-16,RIM-MBP-002,,0,,1,,0,,0,,1,"Recent demand is volatile, so the forecast is kept conservative."
16-Sep-2026,2026-09-16,RIM-MBP-003,,5,,0,,0,,0,,5,Stable historical demand with consistent recent sales.
16-Sep-2026,2026-09-16,RIM-MICRO-BRW-001,,0,,0,,0,,0,,0,"Demand is intermittent, so the forecast remains conservative."
16-Sep-2026,2026-09-16,RIM-MICRO-BRW-002,,0,,0,,0,,0,,0,"Recent demand is volatile, so the forecast is kept conservative."
16-Sep-2026,2026-09-16,RIM-MICRO-BRW-003,,1,,0,,0,,0,,1,"Recent demand is volatile, so the forecast is kept conservative."
16-Sep-2026,2026-09-16,RIM-MICRO-BRW-004,,0,,0,,0,,0,,0,Current stock availability is limiting observed demand.
16-Sep-2026,2026-09-16,RIM-MINI-PWRPAL-001,,0,,0,,0,,0,,0,Current stock availability is limiting observed demand.
16-Sep-2026,2026-09-16,RIM-MINI-PWRPAL-002,,0,,0,,0,,0,,0,"Demand is intermittent, so the forecast remains conservative."
16-Sep-2026,2026-09-16,RIM-MOIST-LPK-100,,0,,0,,0,,0,,0,Current stock availability is limiting observed demand.
16-Sep-2026,2026-09-16,RIM-MOIST-LPK-140,,0,,0,,0,,0,,0,Current stock availability is limiting observed demand.
16-Sep-2026,2026-09-16,RIM-MOIST-LPK-180,,0,,0,,0,,0,,0,Current stock availability is limiting observed demand.
16-Sep-2026,2026-09-16,RIM-MOIST-LPK-180-2PK,,0,,0,,0,,0,,0,"Demand is intermittent, so the forecast remains conservative."
16-Sep-2026,2026-09-16,RIM-MOIST-LPK-180-3PK,,0,,0,,0,,0,,0,"Demand is intermittent, so the forecast remains conservative."
16-Sep-2026,2026-09-16,RIM-MOIST-LPK-180-5PK,,0,,0,,0,,0,,0,"Demand is intermittent, so the forecast remains conservative."
16-Sep-2026,2026-09-16,RIM-MOIST-LPK-200,,0,,0,,0,,0,,0,"Demand is intermittent, so the forecast remains conservative."
16-Sep-2026,2026-09-16,RIM-MOIST-LPK-200-2PK,,0,,0,,0,,0,,0,Current stock availability is limiting observed demand.
16-Sep-2026,2026-09-16,RIM-MOIST-LPK-200-3PK,,0,,0,,0,,0,,0,"Demand is intermittent, so the forecast remains conservative."
16-Sep-2026,2026-09-16,RIM-MOIST-LPK-200-5PK,,0,,0,,0,,0,,0,"Demand is intermittent, so the forecast remains conservative."
16-Sep-2026,2026-09-16,RIM-MOIST-LPK-210,,0,,0,,0,,0,,0,Current stock availability is limiting observed demand.
16-Sep-2026,2026-09-16,RIM-MOIST-LPK-260,,0,,0,,0,,0,,0,"Demand is intermittent, so the forecast remains conservative."
16-Sep-2026,2026-09-16,RIM-MOIST-LPK-360,,0,,0,,0,,0,,0,Current stock availability is limiting observed demand.
16-Sep-2026,2026-09-16,RIM-MOIST-LPK-510,,0,,0,,0,,0,,0,"Recent demand is volatile, so the forecast is kept conservative."
16-Sep-2026,2026-09-16,RIM-MSC-ACCEL-BLK,,1,,1,,0,,0,,2,"Recent demand is volatile, so the forecast is kept conservative."
16-Sep-2026,2026-09-16,RIM-MSC-ACCEL-BLK-2PK,,0,,0,,0,,0,,0,"Demand is intermittent, so the forecast remains conservative."
16-Sep-2026,2026-09-16,RIM-MSC-ACCEL-BLK-3PK,,0,,0,,0,,0,,0,"Recent demand is volatile, so the forecast is kept conservative."
16-Sep-2026,2026-09-16,RIM-MSC-ACCEL-BLK-5PK,,0,,0,,0,,0,,0,"Recent demand is volatile, so the forecast is kept conservative."
16-Sep-2026,2026-09-16,RIM-MSC-CURL-003,,0,,0,,0,,0,,0,Current stock availability is limiting observed demand.
16-Sep-2026,2026-09-16,RIM-MSC-E3DL-003,,0,,6,,0,,0,,6,"Recent demand is volatile, so the forecast is kept conservative."
16-Sep-2026,2026-09-16,RIM-MSC-E3DL-003-2PK,,0,,0,,0,,0,,0,"Demand is intermittent, so the forecast remains conservative."
16-Sep-2026,2026-09-16,RIM-MSC-E3DL-003-3PK,,0,,0,,0,,0,,0,"Recent demand is volatile, so the forecast is kept conservative."
16-Sep-2026,2026-09-16,RIM-MSC-E3DL-003-5PK,,0,,0,,0,,0,,0,"Recent demand is volatile, so the forecast is kept conservative."
16-Sep-2026,2026-09-16,RIM-MSC-ELL-003,,0,,5,,0,,0,,5,"Recent demand is volatile, so the forecast is kept conservative."
16-Sep-2026,2026-09-16,RIM-MSC-ELL-003-2PK,,0,,0,,0,,0,,0,"Recent demand is volatile, so the forecast is kept conservative."
16-Sep-2026,2026-09-16,RIM-MSC-ELL-003-3PK,,0,,0,,0,,0,,0,"Demand is intermittent, so the forecast remains conservative."
16-Sep-2026,2026-09-16,RIM-MSC-ELL-003-5PK,,0,,0,,0,,0,,0,"Recent demand is volatile, so the forecast is kept conservative."
16-Sep-2026,2026-09-16,RIM-MSC-ESL-101,,0,,6,,0,,0,,6,"Recent demand is volatile, so the forecast is kept conservative."
16-Sep-2026,2026-09-16,RIM-MSC-ESL-101-2PK,,0,,0,,0,,0,,0,"Recent demand is volatile, so the forecast is kept conservative."
16-Sep-2026,2026-09-16,RIM-MSC-ESL-101-3PK,,0,,0,,0,,0,,0,"Recent demand is volatile, so the forecast is kept conservative."
16-Sep-2026,2026-09-16,RIM-MSC-ESL-101-5PK,,0,,0,,0,,0,,0,"Demand is intermittent, so the forecast remains conservative."
16-Sep-2026,2026-09-16,RIM-MSC-ESL-102,,1,,2,,0,,0,,3,"Recent demand is volatile, so the forecast is kept conservative."
16-Sep-2026,2026-09-16,RIM-MSC-ESL-102-2PK,,0,,0,,0,,0,,0,"Demand is intermittent, so the forecast remains conservative."
16-Sep-2026,2026-09-16,RIM-MSC-ESL-102-3PK,,0,,0,,0,,0,,0,"Recent demand is volatile, so the forecast is kept conservative."
16-Sep-2026,2026-09-16,RIM-MSC-ESL-102-5PK,,0,,0,,0,,0,,0,"Recent demand is volatile, so the forecast is kept conservative."
16-Sep-2026,2026-09-16,RIM-MSC-SCAND-BLK,,0,,0,,0,,0,,0,Current stock availability is limiting observed demand.
16-Sep-2026,2026-09-16,RIM-MSC-SCAND-LYCRA,,0,,0,,0,,0,,0,"Recent demand is volatile, so the forecast is kept conservative."
16-Sep-2026,2026-09-16,RIM-MSC-SCAND-RL-001,,2,,1,,0,,0,,3,"Recent demand is declining, so the forecast is lower."
16-Sep-2026,2026-09-16,RIM-MSC-SCAND-RL-001-2PK,,0,,0,,0,,0,,0,"Recent demand is volatile, so the forecast is kept conservative."
16-Sep-2026,2026-09-16,RIM-MSC-SCAND-RL-001-3PK,,0,,0,,0,,0,,0,"Recent demand is volatile, so the forecast is kept conservative."
16-Sep-2026,2026-09-16,RIM-MSC-SCAND-RL-001-5PK,,0,,0,,0,,0,,0,"Demand is intermittent, so the forecast remains conservative."
16-Sep-2026,2026-09-16,RIM-MSC-SCAND-RL-002,,0,,0,,0,,0,,0,"Recent demand is volatile, so the forecast is kept conservative."
16-Sep-2026,2026-09-16,RIM-MSC-SCAND-RL-003,,0,,0,,0,,0,,0,"Recent demand is volatile, so the forecast is kept conservative."
16-Sep-2026,2026-09-16,RIM-MSC-SCAND-RL-003-2PK,,0,,0,,0,,0,,0,"Demand is intermittent, so the forecast remains conservative."
16-Sep-2026,2026-09-16,RIM-MSC-SCAND-RL-003-3PK,,0,,0,,0,,0,,0,"Demand is intermittent, so the forecast remains conservative."
16-Sep-2026,2026-09-16,RIM-MSC-SCAND-RL-003-5PK,,0,,0,,0,,0,,0,"Recent demand is volatile, so the forecast is kept conservative."
16-Sep-2026,2026-09-16,RIM-MSC-SCAND-VOD-001,,4,,0,,0,,0,,4,"Recent demand is volatile, so the forecast is kept conservative."
16-Sep-2026,2026-09-16,RIM-MSC-SCAND-VOD-002,,0,,0,,0,,0,,0,"Recent demand is volatile, so the forecast is kept conservative."
16-Sep-2026,2026-09-16,RIM-MSC-SCAND-VOD-002-2PK,,0,,0,,0,,0,,0,"Demand is intermittent, so the forecast remains conservative."
16-Sep-2026,2026-09-16,RIM-MSC-SCAND-VOD-002-5PK,,0,,0,,0,,0,,0,"Demand is intermittent, so the forecast remains conservative."
16-Sep-2026,2026-09-16,RIM-MSC-SCAND-VOD-WP,,0,,0,,0,,0,,0,"Recent demand is volatile, so the forecast is kept conservative."
16-Sep-2026,2026-09-16,RIM-MSC-SCAND-WOW-001,,2,,0,,0,,0,,2,"Recent demand is volatile, so the forecast is kept conservative."
16-Sep-2026,2026-09-16,RIM-MSC-SCAND-WOW-003,,0,,0,,0,,0,,0,Current stock availability is limiting observed demand.
16-Sep-2026,2026-09-16,RIM-MSC-SCAND-WOW-WP,,0,,0,,0,,0,,0,"Recent demand is volatile, so the forecast is kept conservative."
16-Sep-2026,2026-09-16,RIM-MSC-THRILLSEEKER-BLKBRWN,,0,,0,,0,,0,,0,"Recent demand is volatile, so the forecast is kept conservative."
16-Sep-2026,2026-09-16,RIM-MSC-THRILLSEEKER-EXTBLACK,,0,,0,,0,,0,,0,"Recent demand is volatile, so the forecast is kept conservative."
16-Sep-2026,2026-09-16,RIM-MSC-VF-X10-001,,0,,0,,0,,0,,0,Current stock availability is limiting observed demand.
16-Sep-2026,2026-09-16,RIM-MSC-VOLCOL-001,,0,,0,,0,,0,,0,Current stock availability is limiting observed demand.
16-Sep-2026,2026-09-16,RIM-MSC-WDF-001,,0,,0,,0,,0,,0,"Demand is intermittent, so the forecast remains conservative."
16-Sep-2026,2026-09-16,RIM-MSC-WDF-003,,0,,0,,0,,0,,0,"Recent demand is volatile, so the forecast is kept conservative."
16-Sep-2026,2026-09-16,RIM-MSC-WDF-WP,,0,,0,,0,,0,,0,"Recent demand is volatile, so the forecast is kept conservative."
16-Sep-2026,2026-09-16,RIM-MSC-WLUX-001,,0,,0,,0,,0,,0,"Recent demand is volatile, so the forecast is kept conservative."
16-Sep-2026,2026-09-16,RIM-MSC-WLUX-002,,0,,0,,0,,0,,0,"Recent demand is volatile, so the forecast is kept conservative."
16-Sep-2026,2026-09-16,RIM-MSC-WLUX-003,,0,,1,,0,,0,,1,"Recent demand is volatile, so the forecast is kept conservative."
16-Sep-2026,2026-09-16,RIM-MSC-WLUX-003-2PK,,0,,0,,0,,0,,0,"Demand is intermittent, so the forecast remains conservative."
16-Sep-2026,2026-09-16,RIM-MSC-WNDR-EXT-001,,0,,0,,0,,0,,0,"Recent demand is volatile, so the forecast is kept conservative."
16-Sep-2026,2026-09-16,RIM-MSC-WNDRBOND-LASH-FILLER-BLK,,0,,0,,0,,0,,0,"Demand is intermittent, so the forecast remains conservative."
16-Sep-2026,2026-09-16,RIM-MULTI-TASK-CLR-010,,0,,0,,0,,0,,0,"Recent demand is volatile, so the forecast is kept conservative."
16-Sep-2026,2026-09-16,RIM-MULTI-TASK-CLR-020,,0,,0,,0,,0,,0,"Recent demand is volatile, so the forecast is kept conservative."
16-Sep-2026,2026-09-16,RIM-MULTI-TASK-CLR-030,,0,,0,,0,,0,,0,"Demand is intermittent, so the forecast remains conservative."
16-Sep-2026,2026-09-16,RIM-MULTI-TASK-CLR-040,,0,,0,,0,,0,,0,"Demand is intermittent, so the forecast remains conservative."
16-Sep-2026,2026-09-16,RIM-MULTI-TASK-CLR-050,,0,,0,,0,,0,,0,"Demand is intermittent, so the forecast remains conservative."
16-Sep-2026,2026-09-16,RIM-MULTI-TASK-CLR-060,,0,,0,,0,,0,,0,Current stock availability is limiting observed demand.
16-Sep-2026,2026-09-16,RIM-MULTI-TASK-CLR-070,,0,,0,,0,,0,,0,"Demand is intermittent, so the forecast remains conservative."
16-Sep-2026,2026-09-16,RIM-MULTI-TASK-CLR-090,,0,,0,,0,,0,,0,Current stock availability is limiting observed demand.
16-Sep-2026,2026-09-16,RIM-MULTI-TASKER-BTF-30ML-002,,0,,0,,0,,0,,0,"Demand is intermittent, so the forecast remains conservative."
16-Sep-2026,2026-09-16,RIM-MULTI-TASKER-BTF-30ML-003,,0,,0,,0,,0,,0,"Demand is intermittent, so the forecast remains conservative."
16-Sep-2026,2026-09-16,RIM-MULTI-TASKER-BTF-30ML-004,,0,,0,,0,,0,,0,"Demand is intermittent, so the forecast remains conservative."
16-Sep-2026,2026-09-16,RIM-NAIL-60S-101,,0,,0,,0,,0,,0,"Recent demand is volatile, so the forecast is kept conservative."
16-Sep-2026,2026-09-16,RIM-NAIL-60S-130,,0,,0,,0,,0,,0,"Recent demand is volatile, so the forecast is kept conservative."
16-Sep-2026,2026-09-16,RIM-NAIL-60S-150,,0,,0,,0,,0,,0,"Demand is intermittent, so the forecast remains conservative."
16-Sep-2026,2026-09-16,RIM-NAIL-60S-151,,0,,0,,0,,0,,0,"Recent demand is volatile, so the forecast is kept conservative."
16-Sep-2026,2026-09-16,RIM-NAIL-60S-152,,0,,0,,0,,0,,0,"Recent demand is volatile, so the forecast is kept conservative."
16-Sep-2026,2026-09-16,RIM-NAIL-60S-153,,0,,0,,0,,0,,0,"Demand is intermittent, so the forecast remains conservative."
16-Sep-2026,2026-09-16,RIM-NAIL-60S-154,,0,,0,,0,,0,,0,"Recent demand is volatile, so the forecast is kept conservative."
16-Sep-2026,2026-09-16,RIM-NAIL-60S-155,,0,,0,,0,,0,,0,"Demand is intermittent, so the forecast remains conservative."
16-Sep-2026,2026-09-16,RIM-NAIL-60S-203,,0,,0,,0,,0,,0,"Recent demand is volatile, so the forecast is kept conservative."
16-Sep-2026,2026-09-16,RIM-NAIL-60S-210,,0,,0,,0,,0,,0,"Recent demand is volatile, so the forecast is kept conservative."
16-Sep-2026,2026-09-16,RIM-NAIL-60S-230,,0,,0,,0,,0,,0,"Recent demand is volatile, so the forecast is kept conservative."
16-Sep-2026,2026-09-16,RIM-NAIL-60S-235,,0,,0,,0,,0,,0,"Recent demand is volatile, so the forecast is kept conservative."
16-Sep-2026,2026-09-16,RIM-NAIL-60S-262,,0,,0,,0,,0,,0,"Recent demand is volatile, so the forecast is kept conservative."
16-Sep-2026,2026-09-16,RIM-NAIL-60S-270,,0,,0,,0,,0,,0,"Recent demand is volatile, so the forecast is kept conservative."
16-Sep-2026,2026-09-16,RIM-NAIL-60S-271,,0,,0,,0,,0,,0,"Recent demand is volatile, so the forecast is kept conservative."
16-Sep-2026,2026-09-16,RIM-NAIL-60S-300,,0,,0,,0,,0,,0,"Recent demand is volatile, so the forecast is kept conservative."
16-Sep-2026,2026-09-16,RIM-NAIL-60S-310,,0,,0,,0,,0,,0,"Recent demand is volatile, so the forecast is kept conservative."
16-Sep-2026,2026-09-16,RIM-NAIL-60S-312,,0,,0,,0,,0,,0,"Recent demand is volatile, so the forecast is kept conservative."
16-Sep-2026,2026-09-16,RIM-NAIL-60S-313,,0,,0,,0,,0,,0,"Recent demand is volatile, so the forecast is kept conservative."
16-Sep-2026,2026-09-16,RIM-NAIL-60S-314,,0,,0,,0,,0,,0,"Recent demand is volatile, so the forecast is kept conservative."
16-Sep-2026,2026-09-16,RIM-NAIL-60S-315,,0,,0,,0,,0,,0,"Recent demand is volatile, so the forecast is kept conservative."
16-Sep-2026,2026-09-16,RIM-NAIL-60S-320,,0,,0,,0,,0,,0,"Recent demand is volatile, so the forecast is kept conservative."
16-Sep-2026,2026-09-16,RIM-NAIL-60S-322,,0,,0,,0,,0,,0,"Recent demand is volatile, so the forecast is kept conservative."
16-Sep-2026,2026-09-16,RIM-NAIL-60S-323,,0,,0,,0,,0,,0,"Recent demand is volatile, so the forecast is kept conservative."
16-Sep-2026,2026-09-16,RIM-NAIL-60S-324,,0,,0,,0,,0,,0,"Recent demand is volatile, so the forecast is kept conservative."
16-Sep-2026,2026-09-16,RIM-NAIL-60S-335,,0,,0,,0,,0,,0,"Recent demand is volatile, so the forecast is kept conservative."
16-Sep-2026,2026-09-16,RIM-NAIL-60S-336,,0,,0,,0,,0,,0,"Recent demand is volatile, so the forecast is kept conservative."
16-Sep-2026,2026-09-16,RIM-NAIL-60S-340,,0,,0,,0,,0,,0,"Recent demand is volatile, so the forecast is kept conservative."
16-Sep-2026,2026-09-16,RIM-NAIL-60S-345,,1,,1,,0,,0,,2,"Recent demand is volatile, so the forecast is kept conservative."
16-Sep-2026,2026-09-16,RIM-NAIL-60S-401,,0,,0,,0,,0,,0,Current stock availability is limiting observed demand.
16-Sep-2026,2026-09-16,RIM-NAIL-60S-404,,0,,0,,0,,0,,0,"Recent demand is volatile, so the forecast is kept conservative."
16-Sep-2026,2026-09-16,RIM-NAIL-60S-405,,0,,0,,0,,0,,0,"Recent demand is volatile, so the forecast is kept conservative."
16-Sep-2026,2026-09-16,RIM-NAIL-60S-406,,0,,0,,0,,0,,0,"Demand is intermittent, so the forecast remains conservative."
16-Sep-2026,2026-09-16,RIM-NAIL-60S-410,,0,,0,,0,,0,,0,"Recent demand is volatile, so the forecast is kept conservative."
16-Sep-2026,2026-09-16,RIM-NAIL-60S-411,,0,,0,,0,,0,,0,Current stock availability is limiting observed demand.
16-Sep-2026,2026-09-16,RIM-NAIL-60S-430,,0,,0,,0,,0,,0,Current stock availability is limiting observed demand.
16-Sep-2026,2026-09-16,RIM-NAIL-60S-498,,0,,0,,0,,0,,0,"Recent demand is volatile, so the forecast is kept conservative."
16-Sep-2026,2026-09-16,RIM-NAIL-60S-500,,0,,0,,0,,0,,0,"Recent demand is volatile, so the forecast is kept conservative."
16-Sep-2026,2026-09-16,RIM-NAIL-60S-510,,0,,0,,0,,0,,0,"Recent demand is volatile, so the forecast is kept conservative."
16-Sep-2026,2026-09-16,RIM-NAIL-60S-558,,0,,0,,0,,0,,0,"Recent demand is volatile, so the forecast is kept conservative."
16-Sep-2026,2026-09-16,RIM-NAIL-60S-560,,0,,0,,0,,0,,0,"Recent demand is volatile, so the forecast is kept conservative."
16-Sep-2026,2026-09-16,RIM-NAIL-60S-561,,0,,0,,0,,0,,0,"Recent demand is volatile, so the forecast is kept conservative."
16-Sep-2026,2026-09-16,RIM-NAIL-60S-703,,0,,0,,0,,0,,0,"Recent demand is volatile, so the forecast is kept conservative."
16-Sep-2026,2026-09-16,RIM-NAIL-60S-705,,0,,0,,0,,0,,0,"Recent demand is volatile, so the forecast is kept conservative."
16-Sep-2026,2026-09-16,RIM-NAIL-60S-707,,0,,0,,0,,0,,0,"Recent demand is volatile, so the forecast is kept conservative."
16-Sep-2026,2026-09-16,RIM-NAIL-60S-708,,0,,0,,0,,0,,0,Current stock availability is limiting observed demand.
16-Sep-2026,2026-09-16,RIM-NAIL-60S-709,,0,,0,,0,,0,,0,"Recent demand is volatile, so the forecast is kept conservative."
16-Sep-2026,2026-09-16,RIM-NAIL-60S-710,,0,,0,,0,,0,,0,"Recent demand is volatile, so the forecast is kept conservative."
16-Sep-2026,2026-09-16,RIM-NAIL-60S-711,,0,,0,,0,,0,,0,"Recent demand is volatile, so the forecast is kept conservative."
16-Sep-2026,2026-09-16,RIM-NAIL-60S-712,,0,,0,,0,,0,,0,Current stock availability is limiting observed demand.
16-Sep-2026,2026-09-16,RIM-NAIL-60S-713,,0,,0,,0,,0,,0,"Recent demand is volatile, so the forecast is kept conservative."
16-Sep-2026,2026-09-16,RIM-NAIL-60S-714,,0,,0,,0,,0,,0,"Recent demand is volatile, so the forecast is kept conservative."
16-Sep-2026,2026-09-16,RIM-NAIL-60S-715,,0,,0,,0,,0,,0,Current stock availability is limiting observed demand.
16-Sep-2026,2026-09-16,RIM-NAIL-60S-718,,0,,0,,0,,0,,0,"Recent demand is volatile, so the forecast is kept conservative."
16-Sep-2026,2026-09-16,RIM-NAIL-60S-719,,0,,0,,0,,0,,0,"Recent demand is volatile, so the forecast is kept conservative."
16-Sep-2026,2026-09-16,RIM-NAIL-60S-720,,0,,0,,0,,0,,0,"Recent demand is volatile, so the forecast is kept conservative."
16-Sep-2026,2026-09-16,RIM-NAIL-60S-721,,0,,0,,0,,0,,0,"Recent demand is volatile, so the forecast is kept conservative."
16-Sep-2026,2026-09-16,RIM-NAIL-60S-722,,0,,0,,0,,0,,0,"Recent demand is volatile, so the forecast is kept conservative."
16-Sep-2026,2026-09-16,RIM-NAIL-60S-730,,0,,0,,0,,0,,0,Current stock availability is limiting observed demand.
16-Sep-2026,2026-09-16,RIM-NAIL-60S-740,,0,,0,,0,,0,,0,"Recent demand is volatile, so the forecast is kept conservative."
16-Sep-2026,2026-09-16,RIM-NAIL-60S-807,,0,,0,,0,,0,,0,"Recent demand is volatile, so the forecast is kept conservative."
16-Sep-2026,2026-09-16,RIM-NAIL-60S-809,,0,,0,,0,,0,,0,"Recent demand is volatile, so the forecast is kept conservative."
16-Sep-2026,2026-09-16,RIM-NAIL-60S-810,,0,,0,,0,,0,,0,"Recent demand is volatile, so the forecast is kept conservative."
16-Sep-2026,2026-09-16,RIM-NAIL-60S-811,,0,,0,,0,,0,,0,"Recent demand is volatile, so the forecast is kept conservative."
16-Sep-2026,2026-09-16,RIM-NAIL-60S-812,,0,,0,,0,,0,,0,Current stock availability is limiting observed demand.
16-Sep-2026,2026-09-16,RIM-NAIL-60S-820,,0,,0,,0,,0,,0,"Demand is intermittent, so the forecast remains conservative."
16-Sep-2026,2026-09-16,RIM-NAIL-60S-828,,0,,0,,0,,0,,0,"Recent demand is volatile, so the forecast is kept conservative."
16-Sep-2026,2026-09-16,RIM-NAIL-60S-831,,0,,0,,0,,0,,0,"Demand is intermittent, so the forecast remains conservative."
16-Sep-2026,2026-09-16,RIM-NAIL-60S-833,,0,,0,,0,,0,,0,"Recent demand is volatile, so the forecast is kept conservative."
16-Sep-2026,2026-09-16,RIM-NAIL-60S-834,,0,,0,,0,,0,,0,"Recent demand is volatile, so the forecast is kept conservative."
16-Sep-2026,2026-09-16,RIM-NAIL-60S-853,,0,,0,,0,,0,,0,"Recent demand is volatile, so the forecast is kept conservative."
16-Sep-2026,2026-09-16,RIM-NAIL-60S-878,,0,,0,,0,,0,,0,Current stock availability is limiting observed demand.
16-Sep-2026,2026-09-16,RIM-NAIL-60S-900,,0,,1,,0,,0,,1,"Recent demand is volatile, so the forecast is kept conservative."
16-Sep-2026,2026-09-16,RIM-NAIL-60S-901,,0,,0,,0,,0,,0,Current stock availability is limiting observed demand.
16-Sep-2026,2026-09-16,RIM-NAIL-60S-902,,2,,1,,0,,0,,3,"Recent demand is volatile, so the forecast is kept conservative."
16-Sep-2026,2026-09-16,RIM-NAIL-60S-905,,0,,0,,0,,0,,0,"Recent demand is volatile, so the forecast is kept conservative."
16-Sep-2026,2026-09-16,RIM-NAIL-60S-BUNDLE-10PCS-V1,,0,,0,,0,,0,,0,"Recent demand is volatile, so the forecast is kept conservative."
16-Sep-2026,2026-09-16,RIM-NAIL-60S-BUNDLE-10PCS-V2,,0,,0,,0,,0,,0,"Demand is intermittent, so the forecast remains conservative."
16-Sep-2026,2026-09-16,RIM-NAIL-60S-BUNDLE-10PCS-V3,,0,,0,,0,,0,,0,"Recent demand is volatile, so the forecast is kept conservative."
16-Sep-2026,2026-09-16,RIM-NAIL-60S-BUNDLE-15PCS-V1,,0,,0,,0,,0,,0,Current stock availability is limiting observed demand.
16-Sep-2026,2026-09-16,RIM-NAIL-60S-BUNDLE-5PCS-V1,,0,,0,,0,,0,,0,"Demand is intermittent, so the forecast remains conservative."
16-Sep-2026,2026-09-16,RIM-NAIL-60S-BUNDLE-5PCS-V2,,0,,0,,0,,0,,0,"Demand is intermittent, so the forecast remains conservative."
16-Sep-2026,2026-09-16,RIM-NAIL-60S-BUNDLE-5PCS-V3,,0,,0,,0,,0,,0,"Recent demand is volatile, so the forecast is kept conservative."
16-Sep-2026,2026-09-16,RIM-NAIL-60S-BUNDLE-5PCS-V4,,0,,0,,0,,0,,0,"Demand is intermittent, so the forecast remains conservative."
16-Sep-2026,2026-09-16,RIM-NAIL-60S-BUNDLE-RED-5,,0,,0,,0,,0,,0,"Recent demand is volatile, so the forecast is kept conservative."
16-Sep-2026,2026-09-16,RIM-NAIL-60S-BUNDLE-SUMMER-5,,0,,0,,0,,0,,0,"Demand is intermittent, so the forecast remains conservative."
16-Sep-2026,2026-09-16,RIM-NAIL-60S-MIX-10PCS,,0,,0,,0,,0,,0,"Recent demand is volatile, so the forecast is kept conservative."
16-Sep-2026,2026-09-16,RIM-NAIL-60S-MIX-15PCS,,0,,0,,0,,0,,0,Current stock availability is limiting observed demand.
16-Sep-2026,2026-09-16,RIM-NAIL-60S-MIX-8PCS,,0,,0,,0,,0,,0,"Demand is intermittent, so the forecast remains conservative."
16-Sep-2026,2026-09-16,RIM-NAIL-FT-TOPCOAT,,0,,0,,0,,0,,0,Current stock availability is limiting observed demand.
16-Sep-2026,2026-09-16,RIM-NAIL-FT-TOPCOAT-2PK,,0,,0,,0,,0,,0,"Demand is intermittent, so the forecast remains conservative."
16-Sep-2026,2026-09-16,RIM-NAIL-GLITTER-BOMB-019,,0,,0,,0,,0,,0,Current stock availability is limiting observed demand.
16-Sep-2026,2026-09-16,RIM-NAIL-NN-5IN1,,0,,0,,0,,0,,0,Current stock availability is limiting observed demand.
16-Sep-2026,2026-09-16,RIM-NAIL-NN-STRONGER,,0,,0,,0,,0,,0,Current stock availability is limiting observed demand.
16-Sep-2026,2026-09-16,RIM-NAIL-SUPERGEL-001,,0,,0,,0,,0,,0,"Demand is intermittent, so the forecast remains conservative."
16-Sep-2026,2026-09-16,RIM-NAIL-SUPERGEL-008,,0,,0,,0,,0,,0,"Recent demand is volatile, so the forecast is kept conservative."
16-Sep-2026,2026-09-16,RIM-NAIL-SUPERGEL-012,,1,,0,,0,,0,,1,"Recent demand is volatile, so the forecast is kept conservative."
16-Sep-2026,2026-09-16,RIM-NAIL-SUPERGEL-014,,0,,0,,0,,0,,0,Current stock availability is limiting observed demand.
16-Sep-2026,2026-09-16,RIM-NAIL-SUPERGEL-020,,0,,0,,0,,0,,0,Current stock availability is limiting observed demand.
16-Sep-2026,2026-09-16,RIM-NAIL-SUPERGEL-021,,0,,0,,0,,0,,0,"Recent demand is volatile, so the forecast is kept conservative."
16-Sep-2026,2026-09-16,RIM-NAIL-SUPERGEL-022,,0,,0,,0,,0,,0,"Recent demand is volatile, so the forecast is kept conservative."
16-Sep-2026,2026-09-16,RIM-NAIL-SUPERGEL-023,,0,,0,,0,,0,,0,Current stock availability is limiting observed demand.
16-Sep-2026,2026-09-16,RIM-NAIL-SUPERGEL-023-2PK,,0,,0,,0,,0,,0,"Demand is intermittent, so the forecast remains conservative."
16-Sep-2026,2026-09-16,RIM-NAIL-SUPERGEL-023-5PK,,0,,0,,0,,0,,0,"Demand is intermittent, so the forecast remains conservative."
16-Sep-2026,2026-09-16,RIM-NAIL-SUPERGEL-024,,0,,0,,0,,0,,0,"Recent demand is volatile, so the forecast is kept conservative."
16-Sep-2026,2026-09-16,RIM-NAIL-SUPERGEL-025,,0,,0,,0,,0,,0,"Recent demand is volatile, so the forecast is kept conservative."
16-Sep-2026,2026-09-16,RIM-NAIL-SUPERGEL-026,,0,,0,,0,,0,,0,"Recent demand is volatile, so the forecast is kept conservative."
16-Sep-2026,2026-09-16,RIM-NAIL-SUPERGEL-027,,0,,0,,0,,0,,0,Current stock availability is limiting observed demand.
16-Sep-2026,2026-09-16,RIM-NAIL-SUPERGEL-030,,0,,0,,0,,0,,0,Current stock availability is limiting observed demand.
16-Sep-2026,2026-09-16,RIM-NAIL-SUPERGEL-031,,0,,0,,0,,0,,0,Current stock availability is limiting observed demand.
16-Sep-2026,2026-09-16,RIM-NAIL-SUPERGEL-032,,0,,0,,0,,0,,0,"Recent demand is volatile, so the forecast is kept conservative."
16-Sep-2026,2026-09-16,RIM-NAIL-SUPERGEL-033,,0,,0,,0,,0,,0,"Recent demand is volatile, so the forecast is kept conservative."
16-Sep-2026,2026-09-16,RIM-NAIL-SUPERGEL-035,,0,,0,,0,,0,,0,"Recent demand is volatile, so the forecast is kept conservative."
16-Sep-2026,2026-09-16,RIM-NAIL-SUPERGEL-042,,0,,0,,0,,0,,0,"Recent demand is volatile, so the forecast is kept conservative."
16-Sep-2026,2026-09-16,RIM-NAIL-SUPERGEL-043,,0,,0,,0,,0,,0,"Recent demand is volatile, so the forecast is kept conservative."
16-Sep-2026,2026-09-16,RIM-NAIL-SUPERGEL-044,,0,,0,,0,,0,,0,Current stock availability is limiting observed demand.
16-Sep-2026,2026-09-16,RIM-NAIL-SUPERGEL-045,,0,,0,,0,,0,,0,"Recent demand is volatile, so the forecast is kept conservative."
16-Sep-2026,2026-09-16,RIM-NAIL-SUPERGEL-052,,0,,0,,0,,0,,0,Current stock availability is limiting observed demand.
16-Sep-2026,2026-09-16,RIM-NAIL-SUPERGEL-054,,0,,0,,0,,0,,0,"Recent demand is volatile, so the forecast is kept conservative."
16-Sep-2026,2026-09-16,RIM-NAIL-SUPERGEL-056,,0,,0,,0,,0,,0,"Recent demand is volatile, so the forecast is kept conservative."
16-Sep-2026,2026-09-16,RIM-NAIL-SUPERGEL-058,,0,,0,,0,,0,,0,"Demand is intermittent, so the forecast remains conservative."
16-Sep-2026,2026-09-16,RIM-NAIL-SUPERGEL-069,,0,,0,,0,,0,,0,Current stock availability is limiting observed demand.
16-Sep-2026,2026-09-16,RIM-NAIL-SUPERGEL-070,,0,,0,,0,,0,,0,Current stock availability is limiting observed demand.
16-Sep-2026,2026-09-16,RIM-NAIL-SUPERGEL-071,,0,,0,,0,,0,,0,"Recent demand is volatile, so the forecast is kept conservative."
16-Sep-2026,2026-09-16,RIM-NAIL-SUPERGEL-083,,0,,0,,0,,0,,0,"Recent demand is volatile, so the forecast is kept conservative."
16-Sep-2026,2026-09-16,RIM-NAIL-SUPERGEL-090,,0,,0,,0,,0,,0,Current stock availability is limiting observed demand.
16-Sep-2026,2026-09-16,RIM-NAIL-SUPERGEL-091,,0,,0,,0,,0,,0,"Recent demand is volatile, so the forecast is kept conservative."
16-Sep-2026,2026-09-16,RIM-NAIL-SUPERGEL-091A,,1,,0,,0,,0,,1,"Recent demand is volatile, so the forecast is kept conservative."
16-Sep-2026,2026-09-16,RIM-NAIL-SUPERGEL-094,,0,,0,,0,,0,,0,"Recent demand is volatile, so the forecast is kept conservative."
16-Sep-2026,2026-09-16,RIM-NAIL-SUPERGEL-095,,0,,0,,0,,0,,0,"Recent demand is volatile, so the forecast is kept conservative."
16-Sep-2026,2026-09-16,RIM-NAIL-SUPERGEL-096,,0,,0,,0,,0,,0,"Demand is intermittent, so the forecast remains conservative."
16-Sep-2026,2026-09-16,RIM-NAIL-SUPERGEL-097,,0,,0,,0,,0,,0,"Recent demand is volatile, so the forecast is kept conservative."
16-Sep-2026,2026-09-16,RIM-NAIL-SUPERGEL-098,,0,,0,,0,,0,,0,Current stock availability is limiting observed demand.
16-Sep-2026,2026-09-16,RIM-NAIL-SUPERGEL-099,,0,,0,,0,,0,,0,"Recent demand is volatile, so the forecast is kept conservative."
16-Sep-2026,2026-09-16,RIM-NATURALBRONZER-001,,0,,0,,0,,0,,0,Current stock availability is limiting observed demand.
16-Sep-2026,2026-09-16,RIM-NATURALBRONZER-002,,0,,0,,0,,0,,0,"Recent demand is volatile, so the forecast is kept conservative."
16-Sep-2026,2026-09-16,RIM-NATURALBRONZER-002-3PK,,0,,0,,0,,0,,0,"Demand is intermittent, so the forecast remains conservative."
16-Sep-2026,2026-09-16,RIM-OMG-LIP-130,,0,,1,,0,,0,,1,"Recent demand is volatile, so the forecast is kept conservative."
16-Sep-2026,2026-09-16,RIM-OMG-LIP-150,,0,,0,,0,,0,,0,"Recent demand is volatile, so the forecast is kept conservative."
16-Sep-2026,2026-09-16,RIM-OMG-LIP-160,,0,,0,,0,,0,,0,"Recent demand is volatile, so the forecast is kept conservative."
16-Sep-2026,2026-09-16,RIM-OMG-LIP-200,,0,,0,,0,,0,,0,Current stock availability is limiting observed demand.
16-Sep-2026,2026-09-16,RIM-OMG-LIP-210,,0,,0,,0,,0,,0,"Demand is intermittent, so the forecast remains conservative."
16-Sep-2026,2026-09-16,RIM-OMG-LIP-260,,0,,0,,0,,0,,0,Current stock availability is limiting observed demand.
16-Sep-2026,2026-09-16,RIM-OMG-LIP-300,,0,,0,,0,,0,,0,Current stock availability is limiting observed demand.
16-Sep-2026,2026-09-16,RIM-OMG-LIP-330,,0,,0,,0,,0,,0,"Recent demand is volatile, so the forecast is kept conservative."
16-Sep-2026,2026-09-16,RIM-OMG-LIP-400,,0,,0,,0,,0,,0,Current stock availability is limiting observed demand.
16-Sep-2026,2026-09-16,RIM-OMG-LIP-500,,0,,0,,0,,0,,0,"Demand is intermittent, so the forecast remains conservative."
16-Sep-2026,2026-09-16,RIM-OMG-LIP-531,,0,,0,,0,,0,,0,Current stock availability is limiting observed demand.
16-Sep-2026,2026-09-16,RIM-OMG-LIP-758,,0,,0,,0,,0,,0,Current stock availability is limiting observed demand.
16-Sep-2026,2026-09-16,RIM-OMG-LIP-759,,0,,0,,0,,0,,0,"Demand is intermittent, so the forecast remains conservative."
16-Sep-2026,2026-09-16,RIM-OMG-LIP-800,,0,,0,,0,,0,,0,"Recent demand is volatile, so the forecast is kept conservative."
16-Sep-2026,2026-09-16,RIM-OMG-LIP-801,,0,,0,,0,,0,,0,Current stock availability is limiting observed demand.
16-Sep-2026,2026-09-16,RIM-OMG-LIP-LOVEBUG,,0,,0,,0,,0,,0,"Recent demand is volatile, so the forecast is kept conservative."
16-Sep-2026,2026-09-16,RIM-OMG-PLUMP-501,,0,,0,,0,,0,,0,Current stock availability is limiting observed demand.
16-Sep-2026,2026-09-16,RIM-OMG-PLUMP-820,,0,,0,,0,,0,,0,Current stock availability is limiting observed demand.
16-Sep-2026,2026-09-16,RIM-OMP-LIP-SHAPER-010,,0,,0,,0,,0,,0,"Demand is intermittent, so the forecast remains conservative."
16-Sep-2026,2026-09-16,RIM-OMP-LIP-SHAPER-030,,0,,0,,0,,0,,0,"Demand is intermittent, so the forecast remains conservative."
16-Sep-2026,2026-09-16,RIM-OMP-LIP-SHAPER-040,,0,,0,,0,,0,,0,"Demand is intermittent, so the forecast remains conservative."
16-Sep-2026,2026-09-16,RIM-OMP-LIP-SHAPER-050,,0,,0,,0,,0,,0,"Demand is intermittent, so the forecast remains conservative."
16-Sep-2026,2026-09-16,RIM-PROVOCALIP-210,,0,,0,,0,,0,,0,Current stock availability is limiting observed demand.
16-Sep-2026,2026-09-16,RIM-PROVOCALIP-570,,0,,0,,0,,0,,0,"Recent demand is volatile, so the forecast is kept conservative."
16-Sep-2026,2026-09-16,RIM-PROVOCALIP-710,,0,,0,,0,,0,,0,Current stock availability is limiting observed demand.
16-Sep-2026,2026-09-16,RIM-PROVOCALIP-730,,0,,0,,0,,0,,0,"Recent demand is volatile, so the forecast is kept conservative."
16-Sep-2026,2026-09-16,RIM-RADBRICK-001,,0,,0,,0,,0,,0,Current stock availability is limiting observed demand.
16-Sep-2026,2026-09-16,RIM-RADBRICK-002,,0,,0,,0,,0,,0,Current stock availability is limiting observed demand.
16-Sep-2026,2026-09-16,RIM-RADBRICK-003,,0,,0,,0,,0,,0,Current stock availability is limiting observed demand.
16-Sep-2026,2026-09-16,RIM-SCD-EL-WP-001,,1,,1,,0,,0,,2,"Recent demand is volatile, so the forecast is kept conservative."
16-Sep-2026,2026-09-16,RIM-SCD-EL-WP-001-2PK,,0,,0,,0,,0,,0,"Demand is intermittent, so the forecast remains conservative."
16-Sep-2026,2026-09-16,RIM-SCD-EL-WP-001-3PK,,0,,0,,0,,0,,0,"Demand is intermittent, so the forecast remains conservative."
16-Sep-2026,2026-09-16,RIM-SCD-EL-WP-001-5PK,,0,,0,,0,,0,,0,"Demand is intermittent, so the forecast remains conservative."
16-Sep-2026,2026-09-16,RIM-SCD-EL-WP-003,,0,,0,,0,,0,,0,"Recent demand is volatile, so the forecast is kept conservative."
16-Sep-2026,2026-09-16,RIM-SCD-EL-WP-005,,0,,0,,0,,0,,0,"Demand is intermittent, so the forecast remains conservative."
16-Sep-2026,2026-09-16,RIM-SCD-EL-WP-006,,0,,0,,0,,0,,0,Current stock availability is limiting observed demand.
16-Sep-2026,2026-09-16,RIM-SCD-EL-WP-008,,0,,0,,0,,0,,0,Current stock availability is limiting observed demand.
16-Sep-2026,2026-09-16,RIM-SCD-EYE-001,,16,,2,,0,,0,,18,"Recent sales are increasing, so the forecast is higher."
16-Sep-2026,2026-09-16,RIM-SCD-EYE-001-2PK,,0,,0,,0,,0,,0,"Demand is intermittent, so the forecast remains conservative."
16-Sep-2026,2026-09-16,RIM-SCD-EYE-001-3PK,,0,,0,,0,,0,,0,"Demand is intermittent, so the forecast remains conservative."
16-Sep-2026,2026-09-16,RIM-SCD-EYE-001-5PK,,0,,0,,0,,0,,0,"Recent demand is volatile, so the forecast is kept conservative."
16-Sep-2026,2026-09-16,RIM-SCD-EYE-002,,0,,0,,0,,0,,0,Current stock availability is limiting observed demand.
16-Sep-2026,2026-09-16,RIM-SCD-EYE-002-2PK,,0,,0,,0,,0,,0,"Demand is intermittent, so the forecast remains conservative."
16-Sep-2026,2026-09-16,RIM-SCD-EYE-002-3PK,,0,,0,,0,,0,,0,"Demand is intermittent, so the forecast remains conservative."
16-Sep-2026,2026-09-16,RIM-SCD-EYE-002-5PK,,0,,0,,0,,0,,0,"Demand is intermittent, so the forecast remains conservative."
16-Sep-2026,2026-09-16,RIM-SCD-EYE-003,,0,,2,,0,,0,,2,"Recent demand is volatile, so the forecast is kept conservative."
16-Sep-2026,2026-09-16,RIM-SCD-EYE-003-2PK,,0,,0,,0,,0,,0,"Demand is intermittent, so the forecast remains conservative."
16-Sep-2026,2026-09-16,RIM-SCD-EYE-003-3PK,,0,,0,,0,,0,,0,"Demand is intermittent, so the forecast remains conservative."
16-Sep-2026,2026-09-16,RIM-SCD-EYE-003-5PK,,0,,0,,0,,0,,0,"Demand is intermittent, so the forecast remains conservative."
16-Sep-2026,2026-09-16,RIM-SCD-EYE-004,,0,,0,,0,,0,,0,"Recent demand is volatile, so the forecast is kept conservative."
16-Sep-2026,2026-09-16,RIM-SCD-EYE-005,,0,,0,,0,,0,,0,"Recent demand is volatile, so the forecast is kept conservative."
16-Sep-2026,2026-09-16,RIM-SCD-EYE-006,,0,,1,,0,,0,,1,"Recent demand is volatile, so the forecast is kept conservative."
16-Sep-2026,2026-09-16,RIM-SCD-EYE-006-2PK,,0,,0,,0,,0,,0,"Recent demand is volatile, so the forecast is kept conservative."
16-Sep-2026,2026-09-16,RIM-SCD-EYE-006-3PK,,0,,0,,0,,0,,0,"Recent demand is volatile, so the forecast is kept conservative."
16-Sep-2026,2026-09-16,RIM-SCD-EYE-006-5PK,,0,,0,,0,,0,,0,"Recent demand is volatile, so the forecast is kept conservative."
16-Sep-2026,2026-09-16,RIM-SCD-MICRO-EL-001,,0,,0,,0,,0,,0,"Demand is intermittent, so the forecast remains conservative."
16-Sep-2026,2026-09-16,RIM-SM-PRIMER-003,,0,,0,,0,,0,,0,"Demand is intermittent, so the forecast remains conservative."
16-Sep-2026,2026-09-16,RIM-SMLIQ-100,,0,,0,,0,,0,,0,"Demand is intermittent, so the forecast remains conservative."
16-Sep-2026,2026-09-16,RIM-SMLIQ-110,,0,,0,,0,,0,,0,Current stock availability is limiting observed demand.
16-Sep-2026,2026-09-16,RIM-SMLIQ-200,,0,,0,,0,,0,,0,Current stock availability is limiting observed demand.
16-Sep-2026,2026-09-16,RIM-SMLIQ-220,,0,,0,,0,,0,,0,Current stock availability is limiting observed demand.
16-Sep-2026,2026-09-16,RIM-SMLIQ-500,,0,,0,,0,,0,,0,Current stock availability is limiting observed demand.
16-Sep-2026,2026-09-16,RIM-SMLIQ-600,,0,,0,,0,,0,,0,Current stock availability is limiting observed demand.
16-Sep-2026,2026-09-16,RIM-SMLIQ-700,,0,,0,,0,,0,,0,"Recent demand is volatile, so the forecast is kept conservative."
16-Sep-2026,2026-09-16,RIM-SMLIQ-706,,0,,0,,0,,0,,0,Current stock availability is limiting observed demand.
16-Sep-2026,2026-09-16,RIM-SMLIQ-707,,0,,0,,0,,0,,0,Current stock availability is limiting observed demand.
16-Sep-2026,2026-09-16,RIM-SMLIQ-708,,0,,0,,0,,0,,0,Current stock availability is limiting observed demand.
16-Sep-2026,2026-09-16,RIM-SMLIQ-709,,0,,0,,0,,0,,0,Current stock availability is limiting observed demand.
16-Sep-2026,2026-09-16,RIM-SMLIQ-720,,0,,0,,0,,0,,0,Current stock availability is limiting observed demand.
16-Sep-2026,2026-09-16,RIM-SMLIQ-723,,0,,0,,0,,0,,0,Current stock availability is limiting observed demand.
16-Sep-2026,2026-09-16,RIM-SMLIQ-725,,0,,0,,0,,0,,0,Current stock availability is limiting observed demand.
16-Sep-2026,2026-09-16,RIM-SMLIQ-820,,0,,0,,0,,0,,0,Current stock availability is limiting observed demand.
16-Sep-2026,2026-09-16,RIM-SMLIQ-830,,0,,0,,0,,0,,0,"Demand is intermittent, so the forecast remains conservative."
16-Sep-2026,2026-09-16,RIM-SMLIQ-870,,0,,0,,0,,0,,0,"Demand is intermittent, so the forecast remains conservative."
16-Sep-2026,2026-09-16,RIM-SMLQFDT-502,,0,,0,,0,,0,,0,Current stock availability is limiting observed demand.
16-Sep-2026,2026-09-16,RIM-SMPP-001,,1,,5,,0,,0,,6,"Recent demand is volatile, so the forecast is kept conservative."
16-Sep-2026,2026-09-16,RIM-SMPP-001-2PK,,0,,0,,0,,0,,0,"Recent demand is volatile, so the forecast is kept conservative."
16-Sep-2026,2026-09-16,RIM-SMPP-001-3PK,,0,,0,,0,,0,,0,"Recent demand is volatile, so the forecast is kept conservative."
16-Sep-2026,2026-09-16,RIM-SMPP-001-5PK,,0,,0,,0,,0,,0,"Recent demand is volatile, so the forecast is kept conservative."
16-Sep-2026,2026-09-16,RIM-SMPP-002,,0,,1,,0,,0,,1,"Recent demand is volatile, so the forecast is kept conservative."
16-Sep-2026,2026-09-16,RIM-SMPP-002-2PK,,0,,0,,0,,0,,0,"Recent demand is volatile, so the forecast is kept conservative."
16-Sep-2026,2026-09-16,RIM-SMPP-002-3PK,,0,,0,,0,,0,,0,"Recent demand is volatile, so the forecast is kept conservative."
16-Sep-2026,2026-09-16,RIM-SMPP-002-5PK,,0,,0,,0,,0,,0,"Demand is intermittent, so the forecast remains conservative."
16-Sep-2026,2026-09-16,RIM-SMPP-003,,0,,4,,0,,0,,4,"Recent demand is volatile, so the forecast is kept conservative."
16-Sep-2026,2026-09-16,RIM-SMPP-003-2PK,,0,,0,,0,,0,,0,"Recent demand is volatile, so the forecast is kept conservative."
16-Sep-2026,2026-09-16,RIM-SMPP-003-3PK,,0,,0,,0,,0,,0,"Recent demand is volatile, so the forecast is kept conservative."
16-Sep-2026,2026-09-16,RIM-SMPP-003-5PK,,0,,0,,0,,0,,0,"Recent demand is volatile, so the forecast is kept conservative."
16-Sep-2026,2026-09-16,RIM-SMPP-004,,0,,2,,0,,0,,2,"Recent demand is volatile, so the forecast is kept conservative."
16-Sep-2026,2026-09-16,RIM-SMPP-004-2PK,,0,,0,,0,,0,,0,"Recent demand is volatile, so the forecast is kept conservative."
16-Sep-2026,2026-09-16,RIM-SMPP-004-3PK,,0,,0,,0,,0,,0,"Recent demand is volatile, so the forecast is kept conservative."
16-Sep-2026,2026-09-16,RIM-SMPP-004-5PK,,0,,0,,0,,0,,0,"Demand is intermittent, so the forecast remains conservative."
16-Sep-2026,2026-09-16,RIM-SMPP-005,,7,,5,,0,,0,,12,"Recent sales are increasing, so the forecast is higher."
16-Sep-2026,2026-09-16,RIM-SMPP-005-2PK,,0,,0,,0,,0,,0,"Recent demand is volatile, so the forecast is kept conservative."
16-Sep-2026,2026-09-16,RIM-SMPP-005-3PK,,0,,0,,0,,0,,0,"Recent demand is volatile, so the forecast is kept conservative."
16-Sep-2026,2026-09-16,RIM-SMPP-005-5PK,,0,,0,,0,,0,,0,"Recent demand is volatile, so the forecast is kept conservative."
16-Sep-2026,2026-09-16,RIM-SMPP-006,,0,,2,,0,,0,,2,"Recent demand is volatile, so the forecast is kept conservative."
16-Sep-2026,2026-09-16,RIM-SMPP-006-2PK,,0,,0,,0,,0,,0,"Demand is intermittent, so the forecast remains conservative."
16-Sep-2026,2026-09-16,RIM-SMPP-006-3PK,,0,,0,,0,,0,,0,"Recent demand is volatile, so the forecast is kept conservative."
16-Sep-2026,2026-09-16,RIM-SMPP-006-5PK,,0,,0,,0,,0,,0,"Recent demand is volatile, so the forecast is kept conservative."
16-Sep-2026,2026-09-16,RIM-SMPP-007,,0,,0,,0,,0,,0,Current stock availability is limiting observed demand.
16-Sep-2026,2026-09-16,RIM-SMPP-008,,0,,0,,0,,0,,0,"Recent demand is volatile, so the forecast is kept conservative."
16-Sep-2026,2026-09-16,RIM-SMPP-009,,0,,0,,0,,0,,0,"Recent demand is volatile, so the forecast is kept conservative."
16-Sep-2026,2026-09-16,RIM-SMPP-010,,0,,0,,0,,0,,0,Current stock availability is limiting observed demand.
16-Sep-2026,2026-09-16,RIM-STAY-MATTE-LIQLIP-COLOR-709,,0,,0,,0,,0,,0,Current stock availability is limiting observed demand.
16-Sep-2026,2026-09-16,RIM-STAY-SATIN-LIP-200,,0,,0,,0,,0,,0,Current stock availability is limiting observed demand.
16-Sep-2026,2026-09-16,RIM-STAY-SATIN-LIP-210,,0,,0,,0,,0,,0,"Recent demand is volatile, so the forecast is kept conservative."
16-Sep-2026,2026-09-16,RIM-STAY-SATIN-LIP-500,,0,,0,,0,,0,,0,"Recent demand is volatile, so the forecast is kept conservative."
16-Sep-2026,2026-09-16,RIM-SUPERGEL-GLITTER,,0,,0,,0,,0,,0,"Recent demand is volatile, so the forecast is kept conservative."
16-Sep-2026,2026-09-16,RIM-SUPERGEL-TOPCOAT,,2,,0,,0,,0,,2,"Recent demand is declining, so the forecast is lower."
16-Sep-2026,2026-09-16,RIM-SUPERGEL-TOPCOAT-2PK,,0,,0,,0,,0,,0,"Recent demand is volatile, so the forecast is kept conservative."
16-Sep-2026,2026-09-16,RIM-ULTIMATE-PRM-001,,0,,0,,0,,0,,0,Current stock availability is limiting observed demand.
16-Sep-2026,2026-09-16,RIM-ULTIMATE-PRM-001-2PK,,0,,0,,0,,0,,0,Current stock availability is limiting observed demand.
16-Sep-2026,2026-09-16,RIM-ULTIMATE-PRM-001-3PK,,0,,0,,0,,0,,0,"Demand is intermittent, so the forecast remains conservative."
16-Sep-2026,2026-09-16,RIM-ULTIMATE-PRM-001-5PK,,0,,0,,0,,0,,0,"Demand is intermittent, so the forecast remains conservative."
16-Sep-2026,2026-09-16,RIM-WNDCLOUD-LIQ-ES-001,,0,,0,,0,,0,,0,"Demand is intermittent, so the forecast remains conservative."
16-Sep-2026,2026-09-16,RIM-WNDCLOUD-LIQ-ES-002,,0,,0,,0,,0,,0,Current stock availability is limiting observed demand.
16-Sep-2026,2026-09-16,RIM-WNDCLOUD-LIQ-ES-004,,0,,0,,0,,0,,0,"Demand is intermittent, so the forecast remains conservative."
16-Sep-2026,2026-09-16,RIM-WNDCLOUD-LIQ-ES-005,,0,,0,,0,,0,,0,"Demand is intermittent, so the forecast remains conservative."
16-Sep-2026,2026-09-16,RIM-WNDCLOUD-LIQ-ES-006,,0,,0,,0,,0,,0,Current stock availability is limiting observed demand.
16-Sep-2026,2026-09-16,RIM-WNDCLOUD-LIQ-ES-007,,0,,0,,0,,0,,0,"Demand is intermittent, so the forecast remains conservative."
16-Sep-2026,2026-09-16,RIM-WONDER-SERUM,,0,,0,,0,,0,,0,"Recent demand is volatile, so the forecast is kept conservative."
16-Sep-2026,2026-09-16,RIM-WONDERF-BROW-001,,0,,0,,0,,0,,0,Current stock availability is limiting observed demand.
16-Sep-2026,2026-09-16,RIM-WONDERF-BROW-002,,1,,0,,0,,0,,1,"Recent demand is volatile, so the forecast is kept conservative."
16-Sep-2026,2026-09-16,RIM-WONDERF-BROW-003,,8,,0,,0,,0,,8,"Recent demand is volatile, so the forecast is kept conservative."
16-Sep-2026,2026-09-16,RIM-WONDERF-GEL-004,,0,,0,,0,,0,,0,Current stock availability is limiting observed demand.
16-Sep-2026,2026-09-16,RIM-WONDERINK-EL-001,,0,,0,,0,,0,,0,"Demand is intermittent, so the forecast remains conservative."
16-Sep-2026,2026-09-16,RIM-WONDERINK-LIQ-EL-002,,0,,0,,0,,0,,0,"Recent demand is volatile, so the forecast is kept conservative."
16-Sep-2026,2026-09-16,RIM-WONDERINK-LIQ-EL-003,,0,,0,,0,,0,,0,"Demand is intermittent, so the forecast remains conservative."
16-Sep-2026,2026-09-16,RIM-WONDERINK-LIQ-EL-005,,0,,0,,0,,0,,0,"Demand is intermittent, so the forecast remains conservative."
16-Sep-2026,2026-09-16,RIM-WONDERLAST-001,,0,,0,,0,,0,,0,"Demand is intermittent, so the forecast remains conservative."
16-Sep-2026,2026-09-16,RIM-WONDERLAST-002,,0,,0,,0,,0,,0,"Demand is intermittent, so the forecast remains conservative."
16-Sep-2026,2026-09-16,RIM-WONDERLAST-003,,0,,0,,0,,0,,0,"Demand is intermittent, so the forecast remains conservative."
16-Sep-2026,2026-09-16,RIM-WONDERLAST-004,,0,,0,,0,,0,,0,"Demand is intermittent, so the forecast remains conservative."
16-Sep-2026,2026-09-16,RIM-WONDERPROOF-EL-006,,0,,0,,0,,0,,0,"Demand is intermittent, so the forecast remains conservative."
16-Sep-2026,2026-09-16,RIM-WS2IN1-002,,0,,0,,0,,0,,0,"Demand is intermittent, so the forecast remains conservative."
16-Sep-2026,2026-09-16,RIM-WS2IN1-003,,0,,0,,0,,0,,0,"Demand is intermittent, so the forecast remains conservative."
17-Sep-2026,2026-09-17,RIM-100WP-BLK,,0,,3,,0,,0,,3,"Recent demand is volatile, so the forecast is kept conservative."
17-Sep-2026,2026-09-17,RIM-1KLL-071,,0,,0,,0,,0,,0,Current stock availability is limiting observed demand.
17-Sep-2026,2026-09-17,RIM-1KLL-080,,0,,0,,0,,0,,0,Current stock availability is limiting observed demand.
17-Sep-2026,2026-09-17,RIM-1KLL-081,,0,,0,,0,,0,,0,"Demand is intermittent, so the forecast remains conservative."
17-Sep-2026,2026-09-17,RIM-BBCREAM-LIGHT,,0,,1,,0,,0,,1,"Recent demand is volatile, so the forecast is kept conservative."
17-Sep-2026,2026-09-17,RIM-BBCREAM-MEDIUM,,0,,0,,0,,0,,0,Current stock availability is limiting observed demand.
17-Sep-2026,2026-09-17,RIM-BBCREAM-VERYLIGHT,,0,,0,,0,,0,,0,Current stock availability is limiting observed demand.
17-Sep-2026,2026-09-17,RIM-BTW-BSK-DRKBRW,,2,,1,,0,,0,,3,"Recent demand is volatile, so the forecast is kept conservative."
17-Sep-2026,2026-09-17,RIM-BTW-BSK-DRKBRW-2PK,,0,,0,,0,,0,,0,"Recent demand is volatile, so the forecast is kept conservative."
17-Sep-2026,2026-09-17,RIM-BTW-BSK-DRKBRW-3PK,,0,,0,,0,,0,,0,"Demand is intermittent, so the forecast remains conservative."
17-Sep-2026,2026-09-17,RIM-BTW-BSK-MEDBRW,,0,,2,,0,,0,,2,"Demand is intermittent, so the forecast remains conservative."
17-Sep-2026,2026-09-17,RIM-BTW-BSK-MEDBRW-2PK,,0,,0,,0,,0,,0,"Demand is intermittent, so the forecast remains conservative."
17-Sep-2026,2026-09-17,RIM-BTW-BSK-MEDBRW-3PK,,0,,0,,0,,0,,0,"Recent demand is volatile, so the forecast is kept conservative."
17-Sep-2026,2026-09-17,RIM-BTW-F&S-001,,0,,0,,0,,0,,0,"Recent demand is volatile, so the forecast is kept conservative."
17-Sep-2026,2026-09-17,RIM-BTW-F&S-002,,0,,0,,0,,0,,0,"Recent demand is volatile, so the forecast is kept conservative."
17-Sep-2026,2026-09-17,RIM-BTW-F&S-003,,6,,0,,0,,0,,6,"Recent demand is volatile, so the forecast is kept conservative."
17-Sep-2026,2026-09-17,RIM-BTW-F&S-004,,0,,0,,0,,0,,0,"Demand is intermittent, so the forecast remains conservative."
17-Sep-2026,2026-09-17,RIM-BTWEYEBROW-003,,0,,0,,0,,0,,0,Current stock availability is limiting observed demand.
17-Sep-2026,2026-09-17,RIM-BTWEYEBROW-005,,0,,0,,0,,0,,0,"Demand is intermittent, so the forecast remains conservative."
17-Sep-2026,2026-09-17,RIM-BTWEYEBROW-005-2PK,,0,,0,,0,,0,,0,"Demand is intermittent, so the forecast remains conservative."
17-Sep-2026,2026-09-17,RIM-BTWEYEBROW-005-3PK,,0,,0,,0,,0,,0,"Demand is intermittent, so the forecast remains conservative."
17-Sep-2026,2026-09-17,RIM-BTWEYEBROW-005-5PK,,0,,0,,0,,0,,0,"Demand is intermittent, so the forecast remains conservative."
17-Sep-2026,2026-09-17,RIM-BTWEYEBROW-006,,0,,0,,0,,0,,0,Current stock availability is limiting observed demand.
17-Sep-2026,2026-09-17,RIM-BTWEYEBROW-006-2PK,,0,,0,,0,,0,,0,"Demand is intermittent, so the forecast remains conservative."
17-Sep-2026,2026-09-17,RIM-BTWEYEBROW-006-5PK,,0,,0,,0,,0,,0,"Demand is intermittent, so the forecast remains conservative."
17-Sep-2026,2026-09-17,RIM-BTWFIBRE-001,,0,,0,,0,,0,,0,Current stock availability is limiting observed demand.
17-Sep-2026,2026-09-17,RIM-BTWFIBRE-003,,0,,0,,0,,0,,0,Current stock availability is limiting observed demand.
17-Sep-2026,2026-09-17,RIM-BUNDLE-LIP-SET-PINK-NUDES,,0,,0,,0,,0,,0,"Demand is intermittent, so the forecast remains conservative."
17-Sep-2026,2026-09-17,RIM-BUNDLE-MSC-BLK-WP-TRIO,,0,,0,,0,,0,,0,Current stock availability is limiting observed demand.
17-Sep-2026,2026-09-17,RIM-EBP-BLKBRW,,0,,0,,0,,0,,0,Current stock availability is limiting observed demand.
17-Sep-2026,2026-09-17,RIM-EBP-BLKBRW-2PK,,0,,0,,0,,0,,0,"Demand is intermittent, so the forecast remains conservative."
17-Sep-2026,2026-09-17,RIM-EBP-BLKBRW-5PK,,0,,0,,0,,0,,0,"Recent demand is volatile, so the forecast is kept conservative."
17-Sep-2026,2026-09-17,RIM-EBP-DRKBRW,,11,,2,,0,,0,,13,Stable historical demand with consistent recent sales.
17-Sep-2026,2026-09-17,RIM-EBP-DRKBRW-5PK,,0,,0,,0,,0,,0,"Demand is intermittent, so the forecast remains conservative."
17-Sep-2026,2026-09-17,RIM-EBP-HAZEL,,0,,0,,0,,0,,0,Current stock availability is limiting observed demand.
17-Sep-2026,2026-09-17,RIM-EBP-HAZEL-5PK,,0,,0,,0,,0,,0,"Demand is intermittent, so the forecast remains conservative."
17-Sep-2026,2026-09-17,RIM-ELP-021,,0,,0,,0,,0,,0,"Recent demand is volatile, so the forecast is kept conservative."
17-Sep-2026,2026-09-17,RIM-ELP-061,,0,,1,,0,,0,,1,"Recent demand is volatile, so the forecast is kept conservative."
17-Sep-2026,2026-09-17,RIM-ELP-061-2PK,,0,,0,,0,,0,,0,"Demand is intermittent, so the forecast remains conservative."
17-Sep-2026,2026-09-17,RIM-ELP-061-6PK,,0,,0,,0,,0,,0,"Recent demand is volatile, so the forecast is kept conservative."
17-Sep-2026,2026-09-17,RIM-ELP-064,,1,,0,,0,,0,,1,"Recent demand is volatile, so the forecast is kept conservative."
17-Sep-2026,2026-09-17,RIM-ELP-064-2PK,,0,,0,,0,,0,,0,"Recent demand is volatile, so the forecast is kept conservative."
17-Sep-2026,2026-09-17,RIM-ELP-064-3PK,,0,,0,,0,,0,,0,"Demand is intermittent, so the forecast remains conservative."
17-Sep-2026,2026-09-17,RIM-ELP-064-5PK,,0,,0,,0,,0,,0,"Demand is intermittent, so the forecast remains conservative."
17-Sep-2026,2026-09-17,RIM-ELP-071,,0,,0,,0,,0,,0,"Recent demand is volatile, so the forecast is kept conservative."
17-Sep-2026,2026-09-17,RIM-ELP-071-2PK,,0,,0,,0,,0,,0,"Demand is intermittent, so the forecast remains conservative."
17-Sep-2026,2026-09-17,RIM-ELP-071-3PK,,0,,0,,0,,0,,0,"Demand is intermittent, so the forecast remains conservative."
17-Sep-2026,2026-09-17,RIM-ELP-071-5PK,,0,,0,,0,,0,,0,"Demand is intermittent, so the forecast remains conservative."
17-Sep-2026,2026-09-17,RIM-EXAG-EYEL-001,,0,,1,,0,,0,,1,"Recent demand is volatile, so the forecast is kept conservative."
17-Sep-2026,2026-09-17,RIM-EXAG-EYEL-001-2PK,,0,,0,,0,,0,,0,"Recent demand is volatile, so the forecast is kept conservative."
17-Sep-2026,2026-09-17,RIM-EXAG-EYEL-001-3PK,,0,,0,,0,,0,,0,"Recent demand is volatile, so the forecast is kept conservative."
17-Sep-2026,2026-09-17,RIM-EXAG-EYEL-001-5PK,,0,,0,,0,,0,,0,"Demand is intermittent, so the forecast remains conservative."
17-Sep-2026,2026-09-17,RIM-EXAG-EYEL-003-WP,,0,,0,,0,,0,,0,"Demand is intermittent, so the forecast remains conservative."
17-Sep-2026,2026-09-17,RIM-EXGEL-230,,0,,0,,0,,0,,0,"Demand is intermittent, so the forecast remains conservative."
17-Sep-2026,2026-09-17,RIM-EXGEL-240,,0,,0,,0,,0,,0,Current stock availability is limiting observed demand.
17-Sep-2026,2026-09-17,RIM-FDT-MATCH-101,,0,,0,,0,,0,,0,Current stock availability is limiting observed demand.
17-Sep-2026,2026-09-17,RIM-FDT-MATCH-103,,0,,0,,0,,0,,0,Current stock availability is limiting observed demand.
17-Sep-2026,2026-09-17,RIM-FDT-MATCH-200,,0,,0,,0,,0,,0,"Recent demand is volatile, so the forecast is kept conservative."
17-Sep-2026,2026-09-17,RIM-FDT-MATCH-203,,0,,0,,0,,0,,0,"Recent demand is volatile, so the forecast is kept conservative."
17-Sep-2026,2026-09-17,RIM-FDT-MATCH-300,,0,,0,,0,,0,,0,Current stock availability is limiting observed demand.
17-Sep-2026,2026-09-17,RIM-FDT-MATCH-400,,0,,0,,0,,0,,0,Current stock availability is limiting observed demand.
17-Sep-2026,2026-09-17,RIM-FDT-MATCH-501,,0,,0,,0,,0,,0,"Demand is intermittent, so the forecast remains conservative."
17-Sep-2026,2026-09-17,RIM-FIX&PROT-PRIMER,,0,,0,,0,,0,,0,Current stock availability is limiting observed demand.
17-Sep-2026,2026-09-17,RIM-GENTLE-EYE-MAKEUP-RMVR-125ML,,0,,0,,0,,0,,0,Current stock availability is limiting observed demand.
17-Sep-2026,2026-09-17,RIM-GLAMEYES-LL-001,,0,,0,,0,,0,,0,"Recent demand is volatile, so the forecast is kept conservative."
17-Sep-2026,2026-09-17,RIM-GLAMEYES-LL-001-2PK,,0,,0,,0,,0,,0,"Recent demand is volatile, so the forecast is kept conservative."
17-Sep-2026,2026-09-17,RIM-GLAMEYES-LL-002,,0,,0,,0,,0,,0,Current stock availability is limiting observed demand.
17-Sep-2026,2026-09-17,RIM-HIGHLIGHT-001,,0,,0,,0,,0,,0,"Recent demand is volatile, so the forecast is kept conservative."
17-Sep-2026,2026-09-17,RIM-HIGHLIGHT-002,,0,,0,,0,,0,,0,"Recent demand is volatile, so the forecast is kept conservative."
17-Sep-2026,2026-09-17,RIM-HTB-001,,0,,0,,0,,0,,0,Current stock availability is limiting observed demand.
17-Sep-2026,2026-09-17,RIM-HTB-001-2PK,,0,,0,,0,,0,,0,"Demand is intermittent, so the forecast remains conservative."
17-Sep-2026,2026-09-17,RIM-HTB-001-3PK,,0,,0,,0,,0,,0,"Demand is intermittent, so the forecast remains conservative."
17-Sep-2026,2026-09-17,RIM-HTB-001-5PK,,0,,0,,0,,0,,0,"Demand is intermittent, so the forecast remains conservative."
17-Sep-2026,2026-09-17,RIM-HTB-002,,0,,0,,0,,0,,0,Current stock availability is limiting observed demand.
17-Sep-2026,2026-09-17,RIM-HTB-004,,0,,3,,0,,0,,3,"Recent demand is volatile, so the forecast is kept conservative."
17-Sep-2026,2026-09-17,RIM-HTB-004-2PK,,0,,0,,0,,0,,0,"Recent demand is volatile, so the forecast is kept conservative."
17-Sep-2026,2026-09-17,RIM-HTB-004-3PK,,0,,0,,0,,0,,0,"Recent demand is volatile, so the forecast is kept conservative."
17-Sep-2026,2026-09-17,RIM-HTB-004-5PK,,0,,0,,0,,0,,0,"Recent demand is volatile, so the forecast is kept conservative."
17-Sep-2026,2026-09-17,RIM-HTB-103,,0,,0,,0,,0,,0,Current stock availability is limiting observed demand.
17-Sep-2026,2026-09-17,RIM-HTB-103-2PK,,0,,0,,0,,0,,0,Current stock availability is limiting observed demand.
17-Sep-2026,2026-09-17,RIM-HTB-103-3PK,,0,,0,,0,,0,,0,"Demand is intermittent, so the forecast remains conservative."
17-Sep-2026,2026-09-17,RIM-HTB-103-5PK,,0,,0,,0,,0,,0,"Demand is intermittent, so the forecast remains conservative."
17-Sep-2026,2026-09-17,RIM-HTB-105,,0,,1,,0,,0,,1,"Recent demand is volatile, so the forecast is kept conservative."
17-Sep-2026,2026-09-17,RIM-INSTACC-GREEN,,0,,0,,0,,0,,0,Current stock availability is limiting observed demand.
17-Sep-2026,2026-09-17,RIM-INSTACC-LAVENDER,,0,,0,,0,,0,,0,Current stock availability is limiting observed demand.
17-Sep-2026,2026-09-17,RIM-INSTAFIX-SPRAY,,0,,0,,0,,0,,0,Current stock availability is limiting observed demand.
17-Sep-2026,2026-09-17,RIM-JELLY-010,,0,,0,,0,,0,,0,"Demand is intermittent, so the forecast remains conservative."
17-Sep-2026,2026-09-17,RIM-JELLY-020,,0,,0,,0,,0,,0,"Demand is intermittent, so the forecast remains conservative."
17-Sep-2026,2026-09-17,RIM-JELLY-040,,0,,0,,0,,0,,0,"Demand is intermittent, so the forecast remains conservative."
17-Sep-2026,2026-09-17,RIM-KATE-NUDE-LS-040,,0,,0,,0,,0,,0,Current stock availability is limiting observed demand.
17-Sep-2026,2026-09-17,RIM-KATE-NUDE-LS-042,,0,,0,,0,,0,,0,Current stock availability is limiting observed demand.
17-Sep-2026,2026-09-17,RIM-KATE-NUDE-LS-045,,0,,0,,0,,0,,0,Current stock availability is limiting observed demand.
17-Sep-2026,2026-09-17,RIM-KATE-NUDE-LS-045-5PK,,0,,0,,0,,0,,0,Current stock availability is limiting observed demand.
17-Sep-2026,2026-09-17,RIM-KATE-NUDE-LS-048,,0,,0,,0,,0,,0,Current stock availability is limiting observed demand.
17-Sep-2026,2026-09-17,RIM-KATE-SCULPTPAL-002,,0,,0,,0,,0,,0,Current stock availability is limiting observed demand.
17-Sep-2026,2026-09-17,RIM-KATE-SCULPTPAL-002-2PK,,0,,0,,0,,0,,0,"Demand is intermittent, so the forecast remains conservative."
17-Sep-2026,2026-09-17,RIM-KATE-SCULPTPAL-002-3PK,,0,,0,,0,,0,,0,"Demand is intermittent, so the forecast remains conservative."
17-Sep-2026,2026-09-17,RIM-KATE-SCULPTPAL-002-5PK,,0,,0,,0,,0,,0,"Demand is intermittent, so the forecast remains conservative."
17-Sep-2026,2026-09-17,RIM-KF-BROW-DEFINER-001,,0,,0,,0,,0,,0,"Demand is intermittent, so the forecast remains conservative."
17-Sep-2026,2026-09-17,RIM-KF-BROW-DEFINER-002,,0,,0,,0,,0,,0,"Demand is intermittent, so the forecast remains conservative."
17-Sep-2026,2026-09-17,RIM-KF-BROW-DEFINER-004,,0,,0,,0,,0,,0,"Demand is intermittent, so the forecast remains conservative."
17-Sep-2026,2026-09-17,RIM-KF-BROW-DEFINER-005,,0,,0,,0,,0,,0,"Demand is intermittent, so the forecast remains conservative."
17-Sep-2026,2026-09-17,RIM-KF-BROW-DEFINER-006,,0,,0,,0,,0,,0,"Recent demand is volatile, so the forecast is kept conservative."
17-Sep-2026,2026-09-17,RIM-KF-CCLR-010,,0,,0,,0,,0,,0,Current stock availability is limiting observed demand.
17-Sep-2026,2026-09-17,RIM-KF-CCLR-020,,0,,0,,0,,0,,0,Current stock availability is limiting observed demand.
17-Sep-2026,2026-09-17,RIM-KF-CCLR-030,,0,,0,,0,,0,,0,"Demand is intermittent, so the forecast remains conservative."
17-Sep-2026,2026-09-17,RIM-KF-CCLR-040,,0,,0,,0,,0,,0,"Demand is intermittent, so the forecast remains conservative."
17-Sep-2026,2026-09-17,RIM-KF-EYE-DEFINER-02,,0,,0,,0,,0,,0,"Demand is intermittent, so the forecast remains conservative."
17-Sep-2026,2026-09-17,RIM-KF-EYE-DEFINER-03,,0,,0,,0,,0,,0,"Demand is intermittent, so the forecast remains conservative."
17-Sep-2026,2026-09-17,RIM-KF-EYE-DEFINER-04,,0,,0,,0,,0,,0,"Demand is intermittent, so the forecast remains conservative."
17-Sep-2026,2026-09-17,RIM-KF-EYE-DEFINER-05,,0,,0,,0,,0,,0,"Demand is intermittent, so the forecast remains conservative."
17-Sep-2026,2026-09-17,RIM-KF-EYE-DEFINER-06,,0,,0,,0,,0,,0,"Demand is intermittent, so the forecast remains conservative."
17-Sep-2026,2026-09-17,RIM-KF-FDT-001,,0,,0,,0,,0,,0,Current stock availability is limiting observed demand.
17-Sep-2026,2026-09-17,RIM-KF-FDT-103,,0,,0,,0,,0,,0,"Demand is intermittent, so the forecast remains conservative."
17-Sep-2026,2026-09-17,RIM-KF-FDT-150,,0,,0,,0,,0,,0,"Demand is intermittent, so the forecast remains conservative."
17-Sep-2026,2026-09-17,RIM-KF-FDT-210,,0,,0,,0,,0,,0,"Demand is intermittent, so the forecast remains conservative."
17-Sep-2026,2026-09-17,RIM-KF-FDT-410,,0,,0,,0,,0,,0,"Demand is intermittent, so the forecast remains conservative."
17-Sep-2026,2026-09-17,RIM-KF-MSC-BLACK,,0,,0,,0,,0,,0,"Demand is intermittent, so the forecast remains conservative."
17-Sep-2026,2026-09-17,RIM-KF-MSC-BROWN,,0,,0,,0,,0,,0,Current stock availability is limiting observed demand.
17-Sep-2026,2026-09-17,RIM-KF-MULTISTICK-002,,0,,0,,0,,0,,0,"Demand is intermittent, so the forecast remains conservative."
17-Sep-2026,2026-09-17,RIM-KF-MULTISTICK-003,,0,,0,,0,,0,,0,"Demand is intermittent, so the forecast remains conservative."
17-Sep-2026,2026-09-17,RIM-KF-MULTISTICK-004,,0,,0,,0,,0,,0,Current stock availability is limiting observed demand.
17-Sep-2026,2026-09-17,RIM-KF-MULTISTICK-005,,0,,0,,0,,0,,0,"Demand is intermittent, so the forecast remains conservative."
17-Sep-2026,2026-09-17,RIM-KF-NAIL-150,,0,,0,,0,,0,,0,"Demand is intermittent, so the forecast remains conservative."
17-Sep-2026,2026-09-17,RIM-KF-NAIL-151,,0,,0,,0,,0,,0,"Demand is intermittent, so the forecast remains conservative."
17-Sep-2026,2026-09-17,RIM-KF-NAIL-152,,0,,0,,0,,0,,0,"Demand is intermittent, so the forecast remains conservative."
17-Sep-2026,2026-09-17,RIM-KF-NAIL-153,,0,,0,,0,,0,,0,"Demand is intermittent, so the forecast remains conservative."
17-Sep-2026,2026-09-17,RIM-KF-NAIL-154,,0,,0,,0,,0,,0,"Demand is intermittent, so the forecast remains conservative."
17-Sep-2026,2026-09-17,RIM-KF-NAIL-155,,0,,0,,0,,0,,0,"Demand is intermittent, so the forecast remains conservative."
17-Sep-2026,2026-09-17,RIM-KF-NAIL-156,,0,,0,,0,,0,,0,Current stock availability is limiting observed demand.
17-Sep-2026,2026-09-17,RIM-KF-NAIL-157,,0,,0,,0,,0,,0,"Demand is intermittent, so the forecast remains conservative."
17-Sep-2026,2026-09-17,RIM-KF-NAIL-158,,0,,0,,0,,0,,0,"Demand is intermittent, so the forecast remains conservative."
17-Sep-2026,2026-09-17,RIM-KF-NAIL-160,,0,,0,,0,,0,,0,Current stock availability is limiting observed demand.
17-Sep-2026,2026-09-17,RIM-KF-NAIL-162,,0,,0,,0,,0,,0,"Demand is intermittent, so the forecast remains conservative."
17-Sep-2026,2026-09-17,RIM-KF-NAIL-163,,0,,0,,0,,0,,0,"Demand is intermittent, so the forecast remains conservative."
17-Sep-2026,2026-09-17,RIM-KF-NAIL-164,,0,,0,,0,,0,,0,"Demand is intermittent, so the forecast remains conservative."
17-Sep-2026,2026-09-17,RIM-KF-NAIL-167,,0,,0,,0,,0,,0,Current stock availability is limiting observed demand.
17-Sep-2026,2026-09-17,RIM-KF-NAIL-168,,0,,0,,0,,0,,0,Current stock availability is limiting observed demand.
17-Sep-2026,2026-09-17,RIM-KF-NAIL-169,,0,,0,,0,,0,,0,"Demand is intermittent, so the forecast remains conservative."
17-Sep-2026,2026-09-17,RIM-KF-NAIL-170,,0,,0,,0,,0,,0,Current stock availability is limiting observed demand.
17-Sep-2026,2026-09-17,RIM-KF-PWDR-001,,0,,0,,0,,0,,0,"Recent demand is volatile, so the forecast is kept conservative."
17-Sep-2026,2026-09-17,RIM-KF-PWDR-001-2PK,,0,,0,,0,,0,,0,"Demand is intermittent, so the forecast remains conservative."
17-Sep-2026,2026-09-17,RIM-KF-PWDR-001-5PK,,0,,0,,0,,0,,0,"Demand is intermittent, so the forecast remains conservative."
17-Sep-2026,2026-09-17,RIM-KF-PWDR-010,,0,,0,,0,,0,,0,"Recent demand is volatile, so the forecast is kept conservative."
17-Sep-2026,2026-09-17,RIM-KF-PWDR-020,,0,,0,,0,,0,,0,"Recent demand is volatile, so the forecast is kept conservative."
17-Sep-2026,2026-09-17,RIM-KF-PWDR-030,,0,,0,,0,,0,,0,"Recent demand is volatile, so the forecast is kept conservative."
17-Sep-2026,2026-09-17,RIM-KF-PWDR-030-2PK,,0,,0,,0,,0,,0,"Recent demand is volatile, so the forecast is kept conservative."
17-Sep-2026,2026-09-17,RIM-KF-PWDR-030-5PK,,0,,0,,0,,0,,0,"Recent demand is volatile, so the forecast is kept conservative."
17-Sep-2026,2026-09-17,RIM-KF-PWDR-040,,0,,0,,0,,0,,0,Current stock availability is limiting observed demand.
17-Sep-2026,2026-09-17,RIM-KF-PWDR-050,,0,,0,,0,,0,,0,"Recent demand is volatile, so the forecast is kept conservative."
17-Sep-2026,2026-09-17,RIM-KOHL-KJEL-001,,0,,0,,0,,0,,0,Current stock availability is limiting observed demand.
17-Sep-2026,2026-09-17,RIM-KOHL-KJEL-002,,0,,0,,0,,0,,0,Current stock availability is limiting observed demand.
17-Sep-2026,2026-09-17,RIM-KOHL-KJEL-004,,0,,0,,0,,0,,0,"Demand is intermittent, so the forecast remains conservative."
17-Sep-2026,2026-09-17,RIM-LAST-AUTOLIP-018,,0,,0,,0,,0,,0,Current stock availability is limiting observed demand.
17-Sep-2026,2026-09-17,RIM-LAST-AUTOLIP-018-2PK,,0,,0,,0,,0,,0,"Demand is intermittent, so the forecast remains conservative."
17-Sep-2026,2026-09-17,RIM-LAST-AUTOLIP-018-3PK,,0,,0,,0,,0,,0,"Demand is intermittent, so the forecast remains conservative."
17-Sep-2026,2026-09-17,RIM-LAST-AUTOLIP-018-5PK,,0,,0,,0,,0,,0,"Demand is intermittent, so the forecast remains conservative."
17-Sep-2026,2026-09-17,RIM-LAST-AUTOLIP-024,,0,,0,,0,,0,,0,"Demand is intermittent, so the forecast remains conservative."
17-Sep-2026,2026-09-17,RIM-LAST-AUTOLIP-045,,0,,0,,0,,0,,0,Current stock availability is limiting observed demand.
17-Sep-2026,2026-09-17,RIM-LAST-AUTOLIP-063,,0,,0,,0,,0,,0,Current stock availability is limiting observed demand.
17-Sep-2026,2026-09-17,RIM-LAST-AUTOLIP-063-3PK,,0,,0,,0,,0,,0,"Demand is intermittent, so the forecast remains conservative."
17-Sep-2026,2026-09-17,RIM-LAST-AUTOLIP-070,,0,,0,,0,,0,,0,"Demand is intermittent, so the forecast remains conservative."
17-Sep-2026,2026-09-17,RIM-LAST-AUTOLIP-105,,0,,0,,0,,0,,0,"Demand is intermittent, so the forecast remains conservative."
17-Sep-2026,2026-09-17,RIM-LAST-MEGA-MATTE-LIQ-LPK-110,,0,,0,,0,,0,,0,"Demand is intermittent, so the forecast remains conservative."
17-Sep-2026,2026-09-17,RIM-LAST-MEGA-MATTE-LIQ-LPK-210,,0,,0,,0,,0,,0,"Demand is intermittent, so the forecast remains conservative."
17-Sep-2026,2026-09-17,RIM-LAST-MEGA-MATTE-LIQ-LPK-600,,0,,0,,0,,0,,0,Current stock availability is limiting observed demand.
17-Sep-2026,2026-09-17,RIM-LAST-MEGA-MATTE-LIQ-LPK-700,,0,,0,,0,,0,,0,"Recent demand is volatile, so the forecast is kept conservative."
17-Sep-2026,2026-09-17,RIM-LAST-MEGA-MATTE-LIQ-LPK-709,,0,,0,,0,,0,,0,"Demand is intermittent, so the forecast remains conservative."
17-Sep-2026,2026-09-17,RIM-LAST-MEGA-MATTE-LIQ-LPK-910,,0,,0,,0,,0,,0,"Demand is intermittent, so the forecast remains conservative."
17-Sep-2026,2026-09-17,RIM-LAST-MEGA-MATTE-LIQ-LPK-930,,0,,0,,0,,0,,0,"Demand is intermittent, so the forecast remains conservative."
17-Sep-2026,2026-09-17,RIM-LASTCCLR-001,,0,,0,,0,,0,,0,Current stock availability is limiting observed demand.
17-Sep-2026,2026-09-17,RIM-LASTCCLR-010,,0,,0,,0,,0,,0,Current stock availability is limiting observed demand.
17-Sep-2026,2026-09-17,RIM-LASTCCLR-020,,0,,0,,0,,0,,0,Current stock availability is limiting observed demand.
17-Sep-2026,2026-09-17,RIM-LASTCOMPACT-004,,0,,0,,0,,0,,0,Current stock availability is limiting observed demand.
17-Sep-2026,2026-09-17,RIM-LASTCOMPACT-005,,0,,0,,0,,0,,0,Current stock availability is limiting observed demand.
17-Sep-2026,2026-09-17,RIM-LASTCOMPACT-007,,0,,0,,0,,0,,0,Current stock availability is limiting observed demand.
17-Sep-2026,2026-09-17,RIM-LASTCOMPACT-008,,0,,0,,0,,0,,0,Current stock availability is limiting observed demand.
17-Sep-2026,2026-09-17,RIM-LASTCOMPACT-009,,0,,0,,0,,0,,0,"Demand is intermittent, so the forecast remains conservative."
17-Sep-2026,2026-09-17,RIM-LASTCOMPACT-011,,0,,0,,0,,0,,0,"Demand is intermittent, so the forecast remains conservative."
17-Sep-2026,2026-09-17,RIM-LASTCOMPACT-012,,0,,0,,0,,0,,0,Current stock availability is limiting observed demand.
17-Sep-2026,2026-09-17,RIM-LASTFIN-EXTMATT-LPK-160,,0,,0,,0,,0,,0,Current stock availability is limiting observed demand.
17-Sep-2026,2026-09-17,RIM-LASTFIN-EXTMATT-LPK-600,,0,,0,,0,,0,,0,Current stock availability is limiting observed demand.
17-Sep-2026,2026-09-17,RIM-LASTFIN-EXTMATT-LPK-710,,0,,0,,0,,0,,0,Current stock availability is limiting observed demand.
17-Sep-2026,2026-09-17,RIM-LASTFIN-EXTMATT-LPK-840,,0,,0,,0,,0,,0,Current stock availability is limiting observed demand.
17-Sep-2026,2026-09-17,RIM-LASTFIN-PRIMER,,0,,0,,0,,0,,0,Current stock availability is limiting observed demand.
17-Sep-2026,2026-09-17,RIM-LASTING-PROV-115,,0,,0,,0,,0,,0,"Demand is intermittent, so the forecast remains conservative."
17-Sep-2026,2026-09-17,RIM-LASTING-PROV-210,,0,,0,,0,,0,,0,"Recent demand is volatile, so the forecast is kept conservative."
17-Sep-2026,2026-09-17,RIM-LASTING-PROV-220,,0,,0,,0,,0,,0,"Demand is intermittent, so the forecast remains conservative."
17-Sep-2026,2026-09-17,RIM-LASTING-PROV-310,,0,,0,,0,,0,,0,"Demand is intermittent, so the forecast remains conservative."
17-Sep-2026,2026-09-17,RIM-LASTING-PROV-400,,0,,0,,0,,0,,0,"Demand is intermittent, so the forecast remains conservative."
17-Sep-2026,2026-09-17,RIM-LASTING-PROV-410,,0,,0,,0,,0,,0,"Demand is intermittent, so the forecast remains conservative."
17-Sep-2026,2026-09-17,RIM-LASTING-PROV-440,,0,,0,,0,,0,,0,"Demand is intermittent, so the forecast remains conservative."
17-Sep-2026,2026-09-17,RIM-LASTING-PROV-500,,0,,0,,0,,0,,0,"Recent demand is volatile, so the forecast is kept conservative."
17-Sep-2026,2026-09-17,RIM-LASTING-PROV-570,,0,,0,,0,,0,,0,"Demand is intermittent, so the forecast remains conservative."
17-Sep-2026,2026-09-17,RIM-LASTING-PROV-600,,0,,0,,0,,0,,0,Current stock availability is limiting observed demand.
17-Sep-2026,2026-09-17,RIM-LASTING-PROV-730,,0,,0,,0,,0,,0,"Demand is intermittent, so the forecast remains conservative."
17-Sep-2026,2026-09-17,RIM-LASTING-PROV-740,,0,,0,,0,,0,,0,"Demand is intermittent, so the forecast remains conservative."
17-Sep-2026,2026-09-17,RIM-LASTLIP-110,,0,,0,,0,,0,,0,"Recent demand is volatile, so the forecast is kept conservative."
17-Sep-2026,2026-09-17,RIM-LASTLIP-120,,0,,0,,0,,0,,0,"Recent demand is volatile, so the forecast is kept conservative."
17-Sep-2026,2026-09-17,RIM-LASTLIP-120-2PK,,0,,0,,0,,0,,0,"Demand is intermittent, so the forecast remains conservative."
17-Sep-2026,2026-09-17,RIM-LASTLIP-120-3PK,,0,,0,,0,,0,,0,"Demand is intermittent, so the forecast remains conservative."
17-Sep-2026,2026-09-17,RIM-LASTLIP-120-5PK,,0,,0,,0,,0,,0,"Recent demand is volatile, so the forecast is kept conservative."
17-Sep-2026,2026-09-17,RIM-LASTLIP-125,,0,,0,,0,,0,,0,"Recent demand is volatile, so the forecast is kept conservative."
17-Sep-2026,2026-09-17,RIM-LASTLIP-195,,0,,0,,0,,0,,0,"Recent demand is volatile, so the forecast is kept conservative."
17-Sep-2026,2026-09-17,RIM-LASTLIP-215,,0,,0,,0,,0,,0,"Recent demand is volatile, so the forecast is kept conservative."
17-Sep-2026,2026-09-17,RIM-LASTLIP-505,,0,,0,,0,,0,,0,"Recent demand is volatile, so the forecast is kept conservative."
17-Sep-2026,2026-09-17,RIM-LASTLIP-580,,0,,0,,0,,0,,0,"Recent demand is volatile, so the forecast is kept conservative."
17-Sep-2026,2026-09-17,RIM-LASTLIP-620,,2,,0,,0,,0,,2,"Recent demand is volatile, so the forecast is kept conservative."
17-Sep-2026,2026-09-17,RIM-LASTLIP-705,,0,,0,,0,,0,,0,"Recent demand is volatile, so the forecast is kept conservative."
17-Sep-2026,2026-09-17,RIM-LASTLIP-705-2PK,,0,,0,,0,,0,,0,"Demand is intermittent, so the forecast remains conservative."
17-Sep-2026,2026-09-17,RIM-LASTLIP-705-3PK,,0,,0,,0,,0,,0,"Recent demand is volatile, so the forecast is kept conservative."
17-Sep-2026,2026-09-17,RIM-LASTLIP-705-5PK,,0,,0,,0,,0,,0,"Demand is intermittent, so the forecast remains conservative."
17-Sep-2026,2026-09-17,RIM-LASTLIP-725,,0,,1,,0,,0,,1,"Recent demand is volatile, so the forecast is kept conservative."
17-Sep-2026,2026-09-17,RIM-LASTLIP-760,,0,,0,,0,,0,,0,"Recent demand is volatile, so the forecast is kept conservative."
17-Sep-2026,2026-09-17,RIM-LASTLIP-790,,0,,0,,0,,0,,0,"Demand is intermittent, so the forecast remains conservative."
17-Sep-2026,2026-09-17,RIM-LASTLIP-850,,0,,0,,0,,0,,0,"Recent demand is volatile, so the forecast is kept conservative."
17-Sep-2026,2026-09-17,RIM-LASTLIP-880,,0,,0,,0,,0,,0,"Recent demand is volatile, so the forecast is kept conservative."
17-Sep-2026,2026-09-17,RIM-LASTMAT-FDT-001,,0,,0,,0,,0,,0,Current stock availability is limiting observed demand.
17-Sep-2026,2026-09-17,RIM-LASTMAT-FDT-010,,0,,0,,0,,0,,0,Current stock availability is limiting observed demand.
17-Sep-2026,2026-09-17,RIM-LASTMAT-FDT-085,,0,,0,,0,,0,,0,Current stock availability is limiting observed demand.
17-Sep-2026,2026-09-17,RIM-LASTMAT-FDT-100,,0,,0,,0,,0,,0,Current stock availability is limiting observed demand.
17-Sep-2026,2026-09-17,RIM-LASTMAT-FDT-103,,0,,0,,0,,0,,0,Current stock availability is limiting observed demand.
17-Sep-2026,2026-09-17,RIM-LASTMAT-FDT-201,,0,,0,,0,,0,,0,Current stock availability is limiting observed demand.
17-Sep-2026,2026-09-17,RIM-LASTMAT-FDT-203,,0,,0,,0,,0,,0,Current stock availability is limiting observed demand.
17-Sep-2026,2026-09-17,RIM-LASTMAT-FDT-300,,0,,0,,0,,0,,0,Current stock availability is limiting observed demand.
17-Sep-2026,2026-09-17,RIM-LASTMAT-FDT-304,,0,,0,,0,,0,,0,Current stock availability is limiting observed demand.
17-Sep-2026,2026-09-17,RIM-LASTMAT-FDT-400,,0,,0,,0,,0,,0,Current stock availability is limiting observed demand.
17-Sep-2026,2026-09-17,RIM-LASTMAT-PRIMER,,0,,0,,0,,0,,0,Current stock availability is limiting observed demand.
17-Sep-2026,2026-09-17,RIM-LF-FDT-RG-001,,0,,0,,0,,0,,0,"Demand is intermittent, so the forecast remains conservative."
17-Sep-2026,2026-09-17,RIM-LF-FDT-RG-070,,0,,0,,0,,0,,0,"Demand is intermittent, so the forecast remains conservative."
17-Sep-2026,2026-09-17,RIM-LF-FDT-RG-103,,0,,0,,0,,0,,0,Current stock availability is limiting observed demand.
17-Sep-2026,2026-09-17,RIM-LF-FDT-RG-160,,0,,0,,0,,0,,0,"Demand is intermittent, so the forecast remains conservative."
17-Sep-2026,2026-09-17,RIM-LF-FDT-RG-170,,0,,0,,0,,0,,0,"Demand is intermittent, so the forecast remains conservative."
17-Sep-2026,2026-09-17,RIM-LF-FDT-RG-200,,0,,0,,0,,0,,0,Current stock availability is limiting observed demand.
17-Sep-2026,2026-09-17,RIM-LF-FDT-RG-203,,0,,0,,0,,0,,0,"Demand is intermittent, so the forecast remains conservative."
17-Sep-2026,2026-09-17,RIM-LF-FDT-RG-210,,0,,0,,0,,0,,0,Current stock availability is limiting observed demand.
17-Sep-2026,2026-09-17,RIM-LF-FDT-RG-303,,0,,0,,0,,0,,0,Current stock availability is limiting observed demand.
17-Sep-2026,2026-09-17,RIM-LF-LS-002,,0,,0,,0,,0,,0,Current stock availability is limiting observed demand.
17-Sep-2026,2026-09-17,RIM-LF-LS-006,,0,,0,,0,,0,,0,"Demand is intermittent, so the forecast remains conservative."
17-Sep-2026,2026-09-17,RIM-LF-LS-006-2PK,,0,,0,,0,,0,,0,"Demand is intermittent, so the forecast remains conservative."
17-Sep-2026,2026-09-17,RIM-LF-LS-006-3PK,,0,,0,,0,,0,,0,"Demand is intermittent, so the forecast remains conservative."
17-Sep-2026,2026-09-17,RIM-LF-LS-006-5PK,,0,,0,,0,,0,,0,"Demand is intermittent, so the forecast remains conservative."
17-Sep-2026,2026-09-17,RIM-LF-LS-058,,0,,0,,0,,0,,0,Current stock availability is limiting observed demand.
17-Sep-2026,2026-09-17,RIM-LF-LS-058-2PK,,0,,0,,0,,0,,0,"Demand is intermittent, so the forecast remains conservative."
17-Sep-2026,2026-09-17,RIM-LF-LS-058-3PK,,0,,0,,0,,0,,0,"Demand is intermittent, so the forecast remains conservative."
17-Sep-2026,2026-09-17,RIM-LF-LS-066,,0,,0,,0,,0,,0,Current stock availability is limiting observed demand.
17-Sep-2026,2026-09-17,RIM-LF-LS-066-2PK,,0,,0,,0,,0,,0,"Demand is intermittent, so the forecast remains conservative."
17-Sep-2026,2026-09-17,RIM-LF-LS-066-3PK,,0,,0,,0,,0,,0,Current stock availability is limiting observed demand.
17-Sep-2026,2026-09-17,RIM-LF-LS-066-5PK,,0,,0,,0,,0,,0,"Demand is intermittent, so the forecast remains conservative."
17-Sep-2026,2026-09-17,RIM-LF-LS-070,,0,,0,,0,,0,,0,Current stock availability is limiting observed demand.
17-Sep-2026,2026-09-17,RIM-LF-LS-070-2PK,,0,,0,,0,,0,,0,"Demand is intermittent, so the forecast remains conservative."
17-Sep-2026,2026-09-17,RIM-LF-LS-070-3PK,,0,,0,,0,,0,,0,"Demand is intermittent, so the forecast remains conservative."
17-Sep-2026,2026-09-17,RIM-LF-LS-070-5PK,,0,,0,,0,,0,,0,"Demand is intermittent, so the forecast remains conservative."
17-Sep-2026,2026-09-17,RIM-LF-LS-077,,1,,4,,0,,0,,5,Stable historical demand with consistent recent sales.
17-Sep-2026,2026-09-17,RIM-LF-LS-084,,0,,1,,0,,0,,1,"Recent demand is volatile, so the forecast is kept conservative."
17-Sep-2026,2026-09-17,RIM-LF-LS-086,,0,,0,,0,,0,,0,Current stock availability is limiting observed demand.
17-Sep-2026,2026-09-17,RIM-LF-LS-086-2PK,,0,,0,,0,,0,,0,"Demand is intermittent, so the forecast remains conservative."
17-Sep-2026,2026-09-17,RIM-LF-LS-086-3PK,,0,,0,,0,,0,,0,"Demand is intermittent, so the forecast remains conservative."
17-Sep-2026,2026-09-17,RIM-LF-LS-086-5PK,,0,,0,,0,,0,,0,Current stock availability is limiting observed demand.
17-Sep-2026,2026-09-17,RIM-LF-LS-100,,0,,0,,0,,0,,0,"Recent demand is volatile, so the forecast is kept conservative."
17-Sep-2026,2026-09-17,RIM-LF-LS-101,,0,,1,,0,,0,,1,"Recent demand is volatile, so the forecast is kept conservative."
17-Sep-2026,2026-09-17,RIM-LF-LS-107,,0,,0,,0,,0,,0,Current stock availability is limiting observed demand.
17-Sep-2026,2026-09-17,RIM-LF-LS-170,,0,,0,,0,,0,,0,"Recent demand is volatile, so the forecast is kept conservative."
17-Sep-2026,2026-09-17,RIM-LF-LS-200,,0,,0,,0,,0,,0,Current stock availability is limiting observed demand.
17-Sep-2026,2026-09-17,RIM-LF-LS-206,,1,,1,,0,,0,,2,"Recent demand is volatile, so the forecast is kept conservative."
17-Sep-2026,2026-09-17,RIM-LF-LS-206-2PK,,0,,0,,0,,0,,0,"Recent demand is volatile, so the forecast is kept conservative."
17-Sep-2026,2026-09-17,RIM-LF-LS-206-3PK,,0,,0,,0,,0,,0,"Recent demand is volatile, so the forecast is kept conservative."
17-Sep-2026,2026-09-17,RIM-LF-LS-206-5PK,,0,,0,,0,,0,,0,Current stock availability is limiting observed demand.
17-Sep-2026,2026-09-17,RIM-LF-LS-264,,0,,0,,0,,0,,0,Current stock availability is limiting observed demand.
17-Sep-2026,2026-09-17,RIM-LF-LS-264-2PK,,0,,0,,0,,0,,0,Current stock availability is limiting observed demand.
17-Sep-2026,2026-09-17,RIM-LF-LS-264-3PK,,0,,0,,0,,0,,0,"Demand is intermittent, so the forecast remains conservative."
17-Sep-2026,2026-09-17,RIM-LF-LS-264-5PK,,0,,0,,0,,0,,0,"Demand is intermittent, so the forecast remains conservative."
17-Sep-2026,2026-09-17,RIM-LF-LS-500,,0,,0,,0,,0,,0,Current stock availability is limiting observed demand.
17-Sep-2026,2026-09-17,RIM-LF-LS-710,,0,,0,,0,,0,,0,Current stock availability is limiting observed demand.
17-Sep-2026,2026-09-17,RIM-LF-LS-800,,0,,0,,0,,0,,0,Current stock availability is limiting observed demand.
17-Sep-2026,2026-09-17,RIM-LF-LS-KATE-001,,0,,0,,0,,0,,0,"Demand is intermittent, so the forecast remains conservative."
17-Sep-2026,2026-09-17,RIM-LF-LS-KATE-005,,0,,0,,0,,0,,0,"Demand is intermittent, so the forecast remains conservative."
17-Sep-2026,2026-09-17,RIM-LF-LS-KATE-008,,0,,0,,0,,0,,0,"Demand is intermittent, so the forecast remains conservative."
17-Sep-2026,2026-09-17,RIM-LF-LS-KATE-008-2PK,,0,,0,,0,,0,,0,"Demand is intermittent, so the forecast remains conservative."
17-Sep-2026,2026-09-17,RIM-LF-LS-KATE-008-3PK,,0,,0,,0,,0,,0,"Demand is intermittent, so the forecast remains conservative."
17-Sep-2026,2026-09-17,RIM-LF-MATTE-170,,0,,0,,0,,0,,0,"Demand is intermittent, so the forecast remains conservative."
17-Sep-2026,2026-09-17,RIM-LF-MATTE-180,,0,,0,,0,,0,,0,"Demand is intermittent, so the forecast remains conservative."
17-Sep-2026,2026-09-17,RIM-LF-MATTE-220,,0,,0,,0,,0,,0,Current stock availability is limiting observed demand.
17-Sep-2026,2026-09-17,RIM-LF-MATTE-230,,0,,0,,0,,0,,0,Current stock availability is limiting observed demand.
17-Sep-2026,2026-09-17,RIM-LF-MATTE-530,,0,,0,,0,,0,,0,Current stock availability is limiting observed demand.
17-Sep-2026,2026-09-17,RIM-LF-MATTE-715,,0,,0,,0,,0,,0,"Recent demand is volatile, so the forecast is kept conservative."
17-Sep-2026,2026-09-17,RIM-LF-MATTE-730,,0,,0,,0,,0,,0,Current stock availability is limiting observed demand.
17-Sep-2026,2026-09-17,RIM-LF-SG-LS-900,,0,,0,,0,,0,,0,"Recent demand is volatile, so the forecast is kept conservative."
17-Sep-2026,2026-09-17,RIM-LF-SG-LS-901,,0,,0,,0,,0,,0,"Recent demand is volatile, so the forecast is kept conservative."
17-Sep-2026,2026-09-17,RIM-LF-SG-LS-902,,0,,0,,0,,0,,0,"Recent demand is volatile, so the forecast is kept conservative."
17-Sep-2026,2026-09-17,RIM-LF-SG-LS-903,,0,,0,,0,,0,,0,"Recent demand is volatile, so the forecast is kept conservative."
17-Sep-2026,2026-09-17,RIM-LF-SG-LS-904,,0,,1,,0,,0,,1,"Recent demand is volatile, so the forecast is kept conservative."
17-Sep-2026,2026-09-17,RIM-LF-SG-LS-905,,0,,0,,0,,0,,0,"Recent demand is volatile, so the forecast is kept conservative."
17-Sep-2026,2026-09-17,RIM-LR-CCLR-EYEILLUM-010,,0,,0,,0,,0,,0,Current stock availability is limiting observed demand.
17-Sep-2026,2026-09-17,RIM-LR-CCLR-EYEILLUM-030,,0,,0,,0,,0,,0,Current stock availability is limiting observed demand.
17-Sep-2026,2026-09-17,RIM-MAGNIF-MONO-004,,0,,0,,0,,0,,0,Current stock availability is limiting observed demand.
17-Sep-2026,2026-09-17,RIM-MAGNIF-MONO-006,,0,,0,,0,,0,,0,"Demand is intermittent, so the forecast remains conservative."
17-Sep-2026,2026-09-17,RIM-MAGNIF-MONO-008,,0,,0,,0,,0,,0,Current stock availability is limiting observed demand.
17-Sep-2026,2026-09-17,RIM-MAGNIF-MONO-014,,0,,0,,0,,0,,0,Current stock availability is limiting observed demand.
17-Sep-2026,2026-09-17,RIM-MAGNIF-MONO-014-2PK,,0,,0,,0,,0,,0,Current stock availability is limiting observed demand.
17-Sep-2026,2026-09-17,RIM-MAGNIF-MONO-014-3PK,,0,,0,,0,,0,,0,"Demand is intermittent, so the forecast remains conservative."
17-Sep-2026,2026-09-17,RIM-MAGNIF-PAL-001,,0,,0,,0,,0,,0,"Recent demand is volatile, so the forecast is kept conservative."
17-Sep-2026,2026-09-17,RIM-MAGNIF-PAL-004,,0,,0,,0,,0,,0,"Demand is intermittent, so the forecast remains conservative."
17-Sep-2026,2026-09-17,RIM-MAGNIF-PAL-005,,0,,0,,0,,0,,0,"Recent demand is volatile, so the forecast is kept conservative."
17-Sep-2026,2026-09-17,RIM-MAGNIF-PAL-006,,0,,0,,0,,0,,0,Current stock availability is limiting observed demand.
17-Sep-2026,2026-09-17,RIM-MAGNIF-PAL-008,,0,,0,,0,,0,,0,Current stock availability is limiting observed demand.
17-Sep-2026,2026-09-17,RIM-MAGNIF-PAL-009,,0,,0,,0,,0,,0,Current stock availability is limiting observed demand.
17-Sep-2026,2026-09-17,RIM-MATCH-PWDR,,0,,0,,0,,0,,0,Current stock availability is limiting observed demand.
17-Sep-2026,2026-09-17,RIM-MAXI-BLUSH-001,,0,,0,,0,,0,,0,"Recent demand is volatile, so the forecast is kept conservative."
17-Sep-2026,2026-09-17,RIM-MAXI-BLUSH-001-2PK,,0,,0,,0,,0,,0,"Demand is intermittent, so the forecast remains conservative."
17-Sep-2026,2026-09-17,RIM-MAXI-BLUSH-001-3PK,,0,,0,,0,,0,,0,"Demand is intermittent, so the forecast remains conservative."
17-Sep-2026,2026-09-17,RIM-MAXI-BLUSH-003,,0,,0,,0,,0,,0,"Recent demand is volatile, so the forecast is kept conservative."
17-Sep-2026,2026-09-17,RIM-MAXI-BLUSH-005,,0,,0,,0,,0,,0,"Recent demand is volatile, so the forecast is kept conservative."
17-Sep-2026,2026-09-17,RIM-MAXI-BLUSH-006,,0,,0,,0,,0,,0,"Recent demand is volatile, so the forecast is kept conservative."
17-Sep-2026,2026-09-17,RIM-MBP-001,,0,,0,,0,,0,,0,"Recent demand is volatile, so the forecast is kept conservative."
17-Sep-2026,2026-09-17,RIM-MBP-002,,0,,1,,0,,0,,1,"Recent demand is volatile, so the forecast is kept conservative."
17-Sep-2026,2026-09-17,RIM-MBP-003,,5,,0,,0,,0,,5,Stable historical demand with consistent recent sales.
17-Sep-2026,2026-09-17,RIM-MICRO-BRW-001,,0,,0,,0,,0,,0,"Demand is intermittent, so the forecast remains conservative."
17-Sep-2026,2026-09-17,RIM-MICRO-BRW-002,,0,,0,,0,,0,,0,"Recent demand is volatile, so the forecast is kept conservative."
17-Sep-2026,2026-09-17,RIM-MICRO-BRW-003,,1,,0,,0,,0,,1,"Recent demand is volatile, so the forecast is kept conservative."
17-Sep-2026,2026-09-17,RIM-MICRO-BRW-004,,0,,0,,0,,0,,0,Current stock availability is limiting observed demand.
17-Sep-2026,2026-09-17,RIM-MINI-PWRPAL-001,,0,,0,,0,,0,,0,Current stock availability is limiting observed demand.
17-Sep-2026,2026-09-17,RIM-MINI-PWRPAL-002,,0,,0,,0,,0,,0,"Demand is intermittent, so the forecast remains conservative."
17-Sep-2026,2026-09-17,RIM-MOIST-LPK-100,,0,,0,,0,,0,,0,Current stock availability is limiting observed demand.
17-Sep-2026,2026-09-17,RIM-MOIST-LPK-140,,0,,0,,0,,0,,0,Current stock availability is limiting observed demand.
17-Sep-2026,2026-09-17,RIM-MOIST-LPK-180,,0,,0,,0,,0,,0,Current stock availability is limiting observed demand.
17-Sep-2026,2026-09-17,RIM-MOIST-LPK-180-2PK,,0,,0,,0,,0,,0,"Demand is intermittent, so the forecast remains conservative."
17-Sep-2026,2026-09-17,RIM-MOIST-LPK-180-3PK,,0,,0,,0,,0,,0,"Demand is intermittent, so the forecast remains conservative."
17-Sep-2026,2026-09-17,RIM-MOIST-LPK-180-5PK,,0,,0,,0,,0,,0,"Demand is intermittent, so the forecast remains conservative."
17-Sep-2026,2026-09-17,RIM-MOIST-LPK-200,,0,,0,,0,,0,,0,"Demand is intermittent, so the forecast remains conservative."
17-Sep-2026,2026-09-17,RIM-MOIST-LPK-200-2PK,,0,,0,,0,,0,,0,Current stock availability is limiting observed demand.
17-Sep-2026,2026-09-17,RIM-MOIST-LPK-200-3PK,,0,,0,,0,,0,,0,"Demand is intermittent, so the forecast remains conservative."
17-Sep-2026,2026-09-17,RIM-MOIST-LPK-200-5PK,,0,,0,,0,,0,,0,"Demand is intermittent, so the forecast remains conservative."
17-Sep-2026,2026-09-17,RIM-MOIST-LPK-210,,0,,0,,0,,0,,0,Current stock availability is limiting observed demand.
17-Sep-2026,2026-09-17,RIM-MOIST-LPK-260,,0,,0,,0,,0,,0,"Demand is intermittent, so the forecast remains conservative."
17-Sep-2026,2026-09-17,RIM-MOIST-LPK-360,,0,,0,,0,,0,,0,Current stock availability is limiting observed demand.
17-Sep-2026,2026-09-17,RIM-MOIST-LPK-510,,0,,0,,0,,0,,0,"Recent demand is volatile, so the forecast is kept conservative."
17-Sep-2026,2026-09-17,RIM-MSC-ACCEL-BLK,,1,,1,,0,,0,,2,"Recent demand is volatile, so the forecast is kept conservative."
17-Sep-2026,2026-09-17,RIM-MSC-ACCEL-BLK-2PK,,0,,0,,0,,0,,0,"Demand is intermittent, so the forecast remains conservative."
17-Sep-2026,2026-09-17,RIM-MSC-ACCEL-BLK-3PK,,0,,0,,0,,0,,0,"Recent demand is volatile, so the forecast is kept conservative."
17-Sep-2026,2026-09-17,RIM-MSC-ACCEL-BLK-5PK,,0,,0,,0,,0,,0,"Recent demand is volatile, so the forecast is kept conservative."
17-Sep-2026,2026-09-17,RIM-MSC-CURL-003,,0,,0,,0,,0,,0,Current stock availability is limiting observed demand.
17-Sep-2026,2026-09-17,RIM-MSC-E3DL-003,,0,,6,,0,,0,,6,"Recent demand is volatile, so the forecast is kept conservative."
17-Sep-2026,2026-09-17,RIM-MSC-E3DL-003-2PK,,0,,0,,0,,0,,0,"Demand is intermittent, so the forecast remains conservative."
17-Sep-2026,2026-09-17,RIM-MSC-E3DL-003-3PK,,0,,0,,0,,0,,0,"Recent demand is volatile, so the forecast is kept conservative."
17-Sep-2026,2026-09-17,RIM-MSC-E3DL-003-5PK,,0,,0,,0,,0,,0,"Recent demand is volatile, so the forecast is kept conservative."
17-Sep-2026,2026-09-17,RIM-MSC-ELL-003,,0,,5,,0,,0,,5,"Recent demand is volatile, so the forecast is kept conservative."
17-Sep-2026,2026-09-17,RIM-MSC-ELL-003-2PK,,0,,0,,0,,0,,0,"Recent demand is volatile, so the forecast is kept conservative."
17-Sep-2026,2026-09-17,RIM-MSC-ELL-003-3PK,,0,,0,,0,,0,,0,"Demand is intermittent, so the forecast remains conservative."
17-Sep-2026,2026-09-17,RIM-MSC-ELL-003-5PK,,0,,0,,0,,0,,0,"Recent demand is volatile, so the forecast is kept conservative."
17-Sep-2026,2026-09-17,RIM-MSC-ESL-101,,0,,6,,0,,0,,6,"Recent demand is volatile, so the forecast is kept conservative."
17-Sep-2026,2026-09-17,RIM-MSC-ESL-101-2PK,,0,,0,,0,,0,,0,"Recent demand is volatile, so the forecast is kept conservative."
17-Sep-2026,2026-09-17,RIM-MSC-ESL-101-3PK,,0,,0,,0,,0,,0,"Recent demand is volatile, so the forecast is kept conservative."
17-Sep-2026,2026-09-17,RIM-MSC-ESL-101-5PK,,0,,0,,0,,0,,0,"Demand is intermittent, so the forecast remains conservative."
17-Sep-2026,2026-09-17,RIM-MSC-ESL-102,,1,,2,,0,,0,,3,"Recent demand is volatile, so the forecast is kept conservative."
17-Sep-2026,2026-09-17,RIM-MSC-ESL-102-2PK,,0,,0,,0,,0,,0,"Demand is intermittent, so the forecast remains conservative."
17-Sep-2026,2026-09-17,RIM-MSC-ESL-102-3PK,,0,,0,,0,,0,,0,"Recent demand is volatile, so the forecast is kept conservative."
17-Sep-2026,2026-09-17,RIM-MSC-ESL-102-5PK,,0,,0,,0,,0,,0,"Recent demand is volatile, so the forecast is kept conservative."
17-Sep-2026,2026-09-17,RIM-MSC-SCAND-BLK,,0,,0,,0,,0,,0,Current stock availability is limiting observed demand.
17-Sep-2026,2026-09-17,RIM-MSC-SCAND-LYCRA,,0,,0,,0,,0,,0,"Recent demand is volatile, so the forecast is kept conservative."
17-Sep-2026,2026-09-17,RIM-MSC-SCAND-RL-001,,2,,1,,0,,0,,3,"Recent demand is declining, so the forecast is lower."
17-Sep-2026,2026-09-17,RIM-MSC-SCAND-RL-001-2PK,,0,,0,,0,,0,,0,"Recent demand is volatile, so the forecast is kept conservative."
17-Sep-2026,2026-09-17,RIM-MSC-SCAND-RL-001-3PK,,0,,0,,0,,0,,0,"Recent demand is volatile, so the forecast is kept conservative."
17-Sep-2026,2026-09-17,RIM-MSC-SCAND-RL-001-5PK,,0,,0,,0,,0,,0,"Demand is intermittent, so the forecast remains conservative."
17-Sep-2026,2026-09-17,RIM-MSC-SCAND-RL-002,,0,,0,,0,,0,,0,"Recent demand is volatile, so the forecast is kept conservative."
17-Sep-2026,2026-09-17,RIM-MSC-SCAND-RL-003,,0,,0,,0,,0,,0,"Recent demand is volatile, so the forecast is kept conservative."
17-Sep-2026,2026-09-17,RIM-MSC-SCAND-RL-003-2PK,,0,,0,,0,,0,,0,"Demand is intermittent, so the forecast remains conservative."
17-Sep-2026,2026-09-17,RIM-MSC-SCAND-RL-003-3PK,,0,,0,,0,,0,,0,"Demand is intermittent, so the forecast remains conservative."
17-Sep-2026,2026-09-17,RIM-MSC-SCAND-RL-003-5PK,,0,,0,,0,,0,,0,"Recent demand is volatile, so the forecast is kept conservative."
17-Sep-2026,2026-09-17,RIM-MSC-SCAND-VOD-001,,4,,0,,0,,0,,4,"Recent demand is volatile, so the forecast is kept conservative."
17-Sep-2026,2026-09-17,RIM-MSC-SCAND-VOD-002,,0,,0,,0,,0,,0,"Recent demand is volatile, so the forecast is kept conservative."
17-Sep-2026,2026-09-17,RIM-MSC-SCAND-VOD-002-2PK,,0,,0,,0,,0,,0,"Demand is intermittent, so the forecast remains conservative."
17-Sep-2026,2026-09-17,RIM-MSC-SCAND-VOD-002-5PK,,0,,0,,0,,0,,0,"Demand is intermittent, so the forecast remains conservative."
17-Sep-2026,2026-09-17,RIM-MSC-SCAND-VOD-WP,,0,,0,,0,,0,,0,"Recent demand is volatile, so the forecast is kept conservative."
17-Sep-2026,2026-09-17,RIM-MSC-SCAND-WOW-001,,2,,0,,0,,0,,2,"Recent demand is volatile, so the forecast is kept conservative."
17-Sep-2026,2026-09-17,RIM-MSC-SCAND-WOW-003,,0,,0,,0,,0,,0,Current stock availability is limiting observed demand.
17-Sep-2026,2026-09-17,RIM-MSC-SCAND-WOW-WP,,0,,0,,0,,0,,0,"Recent demand is volatile, so the forecast is kept conservative."
17-Sep-2026,2026-09-17,RIM-MSC-THRILLSEEKER-BLKBRWN,,0,,0,,0,,0,,0,"Recent demand is volatile, so the forecast is kept conservative."
17-Sep-2026,2026-09-17,RIM-MSC-THRILLSEEKER-EXTBLACK,,0,,0,,0,,0,,0,"Recent demand is volatile, so the forecast is kept conservative."
17-Sep-2026,2026-09-17,RIM-MSC-VF-X10-001,,0,,0,,0,,0,,0,Current stock availability is limiting observed demand.
17-Sep-2026,2026-09-17,RIM-MSC-VOLCOL-001,,0,,0,,0,,0,,0,Current stock availability is limiting observed demand.
17-Sep-2026,2026-09-17,RIM-MSC-WDF-001,,0,,0,,0,,0,,0,"Demand is intermittent, so the forecast remains conservative."
17-Sep-2026,2026-09-17,RIM-MSC-WDF-003,,0,,0,,0,,0,,0,"Recent demand is volatile, so the forecast is kept conservative."
17-Sep-2026,2026-09-17,RIM-MSC-WDF-WP,,0,,0,,0,,0,,0,"Recent demand is volatile, so the forecast is kept conservative."
17-Sep-2026,2026-09-17,RIM-MSC-WLUX-001,,0,,0,,0,,0,,0,"Recent demand is volatile, so the forecast is kept conservative."
17-Sep-2026,2026-09-17,RIM-MSC-WLUX-002,,0,,0,,0,,0,,0,"Recent demand is volatile, so the forecast is kept conservative."
17-Sep-2026,2026-09-17,RIM-MSC-WLUX-003,,0,,1,,0,,0,,1,"Recent demand is volatile, so the forecast is kept conservative."
17-Sep-2026,2026-09-17,RIM-MSC-WLUX-003-2PK,,0,,0,,0,,0,,0,"Demand is intermittent, so the forecast remains conservative."
17-Sep-2026,2026-09-17,RIM-MSC-WNDR-EXT-001,,0,,0,,0,,0,,0,"Recent demand is volatile, so the forecast is kept conservative."
17-Sep-2026,2026-09-17,RIM-MSC-WNDRBOND-LASH-FILLER-BLK,,0,,0,,0,,0,,0,"Demand is intermittent, so the forecast remains conservative."
17-Sep-2026,2026-09-17,RIM-MULTI-TASK-CLR-010,,0,,0,,0,,0,,0,"Recent demand is volatile, so the forecast is kept conservative."
17-Sep-2026,2026-09-17,RIM-MULTI-TASK-CLR-020,,0,,0,,0,,0,,0,"Recent demand is volatile, so the forecast is kept conservative."
17-Sep-2026,2026-09-17,RIM-MULTI-TASK-CLR-030,,0,,0,,0,,0,,0,"Demand is intermittent, so the forecast remains conservative."
17-Sep-2026,2026-09-17,RIM-MULTI-TASK-CLR-040,,0,,0,,0,,0,,0,"Demand is intermittent, so the forecast remains conservative."
17-Sep-2026,2026-09-17,RIM-MULTI-TASK-CLR-050,,0,,0,,0,,0,,0,"Demand is intermittent, so the forecast remains conservative."
17-Sep-2026,2026-09-17,RIM-MULTI-TASK-CLR-060,,0,,0,,0,,0,,0,Current stock availability is limiting observed demand.
17-Sep-2026,2026-09-17,RIM-MULTI-TASK-CLR-070,,0,,0,,0,,0,,0,"Demand is intermittent, so the forecast remains conservative."
17-Sep-2026,2026-09-17,RIM-MULTI-TASK-CLR-090,,0,,0,,0,,0,,0,Current stock availability is limiting observed demand.
17-Sep-2026,2026-09-17,RIM-MULTI-TASKER-BTF-30ML-002,,0,,0,,0,,0,,0,"Demand is intermittent, so the forecast remains conservative."
17-Sep-2026,2026-09-17,RIM-MULTI-TASKER-BTF-30ML-003,,0,,0,,0,,0,,0,"Demand is intermittent, so the forecast remains conservative."
17-Sep-2026,2026-09-17,RIM-MULTI-TASKER-BTF-30ML-004,,0,,0,,0,,0,,0,"Demand is intermittent, so the forecast remains conservative."
17-Sep-2026,2026-09-17,RIM-NAIL-60S-101,,0,,0,,0,,0,,0,"Recent demand is volatile, so the forecast is kept conservative."
17-Sep-2026,2026-09-17,RIM-NAIL-60S-130,,0,,0,,0,,0,,0,"Recent demand is volatile, so the forecast is kept conservative."
17-Sep-2026,2026-09-17,RIM-NAIL-60S-150,,0,,0,,0,,0,,0,"Demand is intermittent, so the forecast remains conservative."
17-Sep-2026,2026-09-17,RIM-NAIL-60S-151,,0,,0,,0,,0,,0,"Recent demand is volatile, so the forecast is kept conservative."
17-Sep-2026,2026-09-17,RIM-NAIL-60S-152,,0,,0,,0,,0,,0,"Recent demand is volatile, so the forecast is kept conservative."
17-Sep-2026,2026-09-17,RIM-NAIL-60S-153,,0,,0,,0,,0,,0,"Demand is intermittent, so the forecast remains conservative."
17-Sep-2026,2026-09-17,RIM-NAIL-60S-154,,0,,0,,0,,0,,0,"Recent demand is volatile, so the forecast is kept conservative."
17-Sep-2026,2026-09-17,RIM-NAIL-60S-155,,0,,0,,0,,0,,0,"Demand is intermittent, so the forecast remains conservative."
17-Sep-2026,2026-09-17,RIM-NAIL-60S-203,,0,,0,,0,,0,,0,"Recent demand is volatile, so the forecast is kept conservative."
17-Sep-2026,2026-09-17,RIM-NAIL-60S-210,,0,,0,,0,,0,,0,"Recent demand is volatile, so the forecast is kept conservative."
17-Sep-2026,2026-09-17,RIM-NAIL-60S-230,,0,,0,,0,,0,,0,"Recent demand is volatile, so the forecast is kept conservative."
17-Sep-2026,2026-09-17,RIM-NAIL-60S-235,,0,,0,,0,,0,,0,"Recent demand is volatile, so the forecast is kept conservative."
17-Sep-2026,2026-09-17,RIM-NAIL-60S-262,,0,,0,,0,,0,,0,"Recent demand is volatile, so the forecast is kept conservative."
17-Sep-2026,2026-09-17,RIM-NAIL-60S-270,,0,,0,,0,,0,,0,"Recent demand is volatile, so the forecast is kept conservative."
17-Sep-2026,2026-09-17,RIM-NAIL-60S-271,,0,,0,,0,,0,,0,"Recent demand is volatile, so the forecast is kept conservative."
17-Sep-2026,2026-09-17,RIM-NAIL-60S-300,,0,,0,,0,,0,,0,"Recent demand is volatile, so the forecast is kept conservative."
17-Sep-2026,2026-09-17,RIM-NAIL-60S-310,,0,,0,,0,,0,,0,"Recent demand is volatile, so the forecast is kept conservative."
17-Sep-2026,2026-09-17,RIM-NAIL-60S-312,,0,,0,,0,,0,,0,"Recent demand is volatile, so the forecast is kept conservative."
17-Sep-2026,2026-09-17,RIM-NAIL-60S-313,,0,,0,,0,,0,,0,"Recent demand is volatile, so the forecast is kept conservative."
17-Sep-2026,2026-09-17,RIM-NAIL-60S-314,,0,,0,,0,,0,,0,"Recent demand is volatile, so the forecast is kept conservative."
17-Sep-2026,2026-09-17,RIM-NAIL-60S-315,,0,,0,,0,,0,,0,"Recent demand is volatile, so the forecast is kept conservative."
17-Sep-2026,2026-09-17,RIM-NAIL-60S-320,,0,,0,,0,,0,,0,"Recent demand is volatile, so the forecast is kept conservative."
17-Sep-2026,2026-09-17,RIM-NAIL-60S-322,,0,,0,,0,,0,,0,"Recent demand is volatile, so the forecast is kept conservative."
17-Sep-2026,2026-09-17,RIM-NAIL-60S-323,,0,,0,,0,,0,,0,"Recent demand is volatile, so the forecast is kept conservative."
17-Sep-2026,2026-09-17,RIM-NAIL-60S-324,,0,,0,,0,,0,,0,"Recent demand is volatile, so the forecast is kept conservative."
17-Sep-2026,2026-09-17,RIM-NAIL-60S-335,,0,,0,,0,,0,,0,"Recent demand is volatile, so the forecast is kept conservative."
17-Sep-2026,2026-09-17,RIM-NAIL-60S-336,,0,,0,,0,,0,,0,"Recent demand is volatile, so the forecast is kept conservative."
17-Sep-2026,2026-09-17,RIM-NAIL-60S-340,,0,,0,,0,,0,,0,"Recent demand is volatile, so the forecast is kept conservative."
17-Sep-2026,2026-09-17,RIM-NAIL-60S-345,,1,,1,,0,,0,,2,"Recent demand is volatile, so the forecast is kept conservative."
17-Sep-2026,2026-09-17,RIM-NAIL-60S-401,,0,,0,,0,,0,,0,Current stock availability is limiting observed demand.
17-Sep-2026,2026-09-17,RIM-NAIL-60S-404,,0,,0,,0,,0,,0,"Recent demand is volatile, so the forecast is kept conservative."
17-Sep-2026,2026-09-17,RIM-NAIL-60S-405,,0,,0,,0,,0,,0,"Recent demand is volatile, so the forecast is kept conservative."
17-Sep-2026,2026-09-17,RIM-NAIL-60S-406,,0,,0,,0,,0,,0,"Demand is intermittent, so the forecast remains conservative."
17-Sep-2026,2026-09-17,RIM-NAIL-60S-410,,0,,0,,0,,0,,0,"Recent demand is volatile, so the forecast is kept conservative."
17-Sep-2026,2026-09-17,RIM-NAIL-60S-411,,0,,0,,0,,0,,0,Current stock availability is limiting observed demand.
17-Sep-2026,2026-09-17,RIM-NAIL-60S-430,,0,,0,,0,,0,,0,Current stock availability is limiting observed demand.
17-Sep-2026,2026-09-17,RIM-NAIL-60S-498,,0,,0,,0,,0,,0,"Recent demand is volatile, so the forecast is kept conservative."
17-Sep-2026,2026-09-17,RIM-NAIL-60S-500,,0,,0,,0,,0,,0,"Recent demand is volatile, so the forecast is kept conservative."
17-Sep-2026,2026-09-17,RIM-NAIL-60S-510,,0,,0,,0,,0,,0,"Recent demand is volatile, so the forecast is kept conservative."
17-Sep-2026,2026-09-17,RIM-NAIL-60S-558,,0,,0,,0,,0,,0,"Recent demand is volatile, so the forecast is kept conservative."
17-Sep-2026,2026-09-17,RIM-NAIL-60S-560,,0,,0,,0,,0,,0,"Recent demand is volatile, so the forecast is kept conservative."
17-Sep-2026,2026-09-17,RIM-NAIL-60S-561,,0,,0,,0,,0,,0,"Recent demand is volatile, so the forecast is kept conservative."
17-Sep-2026,2026-09-17,RIM-NAIL-60S-703,,0,,0,,0,,0,,0,"Recent demand is volatile, so the forecast is kept conservative."
17-Sep-2026,2026-09-17,RIM-NAIL-60S-705,,0,,0,,0,,0,,0,"Recent demand is volatile, so the forecast is kept conservative."
17-Sep-2026,2026-09-17,RIM-NAIL-60S-707,,0,,0,,0,,0,,0,"Recent demand is volatile, so the forecast is kept conservative."
17-Sep-2026,2026-09-17,RIM-NAIL-60S-708,,0,,0,,0,,0,,0,Current stock availability is limiting observed demand.
17-Sep-2026,2026-09-17,RIM-NAIL-60S-709,,0,,0,,0,,0,,0,"Recent demand is volatile, so the forecast is kept conservative."
17-Sep-2026,2026-09-17,RIM-NAIL-60S-710,,0,,0,,0,,0,,0,"Recent demand is volatile, so the forecast is kept conservative."
17-Sep-2026,2026-09-17,RIM-NAIL-60S-711,,0,,0,,0,,0,,0,"Recent demand is volatile, so the forecast is kept conservative."
17-Sep-2026,2026-09-17,RIM-NAIL-60S-712,,0,,0,,0,,0,,0,Current stock availability is limiting observed demand.
17-Sep-2026,2026-09-17,RIM-NAIL-60S-713,,0,,0,,0,,0,,0,"Recent demand is volatile, so the forecast is kept conservative."
17-Sep-2026,2026-09-17,RIM-NAIL-60S-714,,0,,0,,0,,0,,0,"Recent demand is volatile, so the forecast is kept conservative."
17-Sep-2026,2026-09-17,RIM-NAIL-60S-715,,0,,0,,0,,0,,0,Current stock availability is limiting observed demand.
17-Sep-2026,2026-09-17,RIM-NAIL-60S-718,,0,,0,,0,,0,,0,"Recent demand is volatile, so the forecast is kept conservative."
17-Sep-2026,2026-09-17,RIM-NAIL-60S-719,,0,,0,,0,,0,,0,"Recent demand is volatile, so the forecast is kept conservative."
17-Sep-2026,2026-09-17,RIM-NAIL-60S-720,,0,,0,,0,,0,,0,"Recent demand is volatile, so the forecast is kept conservative."
17-Sep-2026,2026-09-17,RIM-NAIL-60S-721,,0,,0,,0,,0,,0,"Recent demand is volatile, so the forecast is kept conservative."
17-Sep-2026,2026-09-17,RIM-NAIL-60S-722,,0,,0,,0,,0,,0,"Recent demand is volatile, so the forecast is kept conservative."
17-Sep-2026,2026-09-17,RIM-NAIL-60S-730,,0,,0,,0,,0,,0,Current stock availability is limiting observed demand.
17-Sep-2026,2026-09-17,RIM-NAIL-60S-740,,0,,0,,0,,0,,0,"Recent demand is volatile, so the forecast is kept conservative."
17-Sep-2026,2026-09-17,RIM-NAIL-60S-807,,0,,0,,0,,0,,0,"Recent demand is volatile, so the forecast is kept conservative."
17-Sep-2026,2026-09-17,RIM-NAIL-60S-809,,0,,0,,0,,0,,0,"Recent demand is volatile, so the forecast is kept conservative."
17-Sep-2026,2026-09-17,RIM-NAIL-60S-810,,0,,0,,0,,0,,0,"Recent demand is volatile, so the forecast is kept conservative."
17-Sep-2026,2026-09-17,RIM-NAIL-60S-811,,0,,0,,0,,0,,0,"Recent demand is volatile, so the forecast is kept conservative."
17-Sep-2026,2026-09-17,RIM-NAIL-60S-812,,0,,0,,0,,0,,0,Current stock availability is limiting observed demand.
17-Sep-2026,2026-09-17,RIM-NAIL-60S-820,,0,,0,,0,,0,,0,"Demand is intermittent, so the forecast remains conservative."
17-Sep-2026,2026-09-17,RIM-NAIL-60S-828,,0,,0,,0,,0,,0,"Recent demand is volatile, so the forecast is kept conservative."
17-Sep-2026,2026-09-17,RIM-NAIL-60S-831,,0,,0,,0,,0,,0,"Demand is intermittent, so the forecast remains conservative."
17-Sep-2026,2026-09-17,RIM-NAIL-60S-833,,0,,0,,0,,0,,0,"Recent demand is volatile, so the forecast is kept conservative."
17-Sep-2026,2026-09-17,RIM-NAIL-60S-834,,0,,0,,0,,0,,0,"Recent demand is volatile, so the forecast is kept conservative."
17-Sep-2026,2026-09-17,RIM-NAIL-60S-853,,0,,0,,0,,0,,0,"Recent demand is volatile, so the forecast is kept conservative."
17-Sep-2026,2026-09-17,RIM-NAIL-60S-878,,0,,0,,0,,0,,0,Current stock availability is limiting observed demand.
17-Sep-2026,2026-09-17,RIM-NAIL-60S-900,,0,,1,,0,,0,,1,"Recent demand is volatile, so the forecast is kept conservative."
17-Sep-2026,2026-09-17,RIM-NAIL-60S-901,,0,,0,,0,,0,,0,Current stock availability is limiting observed demand.
17-Sep-2026,2026-09-17,RIM-NAIL-60S-902,,2,,1,,0,,0,,3,"Recent demand is volatile, so the forecast is kept conservative."
17-Sep-2026,2026-09-17,RIM-NAIL-60S-905,,0,,0,,0,,0,,0,"Recent demand is volatile, so the forecast is kept conservative."
17-Sep-2026,2026-09-17,RIM-NAIL-60S-BUNDLE-10PCS-V1,,0,,0,,0,,0,,0,"Recent demand is volatile, so the forecast is kept conservative."
17-Sep-2026,2026-09-17,RIM-NAIL-60S-BUNDLE-10PCS-V2,,0,,0,,0,,0,,0,"Demand is intermittent, so the forecast remains conservative."
17-Sep-2026,2026-09-17,RIM-NAIL-60S-BUNDLE-10PCS-V3,,0,,0,,0,,0,,0,"Recent demand is volatile, so the forecast is kept conservative."
17-Sep-2026,2026-09-17,RIM-NAIL-60S-BUNDLE-15PCS-V1,,0,,0,,0,,0,,0,Current stock availability is limiting observed demand.
17-Sep-2026,2026-09-17,RIM-NAIL-60S-BUNDLE-5PCS-V1,,0,,0,,0,,0,,0,"Demand is intermittent, so the forecast remains conservative."
17-Sep-2026,2026-09-17,RIM-NAIL-60S-BUNDLE-5PCS-V2,,0,,0,,0,,0,,0,"Demand is intermittent, so the forecast remains conservative."
17-Sep-2026,2026-09-17,RIM-NAIL-60S-BUNDLE-5PCS-V3,,0,,0,,0,,0,,0,"Recent demand is volatile, so the forecast is kept conservative."
17-Sep-2026,2026-09-17,RIM-NAIL-60S-BUNDLE-5PCS-V4,,0,,0,,0,,0,,0,"Demand is intermittent, so the forecast remains conservative."
17-Sep-2026,2026-09-17,RIM-NAIL-60S-BUNDLE-RED-5,,0,,0,,0,,0,,0,"Recent demand is volatile, so the forecast is kept conservative."
17-Sep-2026,2026-09-17,RIM-NAIL-60S-BUNDLE-SUMMER-5,,0,,0,,0,,0,,0,"Demand is intermittent, so the forecast remains conservative."
17-Sep-2026,2026-09-17,RIM-NAIL-60S-MIX-10PCS,,0,,0,,0,,0,,0,"Recent demand is volatile, so the forecast is kept conservative."
17-Sep-2026,2026-09-17,RIM-NAIL-60S-MIX-15PCS,,0,,0,,0,,0,,0,Current stock availability is limiting observed demand.
17-Sep-2026,2026-09-17,RIM-NAIL-60S-MIX-8PCS,,0,,0,,0,,0,,0,"Demand is intermittent, so the forecast remains conservative."
17-Sep-2026,2026-09-17,RIM-NAIL-FT-TOPCOAT,,0,,0,,0,,0,,0,Current stock availability is limiting observed demand.
17-Sep-2026,2026-09-17,RIM-NAIL-FT-TOPCOAT-2PK,,0,,0,,0,,0,,0,"Demand is intermittent, so the forecast remains conservative."
17-Sep-2026,2026-09-17,RIM-NAIL-GLITTER-BOMB-019,,0,,0,,0,,0,,0,Current stock availability is limiting observed demand.
17-Sep-2026,2026-09-17,RIM-NAIL-NN-5IN1,,0,,0,,0,,0,,0,Current stock availability is limiting observed demand.
17-Sep-2026,2026-09-17,RIM-NAIL-NN-STRONGER,,0,,0,,0,,0,,0,Current stock availability is limiting observed demand.
17-Sep-2026,2026-09-17,RIM-NAIL-SUPERGEL-001,,0,,0,,0,,0,,0,"Demand is intermittent, so the forecast remains conservative."
17-Sep-2026,2026-09-17,RIM-NAIL-SUPERGEL-008,,0,,0,,0,,0,,0,"Recent demand is volatile, so the forecast is kept conservative."
17-Sep-2026,2026-09-17,RIM-NAIL-SUPERGEL-012,,1,,0,,0,,0,,1,"Recent demand is volatile, so the forecast is kept conservative."
17-Sep-2026,2026-09-17,RIM-NAIL-SUPERGEL-014,,0,,0,,0,,0,,0,Current stock availability is limiting observed demand.
17-Sep-2026,2026-09-17,RIM-NAIL-SUPERGEL-020,,0,,0,,0,,0,,0,Current stock availability is limiting observed demand.
17-Sep-2026,2026-09-17,RIM-NAIL-SUPERGEL-021,,0,,0,,0,,0,,0,"Recent demand is volatile, so the forecast is kept conservative."
17-Sep-2026,2026-09-17,RIM-NAIL-SUPERGEL-022,,0,,0,,0,,0,,0,"Recent demand is volatile, so the forecast is kept conservative."
17-Sep-2026,2026-09-17,RIM-NAIL-SUPERGEL-023,,0,,0,,0,,0,,0,Current stock availability is limiting observed demand.
17-Sep-2026,2026-09-17,RIM-NAIL-SUPERGEL-023-2PK,,0,,0,,0,,0,,0,"Demand is intermittent, so the forecast remains conservative."
17-Sep-2026,2026-09-17,RIM-NAIL-SUPERGEL-023-5PK,,0,,0,,0,,0,,0,"Demand is intermittent, so the forecast remains conservative."
17-Sep-2026,2026-09-17,RIM-NAIL-SUPERGEL-024,,0,,0,,0,,0,,0,"Recent demand is volatile, so the forecast is kept conservative."
17-Sep-2026,2026-09-17,RIM-NAIL-SUPERGEL-025,,0,,0,,0,,0,,0,"Recent demand is volatile, so the forecast is kept conservative."
17-Sep-2026,2026-09-17,RIM-NAIL-SUPERGEL-026,,0,,0,,0,,0,,0,"Recent demand is volatile, so the forecast is kept conservative."
17-Sep-2026,2026-09-17,RIM-NAIL-SUPERGEL-027,,0,,0,,0,,0,,0,Current stock availability is limiting observed demand.
17-Sep-2026,2026-09-17,RIM-NAIL-SUPERGEL-030,,0,,0,,0,,0,,0,Current stock availability is limiting observed demand.
17-Sep-2026,2026-09-17,RIM-NAIL-SUPERGEL-031,,0,,0,,0,,0,,0,Current stock availability is limiting observed demand.
17-Sep-2026,2026-09-17,RIM-NAIL-SUPERGEL-032,,0,,0,,0,,0,,0,"Recent demand is volatile, so the forecast is kept conservative."
17-Sep-2026,2026-09-17,RIM-NAIL-SUPERGEL-033,,0,,0,,0,,0,,0,"Recent demand is volatile, so the forecast is kept conservative."
17-Sep-2026,2026-09-17,RIM-NAIL-SUPERGEL-035,,0,,0,,0,,0,,0,"Recent demand is volatile, so the forecast is kept conservative."
17-Sep-2026,2026-09-17,RIM-NAIL-SUPERGEL-042,,0,,0,,0,,0,,0,"Recent demand is volatile, so the forecast is kept conservative."
17-Sep-2026,2026-09-17,RIM-NAIL-SUPERGEL-043,,0,,0,,0,,0,,0,"Recent demand is volatile, so the forecast is kept conservative."
17-Sep-2026,2026-09-17,RIM-NAIL-SUPERGEL-044,,0,,0,,0,,0,,0,Current stock availability is limiting observed demand.
17-Sep-2026,2026-09-17,RIM-NAIL-SUPERGEL-045,,0,,0,,0,,0,,0,"Recent demand is volatile, so the forecast is kept conservative."
17-Sep-2026,2026-09-17,RIM-NAIL-SUPERGEL-052,,0,,0,,0,,0,,0,Current stock availability is limiting observed demand.
17-Sep-2026,2026-09-17,RIM-NAIL-SUPERGEL-054,,0,,0,,0,,0,,0,"Recent demand is volatile, so the forecast is kept conservative."
17-Sep-2026,2026-09-17,RIM-NAIL-SUPERGEL-056,,0,,0,,0,,0,,0,"Recent demand is volatile, so the forecast is kept conservative."
17-Sep-2026,2026-09-17,RIM-NAIL-SUPERGEL-058,,0,,0,,0,,0,,0,"Demand is intermittent, so the forecast remains conservative."
17-Sep-2026,2026-09-17,RIM-NAIL-SUPERGEL-069,,0,,0,,0,,0,,0,Current stock availability is limiting observed demand.
17-Sep-2026,2026-09-17,RIM-NAIL-SUPERGEL-070,,0,,0,,0,,0,,0,Current stock availability is limiting observed demand.
17-Sep-2026,2026-09-17,RIM-NAIL-SUPERGEL-071,,0,,0,,0,,0,,0,"Recent demand is volatile, so the forecast is kept conservative."
17-Sep-2026,2026-09-17,RIM-NAIL-SUPERGEL-083,,0,,0,,0,,0,,0,"Recent demand is volatile, so the forecast is kept conservative."
17-Sep-2026,2026-09-17,RIM-NAIL-SUPERGEL-090,,0,,0,,0,,0,,0,Current stock availability is limiting observed demand.
17-Sep-2026,2026-09-17,RIM-NAIL-SUPERGEL-091,,0,,0,,0,,0,,0,"Recent demand is volatile, so the forecast is kept conservative."
17-Sep-2026,2026-09-17,RIM-NAIL-SUPERGEL-091A,,1,,0,,0,,0,,1,"Recent demand is volatile, so the forecast is kept conservative."
17-Sep-2026,2026-09-17,RIM-NAIL-SUPERGEL-094,,0,,0,,0,,0,,0,"Recent demand is volatile, so the forecast is kept conservative."
17-Sep-2026,2026-09-17,RIM-NAIL-SUPERGEL-095,,0,,0,,0,,0,,0,"Recent demand is volatile, so the forecast is kept conservative."
17-Sep-2026,2026-09-17,RIM-NAIL-SUPERGEL-096,,0,,0,,0,,0,,0,"Demand is intermittent, so the forecast remains conservative."
17-Sep-2026,2026-09-17,RIM-NAIL-SUPERGEL-097,,0,,0,,0,,0,,0,"Recent demand is volatile, so the forecast is kept conservative."
17-Sep-2026,2026-09-17,RIM-NAIL-SUPERGEL-098,,0,,0,,0,,0,,0,Current stock availability is limiting observed demand.
17-Sep-2026,2026-09-17,RIM-NAIL-SUPERGEL-099,,0,,0,,0,,0,,0,"Recent demand is volatile, so the forecast is kept conservative."
17-Sep-2026,2026-09-17,RIM-NATURALBRONZER-001,,0,,0,,0,,0,,0,Current stock availability is limiting observed demand.
17-Sep-2026,2026-09-17,RIM-NATURALBRONZER-002,,0,,0,,0,,0,,0,"Recent demand is volatile, so the forecast is kept conservative."
17-Sep-2026,2026-09-17,RIM-NATURALBRONZER-002-3PK,,0,,0,,0,,0,,0,"Demand is intermittent, so the forecast remains conservative."
17-Sep-2026,2026-09-17,RIM-OMG-LIP-130,,0,,1,,0,,0,,1,"Recent demand is volatile, so the forecast is kept conservative."
17-Sep-2026,2026-09-17,RIM-OMG-LIP-150,,0,,0,,0,,0,,0,"Recent demand is volatile, so the forecast is kept conservative."
17-Sep-2026,2026-09-17,RIM-OMG-LIP-160,,0,,0,,0,,0,,0,"Recent demand is volatile, so the forecast is kept conservative."
17-Sep-2026,2026-09-17,RIM-OMG-LIP-200,,0,,0,,0,,0,,0,Current stock availability is limiting observed demand.
17-Sep-2026,2026-09-17,RIM-OMG-LIP-210,,0,,0,,0,,0,,0,"Demand is intermittent, so the forecast remains conservative."
17-Sep-2026,2026-09-17,RIM-OMG-LIP-260,,0,,0,,0,,0,,0,Current stock availability is limiting observed demand.
17-Sep-2026,2026-09-17,RIM-OMG-LIP-300,,0,,0,,0,,0,,0,Current stock availability is limiting observed demand.
17-Sep-2026,2026-09-17,RIM-OMG-LIP-330,,0,,0,,0,,0,,0,"Recent demand is volatile, so the forecast is kept conservative."
17-Sep-2026,2026-09-17,RIM-OMG-LIP-400,,0,,0,,0,,0,,0,Current stock availability is limiting observed demand.
17-Sep-2026,2026-09-17,RIM-OMG-LIP-500,,0,,0,,0,,0,,0,"Demand is intermittent, so the forecast remains conservative."
17-Sep-2026,2026-09-17,RIM-OMG-LIP-531,,0,,0,,0,,0,,0,Current stock availability is limiting observed demand.
17-Sep-2026,2026-09-17,RIM-OMG-LIP-758,,0,,0,,0,,0,,0,Current stock availability is limiting observed demand.
17-Sep-2026,2026-09-17,RIM-OMG-LIP-759,,0,,0,,0,,0,,0,"Demand is intermittent, so the forecast remains conservative."
17-Sep-2026,2026-09-17,RIM-OMG-LIP-800,,0,,0,,0,,0,,0,"Recent demand is volatile, so the forecast is kept conservative."
17-Sep-2026,2026-09-17,RIM-OMG-LIP-801,,0,,0,,0,,0,,0,Current stock availability is limiting observed demand.
17-Sep-2026,2026-09-17,RIM-OMG-LIP-LOVEBUG,,0,,0,,0,,0,,0,"Recent demand is volatile, so the forecast is kept conservative."
17-Sep-2026,2026-09-17,RIM-OMG-PLUMP-501,,0,,0,,0,,0,,0,Current stock availability is limiting observed demand.
17-Sep-2026,2026-09-17,RIM-OMG-PLUMP-820,,0,,0,,0,,0,,0,Current stock availability is limiting observed demand.
17-Sep-2026,2026-09-17,RIM-OMP-LIP-SHAPER-010,,0,,0,,0,,0,,0,"Demand is intermittent, so the forecast remains conservative."
17-Sep-2026,2026-09-17,RIM-OMP-LIP-SHAPER-030,,0,,0,,0,,0,,0,"Demand is intermittent, so the forecast remains conservative."
17-Sep-2026,2026-09-17,RIM-OMP-LIP-SHAPER-040,,0,,0,,0,,0,,0,"Demand is intermittent, so the forecast remains conservative."
17-Sep-2026,2026-09-17,RIM-OMP-LIP-SHAPER-050,,0,,0,,0,,0,,0,"Demand is intermittent, so the forecast remains conservative."
17-Sep-2026,2026-09-17,RIM-PROVOCALIP-210,,0,,0,,0,,0,,0,Current stock availability is limiting observed demand.
17-Sep-2026,2026-09-17,RIM-PROVOCALIP-570,,0,,0,,0,,0,,0,"Recent demand is volatile, so the forecast is kept conservative."
17-Sep-2026,2026-09-17,RIM-PROVOCALIP-710,,0,,0,,0,,0,,0,Current stock availability is limiting observed demand.
17-Sep-2026,2026-09-17,RIM-PROVOCALIP-730,,0,,0,,0,,0,,0,"Recent demand is volatile, so the forecast is kept conservative."
17-Sep-2026,2026-09-17,RIM-RADBRICK-001,,0,,0,,0,,0,,0,Current stock availability is limiting observed demand.
17-Sep-2026,2026-09-17,RIM-RADBRICK-002,,0,,0,,0,,0,,0,Current stock availability is limiting observed demand.
17-Sep-2026,2026-09-17,RIM-RADBRICK-003,,0,,0,,0,,0,,0,Current stock availability is limiting observed demand.
17-Sep-2026,2026-09-17,RIM-SCD-EL-WP-001,,1,,1,,0,,0,,2,"Recent demand is volatile, so the forecast is kept conservative."
17-Sep-2026,2026-09-17,RIM-SCD-EL-WP-001-2PK,,0,,0,,0,,0,,0,"Demand is intermittent, so the forecast remains conservative."
17-Sep-2026,2026-09-17,RIM-SCD-EL-WP-001-3PK,,0,,0,,0,,0,,0,"Demand is intermittent, so the forecast remains conservative."
17-Sep-2026,2026-09-17,RIM-SCD-EL-WP-001-5PK,,0,,0,,0,,0,,0,"Demand is intermittent, so the forecast remains conservative."
17-Sep-2026,2026-09-17,RIM-SCD-EL-WP-003,,0,,0,,0,,0,,0,"Recent demand is volatile, so the forecast is kept conservative."
17-Sep-2026,2026-09-17,RIM-SCD-EL-WP-005,,0,,0,,0,,0,,0,"Demand is intermittent, so the forecast remains conservative."
17-Sep-2026,2026-09-17,RIM-SCD-EL-WP-006,,0,,0,,0,,0,,0,Current stock availability is limiting observed demand.
17-Sep-2026,2026-09-17,RIM-SCD-EL-WP-008,,0,,0,,0,,0,,0,Current stock availability is limiting observed demand.
17-Sep-2026,2026-09-17,RIM-SCD-EYE-001,,16,,2,,0,,0,,18,"Recent sales are increasing, so the forecast is higher."
17-Sep-2026,2026-09-17,RIM-SCD-EYE-001-2PK,,0,,0,,0,,0,,0,"Demand is intermittent, so the forecast remains conservative."
17-Sep-2026,2026-09-17,RIM-SCD-EYE-001-3PK,,0,,0,,0,,0,,0,"Demand is intermittent, so the forecast remains conservative."
17-Sep-2026,2026-09-17,RIM-SCD-EYE-001-5PK,,0,,0,,0,,0,,0,"Recent demand is volatile, so the forecast is kept conservative."
17-Sep-2026,2026-09-17,RIM-SCD-EYE-002,,0,,0,,0,,0,,0,Current stock availability is limiting observed demand.
17-Sep-2026,2026-09-17,RIM-SCD-EYE-002-2PK,,0,,0,,0,,0,,0,"Demand is intermittent, so the forecast remains conservative."
17-Sep-2026,2026-09-17,RIM-SCD-EYE-002-3PK,,0,,0,,0,,0,,0,"Demand is intermittent, so the forecast remains conservative."
17-Sep-2026,2026-09-17,RIM-SCD-EYE-002-5PK,,0,,0,,0,,0,,0,"Demand is intermittent, so the forecast remains conservative."
17-Sep-2026,2026-09-17,RIM-SCD-EYE-003,,0,,2,,0,,0,,2,"Recent demand is volatile, so the forecast is kept conservative."
17-Sep-2026,2026-09-17,RIM-SCD-EYE-003-2PK,,0,,0,,0,,0,,0,"Demand is intermittent, so the forecast remains conservative."
17-Sep-2026,2026-09-17,RIM-SCD-EYE-003-3PK,,0,,0,,0,,0,,0,"Demand is intermittent, so the forecast remains conservative."
17-Sep-2026,2026-09-17,RIM-SCD-EYE-003-5PK,,0,,0,,0,,0,,0,"Demand is intermittent, so the forecast remains conservative."
17-Sep-2026,2026-09-17,RIM-SCD-EYE-004,,0,,0,,0,,0,,0,"Recent demand is volatile, so the forecast is kept conservative."
17-Sep-2026,2026-09-17,RIM-SCD-EYE-005,,0,,0,,0,,0,,0,"Recent demand is volatile, so the forecast is kept conservative."
17-Sep-2026,2026-09-17,RIM-SCD-EYE-006,,0,,1,,0,,0,,1,"Recent demand is volatile, so the forecast is kept conservative."
17-Sep-2026,2026-09-17,RIM-SCD-EYE-006-2PK,,0,,0,,0,,0,,0,"Recent demand is volatile, so the forecast is kept conservative."
17-Sep-2026,2026-09-17,RIM-SCD-EYE-006-3PK,,0,,0,,0,,0,,0,"Recent demand is volatile, so the forecast is kept conservative."
17-Sep-2026,2026-09-17,RIM-SCD-EYE-006-5PK,,0,,0,,0,,0,,0,"Recent demand is volatile, so the forecast is kept conservative."
17-Sep-2026,2026-09-17,RIM-SCD-MICRO-EL-001,,0,,0,,0,,0,,0,"Demand is intermittent, so the forecast remains conservative."
17-Sep-2026,2026-09-17,RIM-SM-PRIMER-003,,0,,0,,0,,0,,0,"Demand is intermittent, so the forecast remains conservative."
17-Sep-2026,2026-09-17,RIM-SMLIQ-100,,0,,0,,0,,0,,0,"Demand is intermittent, so the forecast remains conservative."
17-Sep-2026,2026-09-17,RIM-SMLIQ-110,,0,,0,,0,,0,,0,Current stock availability is limiting observed demand.
17-Sep-2026,2026-09-17,RIM-SMLIQ-200,,0,,0,,0,,0,,0,Current stock availability is limiting observed demand.
17-Sep-2026,2026-09-17,RIM-SMLIQ-220,,0,,0,,0,,0,,0,Current stock availability is limiting observed demand.
17-Sep-2026,2026-09-17,RIM-SMLIQ-500,,0,,0,,0,,0,,0,Current stock availability is limiting observed demand.
17-Sep-2026,2026-09-17,RIM-SMLIQ-600,,0,,0,,0,,0,,0,Current stock availability is limiting observed demand.
17-Sep-2026,2026-09-17,RIM-SMLIQ-700,,0,,0,,0,,0,,0,"Recent demand is volatile, so the forecast is kept conservative."
17-Sep-2026,2026-09-17,RIM-SMLIQ-706,,0,,0,,0,,0,,0,Current stock availability is limiting observed demand.
17-Sep-2026,2026-09-17,RIM-SMLIQ-707,,0,,0,,0,,0,,0,Current stock availability is limiting observed demand.
17-Sep-2026,2026-09-17,RIM-SMLIQ-708,,0,,0,,0,,0,,0,Current stock availability is limiting observed demand.
17-Sep-2026,2026-09-17,RIM-SMLIQ-709,,0,,0,,0,,0,,0,Current stock availability is limiting observed demand.
17-Sep-2026,2026-09-17,RIM-SMLIQ-720,,0,,0,,0,,0,,0,Current stock availability is limiting observed demand.
17-Sep-2026,2026-09-17,RIM-SMLIQ-723,,0,,0,,0,,0,,0,Current stock availability is limiting observed demand.
17-Sep-2026,2026-09-17,RIM-SMLIQ-725,,0,,0,,0,,0,,0,Current stock availability is limiting observed demand.
17-Sep-2026,2026-09-17,RIM-SMLIQ-820,,0,,0,,0,,0,,0,Current stock availability is limiting observed demand.
17-Sep-2026,2026-09-17,RIM-SMLIQ-830,,0,,0,,0,,0,,0,"Demand is intermittent, so the forecast remains conservative."
17-Sep-2026,2026-09-17,RIM-SMLIQ-870,,0,,0,,0,,0,,0,"Demand is intermittent, so the forecast remains conservative."
17-Sep-2026,2026-09-17,RIM-SMLQFDT-502,,0,,0,,0,,0,,0,Current stock availability is limiting observed demand.
17-Sep-2026,2026-09-17,RIM-SMPP-001,,1,,5,,0,,0,,6,"Recent demand is volatile, so the forecast is kept conservative."
17-Sep-2026,2026-09-17,RIM-SMPP-001-2PK,,0,,0,,0,,0,,0,"Recent demand is volatile, so the forecast is kept conservative."
17-Sep-2026,2026-09-17,RIM-SMPP-001-3PK,,0,,0,,0,,0,,0,"Recent demand is volatile, so the forecast is kept conservative."
17-Sep-2026,2026-09-17,RIM-SMPP-001-5PK,,0,,0,,0,,0,,0,"Recent demand is volatile, so the forecast is kept conservative."
17-Sep-2026,2026-09-17,RIM-SMPP-002,,0,,1,,0,,0,,1,"Recent demand is volatile, so the forecast is kept conservative."
17-Sep-2026,2026-09-17,RIM-SMPP-002-2PK,,0,,0,,0,,0,,0,"Recent demand is volatile, so the forecast is kept conservative."
17-Sep-2026,2026-09-17,RIM-SMPP-002-3PK,,0,,0,,0,,0,,0,"Recent demand is volatile, so the forecast is kept conservative."
17-Sep-2026,2026-09-17,RIM-SMPP-002-5PK,,0,,0,,0,,0,,0,"Demand is intermittent, so the forecast remains conservative."
17-Sep-2026,2026-09-17,RIM-SMPP-003,,0,,4,,0,,0,,4,"Recent demand is volatile, so the forecast is kept conservative."
17-Sep-2026,2026-09-17,RIM-SMPP-003-2PK,,0,,0,,0,,0,,0,"Recent demand is volatile, so the forecast is kept conservative."
17-Sep-2026,2026-09-17,RIM-SMPP-003-3PK,,0,,0,,0,,0,,0,"Recent demand is volatile, so the forecast is kept conservative."
17-Sep-2026,2026-09-17,RIM-SMPP-003-5PK,,0,,0,,0,,0,,0,"Recent demand is volatile, so the forecast is kept conservative."
17-Sep-2026,2026-09-17,RIM-SMPP-004,,0,,2,,0,,0,,2,"Recent demand is volatile, so the forecast is kept conservative."
17-Sep-2026,2026-09-17,RIM-SMPP-004-2PK,,0,,0,,0,,0,,0,"Recent demand is volatile, so the forecast is kept conservative."
17-Sep-2026,2026-09-17,RIM-SMPP-004-3PK,,0,,0,,0,,0,,0,"Recent demand is volatile, so the forecast is kept conservative."
17-Sep-2026,2026-09-17,RIM-SMPP-004-5PK,,0,,0,,0,,0,,0,"Demand is intermittent, so the forecast remains conservative."
17-Sep-2026,2026-09-17,RIM-SMPP-005,,7,,5,,0,,0,,12,"Recent sales are increasing, so the forecast is higher."
17-Sep-2026,2026-09-17,RIM-SMPP-005-2PK,,0,,0,,0,,0,,0,"Recent demand is volatile, so the forecast is kept conservative."
17-Sep-2026,2026-09-17,RIM-SMPP-005-3PK,,0,,0,,0,,0,,0,"Recent demand is volatile, so the forecast is kept conservative."
17-Sep-2026,2026-09-17,RIM-SMPP-005-5PK,,0,,0,,0,,0,,0,"Recent demand is volatile, so the forecast is kept conservative."
17-Sep-2026,2026-09-17,RIM-SMPP-006,,0,,2,,0,,0,,2,"Recent demand is volatile, so the forecast is kept conservative."
17-Sep-2026,2026-09-17,RIM-SMPP-006-2PK,,0,,0,,0,,0,,0,"Demand is intermittent, so the forecast remains conservative."
17-Sep-2026,2026-09-17,RIM-SMPP-006-3PK,,0,,0,,0,,0,,0,"Recent demand is volatile, so the forecast is kept conservative."
17-Sep-2026,2026-09-17,RIM-SMPP-006-5PK,,0,,0,,0,,0,,0,"Recent demand is volatile, so the forecast is kept conservative."
17-Sep-2026,2026-09-17,RIM-SMPP-007,,0,,0,,0,,0,,0,Current stock availability is limiting observed demand.
17-Sep-2026,2026-09-17,RIM-SMPP-008,,0,,0,,0,,0,,0,"Recent demand is volatile, so the forecast is kept conservative."
17-Sep-2026,2026-09-17,RIM-SMPP-009,,0,,0,,0,,0,,0,"Recent demand is volatile, so the forecast is kept conservative."
17-Sep-2026,2026-09-17,RIM-SMPP-010,,0,,0,,0,,0,,0,Current stock availability is limiting observed demand.
17-Sep-2026,2026-09-17,RIM-STAY-MATTE-LIQLIP-COLOR-709,,0,,0,,0,,0,,0,Current stock availability is limiting observed demand.
17-Sep-2026,2026-09-17,RIM-STAY-SATIN-LIP-200,,0,,0,,0,,0,,0,Current stock availability is limiting observed demand.
17-Sep-2026,2026-09-17,RIM-STAY-SATIN-LIP-210,,0,,0,,0,,0,,0,"Recent demand is volatile, so the forecast is kept conservative."
17-Sep-2026,2026-09-17,RIM-STAY-SATIN-LIP-500,,0,,0,,0,,0,,0,"Recent demand is volatile, so the forecast is kept conservative."
17-Sep-2026,2026-09-17,RIM-SUPERGEL-GLITTER,,0,,0,,0,,0,,0,"Recent demand is volatile, so the forecast is kept conservative."
17-Sep-2026,2026-09-17,RIM-SUPERGEL-TOPCOAT,,2,,0,,0,,0,,2,"Recent demand is declining, so the forecast is lower."
17-Sep-2026,2026-09-17,RIM-SUPERGEL-TOPCOAT-2PK,,0,,0,,0,,0,,0,"Recent demand is volatile, so the forecast is kept conservative."
17-Sep-2026,2026-09-17,RIM-ULTIMATE-PRM-001,,0,,0,,0,,0,,0,Current stock availability is limiting observed demand.
17-Sep-2026,2026-09-17,RIM-ULTIMATE-PRM-001-2PK,,0,,0,,0,,0,,0,Current stock availability is limiting observed demand.
17-Sep-2026,2026-09-17,RIM-ULTIMATE-PRM-001-3PK,,0,,0,,0,,0,,0,"Demand is intermittent, so the forecast remains conservative."
17-Sep-2026,2026-09-17,RIM-ULTIMATE-PRM-001-5PK,,0,,0,,0,,0,,0,"Demand is intermittent, so the forecast remains conservative."
17-Sep-2026,2026-09-17,RIM-WNDCLOUD-LIQ-ES-001,,0,,0,,0,,0,,0,"Demand is intermittent, so the forecast remains conservative."
17-Sep-2026,2026-09-17,RIM-WNDCLOUD-LIQ-ES-002,,0,,0,,0,,0,,0,Current stock availability is limiting observed demand.
17-Sep-2026,2026-09-17,RIM-WNDCLOUD-LIQ-ES-004,,0,,0,,0,,0,,0,"Demand is intermittent, so the forecast remains conservative."
17-Sep-2026,2026-09-17,RIM-WNDCLOUD-LIQ-ES-005,,0,,0,,0,,0,,0,"Demand is intermittent, so the forecast remains conservative."
17-Sep-2026,2026-09-17,RIM-WNDCLOUD-LIQ-ES-006,,0,,0,,0,,0,,0,Current stock availability is limiting observed demand.
17-Sep-2026,2026-09-17,RIM-WNDCLOUD-LIQ-ES-007,,0,,0,,0,,0,,0,"Demand is intermittent, so the forecast remains conservative."
17-Sep-2026,2026-09-17,RIM-WONDER-SERUM,,0,,0,,0,,0,,0,"Recent demand is volatile, so the forecast is kept conservative."
17-Sep-2026,2026-09-17,RIM-WONDERF-BROW-001,,0,,0,,0,,0,,0,Current stock availability is limiting observed demand.
17-Sep-2026,2026-09-17,RIM-WONDERF-BROW-002,,1,,0,,0,,0,,1,"Recent demand is volatile, so the forecast is kept conservative."
17-Sep-2026,2026-09-17,RIM-WONDERF-BROW-003,,8,,0,,0,,0,,8,"Recent demand is volatile, so the forecast is kept conservative."
17-Sep-2026,2026-09-17,RIM-WONDERF-GEL-004,,0,,0,,0,,0,,0,Current stock availability is limiting observed demand.
17-Sep-2026,2026-09-17,RIM-WONDERINK-EL-001,,0,,0,,0,,0,,0,"Demand is intermittent, so the forecast remains conservative."
17-Sep-2026,2026-09-17,RIM-WONDERINK-LIQ-EL-002,,0,,0,,0,,0,,0,"Recent demand is volatile, so the forecast is kept conservative."
17-Sep-2026,2026-09-17,RIM-WONDERINK-LIQ-EL-003,,0,,0,,0,,0,,0,"Demand is intermittent, so the forecast remains conservative."
17-Sep-2026,2026-09-17,RIM-WONDERINK-LIQ-EL-005,,0,,0,,0,,0,,0,"Demand is intermittent, so the forecast remains conservative."
17-Sep-2026,2026-09-17,RIM-WONDERLAST-001,,0,,0,,0,,0,,0,"Demand is intermittent, so the forecast remains conservative."
17-Sep-2026,2026-09-17,RIM-WONDERLAST-002,,0,,0,,0,,0,,0,"Demand is intermittent, so the forecast remains conservative."
17-Sep-2026,2026-09-17,RIM-WONDERLAST-003,,0,,0,,0,,0,,0,"Demand is intermittent, so the forecast remains conservative."
17-Sep-2026,2026-09-17,RIM-WONDERLAST-004,,0,,0,,0,,0,,0,"Demand is intermittent, so the forecast remains conservative."
17-Sep-2026,2026-09-17,RIM-WONDERPROOF-EL-006,,0,,0,,0,,0,,0,"Demand is intermittent, so the forecast remains conservative."
17-Sep-2026,2026-09-17,RIM-WS2IN1-002,,0,,0,,0,,0,,0,"Demand is intermittent, so the forecast remains conservative."
17-Sep-2026,2026-09-17,RIM-WS2IN1-003,,0,,0,,0,,0,,0,"Demand is intermittent, so the forecast remains conservative."
18-Sep-2026,2026-09-18,RIM-100WP-BLK,,0,,3,,0,,0,,3,"Recent demand is volatile, so the forecast is kept conservative."
18-Sep-2026,2026-09-18,RIM-1KLL-071,,0,,0,,0,,0,,0,Current stock availability is limiting observed demand.
18-Sep-2026,2026-09-18,RIM-1KLL-080,,0,,0,,0,,0,,0,Current stock availability is limiting observed demand.
18-Sep-2026,2026-09-18,RIM-1KLL-081,,0,,0,,0,,0,,0,"Demand is intermittent, so the forecast remains conservative."
18-Sep-2026,2026-09-18,RIM-BBCREAM-LIGHT,,0,,1,,0,,0,,1,"Recent demand is volatile, so the forecast is kept conservative."
18-Sep-2026,2026-09-18,RIM-BBCREAM-MEDIUM,,0,,0,,0,,0,,0,Current stock availability is limiting observed demand.
18-Sep-2026,2026-09-18,RIM-BBCREAM-VERYLIGHT,,0,,0,,0,,0,,0,Current stock availability is limiting observed demand.
18-Sep-2026,2026-09-18,RIM-BTW-BSK-DRKBRW,,2,,1,,0,,0,,3,"Recent demand is volatile, so the forecast is kept conservative."
18-Sep-2026,2026-09-18,RIM-BTW-BSK-DRKBRW-2PK,,0,,0,,0,,0,,0,"Recent demand is volatile, so the forecast is kept conservative."
18-Sep-2026,2026-09-18,RIM-BTW-BSK-DRKBRW-3PK,,0,,0,,0,,0,,0,"Demand is intermittent, so the forecast remains conservative."
18-Sep-2026,2026-09-18,RIM-BTW-BSK-MEDBRW,,0,,2,,0,,0,,2,"Demand is intermittent, so the forecast remains conservative."
18-Sep-2026,2026-09-18,RIM-BTW-BSK-MEDBRW-2PK,,0,,0,,0,,0,,0,"Demand is intermittent, so the forecast remains conservative."
18-Sep-2026,2026-09-18,RIM-BTW-BSK-MEDBRW-3PK,,0,,0,,0,,0,,0,"Recent demand is volatile, so the forecast is kept conservative."
18-Sep-2026,2026-09-18,RIM-BTW-F&S-001,,0,,0,,0,,0,,0,"Recent demand is volatile, so the forecast is kept conservative."
18-Sep-2026,2026-09-18,RIM-BTW-F&S-002,,0,,0,,0,,0,,0,"Recent demand is volatile, so the forecast is kept conservative."
18-Sep-2026,2026-09-18,RIM-BTW-F&S-003,,6,,0,,0,,0,,6,"Recent demand is volatile, so the forecast is kept conservative."
18-Sep-2026,2026-09-18,RIM-BTW-F&S-004,,0,,0,,0,,0,,0,"Demand is intermittent, so the forecast remains conservative."
18-Sep-2026,2026-09-18,RIM-BTWEYEBROW-003,,0,,0,,0,,0,,0,Current stock availability is limiting observed demand.
18-Sep-2026,2026-09-18,RIM-BTWEYEBROW-005,,0,,0,,0,,0,,0,"Demand is intermittent, so the forecast remains conservative."
18-Sep-2026,2026-09-18,RIM-BTWEYEBROW-005-2PK,,0,,0,,0,,0,,0,"Demand is intermittent, so the forecast remains conservative."
18-Sep-2026,2026-09-18,RIM-BTWEYEBROW-005-3PK,,0,,0,,0,,0,,0,"Demand is intermittent, so the forecast remains conservative."
18-Sep-2026,2026-09-18,RIM-BTWEYEBROW-005-5PK,,0,,0,,0,,0,,0,"Demand is intermittent, so the forecast remains conservative."
18-Sep-2026,2026-09-18,RIM-BTWEYEBROW-006,,0,,0,,0,,0,,0,Current stock availability is limiting observed demand.
18-Sep-2026,2026-09-18,RIM-BTWEYEBROW-006-2PK,,0,,0,,0,,0,,0,"Demand is intermittent, so the forecast remains conservative."
18-Sep-2026,2026-09-18,RIM-BTWEYEBROW-006-5PK,,0,,0,,0,,0,,0,"Demand is intermittent, so the forecast remains conservative."
18-Sep-2026,2026-09-18,RIM-BTWFIBRE-001,,0,,0,,0,,0,,0,Current stock availability is limiting observed demand.
18-Sep-2026,2026-09-18,RIM-BTWFIBRE-003,,0,,0,,0,,0,,0,Current stock availability is limiting observed demand.
18-Sep-2026,2026-09-18,RIM-BUNDLE-LIP-SET-PINK-NUDES,,0,,0,,0,,0,,0,"Demand is intermittent, so the forecast remains conservative."
18-Sep-2026,2026-09-18,RIM-BUNDLE-MSC-BLK-WP-TRIO,,0,,0,,0,,0,,0,Current stock availability is limiting observed demand.
18-Sep-2026,2026-09-18,RIM-EBP-BLKBRW,,0,,0,,0,,0,,0,Current stock availability is limiting observed demand.
18-Sep-2026,2026-09-18,RIM-EBP-BLKBRW-2PK,,0,,0,,0,,0,,0,"Demand is intermittent, so the forecast remains conservative."
18-Sep-2026,2026-09-18,RIM-EBP-BLKBRW-5PK,,0,,0,,0,,0,,0,"Recent demand is volatile, so the forecast is kept conservative."
18-Sep-2026,2026-09-18,RIM-EBP-DRKBRW,,11,,2,,0,,0,,13,Stable historical demand with consistent recent sales.
18-Sep-2026,2026-09-18,RIM-EBP-DRKBRW-5PK,,0,,0,,0,,0,,0,"Demand is intermittent, so the forecast remains conservative."
18-Sep-2026,2026-09-18,RIM-EBP-HAZEL,,0,,0,,0,,0,,0,Current stock availability is limiting observed demand.
18-Sep-2026,2026-09-18,RIM-EBP-HAZEL-5PK,,0,,0,,0,,0,,0,"Demand is intermittent, so the forecast remains conservative."
18-Sep-2026,2026-09-18,RIM-ELP-021,,0,,0,,0,,0,,0,"Recent demand is volatile, so the forecast is kept conservative."
18-Sep-2026,2026-09-18,RIM-ELP-061,,0,,1,,0,,0,,1,"Recent demand is volatile, so the forecast is kept conservative."
18-Sep-2026,2026-09-18,RIM-ELP-061-2PK,,0,,0,,0,,0,,0,"Demand is intermittent, so the forecast remains conservative."
18-Sep-2026,2026-09-18,RIM-ELP-061-6PK,,0,,0,,0,,0,,0,"Recent demand is volatile, so the forecast is kept conservative."
18-Sep-2026,2026-09-18,RIM-ELP-064,,1,,0,,0,,0,,1,"Recent demand is volatile, so the forecast is kept conservative."
18-Sep-2026,2026-09-18,RIM-ELP-064-2PK,,0,,0,,0,,0,,0,"Recent demand is volatile, so the forecast is kept conservative."
18-Sep-2026,2026-09-18,RIM-ELP-064-3PK,,0,,0,,0,,0,,0,"Demand is intermittent, so the forecast remains conservative."
18-Sep-2026,2026-09-18,RIM-ELP-064-5PK,,0,,0,,0,,0,,0,"Demand is intermittent, so the forecast remains conservative."
18-Sep-2026,2026-09-18,RIM-ELP-071,,0,,0,,0,,0,,0,"Recent demand is volatile, so the forecast is kept conservative."
18-Sep-2026,2026-09-18,RIM-ELP-071-2PK,,0,,0,,0,,0,,0,"Demand is intermittent, so the forecast remains conservative."
18-Sep-2026,2026-09-18,RIM-ELP-071-3PK,,0,,0,,0,,0,,0,"Demand is intermittent, so the forecast remains conservative."
18-Sep-2026,2026-09-18,RIM-ELP-071-5PK,,0,,0,,0,,0,,0,"Demand is intermittent, so the forecast remains conservative."
18-Sep-2026,2026-09-18,RIM-EXAG-EYEL-001,,0,,1,,0,,0,,1,"Recent demand is volatile, so the forecast is kept conservative."
18-Sep-2026,2026-09-18,RIM-EXAG-EYEL-001-2PK,,0,,0,,0,,0,,0,"Recent demand is volatile, so the forecast is kept conservative."
18-Sep-2026,2026-09-18,RIM-EXAG-EYEL-001-3PK,,0,,0,,0,,0,,0,"Recent demand is volatile, so the forecast is kept conservative."
18-Sep-2026,2026-09-18,RIM-EXAG-EYEL-001-5PK,,0,,0,,0,,0,,0,"Demand is intermittent, so the forecast remains conservative."
18-Sep-2026,2026-09-18,RIM-EXAG-EYEL-003-WP,,0,,0,,0,,0,,0,"Demand is intermittent, so the forecast remains conservative."
18-Sep-2026,2026-09-18,RIM-EXGEL-230,,0,,0,,0,,0,,0,"Demand is intermittent, so the forecast remains conservative."
18-Sep-2026,2026-09-18,RIM-EXGEL-240,,0,,0,,0,,0,,0,Current stock availability is limiting observed demand.
18-Sep-2026,2026-09-18,RIM-FDT-MATCH-101,,0,,0,,0,,0,,0,Current stock availability is limiting observed demand.
18-Sep-2026,2026-09-18,RIM-FDT-MATCH-103,,0,,0,,0,,0,,0,Current stock availability is limiting observed demand.
18-Sep-2026,2026-09-18,RIM-FDT-MATCH-200,,0,,0,,0,,0,,0,"Recent demand is volatile, so the forecast is kept conservative."
18-Sep-2026,2026-09-18,RIM-FDT-MATCH-203,,0,,0,,0,,0,,0,"Recent demand is volatile, so the forecast is kept conservative."
18-Sep-2026,2026-09-18,RIM-FDT-MATCH-300,,0,,0,,0,,0,,0,Current stock availability is limiting observed demand.
18-Sep-2026,2026-09-18,RIM-FDT-MATCH-400,,0,,0,,0,,0,,0,Current stock availability is limiting observed demand.
18-Sep-2026,2026-09-18,RIM-FDT-MATCH-501,,0,,0,,0,,0,,0,"Demand is intermittent, so the forecast remains conservative."
18-Sep-2026,2026-09-18,RIM-FIX&PROT-PRIMER,,0,,0,,0,,0,,0,Current stock availability is limiting observed demand.
18-Sep-2026,2026-09-18,RIM-GENTLE-EYE-MAKEUP-RMVR-125ML,,0,,0,,0,,0,,0,Current stock availability is limiting observed demand.
18-Sep-2026,2026-09-18,RIM-GLAMEYES-LL-001,,0,,0,,0,,0,,0,"Recent demand is volatile, so the forecast is kept conservative."
18-Sep-2026,2026-09-18,RIM-GLAMEYES-LL-001-2PK,,0,,0,,0,,0,,0,"Recent demand is volatile, so the forecast is kept conservative."
18-Sep-2026,2026-09-18,RIM-GLAMEYES-LL-002,,0,,0,,0,,0,,0,Current stock availability is limiting observed demand.
18-Sep-2026,2026-09-18,RIM-HIGHLIGHT-001,,0,,0,,0,,0,,0,"Recent demand is volatile, so the forecast is kept conservative."
18-Sep-2026,2026-09-18,RIM-HIGHLIGHT-002,,0,,0,,0,,0,,0,"Recent demand is volatile, so the forecast is kept conservative."
18-Sep-2026,2026-09-18,RIM-HTB-001,,0,,0,,0,,0,,0,Current stock availability is limiting observed demand.
18-Sep-2026,2026-09-18,RIM-HTB-001-2PK,,0,,0,,0,,0,,0,"Demand is intermittent, so the forecast remains conservative."
18-Sep-2026,2026-09-18,RIM-HTB-001-3PK,,0,,0,,0,,0,,0,"Demand is intermittent, so the forecast remains conservative."
18-Sep-2026,2026-09-18,RIM-HTB-001-5PK,,0,,0,,0,,0,,0,"Demand is intermittent, so the forecast remains conservative."
18-Sep-2026,2026-09-18,RIM-HTB-002,,0,,0,,0,,0,,0,Current stock availability is limiting observed demand.
18-Sep-2026,2026-09-18,RIM-HTB-004,,0,,3,,0,,0,,3,"Recent demand is volatile, so the forecast is kept conservative."
18-Sep-2026,2026-09-18,RIM-HTB-004-2PK,,0,,0,,0,,0,,0,"Recent demand is volatile, so the forecast is kept conservative."
18-Sep-2026,2026-09-18,RIM-HTB-004-3PK,,0,,0,,0,,0,,0,"Recent demand is volatile, so the forecast is kept conservative."
18-Sep-2026,2026-09-18,RIM-HTB-004-5PK,,0,,0,,0,,0,,0,"Recent demand is volatile, so the forecast is kept conservative."
18-Sep-2026,2026-09-18,RIM-HTB-103,,0,,0,,0,,0,,0,Current stock availability is limiting observed demand.
18-Sep-2026,2026-09-18,RIM-HTB-103-2PK,,0,,0,,0,,0,,0,Current stock availability is limiting observed demand.
18-Sep-2026,2026-09-18,RIM-HTB-103-3PK,,0,,0,,0,,0,,0,"Demand is intermittent, so the forecast remains conservative."
18-Sep-2026,2026-09-18,RIM-HTB-103-5PK,,0,,0,,0,,0,,0,"Demand is intermittent, so the forecast remains conservative."
18-Sep-2026,2026-09-18,RIM-HTB-105,,0,,1,,0,,0,,1,"Recent demand is volatile, so the forecast is kept conservative."
18-Sep-2026,2026-09-18,RIM-INSTACC-GREEN,,0,,0,,0,,0,,0,Current stock availability is limiting observed demand.
18-Sep-2026,2026-09-18,RIM-INSTACC-LAVENDER,,0,,0,,0,,0,,0,Current stock availability is limiting observed demand.
18-Sep-2026,2026-09-18,RIM-INSTAFIX-SPRAY,,0,,0,,0,,0,,0,Current stock availability is limiting observed demand.
18-Sep-2026,2026-09-18,RIM-JELLY-010,,0,,0,,0,,0,,0,"Demand is intermittent, so the forecast remains conservative."
18-Sep-2026,2026-09-18,RIM-JELLY-020,,0,,0,,0,,0,,0,"Demand is intermittent, so the forecast remains conservative."
18-Sep-2026,2026-09-18,RIM-JELLY-040,,0,,0,,0,,0,,0,"Demand is intermittent, so the forecast remains conservative."
18-Sep-2026,2026-09-18,RIM-KATE-NUDE-LS-040,,0,,0,,0,,0,,0,Current stock availability is limiting observed demand.
18-Sep-2026,2026-09-18,RIM-KATE-NUDE-LS-042,,0,,0,,0,,0,,0,Current stock availability is limiting observed demand.
18-Sep-2026,2026-09-18,RIM-KATE-NUDE-LS-045,,0,,0,,0,,0,,0,Current stock availability is limiting observed demand.
18-Sep-2026,2026-09-18,RIM-KATE-NUDE-LS-045-5PK,,0,,0,,0,,0,,0,Current stock availability is limiting observed demand.
18-Sep-2026,2026-09-18,RIM-KATE-NUDE-LS-048,,0,,0,,0,,0,,0,Current stock availability is limiting observed demand.
18-Sep-2026,2026-09-18,RIM-KATE-SCULPTPAL-002,,0,,0,,0,,0,,0,Current stock availability is limiting observed demand.
18-Sep-2026,2026-09-18,RIM-KATE-SCULPTPAL-002-2PK,,0,,0,,0,,0,,0,"Demand is intermittent, so the forecast remains conservative."
18-Sep-2026,2026-09-18,RIM-KATE-SCULPTPAL-002-3PK,,0,,0,,0,,0,,0,"Demand is intermittent, so the forecast remains conservative."
18-Sep-2026,2026-09-18,RIM-KATE-SCULPTPAL-002-5PK,,0,,0,,0,,0,,0,"Demand is intermittent, so the forecast remains conservative."
18-Sep-2026,2026-09-18,RIM-KF-BROW-DEFINER-001,,0,,0,,0,,0,,0,"Demand is intermittent, so the forecast remains conservative."
18-Sep-2026,2026-09-18,RIM-KF-BROW-DEFINER-002,,0,,0,,0,,0,,0,"Demand is intermittent, so the forecast remains conservative."
18-Sep-2026,2026-09-18,RIM-KF-BROW-DEFINER-004,,0,,0,,0,,0,,0,"Demand is intermittent, so the forecast remains conservative."
18-Sep-2026,2026-09-18,RIM-KF-BROW-DEFINER-005,,0,,0,,0,,0,,0,"Demand is intermittent, so the forecast remains conservative."
18-Sep-2026,2026-09-18,RIM-KF-BROW-DEFINER-006,,0,,0,,0,,0,,0,"Recent demand is volatile, so the forecast is kept conservative."
18-Sep-2026,2026-09-18,RIM-KF-CCLR-010,,0,,0,,0,,0,,0,Current stock availability is limiting observed demand.
18-Sep-2026,2026-09-18,RIM-KF-CCLR-020,,0,,0,,0,,0,,0,Current stock availability is limiting observed demand.
18-Sep-2026,2026-09-18,RIM-KF-CCLR-030,,0,,0,,0,,0,,0,"Demand is intermittent, so the forecast remains conservative."
18-Sep-2026,2026-09-18,RIM-KF-CCLR-040,,0,,0,,0,,0,,0,"Demand is intermittent, so the forecast remains conservative."
18-Sep-2026,2026-09-18,RIM-KF-EYE-DEFINER-02,,0,,0,,0,,0,,0,"Demand is intermittent, so the forecast remains conservative."
18-Sep-2026,2026-09-18,RIM-KF-EYE-DEFINER-03,,0,,0,,0,,0,,0,"Demand is intermittent, so the forecast remains conservative."
18-Sep-2026,2026-09-18,RIM-KF-EYE-DEFINER-04,,0,,0,,0,,0,,0,"Demand is intermittent, so the forecast remains conservative."
18-Sep-2026,2026-09-18,RIM-KF-EYE-DEFINER-05,,0,,0,,0,,0,,0,"Demand is intermittent, so the forecast remains conservative."
18-Sep-2026,2026-09-18,RIM-KF-EYE-DEFINER-06,,0,,0,,0,,0,,0,"Demand is intermittent, so the forecast remains conservative."
18-Sep-2026,2026-09-18,RIM-KF-FDT-001,,0,,0,,0,,0,,0,Current stock availability is limiting observed demand.
18-Sep-2026,2026-09-18,RIM-KF-FDT-103,,0,,0,,0,,0,,0,"Demand is intermittent, so the forecast remains conservative."
18-Sep-2026,2026-09-18,RIM-KF-FDT-150,,0,,0,,0,,0,,0,"Demand is intermittent, so the forecast remains conservative."
18-Sep-2026,2026-09-18,RIM-KF-FDT-210,,0,,0,,0,,0,,0,"Demand is intermittent, so the forecast remains conservative."
18-Sep-2026,2026-09-18,RIM-KF-FDT-410,,0,,0,,0,,0,,0,"Demand is intermittent, so the forecast remains conservative."
18-Sep-2026,2026-09-18,RIM-KF-MSC-BLACK,,0,,0,,0,,0,,0,"Demand is intermittent, so the forecast remains conservative."
18-Sep-2026,2026-09-18,RIM-KF-MSC-BROWN,,0,,0,,0,,0,,0,Current stock availability is limiting observed demand.
18-Sep-2026,2026-09-18,RIM-KF-MULTISTICK-002,,0,,0,,0,,0,,0,"Demand is intermittent, so the forecast remains conservative."
18-Sep-2026,2026-09-18,RIM-KF-MULTISTICK-003,,0,,0,,0,,0,,0,"Demand is intermittent, so the forecast remains conservative."
18-Sep-2026,2026-09-18,RIM-KF-MULTISTICK-004,,0,,0,,0,,0,,0,Current stock availability is limiting observed demand.
18-Sep-2026,2026-09-18,RIM-KF-MULTISTICK-005,,0,,0,,0,,0,,0,"Demand is intermittent, so the forecast remains conservative."
18-Sep-2026,2026-09-18,RIM-KF-NAIL-150,,0,,0,,0,,0,,0,"Demand is intermittent, so the forecast remains conservative."
18-Sep-2026,2026-09-18,RIM-KF-NAIL-151,,0,,0,,0,,0,,0,"Demand is intermittent, so the forecast remains conservative."
18-Sep-2026,2026-09-18,RIM-KF-NAIL-152,,0,,0,,0,,0,,0,"Demand is intermittent, so the forecast remains conservative."
18-Sep-2026,2026-09-18,RIM-KF-NAIL-153,,0,,0,,0,,0,,0,"Demand is intermittent, so the forecast remains conservative."
18-Sep-2026,2026-09-18,RIM-KF-NAIL-154,,0,,0,,0,,0,,0,"Demand is intermittent, so the forecast remains conservative."
18-Sep-2026,2026-09-18,RIM-KF-NAIL-155,,0,,0,,0,,0,,0,"Demand is intermittent, so the forecast remains conservative."
18-Sep-2026,2026-09-18,RIM-KF-NAIL-156,,0,,0,,0,,0,,0,Current stock availability is limiting observed demand.
18-Sep-2026,2026-09-18,RIM-KF-NAIL-157,,0,,0,,0,,0,,0,"Demand is intermittent, so the forecast remains conservative."
18-Sep-2026,2026-09-18,RIM-KF-NAIL-158,,0,,0,,0,,0,,0,"Demand is intermittent, so the forecast remains conservative."
18-Sep-2026,2026-09-18,RIM-KF-NAIL-160,,0,,0,,0,,0,,0,Current stock availability is limiting observed demand.
18-Sep-2026,2026-09-18,RIM-KF-NAIL-162,,0,,0,,0,,0,,0,"Demand is intermittent, so the forecast remains conservative."
18-Sep-2026,2026-09-18,RIM-KF-NAIL-163,,0,,0,,0,,0,,0,"Demand is intermittent, so the forecast remains conservative."
18-Sep-2026,2026-09-18,RIM-KF-NAIL-164,,0,,0,,0,,0,,0,"Demand is intermittent, so the forecast remains conservative."
18-Sep-2026,2026-09-18,RIM-KF-NAIL-167,,0,,0,,0,,0,,0,Current stock availability is limiting observed demand.
18-Sep-2026,2026-09-18,RIM-KF-NAIL-168,,0,,0,,0,,0,,0,Current stock availability is limiting observed demand.
18-Sep-2026,2026-09-18,RIM-KF-NAIL-169,,0,,0,,0,,0,,0,"Demand is intermittent, so the forecast remains conservative."
18-Sep-2026,2026-09-18,RIM-KF-NAIL-170,,0,,0,,0,,0,,0,Current stock availability is limiting observed demand.
18-Sep-2026,2026-09-18,RIM-KF-PWDR-001,,0,,0,,0,,0,,0,"Recent demand is volatile, so the forecast is kept conservative."
18-Sep-2026,2026-09-18,RIM-KF-PWDR-001-2PK,,0,,0,,0,,0,,0,"Demand is intermittent, so the forecast remains conservative."
18-Sep-2026,2026-09-18,RIM-KF-PWDR-001-5PK,,0,,0,,0,,0,,0,"Demand is intermittent, so the forecast remains conservative."
18-Sep-2026,2026-09-18,RIM-KF-PWDR-010,,0,,0,,0,,0,,0,"Recent demand is volatile, so the forecast is kept conservative."
18-Sep-2026,2026-09-18,RIM-KF-PWDR-020,,0,,0,,0,,0,,0,"Recent demand is volatile, so the forecast is kept conservative."
18-Sep-2026,2026-09-18,RIM-KF-PWDR-030,,0,,0,,0,,0,,0,"Recent demand is volatile, so the forecast is kept conservative."
18-Sep-2026,2026-09-18,RIM-KF-PWDR-030-2PK,,0,,0,,0,,0,,0,"Recent demand is volatile, so the forecast is kept conservative."
18-Sep-2026,2026-09-18,RIM-KF-PWDR-030-5PK,,0,,0,,0,,0,,0,"Recent demand is volatile, so the forecast is kept conservative."
18-Sep-2026,2026-09-18,RIM-KF-PWDR-040,,0,,0,,0,,0,,0,Current stock availability is limiting observed demand.
18-Sep-2026,2026-09-18,RIM-KF-PWDR-050,,0,,0,,0,,0,,0,"Recent demand is volatile, so the forecast is kept conservative."
18-Sep-2026,2026-09-18,RIM-KOHL-KJEL-001,,0,,0,,0,,0,,0,Current stock availability is limiting observed demand.
18-Sep-2026,2026-09-18,RIM-KOHL-KJEL-002,,0,,0,,0,,0,,0,Current stock availability is limiting observed demand.
18-Sep-2026,2026-09-18,RIM-KOHL-KJEL-004,,0,,0,,0,,0,,0,"Demand is intermittent, so the forecast remains conservative."
18-Sep-2026,2026-09-18,RIM-LAST-AUTOLIP-018,,0,,0,,0,,0,,0,Current stock availability is limiting observed demand.
18-Sep-2026,2026-09-18,RIM-LAST-AUTOLIP-018-2PK,,0,,0,,0,,0,,0,"Demand is intermittent, so the forecast remains conservative."
18-Sep-2026,2026-09-18,RIM-LAST-AUTOLIP-018-3PK,,0,,0,,0,,0,,0,"Demand is intermittent, so the forecast remains conservative."
18-Sep-2026,2026-09-18,RIM-LAST-AUTOLIP-018-5PK,,0,,0,,0,,0,,0,"Demand is intermittent, so the forecast remains conservative."
18-Sep-2026,2026-09-18,RIM-LAST-AUTOLIP-024,,0,,0,,0,,0,,0,"Demand is intermittent, so the forecast remains conservative."
18-Sep-2026,2026-09-18,RIM-LAST-AUTOLIP-045,,0,,0,,0,,0,,0,Current stock availability is limiting observed demand.
18-Sep-2026,2026-09-18,RIM-LAST-AUTOLIP-063,,0,,0,,0,,0,,0,Current stock availability is limiting observed demand.
18-Sep-2026,2026-09-18,RIM-LAST-AUTOLIP-063-3PK,,0,,0,,0,,0,,0,"Demand is intermittent, so the forecast remains conservative."
18-Sep-2026,2026-09-18,RIM-LAST-AUTOLIP-070,,0,,0,,0,,0,,0,"Demand is intermittent, so the forecast remains conservative."
18-Sep-2026,2026-09-18,RIM-LAST-AUTOLIP-105,,0,,0,,0,,0,,0,"Demand is intermittent, so the forecast remains conservative."
18-Sep-2026,2026-09-18,RIM-LAST-MEGA-MATTE-LIQ-LPK-110,,0,,0,,0,,0,,0,"Demand is intermittent, so the forecast remains conservative."
18-Sep-2026,2026-09-18,RIM-LAST-MEGA-MATTE-LIQ-LPK-210,,0,,0,,0,,0,,0,"Demand is intermittent, so the forecast remains conservative."
18-Sep-2026,2026-09-18,RIM-LAST-MEGA-MATTE-LIQ-LPK-600,,0,,0,,0,,0,,0,Current stock availability is limiting observed demand.
18-Sep-2026,2026-09-18,RIM-LAST-MEGA-MATTE-LIQ-LPK-700,,0,,0,,0,,0,,0,"Recent demand is volatile, so the forecast is kept conservative."
18-Sep-2026,2026-09-18,RIM-LAST-MEGA-MATTE-LIQ-LPK-709,,0,,0,,0,,0,,0,"Demand is intermittent, so the forecast remains conservative."
18-Sep-2026,2026-09-18,RIM-LAST-MEGA-MATTE-LIQ-LPK-910,,0,,0,,0,,0,,0,"Demand is intermittent, so the forecast remains conservative."
18-Sep-2026,2026-09-18,RIM-LAST-MEGA-MATTE-LIQ-LPK-930,,0,,0,,0,,0,,0,"Demand is intermittent, so the forecast remains conservative."
18-Sep-2026,2026-09-18,RIM-LASTCCLR-001,,0,,0,,0,,0,,0,Current stock availability is limiting observed demand.
18-Sep-2026,2026-09-18,RIM-LASTCCLR-010,,0,,0,,0,,0,,0,Current stock availability is limiting observed demand.
18-Sep-2026,2026-09-18,RIM-LASTCCLR-020,,0,,0,,0,,0,,0,Current stock availability is limiting observed demand.
18-Sep-2026,2026-09-18,RIM-LASTCOMPACT-004,,0,,0,,0,,0,,0,Current stock availability is limiting observed demand.
18-Sep-2026,2026-09-18,RIM-LASTCOMPACT-005,,0,,0,,0,,0,,0,Current stock availability is limiting observed demand.
18-Sep-2026,2026-09-18,RIM-LASTCOMPACT-007,,0,,0,,0,,0,,0,Current stock availability is limiting observed demand.
18-Sep-2026,2026-09-18,RIM-LASTCOMPACT-008,,0,,0,,0,,0,,0,Current stock availability is limiting observed demand.
18-Sep-2026,2026-09-18,RIM-LASTCOMPACT-009,,0,,0,,0,,0,,0,"Demand is intermittent, so the forecast remains conservative."
18-Sep-2026,2026-09-18,RIM-LASTCOMPACT-011,,0,,0,,0,,0,,0,"Demand is intermittent, so the forecast remains conservative."
18-Sep-2026,2026-09-18,RIM-LASTCOMPACT-012,,0,,0,,0,,0,,0,Current stock availability is limiting observed demand.
18-Sep-2026,2026-09-18,RIM-LASTFIN-EXTMATT-LPK-160,,0,,0,,0,,0,,0,Current stock availability is limiting observed demand.
18-Sep-2026,2026-09-18,RIM-LASTFIN-EXTMATT-LPK-600,,0,,0,,0,,0,,0,Current stock availability is limiting observed demand.
18-Sep-2026,2026-09-18,RIM-LASTFIN-EXTMATT-LPK-710,,0,,0,,0,,0,,0,Current stock availability is limiting observed demand.
18-Sep-2026,2026-09-18,RIM-LASTFIN-EXTMATT-LPK-840,,0,,0,,0,,0,,0,Current stock availability is limiting observed demand.
18-Sep-2026,2026-09-18,RIM-LASTFIN-PRIMER,,0,,0,,0,,0,,0,Current stock availability is limiting observed demand.
18-Sep-2026,2026-09-18,RIM-LASTING-PROV-115,,0,,0,,0,,0,,0,"Demand is intermittent, so the forecast remains conservative."
18-Sep-2026,2026-09-18,RIM-LASTING-PROV-210,,0,,0,,0,,0,,0,"Recent demand is volatile, so the forecast is kept conservative."
18-Sep-2026,2026-09-18,RIM-LASTING-PROV-220,,0,,0,,0,,0,,0,"Demand is intermittent, so the forecast remains conservative."
18-Sep-2026,2026-09-18,RIM-LASTING-PROV-310,,0,,0,,0,,0,,0,"Demand is intermittent, so the forecast remains conservative."
18-Sep-2026,2026-09-18,RIM-LASTING-PROV-400,,0,,0,,0,,0,,0,"Demand is intermittent, so the forecast remains conservative."
18-Sep-2026,2026-09-18,RIM-LASTING-PROV-410,,0,,0,,0,,0,,0,"Demand is intermittent, so the forecast remains conservative."
18-Sep-2026,2026-09-18,RIM-LASTING-PROV-440,,0,,0,,0,,0,,0,"Demand is intermittent, so the forecast remains conservative."
18-Sep-2026,2026-09-18,RIM-LASTING-PROV-500,,0,,0,,0,,0,,0,"Recent demand is volatile, so the forecast is kept conservative."
18-Sep-2026,2026-09-18,RIM-LASTING-PROV-570,,0,,0,,0,,0,,0,"Demand is intermittent, so the forecast remains conservative."
18-Sep-2026,2026-09-18,RIM-LASTING-PROV-600,,0,,0,,0,,0,,0,Current stock availability is limiting observed demand.
18-Sep-2026,2026-09-18,RIM-LASTING-PROV-730,,0,,0,,0,,0,,0,"Demand is intermittent, so the forecast remains conservative."
18-Sep-2026,2026-09-18,RIM-LASTING-PROV-740,,0,,0,,0,,0,,0,"Demand is intermittent, so the forecast remains conservative."
18-Sep-2026,2026-09-18,RIM-LASTLIP-110,,0,,0,,0,,0,,0,"Recent demand is volatile, so the forecast is kept conservative."
18-Sep-2026,2026-09-18,RIM-LASTLIP-120,,0,,0,,0,,0,,0,"Recent demand is volatile, so the forecast is kept conservative."
18-Sep-2026,2026-09-18,RIM-LASTLIP-120-2PK,,0,,0,,0,,0,,0,"Demand is intermittent, so the forecast remains conservative."
18-Sep-2026,2026-09-18,RIM-LASTLIP-120-3PK,,0,,0,,0,,0,,0,"Demand is intermittent, so the forecast remains conservative."
18-Sep-2026,2026-09-18,RIM-LASTLIP-120-5PK,,0,,0,,0,,0,,0,"Recent demand is volatile, so the forecast is kept conservative."
18-Sep-2026,2026-09-18,RIM-LASTLIP-125,,0,,0,,0,,0,,0,"Recent demand is volatile, so the forecast is kept conservative."
18-Sep-2026,2026-09-18,RIM-LASTLIP-195,,0,,0,,0,,0,,0,"Recent demand is volatile, so the forecast is kept conservative."
18-Sep-2026,2026-09-18,RIM-LASTLIP-215,,0,,0,,0,,0,,0,"Recent demand is volatile, so the forecast is kept conservative."
18-Sep-2026,2026-09-18,RIM-LASTLIP-505,,0,,0,,0,,0,,0,"Recent demand is volatile, so the forecast is kept conservative."
18-Sep-2026,2026-09-18,RIM-LASTLIP-580,,0,,0,,0,,0,,0,"Recent demand is volatile, so the forecast is kept conservative."
18-Sep-2026,2026-09-18,RIM-LASTLIP-620,,2,,0,,0,,0,,2,"Recent demand is volatile, so the forecast is kept conservative."
18-Sep-2026,2026-09-18,RIM-LASTLIP-705,,0,,0,,0,,0,,0,"Recent demand is volatile, so the forecast is kept conservative."
18-Sep-2026,2026-09-18,RIM-LASTLIP-705-2PK,,0,,0,,0,,0,,0,"Demand is intermittent, so the forecast remains conservative."
18-Sep-2026,2026-09-18,RIM-LASTLIP-705-3PK,,0,,0,,0,,0,,0,"Recent demand is volatile, so the forecast is kept conservative."
18-Sep-2026,2026-09-18,RIM-LASTLIP-705-5PK,,0,,0,,0,,0,,0,"Demand is intermittent, so the forecast remains conservative."
18-Sep-2026,2026-09-18,RIM-LASTLIP-725,,0,,1,,0,,0,,1,"Recent demand is volatile, so the forecast is kept conservative."
18-Sep-2026,2026-09-18,RIM-LASTLIP-760,,0,,0,,0,,0,,0,"Recent demand is volatile, so the forecast is kept conservative."
18-Sep-2026,2026-09-18,RIM-LASTLIP-790,,0,,0,,0,,0,,0,"Demand is intermittent, so the forecast remains conservative."
18-Sep-2026,2026-09-18,RIM-LASTLIP-850,,0,,0,,0,,0,,0,"Recent demand is volatile, so the forecast is kept conservative."
18-Sep-2026,2026-09-18,RIM-LASTLIP-880,,0,,0,,0,,0,,0,"Recent demand is volatile, so the forecast is kept conservative."
18-Sep-2026,2026-09-18,RIM-LASTMAT-FDT-001,,0,,0,,0,,0,,0,Current stock availability is limiting observed demand.
18-Sep-2026,2026-09-18,RIM-LASTMAT-FDT-010,,0,,0,,0,,0,,0,Current stock availability is limiting observed demand.
18-Sep-2026,2026-09-18,RIM-LASTMAT-FDT-085,,0,,0,,0,,0,,0,Current stock availability is limiting observed demand.
18-Sep-2026,2026-09-18,RIM-LASTMAT-FDT-100,,0,,0,,0,,0,,0,Current stock availability is limiting observed demand.
18-Sep-2026,2026-09-18,RIM-LASTMAT-FDT-103,,0,,0,,0,,0,,0,Current stock availability is limiting observed demand.
18-Sep-2026,2026-09-18,RIM-LASTMAT-FDT-201,,0,,0,,0,,0,,0,Current stock availability is limiting observed demand.
18-Sep-2026,2026-09-18,RIM-LASTMAT-FDT-203,,0,,0,,0,,0,,0,Current stock availability is limiting observed demand.
18-Sep-2026,2026-09-18,RIM-LASTMAT-FDT-300,,0,,0,,0,,0,,0,Current stock availability is limiting observed demand.
18-Sep-2026,2026-09-18,RIM-LASTMAT-FDT-304,,0,,0,,0,,0,,0,Current stock availability is limiting observed demand.
18-Sep-2026,2026-09-18,RIM-LASTMAT-FDT-400,,0,,0,,0,,0,,0,Current stock availability is limiting observed demand.
18-Sep-2026,2026-09-18,RIM-LASTMAT-PRIMER,,0,,0,,0,,0,,0,Current stock availability is limiting observed demand.
18-Sep-2026,2026-09-18,RIM-LF-FDT-RG-001,,0,,0,,0,,0,,0,"Demand is intermittent, so the forecast remains conservative."
18-Sep-2026,2026-09-18,RIM-LF-FDT-RG-070,,0,,0,,0,,0,,0,"Demand is intermittent, so the forecast remains conservative."
18-Sep-2026,2026-09-18,RIM-LF-FDT-RG-103,,0,,0,,0,,0,,0,Current stock availability is limiting observed demand.
18-Sep-2026,2026-09-18,RIM-LF-FDT-RG-160,,0,,0,,0,,0,,0,"Demand is intermittent, so the forecast remains conservative."
18-Sep-2026,2026-09-18,RIM-LF-FDT-RG-170,,0,,0,,0,,0,,0,"Demand is intermittent, so the forecast remains conservative."
18-Sep-2026,2026-09-18,RIM-LF-FDT-RG-200,,0,,0,,0,,0,,0,Current stock availability is limiting observed demand.
18-Sep-2026,2026-09-18,RIM-LF-FDT-RG-203,,0,,0,,0,,0,,0,"Demand is intermittent, so the forecast remains conservative."
18-Sep-2026,2026-09-18,RIM-LF-FDT-RG-210,,0,,0,,0,,0,,0,Current stock availability is limiting observed demand.
18-Sep-2026,2026-09-18,RIM-LF-FDT-RG-303,,0,,0,,0,,0,,0,Current stock availability is limiting observed demand.
18-Sep-2026,2026-09-18,RIM-LF-LS-002,,0,,0,,0,,0,,0,Current stock availability is limiting observed demand.
18-Sep-2026,2026-09-18,RIM-LF-LS-006,,0,,0,,0,,0,,0,"Demand is intermittent, so the forecast remains conservative."
18-Sep-2026,2026-09-18,RIM-LF-LS-006-2PK,,0,,0,,0,,0,,0,"Demand is intermittent, so the forecast remains conservative."
18-Sep-2026,2026-09-18,RIM-LF-LS-006-3PK,,0,,0,,0,,0,,0,"Demand is intermittent, so the forecast remains conservative."
18-Sep-2026,2026-09-18,RIM-LF-LS-006-5PK,,0,,0,,0,,0,,0,"Demand is intermittent, so the forecast remains conservative."
18-Sep-2026,2026-09-18,RIM-LF-LS-058,,0,,0,,0,,0,,0,Current stock availability is limiting observed demand.
18-Sep-2026,2026-09-18,RIM-LF-LS-058-2PK,,0,,0,,0,,0,,0,"Demand is intermittent, so the forecast remains conservative."
18-Sep-2026,2026-09-18,RIM-LF-LS-058-3PK,,0,,0,,0,,0,,0,"Demand is intermittent, so the forecast remains conservative."
18-Sep-2026,2026-09-18,RIM-LF-LS-066,,0,,0,,0,,0,,0,Current stock availability is limiting observed demand.
18-Sep-2026,2026-09-18,RIM-LF-LS-066-2PK,,0,,0,,0,,0,,0,"Demand is intermittent, so the forecast remains conservative."
18-Sep-2026,2026-09-18,RIM-LF-LS-066-3PK,,0,,0,,0,,0,,0,Current stock availability is limiting observed demand.
18-Sep-2026,2026-09-18,RIM-LF-LS-066-5PK,,0,,0,,0,,0,,0,"Demand is intermittent, so the forecast remains conservative."
18-Sep-2026,2026-09-18,RIM-LF-LS-070,,0,,0,,0,,0,,0,Current stock availability is limiting observed demand.
18-Sep-2026,2026-09-18,RIM-LF-LS-070-2PK,,0,,0,,0,,0,,0,"Demand is intermittent, so the forecast remains conservative."
18-Sep-2026,2026-09-18,RIM-LF-LS-070-3PK,,0,,0,,0,,0,,0,"Demand is intermittent, so the forecast remains conservative."
18-Sep-2026,2026-09-18,RIM-LF-LS-070-5PK,,0,,0,,0,,0,,0,"Demand is intermittent, so the forecast remains conservative."
18-Sep-2026,2026-09-18,RIM-LF-LS-077,,1,,4,,0,,0,,5,Stable historical demand with consistent recent sales.
18-Sep-2026,2026-09-18,RIM-LF-LS-084,,0,,1,,0,,0,,1,"Recent demand is volatile, so the forecast is kept conservative."
18-Sep-2026,2026-09-18,RIM-LF-LS-086,,0,,0,,0,,0,,0,Current stock availability is limiting observed demand.
18-Sep-2026,2026-09-18,RIM-LF-LS-086-2PK,,0,,0,,0,,0,,0,"Demand is intermittent, so the forecast remains conservative."
18-Sep-2026,2026-09-18,RIM-LF-LS-086-3PK,,0,,0,,0,,0,,0,"Demand is intermittent, so the forecast remains conservative."
18-Sep-2026,2026-09-18,RIM-LF-LS-086-5PK,,0,,0,,0,,0,,0,Current stock availability is limiting observed demand.
18-Sep-2026,2026-09-18,RIM-LF-LS-100,,0,,0,,0,,0,,0,"Recent demand is volatile, so the forecast is kept conservative."
18-Sep-2026,2026-09-18,RIM-LF-LS-101,,0,,1,,0,,0,,1,"Recent demand is volatile, so the forecast is kept conservative."
18-Sep-2026,2026-09-18,RIM-LF-LS-107,,0,,0,,0,,0,,0,Current stock availability is limiting observed demand.
18-Sep-2026,2026-09-18,RIM-LF-LS-170,,0,,0,,0,,0,,0,"Recent demand is volatile, so the forecast is kept conservative."
18-Sep-2026,2026-09-18,RIM-LF-LS-200,,0,,0,,0,,0,,0,Current stock availability is limiting observed demand.
18-Sep-2026,2026-09-18,RIM-LF-LS-206,,1,,1,,0,,0,,2,"Recent demand is volatile, so the forecast is kept conservative."
18-Sep-2026,2026-09-18,RIM-LF-LS-206-2PK,,0,,0,,0,,0,,0,"Recent demand is volatile, so the forecast is kept conservative."
18-Sep-2026,2026-09-18,RIM-LF-LS-206-3PK,,0,,0,,0,,0,,0,"Recent demand is volatile, so the forecast is kept conservative."
18-Sep-2026,2026-09-18,RIM-LF-LS-206-5PK,,0,,0,,0,,0,,0,Current stock availability is limiting observed demand.
18-Sep-2026,2026-09-18,RIM-LF-LS-264,,0,,0,,0,,0,,0,Current stock availability is limiting observed demand.
18-Sep-2026,2026-09-18,RIM-LF-LS-264-2PK,,0,,0,,0,,0,,0,Current stock availability is limiting observed demand.
18-Sep-2026,2026-09-18,RIM-LF-LS-264-3PK,,0,,0,,0,,0,,0,"Demand is intermittent, so the forecast remains conservative."
18-Sep-2026,2026-09-18,RIM-LF-LS-264-5PK,,0,,0,,0,,0,,0,"Demand is intermittent, so the forecast remains conservative."
18-Sep-2026,2026-09-18,RIM-LF-LS-500,,0,,0,,0,,0,,0,Current stock availability is limiting observed demand.
18-Sep-2026,2026-09-18,RIM-LF-LS-710,,0,,0,,0,,0,,0,Current stock availability is limiting observed demand.
18-Sep-2026,2026-09-18,RIM-LF-LS-800,,0,,0,,0,,0,,0,Current stock availability is limiting observed demand.
18-Sep-2026,2026-09-18,RIM-LF-LS-KATE-001,,0,,0,,0,,0,,0,"Demand is intermittent, so the forecast remains conservative."
18-Sep-2026,2026-09-18,RIM-LF-LS-KATE-005,,0,,0,,0,,0,,0,"Demand is intermittent, so the forecast remains conservative."
18-Sep-2026,2026-09-18,RIM-LF-LS-KATE-008,,0,,0,,0,,0,,0,"Demand is intermittent, so the forecast remains conservative."
18-Sep-2026,2026-09-18,RIM-LF-LS-KATE-008-2PK,,0,,0,,0,,0,,0,"Demand is intermittent, so the forecast remains conservative."
18-Sep-2026,2026-09-18,RIM-LF-LS-KATE-008-3PK,,0,,0,,0,,0,,0,"Demand is intermittent, so the forecast remains conservative."
18-Sep-2026,2026-09-18,RIM-LF-MATTE-170,,0,,0,,0,,0,,0,"Demand is intermittent, so the forecast remains conservative."
18-Sep-2026,2026-09-18,RIM-LF-MATTE-180,,0,,0,,0,,0,,0,"Demand is intermittent, so the forecast remains conservative."
18-Sep-2026,2026-09-18,RIM-LF-MATTE-220,,0,,0,,0,,0,,0,Current stock availability is limiting observed demand.
18-Sep-2026,2026-09-18,RIM-LF-MATTE-230,,0,,0,,0,,0,,0,Current stock availability is limiting observed demand.
18-Sep-2026,2026-09-18,RIM-LF-MATTE-530,,0,,0,,0,,0,,0,Current stock availability is limiting observed demand.
18-Sep-2026,2026-09-18,RIM-LF-MATTE-715,,0,,0,,0,,0,,0,"Recent demand is volatile, so the forecast is kept conservative."
18-Sep-2026,2026-09-18,RIM-LF-MATTE-730,,0,,0,,0,,0,,0,Current stock availability is limiting observed demand.
18-Sep-2026,2026-09-18,RIM-LF-SG-LS-900,,0,,0,,0,,0,,0,"Recent demand is volatile, so the forecast is kept conservative."
18-Sep-2026,2026-09-18,RIM-LF-SG-LS-901,,0,,0,,0,,0,,0,"Recent demand is volatile, so the forecast is kept conservative."
18-Sep-2026,2026-09-18,RIM-LF-SG-LS-902,,0,,0,,0,,0,,0,"Recent demand is volatile, so the forecast is kept conservative."
18-Sep-2026,2026-09-18,RIM-LF-SG-LS-903,,0,,0,,0,,0,,0,"Recent demand is volatile, so the forecast is kept conservative."
18-Sep-2026,2026-09-18,RIM-LF-SG-LS-904,,0,,1,,0,,0,,1,"Recent demand is volatile, so the forecast is kept conservative."
18-Sep-2026,2026-09-18,RIM-LF-SG-LS-905,,0,,0,,0,,0,,0,"Recent demand is volatile, so the forecast is kept conservative."
18-Sep-2026,2026-09-18,RIM-LR-CCLR-EYEILLUM-010,,0,,0,,0,,0,,0,Current stock availability is limiting observed demand.
18-Sep-2026,2026-09-18,RIM-LR-CCLR-EYEILLUM-030,,0,,0,,0,,0,,0,Current stock availability is limiting observed demand.
18-Sep-2026,2026-09-18,RIM-MAGNIF-MONO-004,,0,,0,,0,,0,,0,Current stock availability is limiting observed demand.
18-Sep-2026,2026-09-18,RIM-MAGNIF-MONO-006,,0,,0,,0,,0,,0,"Demand is intermittent, so the forecast remains conservative."
18-Sep-2026,2026-09-18,RIM-MAGNIF-MONO-008,,0,,0,,0,,0,,0,Current stock availability is limiting observed demand.
18-Sep-2026,2026-09-18,RIM-MAGNIF-MONO-014,,0,,0,,0,,0,,0,Current stock availability is limiting observed demand.
18-Sep-2026,2026-09-18,RIM-MAGNIF-MONO-014-2PK,,0,,0,,0,,0,,0,Current stock availability is limiting observed demand.
18-Sep-2026,2026-09-18,RIM-MAGNIF-MONO-014-3PK,,0,,0,,0,,0,,0,"Demand is intermittent, so the forecast remains conservative."
18-Sep-2026,2026-09-18,RIM-MAGNIF-PAL-001,,0,,0,,0,,0,,0,"Recent demand is volatile, so the forecast is kept conservative."
18-Sep-2026,2026-09-18,RIM-MAGNIF-PAL-004,,0,,0,,0,,0,,0,"Demand is intermittent, so the forecast remains conservative."
18-Sep-2026,2026-09-18,RIM-MAGNIF-PAL-005,,0,,0,,0,,0,,0,"Recent demand is volatile, so the forecast is kept conservative."
18-Sep-2026,2026-09-18,RIM-MAGNIF-PAL-006,,0,,0,,0,,0,,0,Current stock availability is limiting observed demand.
18-Sep-2026,2026-09-18,RIM-MAGNIF-PAL-008,,0,,0,,0,,0,,0,Current stock availability is limiting observed demand.
18-Sep-2026,2026-09-18,RIM-MAGNIF-PAL-009,,0,,0,,0,,0,,0,Current stock availability is limiting observed demand.
18-Sep-2026,2026-09-18,RIM-MATCH-PWDR,,0,,0,,0,,0,,0,Current stock availability is limiting observed demand.
18-Sep-2026,2026-09-18,RIM-MAXI-BLUSH-001,,0,,0,,0,,0,,0,"Recent demand is volatile, so the forecast is kept conservative."
18-Sep-2026,2026-09-18,RIM-MAXI-BLUSH-001-2PK,,0,,0,,0,,0,,0,"Demand is intermittent, so the forecast remains conservative."
18-Sep-2026,2026-09-18,RIM-MAXI-BLUSH-001-3PK,,0,,0,,0,,0,,0,"Demand is intermittent, so the forecast remains conservative."
18-Sep-2026,2026-09-18,RIM-MAXI-BLUSH-003,,0,,0,,0,,0,,0,"Recent demand is volatile, so the forecast is kept conservative."
18-Sep-2026,2026-09-18,RIM-MAXI-BLUSH-005,,0,,0,,0,,0,,0,"Recent demand is volatile, so the forecast is kept conservative."
18-Sep-2026,2026-09-18,RIM-MAXI-BLUSH-006,,0,,0,,0,,0,,0,"Recent demand is volatile, so the forecast is kept conservative."
18-Sep-2026,2026-09-18,RIM-MBP-001,,0,,0,,0,,0,,0,"Recent demand is volatile, so the forecast is kept conservative."
18-Sep-2026,2026-09-18,RIM-MBP-002,,0,,1,,0,,0,,1,"Recent demand is volatile, so the forecast is kept conservative."
18-Sep-2026,2026-09-18,RIM-MBP-003,,5,,0,,0,,0,,5,Stable historical demand with consistent recent sales.
18-Sep-2026,2026-09-18,RIM-MICRO-BRW-001,,0,,0,,0,,0,,0,"Demand is intermittent, so the forecast remains conservative."
18-Sep-2026,2026-09-18,RIM-MICRO-BRW-002,,0,,0,,0,,0,,0,"Recent demand is volatile, so the forecast is kept conservative."
18-Sep-2026,2026-09-18,RIM-MICRO-BRW-003,,1,,0,,0,,0,,1,"Recent demand is volatile, so the forecast is kept conservative."
18-Sep-2026,2026-09-18,RIM-MICRO-BRW-004,,0,,0,,0,,0,,0,Current stock availability is limiting observed demand.
18-Sep-2026,2026-09-18,RIM-MINI-PWRPAL-001,,0,,0,,0,,0,,0,Current stock availability is limiting observed demand.
18-Sep-2026,2026-09-18,RIM-MINI-PWRPAL-002,,0,,0,,0,,0,,0,"Demand is intermittent, so the forecast remains conservative."
18-Sep-2026,2026-09-18,RIM-MOIST-LPK-100,,0,,0,,0,,0,,0,Current stock availability is limiting observed demand.
18-Sep-2026,2026-09-18,RIM-MOIST-LPK-140,,0,,0,,0,,0,,0,Current stock availability is limiting observed demand.
18-Sep-2026,2026-09-18,RIM-MOIST-LPK-180,,0,,0,,0,,0,,0,Current stock availability is limiting observed demand.
18-Sep-2026,2026-09-18,RIM-MOIST-LPK-180-2PK,,0,,0,,0,,0,,0,"Demand is intermittent, so the forecast remains conservative."
18-Sep-2026,2026-09-18,RIM-MOIST-LPK-180-3PK,,0,,0,,0,,0,,0,"Demand is intermittent, so the forecast remains conservative."
18-Sep-2026,2026-09-18,RIM-MOIST-LPK-180-5PK,,0,,0,,0,,0,,0,"Demand is intermittent, so the forecast remains conservative."
18-Sep-2026,2026-09-18,RIM-MOIST-LPK-200,,0,,0,,0,,0,,0,"Demand is intermittent, so the forecast remains conservative."
18-Sep-2026,2026-09-18,RIM-MOIST-LPK-200-2PK,,0,,0,,0,,0,,0,Current stock availability is limiting observed demand.
18-Sep-2026,2026-09-18,RIM-MOIST-LPK-200-3PK,,0,,0,,0,,0,,0,"Demand is intermittent, so the forecast remains conservative."
18-Sep-2026,2026-09-18,RIM-MOIST-LPK-200-5PK,,0,,0,,0,,0,,0,"Demand is intermittent, so the forecast remains conservative."
18-Sep-2026,2026-09-18,RIM-MOIST-LPK-210,,0,,0,,0,,0,,0,Current stock availability is limiting observed demand.
18-Sep-2026,2026-09-18,RIM-MOIST-LPK-260,,0,,0,,0,,0,,0,"Demand is intermittent, so the forecast remains conservative."
18-Sep-2026,2026-09-18,RIM-MOIST-LPK-360,,0,,0,,0,,0,,0,Current stock availability is limiting observed demand.
18-Sep-2026,2026-09-18,RIM-MOIST-LPK-510,,0,,0,,0,,0,,0,"Recent demand is volatile, so the forecast is kept conservative."
18-Sep-2026,2026-09-18,RIM-MSC-ACCEL-BLK,,1,,1,,0,,0,,2,"Recent demand is volatile, so the forecast is kept conservative."
18-Sep-2026,2026-09-18,RIM-MSC-ACCEL-BLK-2PK,,0,,0,,0,,0,,0,"Demand is intermittent, so the forecast remains conservative."
18-Sep-2026,2026-09-18,RIM-MSC-ACCEL-BLK-3PK,,0,,0,,0,,0,,0,"Recent demand is volatile, so the forecast is kept conservative."
18-Sep-2026,2026-09-18,RIM-MSC-ACCEL-BLK-5PK,,0,,0,,0,,0,,0,"Recent demand is volatile, so the forecast is kept conservative."
18-Sep-2026,2026-09-18,RIM-MSC-CURL-003,,0,,0,,0,,0,,0,Current stock availability is limiting observed demand.
18-Sep-2026,2026-09-18,RIM-MSC-E3DL-003,,0,,6,,0,,0,,6,"Recent demand is volatile, so the forecast is kept conservative."
18-Sep-2026,2026-09-18,RIM-MSC-E3DL-003-2PK,,0,,0,,0,,0,,0,"Demand is intermittent, so the forecast remains conservative."
18-Sep-2026,2026-09-18,RIM-MSC-E3DL-003-3PK,,0,,0,,0,,0,,0,"Recent demand is volatile, so the forecast is kept conservative."
18-Sep-2026,2026-09-18,RIM-MSC-E3DL-003-5PK,,0,,0,,0,,0,,0,"Recent demand is volatile, so the forecast is kept conservative."
18-Sep-2026,2026-09-18,RIM-MSC-ELL-003,,0,,5,,0,,0,,5,"Recent demand is volatile, so the forecast is kept conservative."
18-Sep-2026,2026-09-18,RIM-MSC-ELL-003-2PK,,0,,0,,0,,0,,0,"Recent demand is volatile, so the forecast is kept conservative."
18-Sep-2026,2026-09-18,RIM-MSC-ELL-003-3PK,,0,,0,,0,,0,,0,"Demand is intermittent, so the forecast remains conservative."
18-Sep-2026,2026-09-18,RIM-MSC-ELL-003-5PK,,0,,0,,0,,0,,0,"Recent demand is volatile, so the forecast is kept conservative."
18-Sep-2026,2026-09-18,RIM-MSC-ESL-101,,0,,6,,0,,0,,6,"Recent demand is volatile, so the forecast is kept conservative."
18-Sep-2026,2026-09-18,RIM-MSC-ESL-101-2PK,,0,,0,,0,,0,,0,"Recent demand is volatile, so the forecast is kept conservative."
18-Sep-2026,2026-09-18,RIM-MSC-ESL-101-3PK,,0,,0,,0,,0,,0,"Recent demand is volatile, so the forecast is kept conservative."
18-Sep-2026,2026-09-18,RIM-MSC-ESL-101-5PK,,0,,0,,0,,0,,0,"Demand is intermittent, so the forecast remains conservative."
18-Sep-2026,2026-09-18,RIM-MSC-ESL-102,,1,,2,,0,,0,,3,"Recent demand is volatile, so the forecast is kept conservative."
18-Sep-2026,2026-09-18,RIM-MSC-ESL-102-2PK,,0,,0,,0,,0,,0,"Demand is intermittent, so the forecast remains conservative."
18-Sep-2026,2026-09-18,RIM-MSC-ESL-102-3PK,,0,,0,,0,,0,,0,"Recent demand is volatile, so the forecast is kept conservative."
18-Sep-2026,2026-09-18,RIM-MSC-ESL-102-5PK,,0,,0,,0,,0,,0,"Recent demand is volatile, so the forecast is kept conservative."
18-Sep-2026,2026-09-18,RIM-MSC-SCAND-BLK,,0,,0,,0,,0,,0,Current stock availability is limiting observed demand.
18-Sep-2026,2026-09-18,RIM-MSC-SCAND-LYCRA,,0,,0,,0,,0,,0,"Recent demand is volatile, so the forecast is kept conservative."
18-Sep-2026,2026-09-18,RIM-MSC-SCAND-RL-001,,2,,1,,0,,0,,3,"Recent demand is declining, so the forecast is lower."
18-Sep-2026,2026-09-18,RIM-MSC-SCAND-RL-001-2PK,,0,,0,,0,,0,,0,"Recent demand is volatile, so the forecast is kept conservative."
18-Sep-2026,2026-09-18,RIM-MSC-SCAND-RL-001-3PK,,0,,0,,0,,0,,0,"Recent demand is volatile, so the forecast is kept conservative."
18-Sep-2026,2026-09-18,RIM-MSC-SCAND-RL-001-5PK,,0,,0,,0,,0,,0,"Demand is intermittent, so the forecast remains conservative."
18-Sep-2026,2026-09-18,RIM-MSC-SCAND-RL-002,,0,,0,,0,,0,,0,"Recent demand is volatile, so the forecast is kept conservative."
18-Sep-2026,2026-09-18,RIM-MSC-SCAND-RL-003,,0,,0,,0,,0,,0,"Recent demand is volatile, so the forecast is kept conservative."
18-Sep-2026,2026-09-18,RIM-MSC-SCAND-RL-003-2PK,,0,,0,,0,,0,,0,"Demand is intermittent, so the forecast remains conservative."
18-Sep-2026,2026-09-18,RIM-MSC-SCAND-RL-003-3PK,,0,,0,,0,,0,,0,"Demand is intermittent, so the forecast remains conservative."
18-Sep-2026,2026-09-18,RIM-MSC-SCAND-RL-003-5PK,,0,,0,,0,,0,,0,"Recent demand is volatile, so the forecast is kept conservative."
18-Sep-2026,2026-09-18,RIM-MSC-SCAND-VOD-001,,4,,0,,0,,0,,4,"Recent demand is volatile, so the forecast is kept conservative."
18-Sep-2026,2026-09-18,RIM-MSC-SCAND-VOD-002,,0,,0,,0,,0,,0,"Recent demand is volatile, so the forecast is kept conservative."
18-Sep-2026,2026-09-18,RIM-MSC-SCAND-VOD-002-2PK,,0,,0,,0,,0,,0,"Demand is intermittent, so the forecast remains conservative."
18-Sep-2026,2026-09-18,RIM-MSC-SCAND-VOD-002-5PK,,0,,0,,0,,0,,0,"Demand is intermittent, so the forecast remains conservative."
18-Sep-2026,2026-09-18,RIM-MSC-SCAND-VOD-WP,,0,,0,,0,,0,,0,"Recent demand is volatile, so the forecast is kept conservative."
18-Sep-2026,2026-09-18,RIM-MSC-SCAND-WOW-001,,2,,0,,0,,0,,2,"Recent demand is volatile, so the forecast is kept conservative."
18-Sep-2026,2026-09-18,RIM-MSC-SCAND-WOW-003,,0,,0,,0,,0,,0,Current stock availability is limiting observed demand.
18-Sep-2026,2026-09-18,RIM-MSC-SCAND-WOW-WP,,0,,0,,0,,0,,0,"Recent demand is volatile, so the forecast is kept conservative."
18-Sep-2026,2026-09-18,RIM-MSC-THRILLSEEKER-BLKBRWN,,0,,0,,0,,0,,0,"Recent demand is volatile, so the forecast is kept conservative."
18-Sep-2026,2026-09-18,RIM-MSC-THRILLSEEKER-EXTBLACK,,0,,0,,0,,0,,0,"Recent demand is volatile, so the forecast is kept conservative."
18-Sep-2026,2026-09-18,RIM-MSC-VF-X10-001,,0,,0,,0,,0,,0,Current stock availability is limiting observed demand.
18-Sep-2026,2026-09-18,RIM-MSC-VOLCOL-001,,0,,0,,0,,0,,0,Current stock availability is limiting observed demand.
18-Sep-2026,2026-09-18,RIM-MSC-WDF-001,,0,,0,,0,,0,,0,"Demand is intermittent, so the forecast remains conservative."
18-Sep-2026,2026-09-18,RIM-MSC-WDF-003,,0,,0,,0,,0,,0,"Recent demand is volatile, so the forecast is kept conservative."
18-Sep-2026,2026-09-18,RIM-MSC-WDF-WP,,0,,0,,0,,0,,0,"Recent demand is volatile, so the forecast is kept conservative."
18-Sep-2026,2026-09-18,RIM-MSC-WLUX-001,,0,,0,,0,,0,,0,"Recent demand is volatile, so the forecast is kept conservative."
18-Sep-2026,2026-09-18,RIM-MSC-WLUX-002,,0,,0,,0,,0,,0,"Recent demand is volatile, so the forecast is kept conservative."
18-Sep-2026,2026-09-18,RIM-MSC-WLUX-003,,0,,1,,0,,0,,1,"Recent demand is volatile, so the forecast is kept conservative."
18-Sep-2026,2026-09-18,RIM-MSC-WLUX-003-2PK,,0,,0,,0,,0,,0,"Demand is intermittent, so the forecast remains conservative."
18-Sep-2026,2026-09-18,RIM-MSC-WNDR-EXT-001,,0,,0,,0,,0,,0,"Recent demand is volatile, so the forecast is kept conservative."
18-Sep-2026,2026-09-18,RIM-MSC-WNDRBOND-LASH-FILLER-BLK,,0,,0,,0,,0,,0,"Demand is intermittent, so the forecast remains conservative."
18-Sep-2026,2026-09-18,RIM-MULTI-TASK-CLR-010,,0,,0,,0,,0,,0,"Recent demand is volatile, so the forecast is kept conservative."
18-Sep-2026,2026-09-18,RIM-MULTI-TASK-CLR-020,,0,,0,,0,,0,,0,"Recent demand is volatile, so the forecast is kept conservative."
18-Sep-2026,2026-09-18,RIM-MULTI-TASK-CLR-030,,0,,0,,0,,0,,0,"Demand is intermittent, so the forecast remains conservative."
18-Sep-2026,2026-09-18,RIM-MULTI-TASK-CLR-040,,0,,0,,0,,0,,0,"Demand is intermittent, so the forecast remains conservative."
18-Sep-2026,2026-09-18,RIM-MULTI-TASK-CLR-050,,0,,0,,0,,0,,0,"Demand is intermittent, so the forecast remains conservative."
18-Sep-2026,2026-09-18,RIM-MULTI-TASK-CLR-060,,0,,0,,0,,0,,0,Current stock availability is limiting observed demand.
18-Sep-2026,2026-09-18,RIM-MULTI-TASK-CLR-070,,0,,0,,0,,0,,0,"Demand is intermittent, so the forecast remains conservative."
18-Sep-2026,2026-09-18,RIM-MULTI-TASK-CLR-090,,0,,0,,0,,0,,0,Current stock availability is limiting observed demand.
18-Sep-2026,2026-09-18,RIM-MULTI-TASKER-BTF-30ML-002,,0,,0,,0,,0,,0,"Demand is intermittent, so the forecast remains conservative."
18-Sep-2026,2026-09-18,RIM-MULTI-TASKER-BTF-30ML-003,,0,,0,,0,,0,,0,"Demand is intermittent, so the forecast remains conservative."
18-Sep-2026,2026-09-18,RIM-MULTI-TASKER-BTF-30ML-004,,0,,0,,0,,0,,0,"Demand is intermittent, so the forecast remains conservative."
18-Sep-2026,2026-09-18,RIM-NAIL-60S-101,,0,,0,,0,,0,,0,"Recent demand is volatile, so the forecast is kept conservative."
18-Sep-2026,2026-09-18,RIM-NAIL-60S-130,,0,,0,,0,,0,,0,"Recent demand is volatile, so the forecast is kept conservative."
18-Sep-2026,2026-09-18,RIM-NAIL-60S-150,,0,,0,,0,,0,,0,"Demand is intermittent, so the forecast remains conservative."
18-Sep-2026,2026-09-18,RIM-NAIL-60S-151,,0,,0,,0,,0,,0,"Recent demand is volatile, so the forecast is kept conservative."
18-Sep-2026,2026-09-18,RIM-NAIL-60S-152,,0,,0,,0,,0,,0,"Recent demand is volatile, so the forecast is kept conservative."
18-Sep-2026,2026-09-18,RIM-NAIL-60S-153,,0,,0,,0,,0,,0,"Demand is intermittent, so the forecast remains conservative."
18-Sep-2026,2026-09-18,RIM-NAIL-60S-154,,0,,0,,0,,0,,0,"Recent demand is volatile, so the forecast is kept conservative."
18-Sep-2026,2026-09-18,RIM-NAIL-60S-155,,0,,0,,0,,0,,0,"Demand is intermittent, so the forecast remains conservative."
18-Sep-2026,2026-09-18,RIM-NAIL-60S-203,,0,,0,,0,,0,,0,"Recent demand is volatile, so the forecast is kept conservative."
18-Sep-2026,2026-09-18,RIM-NAIL-60S-210,,0,,0,,0,,0,,0,"Recent demand is volatile, so the forecast is kept conservative."
18-Sep-2026,2026-09-18,RIM-NAIL-60S-230,,0,,0,,0,,0,,0,"Recent demand is volatile, so the forecast is kept conservative."
18-Sep-2026,2026-09-18,RIM-NAIL-60S-235,,0,,0,,0,,0,,0,"Recent demand is volatile, so the forecast is kept conservative."
18-Sep-2026,2026-09-18,RIM-NAIL-60S-262,,0,,0,,0,,0,,0,"Recent demand is volatile, so the forecast is kept conservative."
18-Sep-2026,2026-09-18,RIM-NAIL-60S-270,,0,,0,,0,,0,,0,"Recent demand is volatile, so the forecast is kept conservative."
18-Sep-2026,2026-09-18,RIM-NAIL-60S-271,,0,,0,,0,,0,,0,"Recent demand is volatile, so the forecast is kept conservative."
18-Sep-2026,2026-09-18,RIM-NAIL-60S-300,,0,,0,,0,,0,,0,"Recent demand is volatile, so the forecast is kept conservative."
18-Sep-2026,2026-09-18,RIM-NAIL-60S-310,,0,,0,,0,,0,,0,"Recent demand is volatile, so the forecast is kept conservative."
18-Sep-2026,2026-09-18,RIM-NAIL-60S-312,,0,,0,,0,,0,,0,"Recent demand is volatile, so the forecast is kept conservative."
18-Sep-2026,2026-09-18,RIM-NAIL-60S-313,,0,,0,,0,,0,,0,"Recent demand is volatile, so the forecast is kept conservative."
18-Sep-2026,2026-09-18,RIM-NAIL-60S-314,,0,,0,,0,,0,,0,"Recent demand is volatile, so the forecast is kept conservative."
18-Sep-2026,2026-09-18,RIM-NAIL-60S-315,,0,,0,,0,,0,,0,"Recent demand is volatile, so the forecast is kept conservative."
18-Sep-2026,2026-09-18,RIM-NAIL-60S-320,,0,,0,,0,,0,,0,"Recent demand is volatile, so the forecast is kept conservative."
18-Sep-2026,2026-09-18,RIM-NAIL-60S-322,,0,,0,,0,,0,,0,"Recent demand is volatile, so the forecast is kept conservative."
18-Sep-2026,2026-09-18,RIM-NAIL-60S-323,,0,,0,,0,,0,,0,"Recent demand is volatile, so the forecast is kept conservative."
18-Sep-2026,2026-09-18,RIM-NAIL-60S-324,,0,,0,,0,,0,,0,"Recent demand is volatile, so the forecast is kept conservative."
18-Sep-2026,2026-09-18,RIM-NAIL-60S-335,,0,,0,,0,,0,,0,"Recent demand is volatile, so the forecast is kept conservative."
18-Sep-2026,2026-09-18,RIM-NAIL-60S-336,,0,,0,,0,,0,,0,"Recent demand is volatile, so the forecast is kept conservative."
18-Sep-2026,2026-09-18,RIM-NAIL-60S-340,,0,,0,,0,,0,,0,"Recent demand is volatile, so the forecast is kept conservative."
18-Sep-2026,2026-09-18,RIM-NAIL-60S-345,,1,,1,,0,,0,,2,"Recent demand is volatile, so the forecast is kept conservative."
18-Sep-2026,2026-09-18,RIM-NAIL-60S-401,,0,,0,,0,,0,,0,Current stock availability is limiting observed demand.
18-Sep-2026,2026-09-18,RIM-NAIL-60S-404,,0,,0,,0,,0,,0,"Recent demand is volatile, so the forecast is kept conservative."
18-Sep-2026,2026-09-18,RIM-NAIL-60S-405,,0,,0,,0,,0,,0,"Recent demand is volatile, so the forecast is kept conservative."
18-Sep-2026,2026-09-18,RIM-NAIL-60S-406,,0,,0,,0,,0,,0,"Demand is intermittent, so the forecast remains conservative."
18-Sep-2026,2026-09-18,RIM-NAIL-60S-410,,0,,0,,0,,0,,0,"Recent demand is volatile, so the forecast is kept conservative."
18-Sep-2026,2026-09-18,RIM-NAIL-60S-411,,0,,0,,0,,0,,0,Current stock availability is limiting observed demand.
18-Sep-2026,2026-09-18,RIM-NAIL-60S-430,,0,,0,,0,,0,,0,Current stock availability is limiting observed demand.
18-Sep-2026,2026-09-18,RIM-NAIL-60S-498,,0,,0,,0,,0,,0,"Recent demand is volatile, so the forecast is kept conservative."
18-Sep-2026,2026-09-18,RIM-NAIL-60S-500,,0,,0,,0,,0,,0,"Recent demand is volatile, so the forecast is kept conservative."
18-Sep-2026,2026-09-18,RIM-NAIL-60S-510,,0,,0,,0,,0,,0,"Recent demand is volatile, so the forecast is kept conservative."
18-Sep-2026,2026-09-18,RIM-NAIL-60S-558,,0,,0,,0,,0,,0,"Recent demand is volatile, so the forecast is kept conservative."
18-Sep-2026,2026-09-18,RIM-NAIL-60S-560,,0,,0,,0,,0,,0,"Recent demand is volatile, so the forecast is kept conservative."
18-Sep-2026,2026-09-18,RIM-NAIL-60S-561,,0,,0,,0,,0,,0,"Recent demand is volatile, so the forecast is kept conservative."
18-Sep-2026,2026-09-18,RIM-NAIL-60S-703,,0,,0,,0,,0,,0,"Recent demand is volatile, so the forecast is kept conservative."
18-Sep-2026,2026-09-18,RIM-NAIL-60S-705,,0,,0,,0,,0,,0,"Recent demand is volatile, so the forecast is kept conservative."
18-Sep-2026,2026-09-18,RIM-NAIL-60S-707,,0,,0,,0,,0,,0,"Recent demand is volatile, so the forecast is kept conservative."
18-Sep-2026,2026-09-18,RIM-NAIL-60S-708,,0,,0,,0,,0,,0,Current stock availability is limiting observed demand.
18-Sep-2026,2026-09-18,RIM-NAIL-60S-709,,0,,0,,0,,0,,0,"Recent demand is volatile, so the forecast is kept conservative."
18-Sep-2026,2026-09-18,RIM-NAIL-60S-710,,0,,0,,0,,0,,0,"Recent demand is volatile, so the forecast is kept conservative."
18-Sep-2026,2026-09-18,RIM-NAIL-60S-711,,0,,0,,0,,0,,0,"Recent demand is volatile, so the forecast is kept conservative."
18-Sep-2026,2026-09-18,RIM-NAIL-60S-712,,0,,0,,0,,0,,0,Current stock availability is limiting observed demand.
18-Sep-2026,2026-09-18,RIM-NAIL-60S-713,,0,,0,,0,,0,,0,"Recent demand is volatile, so the forecast is kept conservative."
18-Sep-2026,2026-09-18,RIM-NAIL-60S-714,,0,,0,,0,,0,,0,"Recent demand is volatile, so the forecast is kept conservative."
18-Sep-2026,2026-09-18,RIM-NAIL-60S-715,,0,,0,,0,,0,,0,Current stock availability is limiting observed demand.
18-Sep-2026,2026-09-18,RIM-NAIL-60S-718,,0,,0,,0,,0,,0,"Recent demand is volatile, so the forecast is kept conservative."
18-Sep-2026,2026-09-18,RIM-NAIL-60S-719,,0,,0,,0,,0,,0,"Recent demand is volatile, so the forecast is kept conservative."
18-Sep-2026,2026-09-18,RIM-NAIL-60S-720,,0,,0,,0,,0,,0,"Recent demand is volatile, so the forecast is kept conservative."
18-Sep-2026,2026-09-18,RIM-NAIL-60S-721,,0,,0,,0,,0,,0,"Recent demand is volatile, so the forecast is kept conservative."
18-Sep-2026,2026-09-18,RIM-NAIL-60S-722,,0,,0,,0,,0,,0,"Recent demand is volatile, so the forecast is kept conservative."
18-Sep-2026,2026-09-18,RIM-NAIL-60S-730,,0,,0,,0,,0,,0,Current stock availability is limiting observed demand.
18-Sep-2026,2026-09-18,RIM-NAIL-60S-740,,0,,0,,0,,0,,0,"Recent demand is volatile, so the forecast is kept conservative."
18-Sep-2026,2026-09-18,RIM-NAIL-60S-807,,0,,0,,0,,0,,0,"Recent demand is volatile, so the forecast is kept conservative."
18-Sep-2026,2026-09-18,RIM-NAIL-60S-809,,0,,0,,0,,0,,0,"Recent demand is volatile, so the forecast is kept conservative."
18-Sep-2026,2026-09-18,RIM-NAIL-60S-810,,0,,0,,0,,0,,0,"Recent demand is volatile, so the forecast is kept conservative."
18-Sep-2026,2026-09-18,RIM-NAIL-60S-811,,0,,0,,0,,0,,0,"Recent demand is volatile, so the forecast is kept conservative."
18-Sep-2026,2026-09-18,RIM-NAIL-60S-812,,0,,0,,0,,0,,0,Current stock availability is limiting observed demand.
18-Sep-2026,2026-09-18,RIM-NAIL-60S-820,,0,,0,,0,,0,,0,"Demand is intermittent, so the forecast remains conservative."
18-Sep-2026,2026-09-18,RIM-NAIL-60S-828,,0,,0,,0,,0,,0,"Recent demand is volatile, so the forecast is kept conservative."
18-Sep-2026,2026-09-18,RIM-NAIL-60S-831,,0,,0,,0,,0,,0,"Demand is intermittent, so the forecast remains conservative."
18-Sep-2026,2026-09-18,RIM-NAIL-60S-833,,0,,0,,0,,0,,0,"Recent demand is volatile, so the forecast is kept conservative."
18-Sep-2026,2026-09-18,RIM-NAIL-60S-834,,0,,0,,0,,0,,0,"Recent demand is volatile, so the forecast is kept conservative."
18-Sep-2026,2026-09-18,RIM-NAIL-60S-853,,0,,0,,0,,0,,0,"Recent demand is volatile, so the forecast is kept conservative."
18-Sep-2026,2026-09-18,RIM-NAIL-60S-878,,0,,0,,0,,0,,0,Current stock availability is limiting observed demand.
18-Sep-2026,2026-09-18,RIM-NAIL-60S-900,,0,,1,,0,,0,,1,"Recent demand is volatile, so the forecast is kept conservative."
18-Sep-2026,2026-09-18,RIM-NAIL-60S-901,,0,,0,,0,,0,,0,Current stock availability is limiting observed demand.
18-Sep-2026,2026-09-18,RIM-NAIL-60S-902,,2,,1,,0,,0,,3,"Recent demand is volatile, so the forecast is kept conservative."
18-Sep-2026,2026-09-18,RIM-NAIL-60S-905,,0,,0,,0,,0,,0,"Recent demand is volatile, so the forecast is kept conservative."
18-Sep-2026,2026-09-18,RIM-NAIL-60S-BUNDLE-10PCS-V1,,0,,0,,0,,0,,0,"Recent demand is volatile, so the forecast is kept conservative."
18-Sep-2026,2026-09-18,RIM-NAIL-60S-BUNDLE-10PCS-V2,,0,,0,,0,,0,,0,"Demand is intermittent, so the forecast remains conservative."
18-Sep-2026,2026-09-18,RIM-NAIL-60S-BUNDLE-10PCS-V3,,0,,0,,0,,0,,0,"Recent demand is volatile, so the forecast is kept conservative."
18-Sep-2026,2026-09-18,RIM-NAIL-60S-BUNDLE-15PCS-V1,,0,,0,,0,,0,,0,Current stock availability is limiting observed demand.
18-Sep-2026,2026-09-18,RIM-NAIL-60S-BUNDLE-5PCS-V1,,0,,0,,0,,0,,0,"Demand is intermittent, so the forecast remains conservative."
18-Sep-2026,2026-09-18,RIM-NAIL-60S-BUNDLE-5PCS-V2,,0,,0,,0,,0,,0,"Demand is intermittent, so the forecast remains conservative."
18-Sep-2026,2026-09-18,RIM-NAIL-60S-BUNDLE-5PCS-V3,,0,,0,,0,,0,,0,"Recent demand is volatile, so the forecast is kept conservative."
18-Sep-2026,2026-09-18,RIM-NAIL-60S-BUNDLE-5PCS-V4,,0,,0,,0,,0,,0,"Demand is intermittent, so the forecast remains conservative."
18-Sep-2026,2026-09-18,RIM-NAIL-60S-BUNDLE-RED-5,,0,,0,,0,,0,,0,"Recent demand is volatile, so the forecast is kept conservative."
18-Sep-2026,2026-09-18,RIM-NAIL-60S-BUNDLE-SUMMER-5,,0,,0,,0,,0,,0,"Demand is intermittent, so the forecast remains conservative."
18-Sep-2026,2026-09-18,RIM-NAIL-60S-MIX-10PCS,,0,,0,,0,,0,,0,"Recent demand is volatile, so the forecast is kept conservative."
18-Sep-2026,2026-09-18,RIM-NAIL-60S-MIX-15PCS,,0,,0,,0,,0,,0,Current stock availability is limiting observed demand.
18-Sep-2026,2026-09-18,RIM-NAIL-60S-MIX-8PCS,,0,,0,,0,,0,,0,"Demand is intermittent, so the forecast remains conservative."
18-Sep-2026,2026-09-18,RIM-NAIL-FT-TOPCOAT,,0,,0,,0,,0,,0,Current stock availability is limiting observed demand.
18-Sep-2026,2026-09-18,RIM-NAIL-FT-TOPCOAT-2PK,,0,,0,,0,,0,,0,"Demand is intermittent, so the forecast remains conservative."
18-Sep-2026,2026-09-18,RIM-NAIL-GLITTER-BOMB-019,,0,,0,,0,,0,,0,Current stock availability is limiting observed demand.
18-Sep-2026,2026-09-18,RIM-NAIL-NN-5IN1,,0,,0,,0,,0,,0,Current stock availability is limiting observed demand.
18-Sep-2026,2026-09-18,RIM-NAIL-NN-STRONGER,,0,,0,,0,,0,,0,Current stock availability is limiting observed demand.
18-Sep-2026,2026-09-18,RIM-NAIL-SUPERGEL-001,,0,,0,,0,,0,,0,"Demand is intermittent, so the forecast remains conservative."
18-Sep-2026,2026-09-18,RIM-NAIL-SUPERGEL-008,,0,,0,,0,,0,,0,"Recent demand is volatile, so the forecast is kept conservative."
18-Sep-2026,2026-09-18,RIM-NAIL-SUPERGEL-012,,1,,0,,0,,0,,1,"Recent demand is volatile, so the forecast is kept conservative."
18-Sep-2026,2026-09-18,RIM-NAIL-SUPERGEL-014,,0,,0,,0,,0,,0,Current stock availability is limiting observed demand.
18-Sep-2026,2026-09-18,RIM-NAIL-SUPERGEL-020,,0,,0,,0,,0,,0,Current stock availability is limiting observed demand.
18-Sep-2026,2026-09-18,RIM-NAIL-SUPERGEL-021,,0,,0,,0,,0,,0,"Recent demand is volatile, so the forecast is kept conservative."
18-Sep-2026,2026-09-18,RIM-NAIL-SUPERGEL-022,,0,,0,,0,,0,,0,"Recent demand is volatile, so the forecast is kept conservative."
18-Sep-2026,2026-09-18,RIM-NAIL-SUPERGEL-023,,0,,0,,0,,0,,0,Current stock availability is limiting observed demand.
18-Sep-2026,2026-09-18,RIM-NAIL-SUPERGEL-023-2PK,,0,,0,,0,,0,,0,"Demand is intermittent, so the forecast remains conservative."
18-Sep-2026,2026-09-18,RIM-NAIL-SUPERGEL-023-5PK,,0,,0,,0,,0,,0,"Demand is intermittent, so the forecast remains conservative."
18-Sep-2026,2026-09-18,RIM-NAIL-SUPERGEL-024,,0,,0,,0,,0,,0,"Recent demand is volatile, so the forecast is kept conservative."
18-Sep-2026,2026-09-18,RIM-NAIL-SUPERGEL-025,,0,,0,,0,,0,,0,"Recent demand is volatile, so the forecast is kept conservative."
18-Sep-2026,2026-09-18,RIM-NAIL-SUPERGEL-026,,0,,0,,0,,0,,0,"Recent demand is volatile, so the forecast is kept conservative."
18-Sep-2026,2026-09-18,RIM-NAIL-SUPERGEL-027,,0,,0,,0,,0,,0,Current stock availability is limiting observed demand.
18-Sep-2026,2026-09-18,RIM-NAIL-SUPERGEL-030,,0,,0,,0,,0,,0,Current stock availability is limiting observed demand.
18-Sep-2026,2026-09-18,RIM-NAIL-SUPERGEL-031,,0,,0,,0,,0,,0,Current stock availability is limiting observed demand.
18-Sep-2026,2026-09-18,RIM-NAIL-SUPERGEL-032,,0,,0,,0,,0,,0,"Recent demand is volatile, so the forecast is kept conservative."
18-Sep-2026,2026-09-18,RIM-NAIL-SUPERGEL-033,,0,,0,,0,,0,,0,"Recent demand is volatile, so the forecast is kept conservative."
18-Sep-2026,2026-09-18,RIM-NAIL-SUPERGEL-035,,0,,0,,0,,0,,0,"Recent demand is volatile, so the forecast is kept conservative."
18-Sep-2026,2026-09-18,RIM-NAIL-SUPERGEL-042,,0,,0,,0,,0,,0,"Recent demand is volatile, so the forecast is kept conservative."
18-Sep-2026,2026-09-18,RIM-NAIL-SUPERGEL-043,,0,,0,,0,,0,,0,"Recent demand is volatile, so the forecast is kept conservative."
18-Sep-2026,2026-09-18,RIM-NAIL-SUPERGEL-044,,0,,0,,0,,0,,0,Current stock availability is limiting observed demand.
18-Sep-2026,2026-09-18,RIM-NAIL-SUPERGEL-045,,0,,0,,0,,0,,0,"Recent demand is volatile, so the forecast is kept conservative."
18-Sep-2026,2026-09-18,RIM-NAIL-SUPERGEL-052,,0,,0,,0,,0,,0,Current stock availability is limiting observed demand.
18-Sep-2026,2026-09-18,RIM-NAIL-SUPERGEL-054,,0,,0,,0,,0,,0,"Recent demand is volatile, so the forecast is kept conservative."
18-Sep-2026,2026-09-18,RIM-NAIL-SUPERGEL-056,,0,,0,,0,,0,,0,"Recent demand is volatile, so the forecast is kept conservative."
18-Sep-2026,2026-09-18,RIM-NAIL-SUPERGEL-058,,0,,0,,0,,0,,0,"Demand is intermittent, so the forecast remains conservative."
18-Sep-2026,2026-09-18,RIM-NAIL-SUPERGEL-069,,0,,0,,0,,0,,0,Current stock availability is limiting observed demand.
18-Sep-2026,2026-09-18,RIM-NAIL-SUPERGEL-070,,0,,0,,0,,0,,0,Current stock availability is limiting observed demand.
18-Sep-2026,2026-09-18,RIM-NAIL-SUPERGEL-071,,0,,0,,0,,0,,0,"Recent demand is volatile, so the forecast is kept conservative."
18-Sep-2026,2026-09-18,RIM-NAIL-SUPERGEL-083,,0,,0,,0,,0,,0,"Recent demand is volatile, so the forecast is kept conservative."
18-Sep-2026,2026-09-18,RIM-NAIL-SUPERGEL-090,,0,,0,,0,,0,,0,Current stock availability is limiting observed demand.
18-Sep-2026,2026-09-18,RIM-NAIL-SUPERGEL-091,,0,,0,,0,,0,,0,"Recent demand is volatile, so the forecast is kept conservative."
18-Sep-2026,2026-09-18,RIM-NAIL-SUPERGEL-091A,,1,,0,,0,,0,,1,"Recent demand is volatile, so the forecast is kept conservative."
18-Sep-2026,2026-09-18,RIM-NAIL-SUPERGEL-094,,0,,0,,0,,0,,0,"Recent demand is volatile, so the forecast is kept conservative."
18-Sep-2026,2026-09-18,RIM-NAIL-SUPERGEL-095,,0,,0,,0,,0,,0,"Recent demand is volatile, so the forecast is kept conservative."
18-Sep-2026,2026-09-18,RIM-NAIL-SUPERGEL-096,,0,,0,,0,,0,,0,"Demand is intermittent, so the forecast remains conservative."
18-Sep-2026,2026-09-18,RIM-NAIL-SUPERGEL-097,,0,,0,,0,,0,,0,"Recent demand is volatile, so the forecast is kept conservative."
18-Sep-2026,2026-09-18,RIM-NAIL-SUPERGEL-098,,0,,0,,0,,0,,0,Current stock availability is limiting observed demand.
18-Sep-2026,2026-09-18,RIM-NAIL-SUPERGEL-099,,0,,0,,0,,0,,0,"Recent demand is volatile, so the forecast is kept conservative."
18-Sep-2026,2026-09-18,RIM-NATURALBRONZER-001,,0,,0,,0,,0,,0,Current stock availability is limiting observed demand.
18-Sep-2026,2026-09-18,RIM-NATURALBRONZER-002,,0,,0,,0,,0,,0,"Recent demand is volatile, so the forecast is kept conservative."
18-Sep-2026,2026-09-18,RIM-NATURALBRONZER-002-3PK,,0,,0,,0,,0,,0,"Demand is intermittent, so the forecast remains conservative."
18-Sep-2026,2026-09-18,RIM-OMG-LIP-130,,0,,1,,0,,0,,1,"Recent demand is volatile, so the forecast is kept conservative."
18-Sep-2026,2026-09-18,RIM-OMG-LIP-150,,0,,0,,0,,0,,0,"Recent demand is volatile, so the forecast is kept conservative."
18-Sep-2026,2026-09-18,RIM-OMG-LIP-160,,0,,0,,0,,0,,0,"Recent demand is volatile, so the forecast is kept conservative."
18-Sep-2026,2026-09-18,RIM-OMG-LIP-200,,0,,0,,0,,0,,0,Current stock availability is limiting observed demand.
18-Sep-2026,2026-09-18,RIM-OMG-LIP-210,,0,,0,,0,,0,,0,"Demand is intermittent, so the forecast remains conservative."
18-Sep-2026,2026-09-18,RIM-OMG-LIP-260,,0,,0,,0,,0,,0,Current stock availability is limiting observed demand.
18-Sep-2026,2026-09-18,RIM-OMG-LIP-300,,0,,0,,0,,0,,0,Current stock availability is limiting observed demand.
18-Sep-2026,2026-09-18,RIM-OMG-LIP-330,,0,,0,,0,,0,,0,"Recent demand is volatile, so the forecast is kept conservative."
18-Sep-2026,2026-09-18,RIM-OMG-LIP-400,,0,,0,,0,,0,,0,Current stock availability is limiting observed demand.
18-Sep-2026,2026-09-18,RIM-OMG-LIP-500,,0,,0,,0,,0,,0,"Demand is intermittent, so the forecast remains conservative."
18-Sep-2026,2026-09-18,RIM-OMG-LIP-531,,0,,0,,0,,0,,0,Current stock availability is limiting observed demand.
18-Sep-2026,2026-09-18,RIM-OMG-LIP-758,,0,,0,,0,,0,,0,Current stock availability is limiting observed demand.
18-Sep-2026,2026-09-18,RIM-OMG-LIP-759,,0,,0,,0,,0,,0,"Demand is intermittent, so the forecast remains conservative."
18-Sep-2026,2026-09-18,RIM-OMG-LIP-800,,0,,0,,0,,0,,0,"Recent demand is volatile, so the forecast is kept conservative."
18-Sep-2026,2026-09-18,RIM-OMG-LIP-801,,0,,0,,0,,0,,0,Current stock availability is limiting observed demand.
18-Sep-2026,2026-09-18,RIM-OMG-LIP-LOVEBUG,,0,,0,,0,,0,,0,"Recent demand is volatile, so the forecast is kept conservative."
18-Sep-2026,2026-09-18,RIM-OMG-PLUMP-501,,0,,0,,0,,0,,0,Current stock availability is limiting observed demand.
18-Sep-2026,2026-09-18,RIM-OMG-PLUMP-820,,0,,0,,0,,0,,0,Current stock availability is limiting observed demand.
18-Sep-2026,2026-09-18,RIM-OMP-LIP-SHAPER-010,,0,,0,,0,,0,,0,"Demand is intermittent, so the forecast remains conservative."
18-Sep-2026,2026-09-18,RIM-OMP-LIP-SHAPER-030,,0,,0,,0,,0,,0,"Demand is intermittent, so the forecast remains conservative."
18-Sep-2026,2026-09-18,RIM-OMP-LIP-SHAPER-040,,0,,0,,0,,0,,0,"Demand is intermittent, so the forecast remains conservative."
18-Sep-2026,2026-09-18,RIM-OMP-LIP-SHAPER-050,,0,,0,,0,,0,,0,"Demand is intermittent, so the forecast remains conservative."
18-Sep-2026,2026-09-18,RIM-PROVOCALIP-210,,0,,0,,0,,0,,0,Current stock availability is limiting observed demand.
18-Sep-2026,2026-09-18,RIM-PROVOCALIP-570,,0,,0,,0,,0,,0,"Recent demand is volatile, so the forecast is kept conservative."
18-Sep-2026,2026-09-18,RIM-PROVOCALIP-710,,0,,0,,0,,0,,0,Current stock availability is limiting observed demand.
18-Sep-2026,2026-09-18,RIM-PROVOCALIP-730,,0,,0,,0,,0,,0,"Recent demand is volatile, so the forecast is kept conservative."
18-Sep-2026,2026-09-18,RIM-RADBRICK-001,,0,,0,,0,,0,,0,Current stock availability is limiting observed demand.
18-Sep-2026,2026-09-18,RIM-RADBRICK-002,,0,,0,,0,,0,,0,Current stock availability is limiting observed demand.
18-Sep-2026,2026-09-18,RIM-RADBRICK-003,,0,,0,,0,,0,,0,Current stock availability is limiting observed demand.
18-Sep-2026,2026-09-18,RIM-SCD-EL-WP-001,,1,,1,,0,,0,,2,"Recent demand is volatile, so the forecast is kept conservative."
18-Sep-2026,2026-09-18,RIM-SCD-EL-WP-001-2PK,,0,,0,,0,,0,,0,"Demand is intermittent, so the forecast remains conservative."
18-Sep-2026,2026-09-18,RIM-SCD-EL-WP-001-3PK,,0,,0,,0,,0,,0,"Demand is intermittent, so the forecast remains conservative."
18-Sep-2026,2026-09-18,RIM-SCD-EL-WP-001-5PK,,0,,0,,0,,0,,0,"Demand is intermittent, so the forecast remains conservative."
18-Sep-2026,2026-09-18,RIM-SCD-EL-WP-003,,0,,0,,0,,0,,0,"Recent demand is volatile, so the forecast is kept conservative."
18-Sep-2026,2026-09-18,RIM-SCD-EL-WP-005,,0,,0,,0,,0,,0,"Demand is intermittent, so the forecast remains conservative."
18-Sep-2026,2026-09-18,RIM-SCD-EL-WP-006,,0,,0,,0,,0,,0,Current stock availability is limiting observed demand.
18-Sep-2026,2026-09-18,RIM-SCD-EL-WP-008,,0,,0,,0,,0,,0,Current stock availability is limiting observed demand.
18-Sep-2026,2026-09-18,RIM-SCD-EYE-001,,16,,2,,0,,0,,18,"Recent sales are increasing, so the forecast is higher."
18-Sep-2026,2026-09-18,RIM-SCD-EYE-001-2PK,,0,,0,,0,,0,,0,"Demand is intermittent, so the forecast remains conservative."
18-Sep-2026,2026-09-18,RIM-SCD-EYE-001-3PK,,0,,0,,0,,0,,0,"Demand is intermittent, so the forecast remains conservative."
18-Sep-2026,2026-09-18,RIM-SCD-EYE-001-5PK,,0,,0,,0,,0,,0,"Recent demand is volatile, so the forecast is kept conservative."
18-Sep-2026,2026-09-18,RIM-SCD-EYE-002,,0,,0,,0,,0,,0,Current stock availability is limiting observed demand.
18-Sep-2026,2026-09-18,RIM-SCD-EYE-002-2PK,,0,,0,,0,,0,,0,"Demand is intermittent, so the forecast remains conservative."
18-Sep-2026,2026-09-18,RIM-SCD-EYE-002-3PK,,0,,0,,0,,0,,0,"Demand is intermittent, so the forecast remains conservative."
18-Sep-2026,2026-09-18,RIM-SCD-EYE-002-5PK,,0,,0,,0,,0,,0,"Demand is intermittent, so the forecast remains conservative."
18-Sep-2026,2026-09-18,RIM-SCD-EYE-003,,0,,2,,0,,0,,2,"Recent demand is volatile, so the forecast is kept conservative."
18-Sep-2026,2026-09-18,RIM-SCD-EYE-003-2PK,,0,,0,,0,,0,,0,"Demand is intermittent, so the forecast remains conservative."
18-Sep-2026,2026-09-18,RIM-SCD-EYE-003-3PK,,0,,0,,0,,0,,0,"Demand is intermittent, so the forecast remains conservative."
18-Sep-2026,2026-09-18,RIM-SCD-EYE-003-5PK,,0,,0,,0,,0,,0,"Demand is intermittent, so the forecast remains conservative."
18-Sep-2026,2026-09-18,RIM-SCD-EYE-004,,0,,0,,0,,0,,0,"Recent demand is volatile, so the forecast is kept conservative."
18-Sep-2026,2026-09-18,RIM-SCD-EYE-005,,0,,0,,0,,0,,0,"Recent demand is volatile, so the forecast is kept conservative."
18-Sep-2026,2026-09-18,RIM-SCD-EYE-006,,0,,1,,0,,0,,1,"Recent demand is volatile, so the forecast is kept conservative."
18-Sep-2026,2026-09-18,RIM-SCD-EYE-006-2PK,,0,,0,,0,,0,,0,"Recent demand is volatile, so the forecast is kept conservative."
18-Sep-2026,2026-09-18,RIM-SCD-EYE-006-3PK,,0,,0,,0,,0,,0,"Recent demand is volatile, so the forecast is kept conservative."
18-Sep-2026,2026-09-18,RIM-SCD-EYE-006-5PK,,0,,0,,0,,0,,0,"Recent demand is volatile, so the forecast is kept conservative."
18-Sep-2026,2026-09-18,RIM-SCD-MICRO-EL-001,,0,,0,,0,,0,,0,"Demand is intermittent, so the forecast remains conservative."
18-Sep-2026,2026-09-18,RIM-SM-PRIMER-003,,0,,0,,0,,0,,0,"Demand is intermittent, so the forecast remains conservative."
18-Sep-2026,2026-09-18,RIM-SMLIQ-100,,0,,0,,0,,0,,0,"Demand is intermittent, so the forecast remains conservative."
18-Sep-2026,2026-09-18,RIM-SMLIQ-110,,0,,0,,0,,0,,0,Current stock availability is limiting observed demand.
18-Sep-2026,2026-09-18,RIM-SMLIQ-200,,0,,0,,0,,0,,0,Current stock availability is limiting observed demand.
18-Sep-2026,2026-09-18,RIM-SMLIQ-220,,0,,0,,0,,0,,0,Current stock availability is limiting observed demand.
18-Sep-2026,2026-09-18,RIM-SMLIQ-500,,0,,0,,0,,0,,0,Current stock availability is limiting observed demand.
18-Sep-2026,2026-09-18,RIM-SMLIQ-600,,0,,0,,0,,0,,0,Current stock availability is limiting observed demand.
18-Sep-2026,2026-09-18,RIM-SMLIQ-700,,0,,0,,0,,0,,0,"Recent demand is volatile, so the forecast is kept conservative."
18-Sep-2026,2026-09-18,RIM-SMLIQ-706,,0,,0,,0,,0,,0,Current stock availability is limiting observed demand.
18-Sep-2026,2026-09-18,RIM-SMLIQ-707,,0,,0,,0,,0,,0,Current stock availability is limiting observed demand.
18-Sep-2026,2026-09-18,RIM-SMLIQ-708,,0,,0,,0,,0,,0,Current stock availability is limiting observed demand.
18-Sep-2026,2026-09-18,RIM-SMLIQ-709,,0,,0,,0,,0,,0,Current stock availability is limiting observed demand.
18-Sep-2026,2026-09-18,RIM-SMLIQ-720,,0,,0,,0,,0,,0,Current stock availability is limiting observed demand.
18-Sep-2026,2026-09-18,RIM-SMLIQ-723,,0,,0,,0,,0,,0,Current stock availability is limiting observed demand.
18-Sep-2026,2026-09-18,RIM-SMLIQ-725,,0,,0,,0,,0,,0,Current stock availability is limiting observed demand.
18-Sep-2026,2026-09-18,RIM-SMLIQ-820,,0,,0,,0,,0,,0,Current stock availability is limiting observed demand.
18-Sep-2026,2026-09-18,RIM-SMLIQ-830,,0,,0,,0,,0,,0,"Demand is intermittent, so the forecast remains conservative."
18-Sep-2026,2026-09-18,RIM-SMLIQ-870,,0,,0,,0,,0,,0,"Demand is intermittent, so the forecast remains conservative."
18-Sep-2026,2026-09-18,RIM-SMLQFDT-502,,0,,0,,0,,0,,0,Current stock availability is limiting observed demand.
18-Sep-2026,2026-09-18,RIM-SMPP-001,,1,,5,,0,,0,,6,"Recent demand is volatile, so the forecast is kept conservative."
18-Sep-2026,2026-09-18,RIM-SMPP-001-2PK,,0,,0,,0,,0,,0,"Recent demand is volatile, so the forecast is kept conservative."
18-Sep-2026,2026-09-18,RIM-SMPP-001-3PK,,0,,0,,0,,0,,0,"Recent demand is volatile, so the forecast is kept conservative."
18-Sep-2026,2026-09-18,RIM-SMPP-001-5PK,,0,,0,,0,,0,,0,"Recent demand is volatile, so the forecast is kept conservative."
18-Sep-2026,2026-09-18,RIM-SMPP-002,,0,,1,,0,,0,,1,"Recent demand is volatile, so the forecast is kept conservative."
18-Sep-2026,2026-09-18,RIM-SMPP-002-2PK,,0,,0,,0,,0,,0,"Recent demand is volatile, so the forecast is kept conservative."
18-Sep-2026,2026-09-18,RIM-SMPP-002-3PK,,0,,0,,0,,0,,0,"Recent demand is volatile, so the forecast is kept conservative."
18-Sep-2026,2026-09-18,RIM-SMPP-002-5PK,,0,,0,,0,,0,,0,"Demand is intermittent, so the forecast remains conservative."
18-Sep-2026,2026-09-18,RIM-SMPP-003,,0,,4,,0,,0,,4,"Recent demand is volatile, so the forecast is kept conservative."
18-Sep-2026,2026-09-18,RIM-SMPP-003-2PK,,0,,0,,0,,0,,0,"Recent demand is volatile, so the forecast is kept conservative."
18-Sep-2026,2026-09-18,RIM-SMPP-003-3PK,,0,,0,,0,,0,,0,"Recent demand is volatile, so the forecast is kept conservative."
18-Sep-2026,2026-09-18,RIM-SMPP-003-5PK,,0,,0,,0,,0,,0,"Recent demand is volatile, so the forecast is kept conservative."
18-Sep-2026,2026-09-18,RIM-SMPP-004,,0,,2,,0,,0,,2,"Recent demand is volatile, so the forecast is kept conservative."
18-Sep-2026,2026-09-18,RIM-SMPP-004-2PK,,0,,0,,0,,0,,0,"Recent demand is volatile, so the forecast is kept conservative."
18-Sep-2026,2026-09-18,RIM-SMPP-004-3PK,,0,,0,,0,,0,,0,"Recent demand is volatile, so the forecast is kept conservative."
18-Sep-2026,2026-09-18,RIM-SMPP-004-5PK,,0,,0,,0,,0,,0,"Demand is intermittent, so the forecast remains conservative."
18-Sep-2026,2026-09-18,RIM-SMPP-005,,7,,5,,0,,0,,12,"Recent sales are increasing, so the forecast is higher."
18-Sep-2026,2026-09-18,RIM-SMPP-005-2PK,,0,,0,,0,,0,,0,"Recent demand is volatile, so the forecast is kept conservative."
18-Sep-2026,2026-09-18,RIM-SMPP-005-3PK,,0,,0,,0,,0,,0,"Recent demand is volatile, so the forecast is kept conservative."
18-Sep-2026,2026-09-18,RIM-SMPP-005-5PK,,0,,0,,0,,0,,0,"Recent demand is volatile, so the forecast is kept conservative."
18-Sep-2026,2026-09-18,RIM-SMPP-006,,0,,2,,0,,0,,2,"Recent demand is volatile, so the forecast is kept conservative."
18-Sep-2026,2026-09-18,RIM-SMPP-006-2PK,,0,,0,,0,,0,,0,"Demand is intermittent, so the forecast remains conservative."
18-Sep-2026,2026-09-18,RIM-SMPP-006-3PK,,0,,0,,0,,0,,0,"Recent demand is volatile, so the forecast is kept conservative."
18-Sep-2026,2026-09-18,RIM-SMPP-006-5PK,,0,,0,,0,,0,,0,"Recent demand is volatile, so the forecast is kept conservative."
18-Sep-2026,2026-09-18,RIM-SMPP-007,,0,,0,,0,,0,,0,Current stock availability is limiting observed demand.
18-Sep-2026,2026-09-18,RIM-SMPP-008,,0,,0,,0,,0,,0,"Recent demand is volatile, so the forecast is kept conservative."
18-Sep-2026,2026-09-18,RIM-SMPP-009,,0,,0,,0,,0,,0,"Recent demand is volatile, so the forecast is kept conservative."
18-Sep-2026,2026-09-18,RIM-SMPP-010,,0,,0,,0,,0,,0,Current stock availability is limiting observed demand.
18-Sep-2026,2026-09-18,RIM-STAY-MATTE-LIQLIP-COLOR-709,,0,,0,,0,,0,,0,Current stock availability is limiting observed demand.
18-Sep-2026,2026-09-18,RIM-STAY-SATIN-LIP-200,,0,,0,,0,,0,,0,Current stock availability is limiting observed demand.
18-Sep-2026,2026-09-18,RIM-STAY-SATIN-LIP-210,,0,,0,,0,,0,,0,"Recent demand is volatile, so the forecast is kept conservative."
18-Sep-2026,2026-09-18,RIM-STAY-SATIN-LIP-500,,0,,0,,0,,0,,0,"Recent demand is volatile, so the forecast is kept conservative."
18-Sep-2026,2026-09-18,RIM-SUPERGEL-GLITTER,,0,,0,,0,,0,,0,"Recent demand is volatile, so the forecast is kept conservative."
18-Sep-2026,2026-09-18,RIM-SUPERGEL-TOPCOAT,,2,,0,,0,,0,,2,"Recent demand is declining, so the forecast is lower."
18-Sep-2026,2026-09-18,RIM-SUPERGEL-TOPCOAT-2PK,,0,,0,,0,,0,,0,"Recent demand is volatile, so the forecast is kept conservative."
18-Sep-2026,2026-09-18,RIM-ULTIMATE-PRM-001,,0,,0,,0,,0,,0,Current stock availability is limiting observed demand.
18-Sep-2026,2026-09-18,RIM-ULTIMATE-PRM-001-2PK,,0,,0,,0,,0,,0,Current stock availability is limiting observed demand.
18-Sep-2026,2026-09-18,RIM-ULTIMATE-PRM-001-3PK,,0,,0,,0,,0,,0,"Demand is intermittent, so the forecast remains conservative."
18-Sep-2026,2026-09-18,RIM-ULTIMATE-PRM-001-5PK,,0,,0,,0,,0,,0,"Demand is intermittent, so the forecast remains conservative."
18-Sep-2026,2026-09-18,RIM-WNDCLOUD-LIQ-ES-001,,0,,0,,0,,0,,0,"Demand is intermittent, so the forecast remains conservative."
18-Sep-2026,2026-09-18,RIM-WNDCLOUD-LIQ-ES-002,,0,,0,,0,,0,,0,Current stock availability is limiting observed demand.
18-Sep-2026,2026-09-18,RIM-WNDCLOUD-LIQ-ES-004,,0,,0,,0,,0,,0,"Demand is intermittent, so the forecast remains conservative."
18-Sep-2026,2026-09-18,RIM-WNDCLOUD-LIQ-ES-005,,0,,0,,0,,0,,0,"Demand is intermittent, so the forecast remains conservative."
18-Sep-2026,2026-09-18,RIM-WNDCLOUD-LIQ-ES-006,,0,,0,,0,,0,,0,Current stock availability is limiting observed demand.
18-Sep-2026,2026-09-18,RIM-WNDCLOUD-LIQ-ES-007,,0,,0,,0,,0,,0,"Demand is intermittent, so the forecast remains conservative."
18-Sep-2026,2026-09-18,RIM-WONDER-SERUM,,0,,0,,0,,0,,0,"Recent demand is volatile, so the forecast is kept conservative."
18-Sep-2026,2026-09-18,RIM-WONDERF-BROW-001,,0,,0,,0,,0,,0,Current stock availability is limiting observed demand.
18-Sep-2026,2026-09-18,RIM-WONDERF-BROW-002,,1,,0,,0,,0,,1,"Recent demand is volatile, so the forecast is kept conservative."
18-Sep-2026,2026-09-18,RIM-WONDERF-BROW-003,,8,,0,,0,,0,,8,"Recent demand is volatile, so the forecast is kept conservative."
18-Sep-2026,2026-09-18,RIM-WONDERF-GEL-004,,0,,0,,0,,0,,0,Current stock availability is limiting observed demand.
18-Sep-2026,2026-09-18,RIM-WONDERINK-EL-001,,0,,0,,0,,0,,0,"Demand is intermittent, so the forecast remains conservative."
18-Sep-2026,2026-09-18,RIM-WONDERINK-LIQ-EL-002,,0,,0,,0,,0,,0,"Recent demand is volatile, so the forecast is kept conservative."
18-Sep-2026,2026-09-18,RIM-WONDERINK-LIQ-EL-003,,0,,0,,0,,0,,0,"Demand is intermittent, so the forecast remains conservative."
18-Sep-2026,2026-09-18,RIM-WONDERINK-LIQ-EL-005,,0,,0,,0,,0,,0,"Demand is intermittent, so the forecast remains conservative."
18-Sep-2026,2026-09-18,RIM-WONDERLAST-001,,0,,0,,0,,0,,0,"Demand is intermittent, so the forecast remains conservative."
18-Sep-2026,2026-09-18,RIM-WONDERLAST-002,,0,,0,,0,,0,,0,"Demand is intermittent, so the forecast remains conservative."
18-Sep-2026,2026-09-18,RIM-WONDERLAST-003,,0,,0,,0,,0,,0,"Demand is intermittent, so the forecast remains conservative."
18-Sep-2026,2026-09-18,RIM-WONDERLAST-004,,0,,0,,0,,0,,0,"Demand is intermittent, so the forecast remains conservative."
18-Sep-2026,2026-09-18,RIM-WONDERPROOF-EL-006,,0,,0,,0,,0,,0,"Demand is intermittent, so the forecast remains conservative."
18-Sep-2026,2026-09-18,RIM-WS2IN1-002,,0,,0,,0,,0,,0,"Demand is intermittent, so the forecast remains conservative."
18-Sep-2026,2026-09-18,RIM-WS2IN1-003,,0,,0,,0,,0,,0,"Demand is intermittent, so the forecast remains conservative."
19-Sep-2026,2026-09-19,RIM-100WP-BLK,,0,,3,,0,,0,,3,"Recent demand is volatile, so the forecast is kept conservative."
19-Sep-2026,2026-09-19,RIM-1KLL-071,,0,,0,,0,,0,,0,Current stock availability is limiting observed demand.
19-Sep-2026,2026-09-19,RIM-1KLL-080,,0,,0,,0,,0,,0,Current stock availability is limiting observed demand.
19-Sep-2026,2026-09-19,RIM-1KLL-081,,0,,0,,0,,0,,0,"Demand is intermittent, so the forecast remains conservative."
19-Sep-2026,2026-09-19,RIM-BBCREAM-LIGHT,,0,,1,,0,,0,,1,"Recent demand is volatile, so the forecast is kept conservative."
19-Sep-2026,2026-09-19,RIM-BBCREAM-MEDIUM,,0,,0,,0,,0,,0,Current stock availability is limiting observed demand.
19-Sep-2026,2026-09-19,RIM-BBCREAM-VERYLIGHT,,0,,0,,0,,0,,0,Current stock availability is limiting observed demand.
19-Sep-2026,2026-09-19,RIM-BTW-BSK-DRKBRW,,2,,1,,0,,0,,3,"Recent demand is volatile, so the forecast is kept conservative."
19-Sep-2026,2026-09-19,RIM-BTW-BSK-DRKBRW-2PK,,0,,0,,0,,0,,0,"Recent demand is volatile, so the forecast is kept conservative."
19-Sep-2026,2026-09-19,RIM-BTW-BSK-DRKBRW-3PK,,0,,0,,0,,0,,0,"Demand is intermittent, so the forecast remains conservative."
19-Sep-2026,2026-09-19,RIM-BTW-BSK-MEDBRW,,0,,2,,0,,0,,2,"Demand is intermittent, so the forecast remains conservative."
19-Sep-2026,2026-09-19,RIM-BTW-BSK-MEDBRW-2PK,,0,,0,,0,,0,,0,"Demand is intermittent, so the forecast remains conservative."
19-Sep-2026,2026-09-19,RIM-BTW-BSK-MEDBRW-3PK,,0,,0,,0,,0,,0,"Recent demand is volatile, so the forecast is kept conservative."
19-Sep-2026,2026-09-19,RIM-BTW-F&S-001,,0,,0,,0,,0,,0,"Recent demand is volatile, so the forecast is kept conservative."
19-Sep-2026,2026-09-19,RIM-BTW-F&S-002,,0,,0,,0,,0,,0,"Recent demand is volatile, so the forecast is kept conservative."
19-Sep-2026,2026-09-19,RIM-BTW-F&S-003,,5,,0,,0,,0,,5,"Recent demand is volatile, so the forecast is kept conservative."
19-Sep-2026,2026-09-19,RIM-BTW-F&S-004,,0,,0,,0,,0,,0,"Demand is intermittent, so the forecast remains conservative."
19-Sep-2026,2026-09-19,RIM-BTWEYEBROW-003,,0,,0,,0,,0,,0,Current stock availability is limiting observed demand.
19-Sep-2026,2026-09-19,RIM-BTWEYEBROW-005,,0,,0,,0,,0,,0,"Demand is intermittent, so the forecast remains conservative."
19-Sep-2026,2026-09-19,RIM-BTWEYEBROW-005-2PK,,0,,0,,0,,0,,0,"Demand is intermittent, so the forecast remains conservative."
19-Sep-2026,2026-09-19,RIM-BTWEYEBROW-005-3PK,,0,,0,,0,,0,,0,"Demand is intermittent, so the forecast remains conservative."
19-Sep-2026,2026-09-19,RIM-BTWEYEBROW-005-5PK,,0,,0,,0,,0,,0,"Demand is intermittent, so the forecast remains conservative."
19-Sep-2026,2026-09-19,RIM-BTWEYEBROW-006,,0,,0,,0,,0,,0,Current stock availability is limiting observed demand.
19-Sep-2026,2026-09-19,RIM-BTWEYEBROW-006-2PK,,0,,0,,0,,0,,0,"Demand is intermittent, so the forecast remains conservative."
19-Sep-2026,2026-09-19,RIM-BTWEYEBROW-006-5PK,,0,,0,,0,,0,,0,"Demand is intermittent, so the forecast remains conservative."
19-Sep-2026,2026-09-19,RIM-BTWFIBRE-001,,0,,0,,0,,0,,0,Current stock availability is limiting observed demand.
19-Sep-2026,2026-09-19,RIM-BTWFIBRE-003,,0,,0,,0,,0,,0,Current stock availability is limiting observed demand.
19-Sep-2026,2026-09-19,RIM-BUNDLE-LIP-SET-PINK-NUDES,,0,,0,,0,,0,,0,"Demand is intermittent, so the forecast remains conservative."
19-Sep-2026,2026-09-19,RIM-BUNDLE-MSC-BLK-WP-TRIO,,0,,0,,0,,0,,0,Current stock availability is limiting observed demand.
19-Sep-2026,2026-09-19,RIM-EBP-BLKBRW,,0,,0,,0,,0,,0,Current stock availability is limiting observed demand.
19-Sep-2026,2026-09-19,RIM-EBP-BLKBRW-2PK,,0,,0,,0,,0,,0,"Demand is intermittent, so the forecast remains conservative."
19-Sep-2026,2026-09-19,RIM-EBP-BLKBRW-5PK,,0,,0,,0,,0,,0,"Recent demand is volatile, so the forecast is kept conservative."
19-Sep-2026,2026-09-19,RIM-EBP-DRKBRW,,11,,2,,0,,0,,13,Stable historical demand with consistent recent sales.
19-Sep-2026,2026-09-19,RIM-EBP-DRKBRW-5PK,,0,,0,,0,,0,,0,"Demand is intermittent, so the forecast remains conservative."
19-Sep-2026,2026-09-19,RIM-EBP-HAZEL,,0,,0,,0,,0,,0,Current stock availability is limiting observed demand.
19-Sep-2026,2026-09-19,RIM-EBP-HAZEL-5PK,,0,,0,,0,,0,,0,"Demand is intermittent, so the forecast remains conservative."
19-Sep-2026,2026-09-19,RIM-ELP-021,,0,,0,,0,,0,,0,"Recent demand is volatile, so the forecast is kept conservative."
19-Sep-2026,2026-09-19,RIM-ELP-061,,0,,1,,0,,0,,1,"Recent demand is volatile, so the forecast is kept conservative."
19-Sep-2026,2026-09-19,RIM-ELP-061-2PK,,0,,0,,0,,0,,0,"Demand is intermittent, so the forecast remains conservative."
19-Sep-2026,2026-09-19,RIM-ELP-061-6PK,,0,,0,,0,,0,,0,"Recent demand is volatile, so the forecast is kept conservative."
19-Sep-2026,2026-09-19,RIM-ELP-064,,1,,0,,0,,0,,1,"Recent demand is volatile, so the forecast is kept conservative."
19-Sep-2026,2026-09-19,RIM-ELP-064-2PK,,0,,0,,0,,0,,0,"Recent demand is volatile, so the forecast is kept conservative."
19-Sep-2026,2026-09-19,RIM-ELP-064-3PK,,0,,0,,0,,0,,0,"Demand is intermittent, so the forecast remains conservative."
19-Sep-2026,2026-09-19,RIM-ELP-064-5PK,,0,,0,,0,,0,,0,"Demand is intermittent, so the forecast remains conservative."
19-Sep-2026,2026-09-19,RIM-ELP-071,,0,,0,,0,,0,,0,"Recent demand is volatile, so the forecast is kept conservative."
19-Sep-2026,2026-09-19,RIM-ELP-071-2PK,,0,,0,,0,,0,,0,"Demand is intermittent, so the forecast remains conservative."
19-Sep-2026,2026-09-19,RIM-ELP-071-3PK,,0,,0,,0,,0,,0,"Demand is intermittent, so the forecast remains conservative."
19-Sep-2026,2026-09-19,RIM-ELP-071-5PK,,0,,0,,0,,0,,0,"Demand is intermittent, so the forecast remains conservative."
19-Sep-2026,2026-09-19,RIM-EXAG-EYEL-001,,0,,1,,0,,0,,1,"Recent demand is volatile, so the forecast is kept conservative."
19-Sep-2026,2026-09-19,RIM-EXAG-EYEL-001-2PK,,0,,0,,0,,0,,0,"Recent demand is volatile, so the forecast is kept conservative."
19-Sep-2026,2026-09-19,RIM-EXAG-EYEL-001-3PK,,0,,0,,0,,0,,0,"Recent demand is volatile, so the forecast is kept conservative."
19-Sep-2026,2026-09-19,RIM-EXAG-EYEL-001-5PK,,0,,0,,0,,0,,0,"Demand is intermittent, so the forecast remains conservative."
19-Sep-2026,2026-09-19,RIM-EXAG-EYEL-003-WP,,0,,0,,0,,0,,0,"Demand is intermittent, so the forecast remains conservative."
19-Sep-2026,2026-09-19,RIM-EXGEL-230,,0,,0,,0,,0,,0,"Demand is intermittent, so the forecast remains conservative."
19-Sep-2026,2026-09-19,RIM-EXGEL-240,,0,,0,,0,,0,,0,Current stock availability is limiting observed demand.
19-Sep-2026,2026-09-19,RIM-FDT-MATCH-101,,0,,0,,0,,0,,0,Current stock availability is limiting observed demand.
19-Sep-2026,2026-09-19,RIM-FDT-MATCH-103,,0,,0,,0,,0,,0,Current stock availability is limiting observed demand.
19-Sep-2026,2026-09-19,RIM-FDT-MATCH-200,,0,,0,,0,,0,,0,"Recent demand is volatile, so the forecast is kept conservative."
19-Sep-2026,2026-09-19,RIM-FDT-MATCH-203,,0,,0,,0,,0,,0,"Recent demand is volatile, so the forecast is kept conservative."
19-Sep-2026,2026-09-19,RIM-FDT-MATCH-300,,0,,0,,0,,0,,0,Current stock availability is limiting observed demand.
19-Sep-2026,2026-09-19,RIM-FDT-MATCH-400,,0,,0,,0,,0,,0,Current stock availability is limiting observed demand.
19-Sep-2026,2026-09-19,RIM-FDT-MATCH-501,,0,,0,,0,,0,,0,"Demand is intermittent, so the forecast remains conservative."
19-Sep-2026,2026-09-19,RIM-FIX&PROT-PRIMER,,0,,0,,0,,0,,0,Current stock availability is limiting observed demand.
19-Sep-2026,2026-09-19,RIM-GENTLE-EYE-MAKEUP-RMVR-125ML,,0,,0,,0,,0,,0,Current stock availability is limiting observed demand.
19-Sep-2026,2026-09-19,RIM-GLAMEYES-LL-001,,0,,0,,0,,0,,0,"Recent demand is volatile, so the forecast is kept conservative."
19-Sep-2026,2026-09-19,RIM-GLAMEYES-LL-001-2PK,,0,,0,,0,,0,,0,"Recent demand is volatile, so the forecast is kept conservative."
19-Sep-2026,2026-09-19,RIM-GLAMEYES-LL-002,,0,,0,,0,,0,,0,Current stock availability is limiting observed demand.
19-Sep-2026,2026-09-19,RIM-HIGHLIGHT-001,,0,,0,,0,,0,,0,"Recent demand is volatile, so the forecast is kept conservative."
19-Sep-2026,2026-09-19,RIM-HIGHLIGHT-002,,0,,0,,0,,0,,0,"Recent demand is volatile, so the forecast is kept conservative."
19-Sep-2026,2026-09-19,RIM-HTB-001,,0,,0,,0,,0,,0,Current stock availability is limiting observed demand.
19-Sep-2026,2026-09-19,RIM-HTB-001-2PK,,0,,0,,0,,0,,0,"Demand is intermittent, so the forecast remains conservative."
19-Sep-2026,2026-09-19,RIM-HTB-001-3PK,,0,,0,,0,,0,,0,"Demand is intermittent, so the forecast remains conservative."
19-Sep-2026,2026-09-19,RIM-HTB-001-5PK,,0,,0,,0,,0,,0,"Demand is intermittent, so the forecast remains conservative."
19-Sep-2026,2026-09-19,RIM-HTB-002,,0,,0,,0,,0,,0,Current stock availability is limiting observed demand.
19-Sep-2026,2026-09-19,RIM-HTB-004,,0,,3,,0,,0,,3,"Recent demand is volatile, so the forecast is kept conservative."
19-Sep-2026,2026-09-19,RIM-HTB-004-2PK,,0,,0,,0,,0,,0,"Recent demand is volatile, so the forecast is kept conservative."
19-Sep-2026,2026-09-19,RIM-HTB-004-3PK,,0,,0,,0,,0,,0,"Recent demand is volatile, so the forecast is kept conservative."
19-Sep-2026,2026-09-19,RIM-HTB-004-5PK,,0,,0,,0,,0,,0,"Recent demand is volatile, so the forecast is kept conservative."
19-Sep-2026,2026-09-19,RIM-HTB-103,,0,,0,,0,,0,,0,Current stock availability is limiting observed demand.
19-Sep-2026,2026-09-19,RIM-HTB-103-2PK,,0,,0,,0,,0,,0,Current stock availability is limiting observed demand.
19-Sep-2026,2026-09-19,RIM-HTB-103-3PK,,0,,0,,0,,0,,0,"Demand is intermittent, so the forecast remains conservative."
19-Sep-2026,2026-09-19,RIM-HTB-103-5PK,,0,,0,,0,,0,,0,"Demand is intermittent, so the forecast remains conservative."
19-Sep-2026,2026-09-19,RIM-HTB-105,,0,,1,,0,,0,,1,"Recent demand is volatile, so the forecast is kept conservative."
19-Sep-2026,2026-09-19,RIM-INSTACC-GREEN,,0,,0,,0,,0,,0,Current stock availability is limiting observed demand.
19-Sep-2026,2026-09-19,RIM-INSTACC-LAVENDER,,0,,0,,0,,0,,0,Current stock availability is limiting observed demand.
19-Sep-2026,2026-09-19,RIM-INSTAFIX-SPRAY,,0,,0,,0,,0,,0,Current stock availability is limiting observed demand.
19-Sep-2026,2026-09-19,RIM-JELLY-010,,0,,0,,0,,0,,0,"Demand is intermittent, so the forecast remains conservative."
19-Sep-2026,2026-09-19,RIM-JELLY-020,,0,,0,,0,,0,,0,"Demand is intermittent, so the forecast remains conservative."
19-Sep-2026,2026-09-19,RIM-JELLY-040,,0,,0,,0,,0,,0,"Demand is intermittent, so the forecast remains conservative."
19-Sep-2026,2026-09-19,RIM-KATE-NUDE-LS-040,,0,,0,,0,,0,,0,Current stock availability is limiting observed demand.
19-Sep-2026,2026-09-19,RIM-KATE-NUDE-LS-042,,0,,0,,0,,0,,0,Current stock availability is limiting observed demand.
19-Sep-2026,2026-09-19,RIM-KATE-NUDE-LS-045,,0,,0,,0,,0,,0,Current stock availability is limiting observed demand.
19-Sep-2026,2026-09-19,RIM-KATE-NUDE-LS-045-5PK,,0,,0,,0,,0,,0,Current stock availability is limiting observed demand.
19-Sep-2026,2026-09-19,RIM-KATE-NUDE-LS-048,,0,,0,,0,,0,,0,Current stock availability is limiting observed demand.
19-Sep-2026,2026-09-19,RIM-KATE-SCULPTPAL-002,,0,,0,,0,,0,,0,Current stock availability is limiting observed demand.
19-Sep-2026,2026-09-19,RIM-KATE-SCULPTPAL-002-2PK,,0,,0,,0,,0,,0,"Demand is intermittent, so the forecast remains conservative."
19-Sep-2026,2026-09-19,RIM-KATE-SCULPTPAL-002-3PK,,0,,0,,0,,0,,0,"Demand is intermittent, so the forecast remains conservative."
19-Sep-2026,2026-09-19,RIM-KATE-SCULPTPAL-002-5PK,,0,,0,,0,,0,,0,"Demand is intermittent, so the forecast remains conservative."
19-Sep-2026,2026-09-19,RIM-KF-BROW-DEFINER-001,,0,,0,,0,,0,,0,"Demand is intermittent, so the forecast remains conservative."
19-Sep-2026,2026-09-19,RIM-KF-BROW-DEFINER-002,,0,,0,,0,,0,,0,"Demand is intermittent, so the forecast remains conservative."
19-Sep-2026,2026-09-19,RIM-KF-BROW-DEFINER-004,,0,,0,,0,,0,,0,"Demand is intermittent, so the forecast remains conservative."
19-Sep-2026,2026-09-19,RIM-KF-BROW-DEFINER-005,,0,,0,,0,,0,,0,"Demand is intermittent, so the forecast remains conservative."
19-Sep-2026,2026-09-19,RIM-KF-BROW-DEFINER-006,,0,,0,,0,,0,,0,"Recent demand is volatile, so the forecast is kept conservative."
19-Sep-2026,2026-09-19,RIM-KF-CCLR-010,,0,,0,,0,,0,,0,Current stock availability is limiting observed demand.
19-Sep-2026,2026-09-19,RIM-KF-CCLR-020,,0,,0,,0,,0,,0,Current stock availability is limiting observed demand.
19-Sep-2026,2026-09-19,RIM-KF-CCLR-030,,0,,0,,0,,0,,0,"Demand is intermittent, so the forecast remains conservative."
19-Sep-2026,2026-09-19,RIM-KF-CCLR-040,,0,,0,,0,,0,,0,"Demand is intermittent, so the forecast remains conservative."
19-Sep-2026,2026-09-19,RIM-KF-EYE-DEFINER-02,,0,,0,,0,,0,,0,"Demand is intermittent, so the forecast remains conservative."
19-Sep-2026,2026-09-19,RIM-KF-EYE-DEFINER-03,,0,,0,,0,,0,,0,"Demand is intermittent, so the forecast remains conservative."
19-Sep-2026,2026-09-19,RIM-KF-EYE-DEFINER-04,,0,,0,,0,,0,,0,"Demand is intermittent, so the forecast remains conservative."
19-Sep-2026,2026-09-19,RIM-KF-EYE-DEFINER-05,,0,,0,,0,,0,,0,"Demand is intermittent, so the forecast remains conservative."
19-Sep-2026,2026-09-19,RIM-KF-EYE-DEFINER-06,,0,,0,,0,,0,,0,"Demand is intermittent, so the forecast remains conservative."
19-Sep-2026,2026-09-19,RIM-KF-FDT-001,,0,,0,,0,,0,,0,Current stock availability is limiting observed demand.
19-Sep-2026,2026-09-19,RIM-KF-FDT-103,,0,,0,,0,,0,,0,"Demand is intermittent, so the forecast remains conservative."
19-Sep-2026,2026-09-19,RIM-KF-FDT-150,,0,,0,,0,,0,,0,"Demand is intermittent, so the forecast remains conservative."
19-Sep-2026,2026-09-19,RIM-KF-FDT-210,,0,,0,,0,,0,,0,"Demand is intermittent, so the forecast remains conservative."
19-Sep-2026,2026-09-19,RIM-KF-FDT-410,,0,,0,,0,,0,,0,"Demand is intermittent, so the forecast remains conservative."
19-Sep-2026,2026-09-19,RIM-KF-MSC-BLACK,,0,,0,,0,,0,,0,"Demand is intermittent, so the forecast remains conservative."
19-Sep-2026,2026-09-19,RIM-KF-MSC-BROWN,,0,,0,,0,,0,,0,Current stock availability is limiting observed demand.
19-Sep-2026,2026-09-19,RIM-KF-MULTISTICK-002,,0,,0,,0,,0,,0,"Demand is intermittent, so the forecast remains conservative."
19-Sep-2026,2026-09-19,RIM-KF-MULTISTICK-003,,0,,0,,0,,0,,0,"Demand is intermittent, so the forecast remains conservative."
19-Sep-2026,2026-09-19,RIM-KF-MULTISTICK-004,,0,,0,,0,,0,,0,Current stock availability is limiting observed demand.
19-Sep-2026,2026-09-19,RIM-KF-MULTISTICK-005,,0,,0,,0,,0,,0,"Demand is intermittent, so the forecast remains conservative."
19-Sep-2026,2026-09-19,RIM-KF-NAIL-150,,0,,0,,0,,0,,0,"Demand is intermittent, so the forecast remains conservative."
19-Sep-2026,2026-09-19,RIM-KF-NAIL-151,,0,,0,,0,,0,,0,"Demand is intermittent, so the forecast remains conservative."
19-Sep-2026,2026-09-19,RIM-KF-NAIL-152,,0,,0,,0,,0,,0,"Demand is intermittent, so the forecast remains conservative."
19-Sep-2026,2026-09-19,RIM-KF-NAIL-153,,0,,0,,0,,0,,0,"Demand is intermittent, so the forecast remains conservative."
19-Sep-2026,2026-09-19,RIM-KF-NAIL-154,,0,,0,,0,,0,,0,"Demand is intermittent, so the forecast remains conservative."
19-Sep-2026,2026-09-19,RIM-KF-NAIL-155,,0,,0,,0,,0,,0,"Demand is intermittent, so the forecast remains conservative."
19-Sep-2026,2026-09-19,RIM-KF-NAIL-156,,0,,0,,0,,0,,0,Current stock availability is limiting observed demand.
19-Sep-2026,2026-09-19,RIM-KF-NAIL-157,,0,,0,,0,,0,,0,"Demand is intermittent, so the forecast remains conservative."
19-Sep-2026,2026-09-19,RIM-KF-NAIL-158,,0,,0,,0,,0,,0,"Demand is intermittent, so the forecast remains conservative."
19-Sep-2026,2026-09-19,RIM-KF-NAIL-160,,0,,0,,0,,0,,0,Current stock availability is limiting observed demand.
19-Sep-2026,2026-09-19,RIM-KF-NAIL-162,,0,,0,,0,,0,,0,"Demand is intermittent, so the forecast remains conservative."
19-Sep-2026,2026-09-19,RIM-KF-NAIL-163,,0,,0,,0,,0,,0,"Demand is intermittent, so the forecast remains conservative."
19-Sep-2026,2026-09-19,RIM-KF-NAIL-164,,0,,0,,0,,0,,0,"Demand is intermittent, so the forecast remains conservative."
19-Sep-2026,2026-09-19,RIM-KF-NAIL-167,,0,,0,,0,,0,,0,Current stock availability is limiting observed demand.
19-Sep-2026,2026-09-19,RIM-KF-NAIL-168,,0,,0,,0,,0,,0,Current stock availability is limiting observed demand.
19-Sep-2026,2026-09-19,RIM-KF-NAIL-169,,0,,0,,0,,0,,0,"Demand is intermittent, so the forecast remains conservative."
19-Sep-2026,2026-09-19,RIM-KF-NAIL-170,,0,,0,,0,,0,,0,Current stock availability is limiting observed demand.
19-Sep-2026,2026-09-19,RIM-KF-PWDR-001,,0,,0,,0,,0,,0,"Recent demand is volatile, so the forecast is kept conservative."
19-Sep-2026,2026-09-19,RIM-KF-PWDR-001-2PK,,0,,0,,0,,0,,0,"Demand is intermittent, so the forecast remains conservative."
19-Sep-2026,2026-09-19,RIM-KF-PWDR-001-5PK,,0,,0,,0,,0,,0,"Demand is intermittent, so the forecast remains conservative."
19-Sep-2026,2026-09-19,RIM-KF-PWDR-010,,0,,0,,0,,0,,0,"Recent demand is volatile, so the forecast is kept conservative."
19-Sep-2026,2026-09-19,RIM-KF-PWDR-020,,0,,0,,0,,0,,0,"Recent demand is volatile, so the forecast is kept conservative."
19-Sep-2026,2026-09-19,RIM-KF-PWDR-030,,0,,0,,0,,0,,0,"Recent demand is volatile, so the forecast is kept conservative."
19-Sep-2026,2026-09-19,RIM-KF-PWDR-030-2PK,,0,,0,,0,,0,,0,"Recent demand is volatile, so the forecast is kept conservative."
19-Sep-2026,2026-09-19,RIM-KF-PWDR-030-5PK,,0,,0,,0,,0,,0,"Recent demand is volatile, so the forecast is kept conservative."
19-Sep-2026,2026-09-19,RIM-KF-PWDR-040,,0,,0,,0,,0,,0,Current stock availability is limiting observed demand.
19-Sep-2026,2026-09-19,RIM-KF-PWDR-050,,0,,0,,0,,0,,0,"Recent demand is volatile, so the forecast is kept conservative."
19-Sep-2026,2026-09-19,RIM-KOHL-KJEL-001,,0,,0,,0,,0,,0,Current stock availability is limiting observed demand.
19-Sep-2026,2026-09-19,RIM-KOHL-KJEL-002,,0,,0,,0,,0,,0,Current stock availability is limiting observed demand.
19-Sep-2026,2026-09-19,RIM-KOHL-KJEL-004,,0,,0,,0,,0,,0,"Demand is intermittent, so the forecast remains conservative."
19-Sep-2026,2026-09-19,RIM-LAST-AUTOLIP-018,,0,,0,,0,,0,,0,Current stock availability is limiting observed demand.
19-Sep-2026,2026-09-19,RIM-LAST-AUTOLIP-018-2PK,,0,,0,,0,,0,,0,"Demand is intermittent, so the forecast remains conservative."
19-Sep-2026,2026-09-19,RIM-LAST-AUTOLIP-018-3PK,,0,,0,,0,,0,,0,"Demand is intermittent, so the forecast remains conservative."
19-Sep-2026,2026-09-19,RIM-LAST-AUTOLIP-018-5PK,,0,,0,,0,,0,,0,"Demand is intermittent, so the forecast remains conservative."
19-Sep-2026,2026-09-19,RIM-LAST-AUTOLIP-024,,0,,0,,0,,0,,0,"Demand is intermittent, so the forecast remains conservative."
19-Sep-2026,2026-09-19,RIM-LAST-AUTOLIP-045,,0,,0,,0,,0,,0,Current stock availability is limiting observed demand.
19-Sep-2026,2026-09-19,RIM-LAST-AUTOLIP-063,,0,,0,,0,,0,,0,Current stock availability is limiting observed demand.
19-Sep-2026,2026-09-19,RIM-LAST-AUTOLIP-063-3PK,,0,,0,,0,,0,,0,"Demand is intermittent, so the forecast remains conservative."
19-Sep-2026,2026-09-19,RIM-LAST-AUTOLIP-070,,0,,0,,0,,0,,0,"Demand is intermittent, so the forecast remains conservative."
19-Sep-2026,2026-09-19,RIM-LAST-AUTOLIP-105,,0,,0,,0,,0,,0,"Demand is intermittent, so the forecast remains conservative."
19-Sep-2026,2026-09-19,RIM-LAST-MEGA-MATTE-LIQ-LPK-110,,0,,0,,0,,0,,0,"Demand is intermittent, so the forecast remains conservative."
19-Sep-2026,2026-09-19,RIM-LAST-MEGA-MATTE-LIQ-LPK-210,,0,,0,,0,,0,,0,"Demand is intermittent, so the forecast remains conservative."
19-Sep-2026,2026-09-19,RIM-LAST-MEGA-MATTE-LIQ-LPK-600,,0,,0,,0,,0,,0,Current stock availability is limiting observed demand.
19-Sep-2026,2026-09-19,RIM-LAST-MEGA-MATTE-LIQ-LPK-700,,0,,0,,0,,0,,0,"Recent demand is volatile, so the forecast is kept conservative."
19-Sep-2026,2026-09-19,RIM-LAST-MEGA-MATTE-LIQ-LPK-709,,0,,0,,0,,0,,0,"Demand is intermittent, so the forecast remains conservative."
19-Sep-2026,2026-09-19,RIM-LAST-MEGA-MATTE-LIQ-LPK-910,,0,,0,,0,,0,,0,"Demand is intermittent, so the forecast remains conservative."
19-Sep-2026,2026-09-19,RIM-LAST-MEGA-MATTE-LIQ-LPK-930,,0,,0,,0,,0,,0,"Demand is intermittent, so the forecast remains conservative."
19-Sep-2026,2026-09-19,RIM-LASTCCLR-001,,0,,0,,0,,0,,0,Current stock availability is limiting observed demand.
19-Sep-2026,2026-09-19,RIM-LASTCCLR-010,,0,,0,,0,,0,,0,Current stock availability is limiting observed demand.
19-Sep-2026,2026-09-19,RIM-LASTCCLR-020,,0,,0,,0,,0,,0,Current stock availability is limiting observed demand.
19-Sep-2026,2026-09-19,RIM-LASTCOMPACT-004,,0,,0,,0,,0,,0,Current stock availability is limiting observed demand.
19-Sep-2026,2026-09-19,RIM-LASTCOMPACT-005,,0,,0,,0,,0,,0,Current stock availability is limiting observed demand.
19-Sep-2026,2026-09-19,RIM-LASTCOMPACT-007,,0,,0,,0,,0,,0,Current stock availability is limiting observed demand.
19-Sep-2026,2026-09-19,RIM-LASTCOMPACT-008,,0,,0,,0,,0,,0,Current stock availability is limiting observed demand.
19-Sep-2026,2026-09-19,RIM-LASTCOMPACT-009,,0,,0,,0,,0,,0,"Demand is intermittent, so the forecast remains conservative."
19-Sep-2026,2026-09-19,RIM-LASTCOMPACT-011,,0,,0,,0,,0,,0,"Demand is intermittent, so the forecast remains conservative."
19-Sep-2026,2026-09-19,RIM-LASTCOMPACT-012,,0,,0,,0,,0,,0,Current stock availability is limiting observed demand.
19-Sep-2026,2026-09-19,RIM-LASTFIN-EXTMATT-LPK-160,,0,,0,,0,,0,,0,Current stock availability is limiting observed demand.
19-Sep-2026,2026-09-19,RIM-LASTFIN-EXTMATT-LPK-600,,0,,0,,0,,0,,0,Current stock availability is limiting observed demand.
19-Sep-2026,2026-09-19,RIM-LASTFIN-EXTMATT-LPK-710,,0,,0,,0,,0,,0,Current stock availability is limiting observed demand.
19-Sep-2026,2026-09-19,RIM-LASTFIN-EXTMATT-LPK-840,,0,,0,,0,,0,,0,Current stock availability is limiting observed demand.
19-Sep-2026,2026-09-19,RIM-LASTFIN-PRIMER,,0,,0,,0,,0,,0,Current stock availability is limiting observed demand.
19-Sep-2026,2026-09-19,RIM-LASTING-PROV-115,,0,,0,,0,,0,,0,"Demand is intermittent, so the forecast remains conservative."
19-Sep-2026,2026-09-19,RIM-LASTING-PROV-210,,0,,0,,0,,0,,0,"Recent demand is volatile, so the forecast is kept conservative."
19-Sep-2026,2026-09-19,RIM-LASTING-PROV-220,,0,,0,,0,,0,,0,"Demand is intermittent, so the forecast remains conservative."
19-Sep-2026,2026-09-19,RIM-LASTING-PROV-310,,0,,0,,0,,0,,0,"Demand is intermittent, so the forecast remains conservative."
19-Sep-2026,2026-09-19,RIM-LASTING-PROV-400,,0,,0,,0,,0,,0,"Demand is intermittent, so the forecast remains conservative."
19-Sep-2026,2026-09-19,RIM-LASTING-PROV-410,,0,,0,,0,,0,,0,"Demand is intermittent, so the forecast remains conservative."
19-Sep-2026,2026-09-19,RIM-LASTING-PROV-440,,0,,0,,0,,0,,0,"Demand is intermittent, so the forecast remains conservative."
19-Sep-2026,2026-09-19,RIM-LASTING-PROV-500,,0,,0,,0,,0,,0,"Recent demand is volatile, so the forecast is kept conservative."
19-Sep-2026,2026-09-19,RIM-LASTING-PROV-570,,0,,0,,0,,0,,0,"Demand is intermittent, so the forecast remains conservative."
19-Sep-2026,2026-09-19,RIM-LASTING-PROV-600,,0,,0,,0,,0,,0,Current stock availability is limiting observed demand.
19-Sep-2026,2026-09-19,RIM-LASTING-PROV-730,,0,,0,,0,,0,,0,"Demand is intermittent, so the forecast remains conservative."
19-Sep-2026,2026-09-19,RIM-LASTING-PROV-740,,0,,0,,0,,0,,0,"Demand is intermittent, so the forecast remains conservative."
19-Sep-2026,2026-09-19,RIM-LASTLIP-110,,0,,0,,0,,0,,0,"Recent demand is volatile, so the forecast is kept conservative."
19-Sep-2026,2026-09-19,RIM-LASTLIP-120,,0,,0,,0,,0,,0,"Recent demand is volatile, so the forecast is kept conservative."
19-Sep-2026,2026-09-19,RIM-LASTLIP-120-2PK,,0,,0,,0,,0,,0,"Demand is intermittent, so the forecast remains conservative."
19-Sep-2026,2026-09-19,RIM-LASTLIP-120-3PK,,0,,0,,0,,0,,0,"Demand is intermittent, so the forecast remains conservative."
19-Sep-2026,2026-09-19,RIM-LASTLIP-120-5PK,,0,,0,,0,,0,,0,"Recent demand is volatile, so the forecast is kept conservative."
19-Sep-2026,2026-09-19,RIM-LASTLIP-125,,0,,0,,0,,0,,0,"Recent demand is volatile, so the forecast is kept conservative."
19-Sep-2026,2026-09-19,RIM-LASTLIP-195,,0,,0,,0,,0,,0,"Recent demand is volatile, so the forecast is kept conservative."
19-Sep-2026,2026-09-19,RIM-LASTLIP-215,,0,,0,,0,,0,,0,"Recent demand is volatile, so the forecast is kept conservative."
19-Sep-2026,2026-09-19,RIM-LASTLIP-505,,0,,0,,0,,0,,0,"Recent demand is volatile, so the forecast is kept conservative."
19-Sep-2026,2026-09-19,RIM-LASTLIP-580,,0,,0,,0,,0,,0,"Recent demand is volatile, so the forecast is kept conservative."
19-Sep-2026,2026-09-19,RIM-LASTLIP-620,,2,,0,,0,,0,,2,"Recent demand is volatile, so the forecast is kept conservative."
19-Sep-2026,2026-09-19,RIM-LASTLIP-705,,0,,0,,0,,0,,0,"Recent demand is volatile, so the forecast is kept conservative."
19-Sep-2026,2026-09-19,RIM-LASTLIP-705-2PK,,0,,0,,0,,0,,0,"Demand is intermittent, so the forecast remains conservative."
19-Sep-2026,2026-09-19,RIM-LASTLIP-705-3PK,,0,,0,,0,,0,,0,"Recent demand is volatile, so the forecast is kept conservative."
19-Sep-2026,2026-09-19,RIM-LASTLIP-705-5PK,,0,,0,,0,,0,,0,"Demand is intermittent, so the forecast remains conservative."
19-Sep-2026,2026-09-19,RIM-LASTLIP-725,,0,,1,,0,,0,,1,"Recent demand is volatile, so the forecast is kept conservative."
19-Sep-2026,2026-09-19,RIM-LASTLIP-760,,0,,0,,0,,0,,0,"Recent demand is volatile, so the forecast is kept conservative."
19-Sep-2026,2026-09-19,RIM-LASTLIP-790,,0,,0,,0,,0,,0,"Demand is intermittent, so the forecast remains conservative."
19-Sep-2026,2026-09-19,RIM-LASTLIP-850,,0,,0,,0,,0,,0,"Recent demand is volatile, so the forecast is kept conservative."
19-Sep-2026,2026-09-19,RIM-LASTLIP-880,,0,,0,,0,,0,,0,"Recent demand is volatile, so the forecast is kept conservative."
19-Sep-2026,2026-09-19,RIM-LASTMAT-FDT-001,,0,,0,,0,,0,,0,Current stock availability is limiting observed demand.
19-Sep-2026,2026-09-19,RIM-LASTMAT-FDT-010,,0,,0,,0,,0,,0,Current stock availability is limiting observed demand.
19-Sep-2026,2026-09-19,RIM-LASTMAT-FDT-085,,0,,0,,0,,0,,0,Current stock availability is limiting observed demand.
19-Sep-2026,2026-09-19,RIM-LASTMAT-FDT-100,,0,,0,,0,,0,,0,Current stock availability is limiting observed demand.
19-Sep-2026,2026-09-19,RIM-LASTMAT-FDT-103,,0,,0,,0,,0,,0,Current stock availability is limiting observed demand.
19-Sep-2026,2026-09-19,RIM-LASTMAT-FDT-201,,0,,0,,0,,0,,0,Current stock availability is limiting observed demand.
19-Sep-2026,2026-09-19,RIM-LASTMAT-FDT-203,,0,,0,,0,,0,,0,Current stock availability is limiting observed demand.
19-Sep-2026,2026-09-19,RIM-LASTMAT-FDT-300,,0,,0,,0,,0,,0,Current stock availability is limiting observed demand.
19-Sep-2026,2026-09-19,RIM-LASTMAT-FDT-304,,0,,0,,0,,0,,0,Current stock availability is limiting observed demand.
19-Sep-2026,2026-09-19,RIM-LASTMAT-FDT-400,,0,,0,,0,,0,,0,Current stock availability is limiting observed demand.
19-Sep-2026,2026-09-19,RIM-LASTMAT-PRIMER,,0,,0,,0,,0,,0,Current stock availability is limiting observed demand.
19-Sep-2026,2026-09-19,RIM-LF-FDT-RG-001,,0,,0,,0,,0,,0,"Demand is intermittent, so the forecast remains conservative."
19-Sep-2026,2026-09-19,RIM-LF-FDT-RG-070,,0,,0,,0,,0,,0,"Demand is intermittent, so the forecast remains conservative."
19-Sep-2026,2026-09-19,RIM-LF-FDT-RG-103,,0,,0,,0,,0,,0,Current stock availability is limiting observed demand.
19-Sep-2026,2026-09-19,RIM-LF-FDT-RG-160,,0,,0,,0,,0,,0,"Demand is intermittent, so the forecast remains conservative."
19-Sep-2026,2026-09-19,RIM-LF-FDT-RG-170,,0,,0,,0,,0,,0,"Demand is intermittent, so the forecast remains conservative."
19-Sep-2026,2026-09-19,RIM-LF-FDT-RG-200,,0,,0,,0,,0,,0,Current stock availability is limiting observed demand.
19-Sep-2026,2026-09-19,RIM-LF-FDT-RG-203,,0,,0,,0,,0,,0,"Demand is intermittent, so the forecast remains conservative."
19-Sep-2026,2026-09-19,RIM-LF-FDT-RG-210,,0,,0,,0,,0,,0,Current stock availability is limiting observed demand.
19-Sep-2026,2026-09-19,RIM-LF-FDT-RG-303,,0,,0,,0,,0,,0,Current stock availability is limiting observed demand.
19-Sep-2026,2026-09-19,RIM-LF-LS-002,,0,,0,,0,,0,,0,Current stock availability is limiting observed demand.
19-Sep-2026,2026-09-19,RIM-LF-LS-006,,0,,0,,0,,0,,0,"Demand is intermittent, so the forecast remains conservative."
19-Sep-2026,2026-09-19,RIM-LF-LS-006-2PK,,0,,0,,0,,0,,0,"Demand is intermittent, so the forecast remains conservative."
19-Sep-2026,2026-09-19,RIM-LF-LS-006-3PK,,0,,0,,0,,0,,0,"Demand is intermittent, so the forecast remains conservative."
19-Sep-2026,2026-09-19,RIM-LF-LS-006-5PK,,0,,0,,0,,0,,0,"Demand is intermittent, so the forecast remains conservative."
19-Sep-2026,2026-09-19,RIM-LF-LS-058,,0,,0,,0,,0,,0,Current stock availability is limiting observed demand.
19-Sep-2026,2026-09-19,RIM-LF-LS-058-2PK,,0,,0,,0,,0,,0,"Demand is intermittent, so the forecast remains conservative."
19-Sep-2026,2026-09-19,RIM-LF-LS-058-3PK,,0,,0,,0,,0,,0,"Demand is intermittent, so the forecast remains conservative."
19-Sep-2026,2026-09-19,RIM-LF-LS-066,,0,,0,,0,,0,,0,Current stock availability is limiting observed demand.
19-Sep-2026,2026-09-19,RIM-LF-LS-066-2PK,,0,,0,,0,,0,,0,"Demand is intermittent, so the forecast remains conservative."
19-Sep-2026,2026-09-19,RIM-LF-LS-066-3PK,,0,,0,,0,,0,,0,Current stock availability is limiting observed demand.
19-Sep-2026,2026-09-19,RIM-LF-LS-066-5PK,,0,,0,,0,,0,,0,"Demand is intermittent, so the forecast remains conservative."
19-Sep-2026,2026-09-19,RIM-LF-LS-070,,0,,0,,0,,0,,0,Current stock availability is limiting observed demand.
19-Sep-2026,2026-09-19,RIM-LF-LS-070-2PK,,0,,0,,0,,0,,0,"Demand is intermittent, so the forecast remains conservative."
19-Sep-2026,2026-09-19,RIM-LF-LS-070-3PK,,0,,0,,0,,0,,0,"Demand is intermittent, so the forecast remains conservative."
19-Sep-2026,2026-09-19,RIM-LF-LS-070-5PK,,0,,0,,0,,0,,0,"Demand is intermittent, so the forecast remains conservative."
19-Sep-2026,2026-09-19,RIM-LF-LS-077,,1,,4,,0,,0,,5,Stable historical demand with consistent recent sales.
19-Sep-2026,2026-09-19,RIM-LF-LS-084,,0,,1,,0,,0,,1,"Recent demand is volatile, so the forecast is kept conservative."
19-Sep-2026,2026-09-19,RIM-LF-LS-086,,0,,0,,0,,0,,0,Current stock availability is limiting observed demand.
19-Sep-2026,2026-09-19,RIM-LF-LS-086-2PK,,0,,0,,0,,0,,0,"Demand is intermittent, so the forecast remains conservative."
19-Sep-2026,2026-09-19,RIM-LF-LS-086-3PK,,0,,0,,0,,0,,0,"Demand is intermittent, so the forecast remains conservative."
19-Sep-2026,2026-09-19,RIM-LF-LS-086-5PK,,0,,0,,0,,0,,0,Current stock availability is limiting observed demand.
19-Sep-2026,2026-09-19,RIM-LF-LS-100,,0,,0,,0,,0,,0,"Recent demand is volatile, so the forecast is kept conservative."
19-Sep-2026,2026-09-19,RIM-LF-LS-101,,0,,1,,0,,0,,1,"Recent demand is volatile, so the forecast is kept conservative."
19-Sep-2026,2026-09-19,RIM-LF-LS-107,,0,,0,,0,,0,,0,Current stock availability is limiting observed demand.
19-Sep-2026,2026-09-19,RIM-LF-LS-170,,0,,0,,0,,0,,0,"Recent demand is volatile, so the forecast is kept conservative."
19-Sep-2026,2026-09-19,RIM-LF-LS-200,,0,,0,,0,,0,,0,Current stock availability is limiting observed demand.
19-Sep-2026,2026-09-19,RIM-LF-LS-206,,1,,1,,0,,0,,2,"Recent demand is volatile, so the forecast is kept conservative."
19-Sep-2026,2026-09-19,RIM-LF-LS-206-2PK,,0,,0,,0,,0,,0,"Recent demand is volatile, so the forecast is kept conservative."
19-Sep-2026,2026-09-19,RIM-LF-LS-206-3PK,,0,,0,,0,,0,,0,"Recent demand is volatile, so the forecast is kept conservative."
19-Sep-2026,2026-09-19,RIM-LF-LS-206-5PK,,0,,0,,0,,0,,0,Current stock availability is limiting observed demand.
19-Sep-2026,2026-09-19,RIM-LF-LS-264,,0,,0,,0,,0,,0,Current stock availability is limiting observed demand.
19-Sep-2026,2026-09-19,RIM-LF-LS-264-2PK,,0,,0,,0,,0,,0,Current stock availability is limiting observed demand.
19-Sep-2026,2026-09-19,RIM-LF-LS-264-3PK,,0,,0,,0,,0,,0,"Demand is intermittent, so the forecast remains conservative."
19-Sep-2026,2026-09-19,RIM-LF-LS-264-5PK,,0,,0,,0,,0,,0,"Demand is intermittent, so the forecast remains conservative."
19-Sep-2026,2026-09-19,RIM-LF-LS-500,,0,,0,,0,,0,,0,Current stock availability is limiting observed demand.
19-Sep-2026,2026-09-19,RIM-LF-LS-710,,0,,0,,0,,0,,0,Current stock availability is limiting observed demand.
19-Sep-2026,2026-09-19,RIM-LF-LS-800,,0,,0,,0,,0,,0,Current stock availability is limiting observed demand.
19-Sep-2026,2026-09-19,RIM-LF-LS-KATE-001,,0,,0,,0,,0,,0,"Demand is intermittent, so the forecast remains conservative."
19-Sep-2026,2026-09-19,RIM-LF-LS-KATE-005,,0,,0,,0,,0,,0,"Demand is intermittent, so the forecast remains conservative."
19-Sep-2026,2026-09-19,RIM-LF-LS-KATE-008,,0,,0,,0,,0,,0,"Demand is intermittent, so the forecast remains conservative."
19-Sep-2026,2026-09-19,RIM-LF-LS-KATE-008-2PK,,0,,0,,0,,0,,0,"Demand is intermittent, so the forecast remains conservative."
19-Sep-2026,2026-09-19,RIM-LF-LS-KATE-008-3PK,,0,,0,,0,,0,,0,"Demand is intermittent, so the forecast remains conservative."
19-Sep-2026,2026-09-19,RIM-LF-MATTE-170,,0,,0,,0,,0,,0,"Demand is intermittent, so the forecast remains conservative."
19-Sep-2026,2026-09-19,RIM-LF-MATTE-180,,0,,0,,0,,0,,0,"Demand is intermittent, so the forecast remains conservative."
19-Sep-2026,2026-09-19,RIM-LF-MATTE-220,,0,,0,,0,,0,,0,Current stock availability is limiting observed demand.
19-Sep-2026,2026-09-19,RIM-LF-MATTE-230,,0,,0,,0,,0,,0,Current stock availability is limiting observed demand.
19-Sep-2026,2026-09-19,RIM-LF-MATTE-530,,0,,0,,0,,0,,0,Current stock availability is limiting observed demand.
19-Sep-2026,2026-09-19,RIM-LF-MATTE-715,,0,,0,,0,,0,,0,"Recent demand is volatile, so the forecast is kept conservative."
19-Sep-2026,2026-09-19,RIM-LF-MATTE-730,,0,,0,,0,,0,,0,Current stock availability is limiting observed demand.
19-Sep-2026,2026-09-19,RIM-LF-SG-LS-900,,0,,0,,0,,0,,0,"Recent demand is volatile, so the forecast is kept conservative."
19-Sep-2026,2026-09-19,RIM-LF-SG-LS-901,,0,,0,,0,,0,,0,"Recent demand is volatile, so the forecast is kept conservative."
19-Sep-2026,2026-09-19,RIM-LF-SG-LS-902,,0,,0,,0,,0,,0,"Recent demand is volatile, so the forecast is kept conservative."
19-Sep-2026,2026-09-19,RIM-LF-SG-LS-903,,0,,0,,0,,0,,0,"Recent demand is volatile, so the forecast is kept conservative."
19-Sep-2026,2026-09-19,RIM-LF-SG-LS-904,,0,,1,,0,,0,,1,"Recent demand is volatile, so the forecast is kept conservative."
19-Sep-2026,2026-09-19,RIM-LF-SG-LS-905,,0,,0,,0,,0,,0,"Recent demand is volatile, so the forecast is kept conservative."
19-Sep-2026,2026-09-19,RIM-LR-CCLR-EYEILLUM-010,,0,,0,,0,,0,,0,Current stock availability is limiting observed demand.
19-Sep-2026,2026-09-19,RIM-LR-CCLR-EYEILLUM-030,,0,,0,,0,,0,,0,Current stock availability is limiting observed demand.
19-Sep-2026,2026-09-19,RIM-MAGNIF-MONO-004,,0,,0,,0,,0,,0,Current stock availability is limiting observed demand.
19-Sep-2026,2026-09-19,RIM-MAGNIF-MONO-006,,0,,0,,0,,0,,0,"Demand is intermittent, so the forecast remains conservative."
19-Sep-2026,2026-09-19,RIM-MAGNIF-MONO-008,,0,,0,,0,,0,,0,Current stock availability is limiting observed demand.
19-Sep-2026,2026-09-19,RIM-MAGNIF-MONO-014,,0,,0,,0,,0,,0,Current stock availability is limiting observed demand.
19-Sep-2026,2026-09-19,RIM-MAGNIF-MONO-014-2PK,,0,,0,,0,,0,,0,Current stock availability is limiting observed demand.
19-Sep-2026,2026-09-19,RIM-MAGNIF-MONO-014-3PK,,0,,0,,0,,0,,0,"Demand is intermittent, so the forecast remains conservative."
19-Sep-2026,2026-09-19,RIM-MAGNIF-PAL-001,,0,,0,,0,,0,,0,"Recent demand is volatile, so the forecast is kept conservative."
19-Sep-2026,2026-09-19,RIM-MAGNIF-PAL-004,,0,,0,,0,,0,,0,"Demand is intermittent, so the forecast remains conservative."
19-Sep-2026,2026-09-19,RIM-MAGNIF-PAL-005,,0,,0,,0,,0,,0,"Recent demand is volatile, so the forecast is kept conservative."
19-Sep-2026,2026-09-19,RIM-MAGNIF-PAL-006,,0,,0,,0,,0,,0,Current stock availability is limiting observed demand.
19-Sep-2026,2026-09-19,RIM-MAGNIF-PAL-008,,0,,0,,0,,0,,0,Current stock availability is limiting observed demand.
19-Sep-2026,2026-09-19,RIM-MAGNIF-PAL-009,,0,,0,,0,,0,,0,Current stock availability is limiting observed demand.
19-Sep-2026,2026-09-19,RIM-MATCH-PWDR,,0,,0,,0,,0,,0,Current stock availability is limiting observed demand.
19-Sep-2026,2026-09-19,RIM-MAXI-BLUSH-001,,0,,0,,0,,0,,0,"Recent demand is volatile, so the forecast is kept conservative."
19-Sep-2026,2026-09-19,RIM-MAXI-BLUSH-001-2PK,,0,,0,,0,,0,,0,"Demand is intermittent, so the forecast remains conservative."
19-Sep-2026,2026-09-19,RIM-MAXI-BLUSH-001-3PK,,0,,0,,0,,0,,0,"Demand is intermittent, so the forecast remains conservative."
19-Sep-2026,2026-09-19,RIM-MAXI-BLUSH-003,,0,,0,,0,,0,,0,"Recent demand is volatile, so the forecast is kept conservative."
19-Sep-2026,2026-09-19,RIM-MAXI-BLUSH-005,,0,,0,,0,,0,,0,"Recent demand is volatile, so the forecast is kept conservative."
19-Sep-2026,2026-09-19,RIM-MAXI-BLUSH-006,,0,,0,,0,,0,,0,"Recent demand is volatile, so the forecast is kept conservative."
19-Sep-2026,2026-09-19,RIM-MBP-001,,0,,0,,0,,0,,0,"Recent demand is volatile, so the forecast is kept conservative."
19-Sep-2026,2026-09-19,RIM-MBP-002,,0,,1,,0,,0,,1,"Recent demand is volatile, so the forecast is kept conservative."
19-Sep-2026,2026-09-19,RIM-MBP-003,,5,,0,,0,,0,,5,Stable historical demand with consistent recent sales.
19-Sep-2026,2026-09-19,RIM-MICRO-BRW-001,,0,,0,,0,,0,,0,"Demand is intermittent, so the forecast remains conservative."
19-Sep-2026,2026-09-19,RIM-MICRO-BRW-002,,0,,0,,0,,0,,0,"Recent demand is volatile, so the forecast is kept conservative."
19-Sep-2026,2026-09-19,RIM-MICRO-BRW-003,,1,,0,,0,,0,,1,"Recent demand is volatile, so the forecast is kept conservative."
19-Sep-2026,2026-09-19,RIM-MICRO-BRW-004,,0,,0,,0,,0,,0,Current stock availability is limiting observed demand.
19-Sep-2026,2026-09-19,RIM-MINI-PWRPAL-001,,0,,0,,0,,0,,0,Current stock availability is limiting observed demand.
19-Sep-2026,2026-09-19,RIM-MINI-PWRPAL-002,,0,,0,,0,,0,,0,"Demand is intermittent, so the forecast remains conservative."
19-Sep-2026,2026-09-19,RIM-MOIST-LPK-100,,0,,0,,0,,0,,0,Current stock availability is limiting observed demand.
19-Sep-2026,2026-09-19,RIM-MOIST-LPK-140,,0,,0,,0,,0,,0,Current stock availability is limiting observed demand.
19-Sep-2026,2026-09-19,RIM-MOIST-LPK-180,,0,,0,,0,,0,,0,Current stock availability is limiting observed demand.
19-Sep-2026,2026-09-19,RIM-MOIST-LPK-180-2PK,,0,,0,,0,,0,,0,"Demand is intermittent, so the forecast remains conservative."
19-Sep-2026,2026-09-19,RIM-MOIST-LPK-180-3PK,,0,,0,,0,,0,,0,"Demand is intermittent, so the forecast remains conservative."
19-Sep-2026,2026-09-19,RIM-MOIST-LPK-180-5PK,,0,,0,,0,,0,,0,"Demand is intermittent, so the forecast remains conservative."
19-Sep-2026,2026-09-19,RIM-MOIST-LPK-200,,0,,0,,0,,0,,0,"Demand is intermittent, so the forecast remains conservative."
19-Sep-2026,2026-09-19,RIM-MOIST-LPK-200-2PK,,0,,0,,0,,0,,0,Current stock availability is limiting observed demand.
19-Sep-2026,2026-09-19,RIM-MOIST-LPK-200-3PK,,0,,0,,0,,0,,0,"Demand is intermittent, so the forecast remains conservative."
19-Sep-2026,2026-09-19,RIM-MOIST-LPK-200-5PK,,0,,0,,0,,0,,0,"Demand is intermittent, so the forecast remains conservative."
19-Sep-2026,2026-09-19,RIM-MOIST-LPK-210,,0,,0,,0,,0,,0,Current stock availability is limiting observed demand.
19-Sep-2026,2026-09-19,RIM-MOIST-LPK-260,,0,,0,,0,,0,,0,"Demand is intermittent, so the forecast remains conservative."
19-Sep-2026,2026-09-19,RIM-MOIST-LPK-360,,0,,0,,0,,0,,0,Current stock availability is limiting observed demand.
19-Sep-2026,2026-09-19,RIM-MOIST-LPK-510,,0,,0,,0,,0,,0,"Recent demand is volatile, so the forecast is kept conservative."
19-Sep-2026,2026-09-19,RIM-MSC-ACCEL-BLK,,1,,1,,0,,0,,2,"Recent demand is volatile, so the forecast is kept conservative."
19-Sep-2026,2026-09-19,RIM-MSC-ACCEL-BLK-2PK,,0,,0,,0,,0,,0,"Demand is intermittent, so the forecast remains conservative."
19-Sep-2026,2026-09-19,RIM-MSC-ACCEL-BLK-3PK,,0,,0,,0,,0,,0,"Recent demand is volatile, so the forecast is kept conservative."
19-Sep-2026,2026-09-19,RIM-MSC-ACCEL-BLK-5PK,,0,,0,,0,,0,,0,"Recent demand is volatile, so the forecast is kept conservative."
19-Sep-2026,2026-09-19,RIM-MSC-CURL-003,,0,,0,,0,,0,,0,Current stock availability is limiting observed demand.
19-Sep-2026,2026-09-19,RIM-MSC-E3DL-003,,0,,6,,0,,0,,6,"Recent demand is volatile, so the forecast is kept conservative."
19-Sep-2026,2026-09-19,RIM-MSC-E3DL-003-2PK,,0,,0,,0,,0,,0,"Demand is intermittent, so the forecast remains conservative."
19-Sep-2026,2026-09-19,RIM-MSC-E3DL-003-3PK,,0,,0,,0,,0,,0,"Recent demand is volatile, so the forecast is kept conservative."
19-Sep-2026,2026-09-19,RIM-MSC-E3DL-003-5PK,,0,,0,,0,,0,,0,"Recent demand is volatile, so the forecast is kept conservative."
19-Sep-2026,2026-09-19,RIM-MSC-ELL-003,,0,,5,,0,,0,,5,"Recent demand is volatile, so the forecast is kept conservative."
19-Sep-2026,2026-09-19,RIM-MSC-ELL-003-2PK,,0,,0,,0,,0,,0,"Recent demand is volatile, so the forecast is kept conservative."
19-Sep-2026,2026-09-19,RIM-MSC-ELL-003-3PK,,0,,0,,0,,0,,0,"Demand is intermittent, so the forecast remains conservative."
19-Sep-2026,2026-09-19,RIM-MSC-ELL-003-5PK,,0,,0,,0,,0,,0,"Recent demand is volatile, so the forecast is kept conservative."
19-Sep-2026,2026-09-19,RIM-MSC-ESL-101,,0,,6,,0,,0,,6,"Recent demand is volatile, so the forecast is kept conservative."
19-Sep-2026,2026-09-19,RIM-MSC-ESL-101-2PK,,0,,0,,0,,0,,0,"Recent demand is volatile, so the forecast is kept conservative."
19-Sep-2026,2026-09-19,RIM-MSC-ESL-101-3PK,,0,,0,,0,,0,,0,"Recent demand is volatile, so the forecast is kept conservative."
19-Sep-2026,2026-09-19,RIM-MSC-ESL-101-5PK,,0,,0,,0,,0,,0,"Demand is intermittent, so the forecast remains conservative."
19-Sep-2026,2026-09-19,RIM-MSC-ESL-102,,1,,2,,0,,0,,3,"Recent demand is volatile, so the forecast is kept conservative."
19-Sep-2026,2026-09-19,RIM-MSC-ESL-102-2PK,,0,,0,,0,,0,,0,"Demand is intermittent, so the forecast remains conservative."
19-Sep-2026,2026-09-19,RIM-MSC-ESL-102-3PK,,0,,0,,0,,0,,0,"Recent demand is volatile, so the forecast is kept conservative."
19-Sep-2026,2026-09-19,RIM-MSC-ESL-102-5PK,,0,,0,,0,,0,,0,"Recent demand is volatile, so the forecast is kept conservative."
19-Sep-2026,2026-09-19,RIM-MSC-SCAND-BLK,,0,,0,,0,,0,,0,Current stock availability is limiting observed demand.
19-Sep-2026,2026-09-19,RIM-MSC-SCAND-LYCRA,,0,,0,,0,,0,,0,"Recent demand is volatile, so the forecast is kept conservative."
19-Sep-2026,2026-09-19,RIM-MSC-SCAND-RL-001,,2,,1,,0,,0,,3,"Recent demand is declining, so the forecast is lower."
19-Sep-2026,2026-09-19,RIM-MSC-SCAND-RL-001-2PK,,0,,0,,0,,0,,0,"Recent demand is volatile, so the forecast is kept conservative."
19-Sep-2026,2026-09-19,RIM-MSC-SCAND-RL-001-3PK,,0,,0,,0,,0,,0,"Recent demand is volatile, so the forecast is kept conservative."
19-Sep-2026,2026-09-19,RIM-MSC-SCAND-RL-001-5PK,,0,,0,,0,,0,,0,"Demand is intermittent, so the forecast remains conservative."
19-Sep-2026,2026-09-19,RIM-MSC-SCAND-RL-002,,0,,0,,0,,0,,0,"Recent demand is volatile, so the forecast is kept conservative."
19-Sep-2026,2026-09-19,RIM-MSC-SCAND-RL-003,,0,,0,,0,,0,,0,"Recent demand is volatile, so the forecast is kept conservative."
19-Sep-2026,2026-09-19,RIM-MSC-SCAND-RL-003-2PK,,0,,0,,0,,0,,0,"Demand is intermittent, so the forecast remains conservative."
19-Sep-2026,2026-09-19,RIM-MSC-SCAND-RL-003-3PK,,0,,0,,0,,0,,0,"Demand is intermittent, so the forecast remains conservative."
19-Sep-2026,2026-09-19,RIM-MSC-SCAND-RL-003-5PK,,0,,0,,0,,0,,0,"Recent demand is volatile, so the forecast is kept conservative."
19-Sep-2026,2026-09-19,RIM-MSC-SCAND-VOD-001,,4,,0,,0,,0,,4,"Recent demand is volatile, so the forecast is kept conservative."
19-Sep-2026,2026-09-19,RIM-MSC-SCAND-VOD-002,,0,,0,,0,,0,,0,"Recent demand is volatile, so the forecast is kept conservative."
19-Sep-2026,2026-09-19,RIM-MSC-SCAND-VOD-002-2PK,,0,,0,,0,,0,,0,"Demand is intermittent, so the forecast remains conservative."
19-Sep-2026,2026-09-19,RIM-MSC-SCAND-VOD-002-5PK,,0,,0,,0,,0,,0,"Demand is intermittent, so the forecast remains conservative."
19-Sep-2026,2026-09-19,RIM-MSC-SCAND-VOD-WP,,0,,0,,0,,0,,0,"Recent demand is volatile, so the forecast is kept conservative."
19-Sep-2026,2026-09-19,RIM-MSC-SCAND-WOW-001,,1,,0,,0,,0,,1,"Recent demand is volatile, so the forecast is kept conservative."
19-Sep-2026,2026-09-19,RIM-MSC-SCAND-WOW-003,,0,,0,,0,,0,,0,Current stock availability is limiting observed demand.
19-Sep-2026,2026-09-19,RIM-MSC-SCAND-WOW-WP,,0,,0,,0,,0,,0,"Recent demand is volatile, so the forecast is kept conservative."
19-Sep-2026,2026-09-19,RIM-MSC-THRILLSEEKER-BLKBRWN,,0,,0,,0,,0,,0,"Recent demand is volatile, so the forecast is kept conservative."
19-Sep-2026,2026-09-19,RIM-MSC-THRILLSEEKER-EXTBLACK,,0,,0,,0,,0,,0,"Recent demand is volatile, so the forecast is kept conservative."
19-Sep-2026,2026-09-19,RIM-MSC-VF-X10-001,,0,,0,,0,,0,,0,Current stock availability is limiting observed demand.
19-Sep-2026,2026-09-19,RIM-MSC-VOLCOL-001,,0,,0,,0,,0,,0,Current stock availability is limiting observed demand.
19-Sep-2026,2026-09-19,RIM-MSC-WDF-001,,0,,0,,0,,0,,0,"Demand is intermittent, so the forecast remains conservative."
19-Sep-2026,2026-09-19,RIM-MSC-WDF-003,,0,,0,,0,,0,,0,"Recent demand is volatile, so the forecast is kept conservative."
19-Sep-2026,2026-09-19,RIM-MSC-WDF-WP,,0,,0,,0,,0,,0,"Recent demand is volatile, so the forecast is kept conservative."
19-Sep-2026,2026-09-19,RIM-MSC-WLUX-001,,0,,0,,0,,0,,0,"Recent demand is volatile, so the forecast is kept conservative."
19-Sep-2026,2026-09-19,RIM-MSC-WLUX-002,,0,,0,,0,,0,,0,"Recent demand is volatile, so the forecast is kept conservative."
19-Sep-2026,2026-09-19,RIM-MSC-WLUX-003,,0,,1,,0,,0,,1,"Recent demand is volatile, so the forecast is kept conservative."
19-Sep-2026,2026-09-19,RIM-MSC-WLUX-003-2PK,,0,,0,,0,,0,,0,"Demand is intermittent, so the forecast remains conservative."
19-Sep-2026,2026-09-19,RIM-MSC-WNDR-EXT-001,,0,,0,,0,,0,,0,"Recent demand is volatile, so the forecast is kept conservative."
19-Sep-2026,2026-09-19,RIM-MSC-WNDRBOND-LASH-FILLER-BLK,,0,,0,,0,,0,,0,"Demand is intermittent, so the forecast remains conservative."
19-Sep-2026,2026-09-19,RIM-MULTI-TASK-CLR-010,,0,,0,,0,,0,,0,"Recent demand is volatile, so the forecast is kept conservative."
19-Sep-2026,2026-09-19,RIM-MULTI-TASK-CLR-020,,0,,0,,0,,0,,0,"Recent demand is volatile, so the forecast is kept conservative."
19-Sep-2026,2026-09-19,RIM-MULTI-TASK-CLR-030,,0,,0,,0,,0,,0,"Demand is intermittent, so the forecast remains conservative."
19-Sep-2026,2026-09-19,RIM-MULTI-TASK-CLR-040,,0,,0,,0,,0,,0,"Demand is intermittent, so the forecast remains conservative."
19-Sep-2026,2026-09-19,RIM-MULTI-TASK-CLR-050,,0,,0,,0,,0,,0,"Demand is intermittent, so the forecast remains conservative."
19-Sep-2026,2026-09-19,RIM-MULTI-TASK-CLR-060,,0,,0,,0,,0,,0,Current stock availability is limiting observed demand.
19-Sep-2026,2026-09-19,RIM-MULTI-TASK-CLR-070,,0,,0,,0,,0,,0,"Demand is intermittent, so the forecast remains conservative."
19-Sep-2026,2026-09-19,RIM-MULTI-TASK-CLR-090,,0,,0,,0,,0,,0,Current stock availability is limiting observed demand.
19-Sep-2026,2026-09-19,RIM-MULTI-TASKER-BTF-30ML-002,,0,,0,,0,,0,,0,"Demand is intermittent, so the forecast remains conservative."
19-Sep-2026,2026-09-19,RIM-MULTI-TASKER-BTF-30ML-003,,0,,0,,0,,0,,0,"Demand is intermittent, so the forecast remains conservative."
19-Sep-2026,2026-09-19,RIM-MULTI-TASKER-BTF-30ML-004,,0,,0,,0,,0,,0,"Demand is intermittent, so the forecast remains conservative."
19-Sep-2026,2026-09-19,RIM-NAIL-60S-101,,0,,0,,0,,0,,0,"Recent demand is volatile, so the forecast is kept conservative."
19-Sep-2026,2026-09-19,RIM-NAIL-60S-130,,0,,0,,0,,0,,0,"Recent demand is volatile, so the forecast is kept conservative."
19-Sep-2026,2026-09-19,RIM-NAIL-60S-150,,0,,0,,0,,0,,0,"Demand is intermittent, so the forecast remains conservative."
19-Sep-2026,2026-09-19,RIM-NAIL-60S-151,,0,,0,,0,,0,,0,"Recent demand is volatile, so the forecast is kept conservative."
19-Sep-2026,2026-09-19,RIM-NAIL-60S-152,,0,,0,,0,,0,,0,"Recent demand is volatile, so the forecast is kept conservative."
19-Sep-2026,2026-09-19,RIM-NAIL-60S-153,,0,,0,,0,,0,,0,"Demand is intermittent, so the forecast remains conservative."
19-Sep-2026,2026-09-19,RIM-NAIL-60S-154,,0,,0,,0,,0,,0,"Recent demand is volatile, so the forecast is kept conservative."
19-Sep-2026,2026-09-19,RIM-NAIL-60S-155,,0,,0,,0,,0,,0,"Demand is intermittent, so the forecast remains conservative."
19-Sep-2026,2026-09-19,RIM-NAIL-60S-203,,0,,0,,0,,0,,0,"Recent demand is volatile, so the forecast is kept conservative."
19-Sep-2026,2026-09-19,RIM-NAIL-60S-210,,0,,0,,0,,0,,0,"Recent demand is volatile, so the forecast is kept conservative."
19-Sep-2026,2026-09-19,RIM-NAIL-60S-230,,0,,0,,0,,0,,0,"Recent demand is volatile, so the forecast is kept conservative."
19-Sep-2026,2026-09-19,RIM-NAIL-60S-235,,0,,0,,0,,0,,0,"Recent demand is volatile, so the forecast is kept conservative."
19-Sep-2026,2026-09-19,RIM-NAIL-60S-262,,0,,0,,0,,0,,0,"Recent demand is volatile, so the forecast is kept conservative."
19-Sep-2026,2026-09-19,RIM-NAIL-60S-270,,0,,0,,0,,0,,0,"Recent demand is volatile, so the forecast is kept conservative."
19-Sep-2026,2026-09-19,RIM-NAIL-60S-271,,0,,0,,0,,0,,0,"Recent demand is volatile, so the forecast is kept conservative."
19-Sep-2026,2026-09-19,RIM-NAIL-60S-300,,0,,0,,0,,0,,0,"Recent demand is volatile, so the forecast is kept conservative."
19-Sep-2026,2026-09-19,RIM-NAIL-60S-310,,0,,0,,0,,0,,0,"Recent demand is volatile, so the forecast is kept conservative."
19-Sep-2026,2026-09-19,RIM-NAIL-60S-312,,0,,0,,0,,0,,0,"Recent demand is volatile, so the forecast is kept conservative."
19-Sep-2026,2026-09-19,RIM-NAIL-60S-313,,0,,0,,0,,0,,0,"Recent demand is volatile, so the forecast is kept conservative."
19-Sep-2026,2026-09-19,RIM-NAIL-60S-314,,0,,0,,0,,0,,0,"Recent demand is volatile, so the forecast is kept conservative."
19-Sep-2026,2026-09-19,RIM-NAIL-60S-315,,0,,0,,0,,0,,0,"Recent demand is volatile, so the forecast is kept conservative."
19-Sep-2026,2026-09-19,RIM-NAIL-60S-320,,0,,0,,0,,0,,0,"Recent demand is volatile, so the forecast is kept conservative."
19-Sep-2026,2026-09-19,RIM-NAIL-60S-322,,0,,0,,0,,0,,0,"Recent demand is volatile, so the forecast is kept conservative."
19-Sep-2026,2026-09-19,RIM-NAIL-60S-323,,0,,0,,0,,0,,0,"Recent demand is volatile, so the forecast is kept conservative."
19-Sep-2026,2026-09-19,RIM-NAIL-60S-324,,0,,0,,0,,0,,0,"Recent demand is volatile, so the forecast is kept conservative."
19-Sep-2026,2026-09-19,RIM-NAIL-60S-335,,0,,0,,0,,0,,0,"Recent demand is volatile, so the forecast is kept conservative."
19-Sep-2026,2026-09-19,RIM-NAIL-60S-336,,0,,0,,0,,0,,0,"Recent demand is volatile, so the forecast is kept conservative."
19-Sep-2026,2026-09-19,RIM-NAIL-60S-340,,0,,0,,0,,0,,0,"Recent demand is volatile, so the forecast is kept conservative."
19-Sep-2026,2026-09-19,RIM-NAIL-60S-345,,1,,1,,0,,0,,2,"Recent demand is volatile, so the forecast is kept conservative."
19-Sep-2026,2026-09-19,RIM-NAIL-60S-401,,0,,0,,0,,0,,0,Current stock availability is limiting observed demand.
19-Sep-2026,2026-09-19,RIM-NAIL-60S-404,,0,,0,,0,,0,,0,"Recent demand is volatile, so the forecast is kept conservative."
19-Sep-2026,2026-09-19,RIM-NAIL-60S-405,,0,,0,,0,,0,,0,"Recent demand is volatile, so the forecast is kept conservative."
19-Sep-2026,2026-09-19,RIM-NAIL-60S-406,,0,,0,,0,,0,,0,"Demand is intermittent, so the forecast remains conservative."
19-Sep-2026,2026-09-19,RIM-NAIL-60S-410,,0,,0,,0,,0,,0,"Recent demand is volatile, so the forecast is kept conservative."
19-Sep-2026,2026-09-19,RIM-NAIL-60S-411,,0,,0,,0,,0,,0,Current stock availability is limiting observed demand.
19-Sep-2026,2026-09-19,RIM-NAIL-60S-430,,0,,0,,0,,0,,0,Current stock availability is limiting observed demand.
19-Sep-2026,2026-09-19,RIM-NAIL-60S-498,,0,,0,,0,,0,,0,"Recent demand is volatile, so the forecast is kept conservative."
19-Sep-2026,2026-09-19,RIM-NAIL-60S-500,,0,,0,,0,,0,,0,"Recent demand is volatile, so the forecast is kept conservative."
19-Sep-2026,2026-09-19,RIM-NAIL-60S-510,,0,,0,,0,,0,,0,"Recent demand is volatile, so the forecast is kept conservative."
19-Sep-2026,2026-09-19,RIM-NAIL-60S-558,,0,,0,,0,,0,,0,"Recent demand is volatile, so the forecast is kept conservative."
19-Sep-2026,2026-09-19,RIM-NAIL-60S-560,,0,,0,,0,,0,,0,"Recent demand is volatile, so the forecast is kept conservative."
19-Sep-2026,2026-09-19,RIM-NAIL-60S-561,,0,,0,,0,,0,,0,"Recent demand is volatile, so the forecast is kept conservative."
19-Sep-2026,2026-09-19,RIM-NAIL-60S-703,,0,,0,,0,,0,,0,"Recent demand is volatile, so the forecast is kept conservative."
19-Sep-2026,2026-09-19,RIM-NAIL-60S-705,,0,,0,,0,,0,,0,"Recent demand is volatile, so the forecast is kept conservative."
19-Sep-2026,2026-09-19,RIM-NAIL-60S-707,,0,,0,,0,,0,,0,"Recent demand is volatile, so the forecast is kept conservative."
19-Sep-2026,2026-09-19,RIM-NAIL-60S-708,,0,,0,,0,,0,,0,Current stock availability is limiting observed demand.
19-Sep-2026,2026-09-19,RIM-NAIL-60S-709,,0,,0,,0,,0,,0,"Recent demand is volatile, so the forecast is kept conservative."
19-Sep-2026,2026-09-19,RIM-NAIL-60S-710,,0,,0,,0,,0,,0,"Recent demand is volatile, so the forecast is kept conservative."
19-Sep-2026,2026-09-19,RIM-NAIL-60S-711,,0,,0,,0,,0,,0,"Recent demand is volatile, so the forecast is kept conservative."
19-Sep-2026,2026-09-19,RIM-NAIL-60S-712,,0,,0,,0,,0,,0,Current stock availability is limiting observed demand.
19-Sep-2026,2026-09-19,RIM-NAIL-60S-713,,0,,0,,0,,0,,0,"Recent demand is volatile, so the forecast is kept conservative."
19-Sep-2026,2026-09-19,RIM-NAIL-60S-714,,0,,0,,0,,0,,0,"Recent demand is volatile, so the forecast is kept conservative."
19-Sep-2026,2026-09-19,RIM-NAIL-60S-715,,0,,0,,0,,0,,0,Current stock availability is limiting observed demand.
19-Sep-2026,2026-09-19,RIM-NAIL-60S-718,,0,,0,,0,,0,,0,"Recent demand is volatile, so the forecast is kept conservative."
19-Sep-2026,2026-09-19,RIM-NAIL-60S-719,,0,,0,,0,,0,,0,"Recent demand is volatile, so the forecast is kept conservative."
19-Sep-2026,2026-09-19,RIM-NAIL-60S-720,,0,,0,,0,,0,,0,"Recent demand is volatile, so the forecast is kept conservative."
19-Sep-2026,2026-09-19,RIM-NAIL-60S-721,,0,,0,,0,,0,,0,"Recent demand is volatile, so the forecast is kept conservative."
19-Sep-2026,2026-09-19,RIM-NAIL-60S-722,,0,,0,,0,,0,,0,"Recent demand is volatile, so the forecast is kept conservative."
19-Sep-2026,2026-09-19,RIM-NAIL-60S-730,,0,,0,,0,,0,,0,Current stock availability is limiting observed demand.
19-Sep-2026,2026-09-19,RIM-NAIL-60S-740,,0,,0,,0,,0,,0,"Recent demand is volatile, so the forecast is kept conservative."
19-Sep-2026,2026-09-19,RIM-NAIL-60S-807,,0,,0,,0,,0,,0,"Recent demand is volatile, so the forecast is kept conservative."
19-Sep-2026,2026-09-19,RIM-NAIL-60S-809,,0,,0,,0,,0,,0,"Recent demand is volatile, so the forecast is kept conservative."
19-Sep-2026,2026-09-19,RIM-NAIL-60S-810,,0,,0,,0,,0,,0,"Recent demand is volatile, so the forecast is kept conservative."
19-Sep-2026,2026-09-19,RIM-NAIL-60S-811,,0,,0,,0,,0,,0,"Recent demand is volatile, so the forecast is kept conservative."
19-Sep-2026,2026-09-19,RIM-NAIL-60S-812,,0,,0,,0,,0,,0,Current stock availability is limiting observed demand.
19-Sep-2026,2026-09-19,RIM-NAIL-60S-820,,0,,0,,0,,0,,0,"Demand is intermittent, so the forecast remains conservative."
19-Sep-2026,2026-09-19,RIM-NAIL-60S-828,,0,,0,,0,,0,,0,"Recent demand is volatile, so the forecast is kept conservative."
19-Sep-2026,2026-09-19,RIM-NAIL-60S-831,,0,,0,,0,,0,,0,"Demand is intermittent, so the forecast remains conservative."
19-Sep-2026,2026-09-19,RIM-NAIL-60S-833,,0,,0,,0,,0,,0,"Recent demand is volatile, so the forecast is kept conservative."
19-Sep-2026,2026-09-19,RIM-NAIL-60S-834,,0,,0,,0,,0,,0,"Recent demand is volatile, so the forecast is kept conservative."
19-Sep-2026,2026-09-19,RIM-NAIL-60S-853,,0,,0,,0,,0,,0,"Recent demand is volatile, so the forecast is kept conservative."
19-Sep-2026,2026-09-19,RIM-NAIL-60S-878,,0,,0,,0,,0,,0,Current stock availability is limiting observed demand.
19-Sep-2026,2026-09-19,RIM-NAIL-60S-900,,0,,1,,0,,0,,1,"Recent demand is volatile, so the forecast is kept conservative."
19-Sep-2026,2026-09-19,RIM-NAIL-60S-901,,0,,0,,0,,0,,0,Current stock availability is limiting observed demand.
19-Sep-2026,2026-09-19,RIM-NAIL-60S-902,,2,,1,,0,,0,,3,"Recent demand is volatile, so the forecast is kept conservative."
19-Sep-2026,2026-09-19,RIM-NAIL-60S-905,,0,,0,,0,,0,,0,"Recent demand is volatile, so the forecast is kept conservative."
19-Sep-2026,2026-09-19,RIM-NAIL-60S-BUNDLE-10PCS-V1,,0,,0,,0,,0,,0,"Recent demand is volatile, so the forecast is kept conservative."
19-Sep-2026,2026-09-19,RIM-NAIL-60S-BUNDLE-10PCS-V2,,0,,0,,0,,0,,0,"Demand is intermittent, so the forecast remains conservative."
19-Sep-2026,2026-09-19,RIM-NAIL-60S-BUNDLE-10PCS-V3,,0,,0,,0,,0,,0,"Recent demand is volatile, so the forecast is kept conservative."
19-Sep-2026,2026-09-19,RIM-NAIL-60S-BUNDLE-15PCS-V1,,0,,0,,0,,0,,0,Current stock availability is limiting observed demand.
19-Sep-2026,2026-09-19,RIM-NAIL-60S-BUNDLE-5PCS-V1,,0,,0,,0,,0,,0,"Demand is intermittent, so the forecast remains conservative."
19-Sep-2026,2026-09-19,RIM-NAIL-60S-BUNDLE-5PCS-V2,,0,,0,,0,,0,,0,"Demand is intermittent, so the forecast remains conservative."
19-Sep-2026,2026-09-19,RIM-NAIL-60S-BUNDLE-5PCS-V3,,0,,0,,0,,0,,0,"Recent demand is volatile, so the forecast is kept conservative."
19-Sep-2026,2026-09-19,RIM-NAIL-60S-BUNDLE-5PCS-V4,,0,,0,,0,,0,,0,"Demand is intermittent, so the forecast remains conservative."
19-Sep-2026,2026-09-19,RIM-NAIL-60S-BUNDLE-RED-5,,0,,0,,0,,0,,0,"Recent demand is volatile, so the forecast is kept conservative."
19-Sep-2026,2026-09-19,RIM-NAIL-60S-BUNDLE-SUMMER-5,,0,,0,,0,,0,,0,"Demand is intermittent, so the forecast remains conservative."
19-Sep-2026,2026-09-19,RIM-NAIL-60S-MIX-10PCS,,0,,0,,0,,0,,0,"Recent demand is volatile, so the forecast is kept conservative."
19-Sep-2026,2026-09-19,RIM-NAIL-60S-MIX-15PCS,,0,,0,,0,,0,,0,Current stock availability is limiting observed demand.
19-Sep-2026,2026-09-19,RIM-NAIL-60S-MIX-8PCS,,0,,0,,0,,0,,0,"Demand is intermittent, so the forecast remains conservative."
19-Sep-2026,2026-09-19,RIM-NAIL-FT-TOPCOAT,,0,,0,,0,,0,,0,Current stock availability is limiting observed demand.
19-Sep-2026,2026-09-19,RIM-NAIL-FT-TOPCOAT-2PK,,0,,0,,0,,0,,0,"Demand is intermittent, so the forecast remains conservative."
19-Sep-2026,2026-09-19,RIM-NAIL-GLITTER-BOMB-019,,0,,0,,0,,0,,0,Current stock availability is limiting observed demand.
19-Sep-2026,2026-09-19,RIM-NAIL-NN-5IN1,,0,,0,,0,,0,,0,Current stock availability is limiting observed demand.
19-Sep-2026,2026-09-19,RIM-NAIL-NN-STRONGER,,0,,0,,0,,0,,0,Current stock availability is limiting observed demand.
19-Sep-2026,2026-09-19,RIM-NAIL-SUPERGEL-001,,0,,0,,0,,0,,0,"Demand is intermittent, so the forecast remains conservative."
19-Sep-2026,2026-09-19,RIM-NAIL-SUPERGEL-008,,0,,0,,0,,0,,0,"Recent demand is volatile, so the forecast is kept conservative."
19-Sep-2026,2026-09-19,RIM-NAIL-SUPERGEL-012,,1,,0,,0,,0,,1,"Recent demand is volatile, so the forecast is kept conservative."
19-Sep-2026,2026-09-19,RIM-NAIL-SUPERGEL-014,,0,,0,,0,,0,,0,Current stock availability is limiting observed demand.
19-Sep-2026,2026-09-19,RIM-NAIL-SUPERGEL-020,,0,,0,,0,,0,,0,Current stock availability is limiting observed demand.
19-Sep-2026,2026-09-19,RIM-NAIL-SUPERGEL-021,,0,,0,,0,,0,,0,"Recent demand is volatile, so the forecast is kept conservative."
19-Sep-2026,2026-09-19,RIM-NAIL-SUPERGEL-022,,0,,0,,0,,0,,0,"Recent demand is volatile, so the forecast is kept conservative."
19-Sep-2026,2026-09-19,RIM-NAIL-SUPERGEL-023,,0,,0,,0,,0,,0,Current stock availability is limiting observed demand.
19-Sep-2026,2026-09-19,RIM-NAIL-SUPERGEL-023-2PK,,0,,0,,0,,0,,0,"Demand is intermittent, so the forecast remains conservative."
19-Sep-2026,2026-09-19,RIM-NAIL-SUPERGEL-023-5PK,,0,,0,,0,,0,,0,"Demand is intermittent, so the forecast remains conservative."
19-Sep-2026,2026-09-19,RIM-NAIL-SUPERGEL-024,,0,,0,,0,,0,,0,"Recent demand is volatile, so the forecast is kept conservative."
19-Sep-2026,2026-09-19,RIM-NAIL-SUPERGEL-025,,0,,0,,0,,0,,0,"Recent demand is volatile, so the forecast is kept conservative."
19-Sep-2026,2026-09-19,RIM-NAIL-SUPERGEL-026,,0,,0,,0,,0,,0,"Recent demand is volatile, so the forecast is kept conservative."
19-Sep-2026,2026-09-19,RIM-NAIL-SUPERGEL-027,,0,,0,,0,,0,,0,Current stock availability is limiting observed demand.
19-Sep-2026,2026-09-19,RIM-NAIL-SUPERGEL-030,,0,,0,,0,,0,,0,Current stock availability is limiting observed demand.
19-Sep-2026,2026-09-19,RIM-NAIL-SUPERGEL-031,,0,,0,,0,,0,,0,Current stock availability is limiting observed demand.
19-Sep-2026,2026-09-19,RIM-NAIL-SUPERGEL-032,,0,,0,,0,,0,,0,"Recent demand is volatile, so the forecast is kept conservative."
19-Sep-2026,2026-09-19,RIM-NAIL-SUPERGEL-033,,0,,0,,0,,0,,0,"Recent demand is volatile, so the forecast is kept conservative."
19-Sep-2026,2026-09-19,RIM-NAIL-SUPERGEL-035,,0,,0,,0,,0,,0,"Recent demand is volatile, so the forecast is kept conservative."
19-Sep-2026,2026-09-19,RIM-NAIL-SUPERGEL-042,,0,,0,,0,,0,,0,"Recent demand is volatile, so the forecast is kept conservative."
19-Sep-2026,2026-09-19,RIM-NAIL-SUPERGEL-043,,0,,0,,0,,0,,0,"Recent demand is volatile, so the forecast is kept conservative."
19-Sep-2026,2026-09-19,RIM-NAIL-SUPERGEL-044,,0,,0,,0,,0,,0,Current stock availability is limiting observed demand.
19-Sep-2026,2026-09-19,RIM-NAIL-SUPERGEL-045,,0,,0,,0,,0,,0,"Recent demand is volatile, so the forecast is kept conservative."
19-Sep-2026,2026-09-19,RIM-NAIL-SUPERGEL-052,,0,,0,,0,,0,,0,Current stock availability is limiting observed demand.
19-Sep-2026,2026-09-19,RIM-NAIL-SUPERGEL-054,,0,,0,,0,,0,,0,"Recent demand is volatile, so the forecast is kept conservative."
19-Sep-2026,2026-09-19,RIM-NAIL-SUPERGEL-056,,0,,0,,0,,0,,0,"Recent demand is volatile, so the forecast is kept conservative."
19-Sep-2026,2026-09-19,RIM-NAIL-SUPERGEL-058,,0,,0,,0,,0,,0,"Demand is intermittent, so the forecast remains conservative."
19-Sep-2026,2026-09-19,RIM-NAIL-SUPERGEL-069,,0,,0,,0,,0,,0,Current stock availability is limiting observed demand.
19-Sep-2026,2026-09-19,RIM-NAIL-SUPERGEL-070,,0,,0,,0,,0,,0,Current stock availability is limiting observed demand.
19-Sep-2026,2026-09-19,RIM-NAIL-SUPERGEL-071,,0,,0,,0,,0,,0,"Recent demand is volatile, so the forecast is kept conservative."
19-Sep-2026,2026-09-19,RIM-NAIL-SUPERGEL-083,,0,,0,,0,,0,,0,"Recent demand is volatile, so the forecast is kept conservative."
19-Sep-2026,2026-09-19,RIM-NAIL-SUPERGEL-090,,0,,0,,0,,0,,0,Current stock availability is limiting observed demand.
19-Sep-2026,2026-09-19,RIM-NAIL-SUPERGEL-091,,0,,0,,0,,0,,0,"Recent demand is volatile, so the forecast is kept conservative."
19-Sep-2026,2026-09-19,RIM-NAIL-SUPERGEL-091A,,1,,0,,0,,0,,1,"Recent demand is volatile, so the forecast is kept conservative."
19-Sep-2026,2026-09-19,RIM-NAIL-SUPERGEL-094,,0,,0,,0,,0,,0,"Recent demand is volatile, so the forecast is kept conservative."
19-Sep-2026,2026-09-19,RIM-NAIL-SUPERGEL-095,,0,,0,,0,,0,,0,"Recent demand is volatile, so the forecast is kept conservative."
19-Sep-2026,2026-09-19,RIM-NAIL-SUPERGEL-096,,0,,0,,0,,0,,0,"Demand is intermittent, so the forecast remains conservative."
19-Sep-2026,2026-09-19,RIM-NAIL-SUPERGEL-097,,0,,0,,0,,0,,0,"Recent demand is volatile, so the forecast is kept conservative."
19-Sep-2026,2026-09-19,RIM-NAIL-SUPERGEL-098,,0,,0,,0,,0,,0,Current stock availability is limiting observed demand.
19-Sep-2026,2026-09-19,RIM-NAIL-SUPERGEL-099,,0,,0,,0,,0,,0,"Recent demand is volatile, so the forecast is kept conservative."
19-Sep-2026,2026-09-19,RIM-NATURALBRONZER-001,,0,,0,,0,,0,,0,Current stock availability is limiting observed demand.
19-Sep-2026,2026-09-19,RIM-NATURALBRONZER-002,,0,,0,,0,,0,,0,"Recent demand is volatile, so the forecast is kept conservative."
19-Sep-2026,2026-09-19,RIM-NATURALBRONZER-002-3PK,,0,,0,,0,,0,,0,"Demand is intermittent, so the forecast remains conservative."
19-Sep-2026,2026-09-19,RIM-OMG-LIP-130,,0,,1,,0,,0,,1,"Recent demand is volatile, so the forecast is kept conservative."
19-Sep-2026,2026-09-19,RIM-OMG-LIP-150,,0,,0,,0,,0,,0,"Recent demand is volatile, so the forecast is kept conservative."
19-Sep-2026,2026-09-19,RIM-OMG-LIP-160,,0,,0,,0,,0,,0,"Recent demand is volatile, so the forecast is kept conservative."
19-Sep-2026,2026-09-19,RIM-OMG-LIP-200,,0,,0,,0,,0,,0,Current stock availability is limiting observed demand.
19-Sep-2026,2026-09-19,RIM-OMG-LIP-210,,0,,0,,0,,0,,0,"Demand is intermittent, so the forecast remains conservative."
19-Sep-2026,2026-09-19,RIM-OMG-LIP-260,,0,,0,,0,,0,,0,Current stock availability is limiting observed demand.
19-Sep-2026,2026-09-19,RIM-OMG-LIP-300,,0,,0,,0,,0,,0,Current stock availability is limiting observed demand.
19-Sep-2026,2026-09-19,RIM-OMG-LIP-330,,0,,0,,0,,0,,0,"Recent demand is volatile, so the forecast is kept conservative."
19-Sep-2026,2026-09-19,RIM-OMG-LIP-400,,0,,0,,0,,0,,0,Current stock availability is limiting observed demand.
19-Sep-2026,2026-09-19,RIM-OMG-LIP-500,,0,,0,,0,,0,,0,"Demand is intermittent, so the forecast remains conservative."
19-Sep-2026,2026-09-19,RIM-OMG-LIP-531,,0,,0,,0,,0,,0,Current stock availability is limiting observed demand.
19-Sep-2026,2026-09-19,RIM-OMG-LIP-758,,0,,0,,0,,0,,0,Current stock availability is limiting observed demand.
19-Sep-2026,2026-09-19,RIM-OMG-LIP-759,,0,,0,,0,,0,,0,"Demand is intermittent, so the forecast remains conservative."
19-Sep-2026,2026-09-19,RIM-OMG-LIP-800,,0,,0,,0,,0,,0,"Recent demand is volatile, so the forecast is kept conservative."
19-Sep-2026,2026-09-19,RIM-OMG-LIP-801,,0,,0,,0,,0,,0,Current stock availability is limiting observed demand.
19-Sep-2026,2026-09-19,RIM-OMG-LIP-LOVEBUG,,0,,0,,0,,0,,0,"Recent demand is volatile, so the forecast is kept conservative."
19-Sep-2026,2026-09-19,RIM-OMG-PLUMP-501,,0,,0,,0,,0,,0,Current stock availability is limiting observed demand.
19-Sep-2026,2026-09-19,RIM-OMG-PLUMP-820,,0,,0,,0,,0,,0,Current stock availability is limiting observed demand.
19-Sep-2026,2026-09-19,RIM-OMP-LIP-SHAPER-010,,0,,0,,0,,0,,0,"Demand is intermittent, so the forecast remains conservative."
19-Sep-2026,2026-09-19,RIM-OMP-LIP-SHAPER-030,,0,,0,,0,,0,,0,"Demand is intermittent, so the forecast remains conservative."
19-Sep-2026,2026-09-19,RIM-OMP-LIP-SHAPER-040,,0,,0,,0,,0,,0,"Demand is intermittent, so the forecast remains conservative."
19-Sep-2026,2026-09-19,RIM-OMP-LIP-SHAPER-050,,0,,0,,0,,0,,0,"Demand is intermittent, so the forecast remains conservative."
19-Sep-2026,2026-09-19,RIM-PROVOCALIP-210,,0,,0,,0,,0,,0,Current stock availability is limiting observed demand.
19-Sep-2026,2026-09-19,RIM-PROVOCALIP-570,,0,,0,,0,,0,,0,"Recent demand is volatile, so the forecast is kept conservative."
19-Sep-2026,2026-09-19,RIM-PROVOCALIP-710,,0,,0,,0,,0,,0,Current stock availability is limiting observed demand.
19-Sep-2026,2026-09-19,RIM-PROVOCALIP-730,,0,,0,,0,,0,,0,"Recent demand is volatile, so the forecast is kept conservative."
19-Sep-2026,2026-09-19,RIM-RADBRICK-001,,0,,0,,0,,0,,0,Current stock availability is limiting observed demand.
19-Sep-2026,2026-09-19,RIM-RADBRICK-002,,0,,0,,0,,0,,0,Current stock availability is limiting observed demand.
19-Sep-2026,2026-09-19,RIM-RADBRICK-003,,0,,0,,0,,0,,0,Current stock availability is limiting observed demand.
19-Sep-2026,2026-09-19,RIM-SCD-EL-WP-001,,1,,1,,0,,0,,2,"Recent demand is volatile, so the forecast is kept conservative."
19-Sep-2026,2026-09-19,RIM-SCD-EL-WP-001-2PK,,0,,0,,0,,0,,0,"Demand is intermittent, so the forecast remains conservative."
19-Sep-2026,2026-09-19,RIM-SCD-EL-WP-001-3PK,,0,,0,,0,,0,,0,"Demand is intermittent, so the forecast remains conservative."
19-Sep-2026,2026-09-19,RIM-SCD-EL-WP-001-5PK,,0,,0,,0,,0,,0,"Demand is intermittent, so the forecast remains conservative."
19-Sep-2026,2026-09-19,RIM-SCD-EL-WP-003,,0,,0,,0,,0,,0,"Recent demand is volatile, so the forecast is kept conservative."
19-Sep-2026,2026-09-19,RIM-SCD-EL-WP-005,,0,,0,,0,,0,,0,"Demand is intermittent, so the forecast remains conservative."
19-Sep-2026,2026-09-19,RIM-SCD-EL-WP-006,,0,,0,,0,,0,,0,Current stock availability is limiting observed demand.
19-Sep-2026,2026-09-19,RIM-SCD-EL-WP-008,,0,,0,,0,,0,,0,Current stock availability is limiting observed demand.
19-Sep-2026,2026-09-19,RIM-SCD-EYE-001,,16,,2,,0,,0,,18,"Recent sales are increasing, so the forecast is higher."
19-Sep-2026,2026-09-19,RIM-SCD-EYE-001-2PK,,0,,0,,0,,0,,0,"Demand is intermittent, so the forecast remains conservative."
19-Sep-2026,2026-09-19,RIM-SCD-EYE-001-3PK,,0,,0,,0,,0,,0,"Demand is intermittent, so the forecast remains conservative."
19-Sep-2026,2026-09-19,RIM-SCD-EYE-001-5PK,,0,,0,,0,,0,,0,"Recent demand is volatile, so the forecast is kept conservative."
19-Sep-2026,2026-09-19,RIM-SCD-EYE-002,,0,,0,,0,,0,,0,Current stock availability is limiting observed demand.
19-Sep-2026,2026-09-19,RIM-SCD-EYE-002-2PK,,0,,0,,0,,0,,0,"Demand is intermittent, so the forecast remains conservative."
19-Sep-2026,2026-09-19,RIM-SCD-EYE-002-3PK,,0,,0,,0,,0,,0,"Demand is intermittent, so the forecast remains conservative."
19-Sep-2026,2026-09-19,RIM-SCD-EYE-002-5PK,,0,,0,,0,,0,,0,"Demand is intermittent, so the forecast remains conservative."
19-Sep-2026,2026-09-19,RIM-SCD-EYE-003,,0,,2,,0,,0,,2,"Recent demand is volatile, so the forecast is kept conservative."
19-Sep-2026,2026-09-19,RIM-SCD-EYE-003-2PK,,0,,0,,0,,0,,0,"Demand is intermittent, so the forecast remains conservative."
19-Sep-2026,2026-09-19,RIM-SCD-EYE-003-3PK,,0,,0,,0,,0,,0,"Demand is intermittent, so the forecast remains conservative."
19-Sep-2026,2026-09-19,RIM-SCD-EYE-003-5PK,,0,,0,,0,,0,,0,"Demand is intermittent, so the forecast remains conservative."
19-Sep-2026,2026-09-19,RIM-SCD-EYE-004,,0,,0,,0,,0,,0,"Recent demand is volatile, so the forecast is kept conservative."
19-Sep-2026,2026-09-19,RIM-SCD-EYE-005,,0,,0,,0,,0,,0,"Recent demand is volatile, so the forecast is kept conservative."
19-Sep-2026,2026-09-19,RIM-SCD-EYE-006,,0,,1,,0,,0,,1,"Recent demand is volatile, so the forecast is kept conservative."
19-Sep-2026,2026-09-19,RIM-SCD-EYE-006-2PK,,0,,0,,0,,0,,0,"Recent demand is volatile, so the forecast is kept conservative."
19-Sep-2026,2026-09-19,RIM-SCD-EYE-006-3PK,,0,,0,,0,,0,,0,"Recent demand is volatile, so the forecast is kept conservative."
19-Sep-2026,2026-09-19,RIM-SCD-EYE-006-5PK,,0,,0,,0,,0,,0,"Recent demand is volatile, so the forecast is kept conservative."
19-Sep-2026,2026-09-19,RIM-SCD-MICRO-EL-001,,0,,0,,0,,0,,0,"Demand is intermittent, so the forecast remains conservative."
19-Sep-2026,2026-09-19,RIM-SM-PRIMER-003,,0,,0,,0,,0,,0,"Demand is intermittent, so the forecast remains conservative."
19-Sep-2026,2026-09-19,RIM-SMLIQ-100,,0,,0,,0,,0,,0,"Demand is intermittent, so the forecast remains conservative."
19-Sep-2026,2026-09-19,RIM-SMLIQ-110,,0,,0,,0,,0,,0,Current stock availability is limiting observed demand.
19-Sep-2026,2026-09-19,RIM-SMLIQ-200,,0,,0,,0,,0,,0,Current stock availability is limiting observed demand.
19-Sep-2026,2026-09-19,RIM-SMLIQ-220,,0,,0,,0,,0,,0,Current stock availability is limiting observed demand.
19-Sep-2026,2026-09-19,RIM-SMLIQ-500,,0,,0,,0,,0,,0,Current stock availability is limiting observed demand.
19-Sep-2026,2026-09-19,RIM-SMLIQ-600,,0,,0,,0,,0,,0,Current stock availability is limiting observed demand.
19-Sep-2026,2026-09-19,RIM-SMLIQ-700,,0,,0,,0,,0,,0,"Recent demand is volatile, so the forecast is kept conservative."
19-Sep-2026,2026-09-19,RIM-SMLIQ-706,,0,,0,,0,,0,,0,Current stock availability is limiting observed demand.
19-Sep-2026,2026-09-19,RIM-SMLIQ-707,,0,,0,,0,,0,,0,Current stock availability is limiting observed demand.
19-Sep-2026,2026-09-19,RIM-SMLIQ-708,,0,,0,,0,,0,,0,Current stock availability is limiting observed demand.
19-Sep-2026,2026-09-19,RIM-SMLIQ-709,,0,,0,,0,,0,,0,Current stock availability is limiting observed demand.
19-Sep-2026,2026-09-19,RIM-SMLIQ-720,,0,,0,,0,,0,,0,Current stock availability is limiting observed demand.
19-Sep-2026,2026-09-19,RIM-SMLIQ-723,,0,,0,,0,,0,,0,Current stock availability is limiting observed demand.
19-Sep-2026,2026-09-19,RIM-SMLIQ-725,,0,,0,,0,,0,,0,Current stock availability is limiting observed demand.
19-Sep-2026,2026-09-19,RIM-SMLIQ-820,,0,,0,,0,,0,,0,Current stock availability is limiting observed demand.
19-Sep-2026,2026-09-19,RIM-SMLIQ-830,,0,,0,,0,,0,,0,"Demand is intermittent, so the forecast remains conservative."
19-Sep-2026,2026-09-19,RIM-SMLIQ-870,,0,,0,,0,,0,,0,"Demand is intermittent, so the forecast remains conservative."
19-Sep-2026,2026-09-19,RIM-SMLQFDT-502,,0,,0,,0,,0,,0,Current stock availability is limiting observed demand.
19-Sep-2026,2026-09-19,RIM-SMPP-001,,1,,5,,0,,0,,6,"Recent demand is volatile, so the forecast is kept conservative."
19-Sep-2026,2026-09-19,RIM-SMPP-001-2PK,,0,,0,,0,,0,,0,"Recent demand is volatile, so the forecast is kept conservative."
19-Sep-2026,2026-09-19,RIM-SMPP-001-3PK,,0,,0,,0,,0,,0,"Recent demand is volatile, so the forecast is kept conservative."
19-Sep-2026,2026-09-19,RIM-SMPP-001-5PK,,0,,0,,0,,0,,0,"Recent demand is volatile, so the forecast is kept conservative."
19-Sep-2026,2026-09-19,RIM-SMPP-002,,0,,1,,0,,0,,1,"Recent demand is volatile, so the forecast is kept conservative."
19-Sep-2026,2026-09-19,RIM-SMPP-002-2PK,,0,,0,,0,,0,,0,"Recent demand is volatile, so the forecast is kept conservative."
19-Sep-2026,2026-09-19,RIM-SMPP-002-3PK,,0,,0,,0,,0,,0,"Recent demand is volatile, so the forecast is kept conservative."
19-Sep-2026,2026-09-19,RIM-SMPP-002-5PK,,0,,0,,0,,0,,0,"Demand is intermittent, so the forecast remains conservative."
19-Sep-2026,2026-09-19,RIM-SMPP-003,,0,,4,,0,,0,,4,"Recent demand is volatile, so the forecast is kept conservative."
19-Sep-2026,2026-09-19,RIM-SMPP-003-2PK,,0,,0,,0,,0,,0,"Recent demand is volatile, so the forecast is kept conservative."
19-Sep-2026,2026-09-19,RIM-SMPP-003-3PK,,0,,0,,0,,0,,0,"Recent demand is volatile, so the forecast is kept conservative."
19-Sep-2026,2026-09-19,RIM-SMPP-003-5PK,,0,,0,,0,,0,,0,"Recent demand is volatile, so the forecast is kept conservative."
19-Sep-2026,2026-09-19,RIM-SMPP-004,,0,,2,,0,,0,,2,"Recent demand is volatile, so the forecast is kept conservative."
19-Sep-2026,2026-09-19,RIM-SMPP-004-2PK,,0,,0,,0,,0,,0,"Recent demand is volatile, so the forecast is kept conservative."
19-Sep-2026,2026-09-19,RIM-SMPP-004-3PK,,0,,0,,0,,0,,0,"Recent demand is volatile, so the forecast is kept conservative."
19-Sep-2026,2026-09-19,RIM-SMPP-004-5PK,,0,,0,,0,,0,,0,"Demand is intermittent, so the forecast remains conservative."
19-Sep-2026,2026-09-19,RIM-SMPP-005,,7,,5,,0,,0,,12,"Recent sales are increasing, so the forecast is higher."
19-Sep-2026,2026-09-19,RIM-SMPP-005-2PK,,0,,0,,0,,0,,0,"Recent demand is volatile, so the forecast is kept conservative."
19-Sep-2026,2026-09-19,RIM-SMPP-005-3PK,,0,,0,,0,,0,,0,"Recent demand is volatile, so the forecast is kept conservative."
19-Sep-2026,2026-09-19,RIM-SMPP-005-5PK,,0,,0,,0,,0,,0,"Recent demand is volatile, so the forecast is kept conservative."
19-Sep-2026,2026-09-19,RIM-SMPP-006,,0,,2,,0,,0,,2,"Recent demand is volatile, so the forecast is kept conservative."
19-Sep-2026,2026-09-19,RIM-SMPP-006-2PK,,0,,0,,0,,0,,0,"Demand is intermittent, so the forecast remains conservative."
19-Sep-2026,2026-09-19,RIM-SMPP-006-3PK,,0,,0,,0,,0,,0,"Recent demand is volatile, so the forecast is kept conservative."
19-Sep-2026,2026-09-19,RIM-SMPP-006-5PK,,0,,0,,0,,0,,0,"Recent demand is volatile, so the forecast is kept conservative."
19-Sep-2026,2026-09-19,RIM-SMPP-007,,0,,0,,0,,0,,0,Current stock availability is limiting observed demand.
19-Sep-2026,2026-09-19,RIM-SMPP-008,,0,,0,,0,,0,,0,"Recent demand is volatile, so the forecast is kept conservative."
19-Sep-2026,2026-09-19,RIM-SMPP-009,,0,,0,,0,,0,,0,"Recent demand is volatile, so the forecast is kept conservative."
19-Sep-2026,2026-09-19,RIM-SMPP-010,,0,,0,,0,,0,,0,Current stock availability is limiting observed demand.
19-Sep-2026,2026-09-19,RIM-STAY-MATTE-LIQLIP-COLOR-709,,0,,0,,0,,0,,0,Current stock availability is limiting observed demand.
19-Sep-2026,2026-09-19,RIM-STAY-SATIN-LIP-200,,0,,0,,0,,0,,0,Current stock availability is limiting observed demand.
19-Sep-2026,2026-09-19,RIM-STAY-SATIN-LIP-210,,0,,0,,0,,0,,0,"Recent demand is volatile, so the forecast is kept conservative."
19-Sep-2026,2026-09-19,RIM-STAY-SATIN-LIP-500,,0,,0,,0,,0,,0,"Recent demand is volatile, so the forecast is kept conservative."
19-Sep-2026,2026-09-19,RIM-SUPERGEL-GLITTER,,0,,0,,0,,0,,0,"Recent demand is volatile, so the forecast is kept conservative."
19-Sep-2026,2026-09-19,RIM-SUPERGEL-TOPCOAT,,2,,0,,0,,0,,2,"Recent demand is declining, so the forecast is lower."
19-Sep-2026,2026-09-19,RIM-SUPERGEL-TOPCOAT-2PK,,0,,0,,0,,0,,0,"Recent demand is volatile, so the forecast is kept conservative."
19-Sep-2026,2026-09-19,RIM-ULTIMATE-PRM-001,,0,,0,,0,,0,,0,Current stock availability is limiting observed demand.
19-Sep-2026,2026-09-19,RIM-ULTIMATE-PRM-001-2PK,,0,,0,,0,,0,,0,Current stock availability is limiting observed demand.
19-Sep-2026,2026-09-19,RIM-ULTIMATE-PRM-001-3PK,,0,,0,,0,,0,,0,"Demand is intermittent, so the forecast remains conservative."
19-Sep-2026,2026-09-19,RIM-ULTIMATE-PRM-001-5PK,,0,,0,,0,,0,,0,"Demand is intermittent, so the forecast remains conservative."
19-Sep-2026,2026-09-19,RIM-WNDCLOUD-LIQ-ES-001,,0,,0,,0,,0,,0,"Demand is intermittent, so the forecast remains conservative."
19-Sep-2026,2026-09-19,RIM-WNDCLOUD-LIQ-ES-002,,0,,0,,0,,0,,0,Current stock availability is limiting observed demand.
19-Sep-2026,2026-09-19,RIM-WNDCLOUD-LIQ-ES-004,,0,,0,,0,,0,,0,"Demand is intermittent, so the forecast remains conservative."
19-Sep-2026,2026-09-19,RIM-WNDCLOUD-LIQ-ES-005,,0,,0,,0,,0,,0,"Demand is intermittent, so the forecast remains conservative."
19-Sep-2026,2026-09-19,RIM-WNDCLOUD-LIQ-ES-006,,0,,0,,0,,0,,0,Current stock availability is limiting observed demand.
19-Sep-2026,2026-09-19,RIM-WNDCLOUD-LIQ-ES-007,,0,,0,,0,,0,,0,"Demand is intermittent, so the forecast remains conservative."
19-Sep-2026,2026-09-19,RIM-WONDER-SERUM,,0,,0,,0,,0,,0,"Recent demand is volatile, so the forecast is kept conservative."
19-Sep-2026,2026-09-19,RIM-WONDERF-BROW-001,,0,,0,,0,,0,,0,Current stock availability is limiting observed demand.
19-Sep-2026,2026-09-19,RIM-WONDERF-BROW-002,,1,,0,,0,,0,,1,"Recent demand is volatile, so the forecast is kept conservative."
19-Sep-2026,2026-09-19,RIM-WONDERF-BROW-003,,7,,0,,0,,0,,7,"Recent demand is volatile, so the forecast is kept conservative."
19-Sep-2026,2026-09-19,RIM-WONDERF-GEL-004,,0,,0,,0,,0,,0,Current stock availability is limiting observed demand.
19-Sep-2026,2026-09-19,RIM-WONDERINK-EL-001,,0,,0,,0,,0,,0,"Demand is intermittent, so the forecast remains conservative."
19-Sep-2026,2026-09-19,RIM-WONDERINK-LIQ-EL-002,,0,,0,,0,,0,,0,"Recent demand is volatile, so the forecast is kept conservative."
19-Sep-2026,2026-09-19,RIM-WONDERINK-LIQ-EL-003,,0,,0,,0,,0,,0,"Demand is intermittent, so the forecast remains conservative."
19-Sep-2026,2026-09-19,RIM-WONDERINK-LIQ-EL-005,,0,,0,,0,,0,,0,"Demand is intermittent, so the forecast remains conservative."
19-Sep-2026,2026-09-19,RIM-WONDERLAST-001,,0,,0,,0,,0,,0,"Demand is intermittent, so the forecast remains conservative."
19-Sep-2026,2026-09-19,RIM-WONDERLAST-002,,0,,0,,0,,0,,0,"Demand is intermittent, so the forecast remains conservative."
19-Sep-2026,2026-09-19,RIM-WONDERLAST-003,,0,,0,,0,,0,,0,"Demand is intermittent, so the forecast remains conservative."
19-Sep-2026,2026-09-19,RIM-WONDERLAST-004,,0,,0,,0,,0,,0,"Demand is intermittent, so the forecast remains conservative."
19-Sep-2026,2026-09-19,RIM-WONDERPROOF-EL-006,,0,,0,,0,,0,,0,"Demand is intermittent, so the forecast remains conservative."
19-Sep-2026,2026-09-19,RIM-WS2IN1-002,,0,,0,,0,,0,,0,"Demand is intermittent, so the forecast remains conservative."
19-Sep-2026,2026-09-19,RIM-WS2IN1-003,,0,,0,,0,,0,,0,"Demand is intermittent, so the forecast remains conservative."
20-Sep-2026,2026-09-20,RIM-100WP-BLK,,0,,3,,0,,0,,3,"Recent demand is volatile, so the forecast is kept conservative."
20-Sep-2026,2026-09-20,RIM-1KLL-071,,0,,0,,0,,0,,0,Current stock availability is limiting observed demand.
20-Sep-2026,2026-09-20,RIM-1KLL-080,,0,,0,,0,,0,,0,Current stock availability is limiting observed demand.
20-Sep-2026,2026-09-20,RIM-1KLL-081,,0,,0,,0,,0,,0,"Demand is intermittent, so the forecast remains conservative."
20-Sep-2026,2026-09-20,RIM-BBCREAM-LIGHT,,0,,1,,0,,0,,1,"Recent demand is volatile, so the forecast is kept conservative."
20-Sep-2026,2026-09-20,RIM-BBCREAM-MEDIUM,,0,,0,,0,,0,,0,Current stock availability is limiting observed demand.
20-Sep-2026,2026-09-20,RIM-BBCREAM-VERYLIGHT,,0,,0,,0,,0,,0,Current stock availability is limiting observed demand.
20-Sep-2026,2026-09-20,RIM-BTW-BSK-DRKBRW,,2,,1,,0,,0,,3,"Recent demand is volatile, so the forecast is kept conservative."
20-Sep-2026,2026-09-20,RIM-BTW-BSK-DRKBRW-2PK,,0,,0,,0,,0,,0,"Recent demand is volatile, so the forecast is kept conservative."
20-Sep-2026,2026-09-20,RIM-BTW-BSK-DRKBRW-3PK,,0,,0,,0,,0,,0,"Demand is intermittent, so the forecast remains conservative."
20-Sep-2026,2026-09-20,RIM-BTW-BSK-MEDBRW,,0,,2,,0,,0,,2,"Demand is intermittent, so the forecast remains conservative."
20-Sep-2026,2026-09-20,RIM-BTW-BSK-MEDBRW-2PK,,0,,0,,0,,0,,0,"Demand is intermittent, so the forecast remains conservative."
20-Sep-2026,2026-09-20,RIM-BTW-BSK-MEDBRW-3PK,,0,,0,,0,,0,,0,"Recent demand is volatile, so the forecast is kept conservative."
20-Sep-2026,2026-09-20,RIM-BTW-F&S-001,,0,,0,,0,,0,,0,"Recent demand is volatile, so the forecast is kept conservative."
20-Sep-2026,2026-09-20,RIM-BTW-F&S-002,,0,,0,,0,,0,,0,"Recent demand is volatile, so the forecast is kept conservative."
20-Sep-2026,2026-09-20,RIM-BTW-F&S-003,,5,,0,,0,,0,,5,"Recent demand is volatile, so the forecast is kept conservative."
20-Sep-2026,2026-09-20,RIM-BTW-F&S-004,,0,,0,,0,,0,,0,"Demand is intermittent, so the forecast remains conservative."
20-Sep-2026,2026-09-20,RIM-BTWEYEBROW-003,,0,,0,,0,,0,,0,Current stock availability is limiting observed demand.
20-Sep-2026,2026-09-20,RIM-BTWEYEBROW-005,,0,,0,,0,,0,,0,"Demand is intermittent, so the forecast remains conservative."
20-Sep-2026,2026-09-20,RIM-BTWEYEBROW-005-2PK,,0,,0,,0,,0,,0,"Demand is intermittent, so the forecast remains conservative."
20-Sep-2026,2026-09-20,RIM-BTWEYEBROW-005-3PK,,0,,0,,0,,0,,0,"Demand is intermittent, so the forecast remains conservative."
20-Sep-2026,2026-09-20,RIM-BTWEYEBROW-005-5PK,,0,,0,,0,,0,,0,"Demand is intermittent, so the forecast remains conservative."
20-Sep-2026,2026-09-20,RIM-BTWEYEBROW-006,,0,,0,,0,,0,,0,Current stock availability is limiting observed demand.
20-Sep-2026,2026-09-20,RIM-BTWEYEBROW-006-2PK,,0,,0,,0,,0,,0,"Demand is intermittent, so the forecast remains conservative."
20-Sep-2026,2026-09-20,RIM-BTWEYEBROW-006-5PK,,0,,0,,0,,0,,0,"Demand is intermittent, so the forecast remains conservative."
20-Sep-2026,2026-09-20,RIM-BTWFIBRE-001,,0,,0,,0,,0,,0,Current stock availability is limiting observed demand.
20-Sep-2026,2026-09-20,RIM-BTWFIBRE-003,,0,,0,,0,,0,,0,Current stock availability is limiting observed demand.
20-Sep-2026,2026-09-20,RIM-BUNDLE-LIP-SET-PINK-NUDES,,0,,0,,0,,0,,0,"Demand is intermittent, so the forecast remains conservative."
20-Sep-2026,2026-09-20,RIM-BUNDLE-MSC-BLK-WP-TRIO,,0,,0,,0,,0,,0,Current stock availability is limiting observed demand.
20-Sep-2026,2026-09-20,RIM-EBP-BLKBRW,,0,,0,,0,,0,,0,Current stock availability is limiting observed demand.
20-Sep-2026,2026-09-20,RIM-EBP-BLKBRW-2PK,,0,,0,,0,,0,,0,"Demand is intermittent, so the forecast remains conservative."
20-Sep-2026,2026-09-20,RIM-EBP-BLKBRW-5PK,,0,,0,,0,,0,,0,"Recent demand is volatile, so the forecast is kept conservative."
20-Sep-2026,2026-09-20,RIM-EBP-DRKBRW,,11,,2,,0,,0,,13,Stable historical demand with consistent recent sales.
20-Sep-2026,2026-09-20,RIM-EBP-DRKBRW-5PK,,0,,0,,0,,0,,0,"Demand is intermittent, so the forecast remains conservative."
20-Sep-2026,2026-09-20,RIM-EBP-HAZEL,,0,,0,,0,,0,,0,Current stock availability is limiting observed demand.
20-Sep-2026,2026-09-20,RIM-EBP-HAZEL-5PK,,0,,0,,0,,0,,0,"Demand is intermittent, so the forecast remains conservative."
20-Sep-2026,2026-09-20,RIM-ELP-021,,0,,0,,0,,0,,0,"Recent demand is volatile, so the forecast is kept conservative."
20-Sep-2026,2026-09-20,RIM-ELP-061,,0,,1,,0,,0,,1,"Recent demand is volatile, so the forecast is kept conservative."
20-Sep-2026,2026-09-20,RIM-ELP-061-2PK,,0,,0,,0,,0,,0,"Demand is intermittent, so the forecast remains conservative."
20-Sep-2026,2026-09-20,RIM-ELP-061-6PK,,0,,0,,0,,0,,0,"Recent demand is volatile, so the forecast is kept conservative."
20-Sep-2026,2026-09-20,RIM-ELP-064,,1,,0,,0,,0,,1,"Recent demand is volatile, so the forecast is kept conservative."
20-Sep-2026,2026-09-20,RIM-ELP-064-2PK,,0,,0,,0,,0,,0,"Recent demand is volatile, so the forecast is kept conservative."
20-Sep-2026,2026-09-20,RIM-ELP-064-3PK,,0,,0,,0,,0,,0,"Demand is intermittent, so the forecast remains conservative."
20-Sep-2026,2026-09-20,RIM-ELP-064-5PK,,0,,0,,0,,0,,0,"Demand is intermittent, so the forecast remains conservative."
20-Sep-2026,2026-09-20,RIM-ELP-071,,0,,0,,0,,0,,0,"Recent demand is volatile, so the forecast is kept conservative."
20-Sep-2026,2026-09-20,RIM-ELP-071-2PK,,0,,0,,0,,0,,0,"Demand is intermittent, so the forecast remains conservative."
20-Sep-2026,2026-09-20,RIM-ELP-071-3PK,,0,,0,,0,,0,,0,"Demand is intermittent, so the forecast remains conservative."
20-Sep-2026,2026-09-20,RIM-ELP-071-5PK,,0,,0,,0,,0,,0,"Demand is intermittent, so the forecast remains conservative."
20-Sep-2026,2026-09-20,RIM-EXAG-EYEL-001,,0,,1,,0,,0,,1,"Recent demand is volatile, so the forecast is kept conservative."
20-Sep-2026,2026-09-20,RIM-EXAG-EYEL-001-2PK,,0,,0,,0,,0,,0,"Recent demand is volatile, so the forecast is kept conservative."
20-Sep-2026,2026-09-20,RIM-EXAG-EYEL-001-3PK,,0,,0,,0,,0,,0,"Recent demand is volatile, so the forecast is kept conservative."
20-Sep-2026,2026-09-20,RIM-EXAG-EYEL-001-5PK,,0,,0,,0,,0,,0,"Demand is intermittent, so the forecast remains conservative."
20-Sep-2026,2026-09-20,RIM-EXAG-EYEL-003-WP,,0,,0,,0,,0,,0,"Demand is intermittent, so the forecast remains conservative."
20-Sep-2026,2026-09-20,RIM-EXGEL-230,,0,,0,,0,,0,,0,"Demand is intermittent, so the forecast remains conservative."
20-Sep-2026,2026-09-20,RIM-EXGEL-240,,0,,0,,0,,0,,0,Current stock availability is limiting observed demand.
20-Sep-2026,2026-09-20,RIM-FDT-MATCH-101,,0,,0,,0,,0,,0,Current stock availability is limiting observed demand.
20-Sep-2026,2026-09-20,RIM-FDT-MATCH-103,,0,,0,,0,,0,,0,Current stock availability is limiting observed demand.
20-Sep-2026,2026-09-20,RIM-FDT-MATCH-200,,0,,0,,0,,0,,0,"Recent demand is volatile, so the forecast is kept conservative."
20-Sep-2026,2026-09-20,RIM-FDT-MATCH-203,,0,,0,,0,,0,,0,"Recent demand is volatile, so the forecast is kept conservative."
20-Sep-2026,2026-09-20,RIM-FDT-MATCH-300,,0,,0,,0,,0,,0,Current stock availability is limiting observed demand.
20-Sep-2026,2026-09-20,RIM-FDT-MATCH-400,,0,,0,,0,,0,,0,Current stock availability is limiting observed demand.
20-Sep-2026,2026-09-20,RIM-FDT-MATCH-501,,0,,0,,0,,0,,0,"Demand is intermittent, so the forecast remains conservative."
20-Sep-2026,2026-09-20,RIM-FIX&PROT-PRIMER,,0,,0,,0,,0,,0,Current stock availability is limiting observed demand.
20-Sep-2026,2026-09-20,RIM-GENTLE-EYE-MAKEUP-RMVR-125ML,,0,,0,,0,,0,,0,Current stock availability is limiting observed demand.
20-Sep-2026,2026-09-20,RIM-GLAMEYES-LL-001,,0,,0,,0,,0,,0,"Recent demand is volatile, so the forecast is kept conservative."
20-Sep-2026,2026-09-20,RIM-GLAMEYES-LL-001-2PK,,0,,0,,0,,0,,0,"Recent demand is volatile, so the forecast is kept conservative."
20-Sep-2026,2026-09-20,RIM-GLAMEYES-LL-002,,0,,0,,0,,0,,0,Current stock availability is limiting observed demand.
20-Sep-2026,2026-09-20,RIM-HIGHLIGHT-001,,0,,0,,0,,0,,0,"Recent demand is volatile, so the forecast is kept conservative."
20-Sep-2026,2026-09-20,RIM-HIGHLIGHT-002,,0,,0,,0,,0,,0,"Recent demand is volatile, so the forecast is kept conservative."
20-Sep-2026,2026-09-20,RIM-HTB-001,,0,,0,,0,,0,,0,Current stock availability is limiting observed demand.
20-Sep-2026,2026-09-20,RIM-HTB-001-2PK,,0,,0,,0,,0,,0,"Demand is intermittent, so the forecast remains conservative."
20-Sep-2026,2026-09-20,RIM-HTB-001-3PK,,0,,0,,0,,0,,0,"Demand is intermittent, so the forecast remains conservative."
20-Sep-2026,2026-09-20,RIM-HTB-001-5PK,,0,,0,,0,,0,,0,"Demand is intermittent, so the forecast remains conservative."
20-Sep-2026,2026-09-20,RIM-HTB-002,,0,,0,,0,,0,,0,Current stock availability is limiting observed demand.
20-Sep-2026,2026-09-20,RIM-HTB-004,,0,,3,,0,,0,,3,"Recent demand is volatile, so the forecast is kept conservative."
20-Sep-2026,2026-09-20,RIM-HTB-004-2PK,,0,,0,,0,,0,,0,"Recent demand is volatile, so the forecast is kept conservative."
20-Sep-2026,2026-09-20,RIM-HTB-004-3PK,,0,,0,,0,,0,,0,"Recent demand is volatile, so the forecast is kept conservative."
20-Sep-2026,2026-09-20,RIM-HTB-004-5PK,,0,,0,,0,,0,,0,"Recent demand is volatile, so the forecast is kept conservative."
20-Sep-2026,2026-09-20,RIM-HTB-103,,0,,0,,0,,0,,0,Current stock availability is limiting observed demand.
20-Sep-2026,2026-09-20,RIM-HTB-103-2PK,,0,,0,,0,,0,,0,Current stock availability is limiting observed demand.
20-Sep-2026,2026-09-20,RIM-HTB-103-3PK,,0,,0,,0,,0,,0,"Demand is intermittent, so the forecast remains conservative."
20-Sep-2026,2026-09-20,RIM-HTB-103-5PK,,0,,0,,0,,0,,0,"Demand is intermittent, so the forecast remains conservative."
20-Sep-2026,2026-09-20,RIM-HTB-105,,0,,1,,0,,0,,1,"Recent demand is volatile, so the forecast is kept conservative."
20-Sep-2026,2026-09-20,RIM-INSTACC-GREEN,,0,,0,,0,,0,,0,Current stock availability is limiting observed demand.
20-Sep-2026,2026-09-20,RIM-INSTACC-LAVENDER,,0,,0,,0,,0,,0,Current stock availability is limiting observed demand.
20-Sep-2026,2026-09-20,RIM-INSTAFIX-SPRAY,,0,,0,,0,,0,,0,Current stock availability is limiting observed demand.
20-Sep-2026,2026-09-20,RIM-JELLY-010,,0,,0,,0,,0,,0,"Demand is intermittent, so the forecast remains conservative."
20-Sep-2026,2026-09-20,RIM-JELLY-020,,0,,0,,0,,0,,0,"Demand is intermittent, so the forecast remains conservative."
20-Sep-2026,2026-09-20,RIM-JELLY-040,,0,,0,,0,,0,,0,"Demand is intermittent, so the forecast remains conservative."
20-Sep-2026,2026-09-20,RIM-KATE-NUDE-LS-040,,0,,0,,0,,0,,0,Current stock availability is limiting observed demand.
20-Sep-2026,2026-09-20,RIM-KATE-NUDE-LS-042,,0,,0,,0,,0,,0,Current stock availability is limiting observed demand.
20-Sep-2026,2026-09-20,RIM-KATE-NUDE-LS-045,,0,,0,,0,,0,,0,Current stock availability is limiting observed demand.
20-Sep-2026,2026-09-20,RIM-KATE-NUDE-LS-045-5PK,,0,,0,,0,,0,,0,Current stock availability is limiting observed demand.
20-Sep-2026,2026-09-20,RIM-KATE-NUDE-LS-048,,0,,0,,0,,0,,0,Current stock availability is limiting observed demand.
20-Sep-2026,2026-09-20,RIM-KATE-SCULPTPAL-002,,0,,0,,0,,0,,0,Current stock availability is limiting observed demand.
20-Sep-2026,2026-09-20,RIM-KATE-SCULPTPAL-002-2PK,,0,,0,,0,,0,,0,"Demand is intermittent, so the forecast remains conservative."
20-Sep-2026,2026-09-20,RIM-KATE-SCULPTPAL-002-3PK,,0,,0,,0,,0,,0,"Demand is intermittent, so the forecast remains conservative."
20-Sep-2026,2026-09-20,RIM-KATE-SCULPTPAL-002-5PK,,0,,0,,0,,0,,0,"Demand is intermittent, so the forecast remains conservative."
20-Sep-2026,2026-09-20,RIM-KF-BROW-DEFINER-001,,0,,0,,0,,0,,0,"Demand is intermittent, so the forecast remains conservative."
20-Sep-2026,2026-09-20,RIM-KF-BROW-DEFINER-002,,0,,0,,0,,0,,0,"Demand is intermittent, so the forecast remains conservative."
20-Sep-2026,2026-09-20,RIM-KF-BROW-DEFINER-004,,0,,0,,0,,0,,0,"Demand is intermittent, so the forecast remains conservative."
20-Sep-2026,2026-09-20,RIM-KF-BROW-DEFINER-005,,0,,0,,0,,0,,0,"Demand is intermittent, so the forecast remains conservative."
20-Sep-2026,2026-09-20,RIM-KF-BROW-DEFINER-006,,0,,0,,0,,0,,0,"Recent demand is volatile, so the forecast is kept conservative."
20-Sep-2026,2026-09-20,RIM-KF-CCLR-010,,0,,0,,0,,0,,0,Current stock availability is limiting observed demand.
20-Sep-2026,2026-09-20,RIM-KF-CCLR-020,,0,,0,,0,,0,,0,Current stock availability is limiting observed demand.
20-Sep-2026,2026-09-20,RIM-KF-CCLR-030,,0,,0,,0,,0,,0,"Demand is intermittent, so the forecast remains conservative."
20-Sep-2026,2026-09-20,RIM-KF-CCLR-040,,0,,0,,0,,0,,0,"Demand is intermittent, so the forecast remains conservative."
20-Sep-2026,2026-09-20,RIM-KF-EYE-DEFINER-02,,0,,0,,0,,0,,0,"Demand is intermittent, so the forecast remains conservative."
20-Sep-2026,2026-09-20,RIM-KF-EYE-DEFINER-03,,0,,0,,0,,0,,0,"Demand is intermittent, so the forecast remains conservative."
20-Sep-2026,2026-09-20,RIM-KF-EYE-DEFINER-04,,0,,0,,0,,0,,0,"Demand is intermittent, so the forecast remains conservative."
20-Sep-2026,2026-09-20,RIM-KF-EYE-DEFINER-05,,0,,0,,0,,0,,0,"Demand is intermittent, so the forecast remains conservative."
20-Sep-2026,2026-09-20,RIM-KF-EYE-DEFINER-06,,0,,0,,0,,0,,0,"Demand is intermittent, so the forecast remains conservative."
20-Sep-2026,2026-09-20,RIM-KF-FDT-001,,0,,0,,0,,0,,0,Current stock availability is limiting observed demand.
20-Sep-2026,2026-09-20,RIM-KF-FDT-103,,0,,0,,0,,0,,0,"Demand is intermittent, so the forecast remains conservative."
20-Sep-2026,2026-09-20,RIM-KF-FDT-150,,0,,0,,0,,0,,0,"Demand is intermittent, so the forecast remains conservative."
20-Sep-2026,2026-09-20,RIM-KF-FDT-210,,0,,0,,0,,0,,0,"Demand is intermittent, so the forecast remains conservative."
20-Sep-2026,2026-09-20,RIM-KF-FDT-410,,0,,0,,0,,0,,0,"Demand is intermittent, so the forecast remains conservative."
20-Sep-2026,2026-09-20,RIM-KF-MSC-BLACK,,0,,0,,0,,0,,0,"Demand is intermittent, so the forecast remains conservative."
20-Sep-2026,2026-09-20,RIM-KF-MSC-BROWN,,0,,0,,0,,0,,0,Current stock availability is limiting observed demand.
20-Sep-2026,2026-09-20,RIM-KF-MULTISTICK-002,,0,,0,,0,,0,,0,"Demand is intermittent, so the forecast remains conservative."
20-Sep-2026,2026-09-20,RIM-KF-MULTISTICK-003,,0,,0,,0,,0,,0,"Demand is intermittent, so the forecast remains conservative."
20-Sep-2026,2026-09-20,RIM-KF-MULTISTICK-004,,0,,0,,0,,0,,0,Current stock availability is limiting observed demand.
20-Sep-2026,2026-09-20,RIM-KF-MULTISTICK-005,,0,,0,,0,,0,,0,"Demand is intermittent, so the forecast remains conservative."
20-Sep-2026,2026-09-20,RIM-KF-NAIL-150,,0,,0,,0,,0,,0,"Demand is intermittent, so the forecast remains conservative."
20-Sep-2026,2026-09-20,RIM-KF-NAIL-151,,0,,0,,0,,0,,0,"Demand is intermittent, so the forecast remains conservative."
20-Sep-2026,2026-09-20,RIM-KF-NAIL-152,,0,,0,,0,,0,,0,"Demand is intermittent, so the forecast remains conservative."
20-Sep-2026,2026-09-20,RIM-KF-NAIL-153,,0,,0,,0,,0,,0,"Demand is intermittent, so the forecast remains conservative."
20-Sep-2026,2026-09-20,RIM-KF-NAIL-154,,0,,0,,0,,0,,0,"Demand is intermittent, so the forecast remains conservative."
20-Sep-2026,2026-09-20,RIM-KF-NAIL-155,,0,,0,,0,,0,,0,"Demand is intermittent, so the forecast remains conservative."
20-Sep-2026,2026-09-20,RIM-KF-NAIL-156,,0,,0,,0,,0,,0,Current stock availability is limiting observed demand.
20-Sep-2026,2026-09-20,RIM-KF-NAIL-157,,0,,0,,0,,0,,0,"Demand is intermittent, so the forecast remains conservative."
20-Sep-2026,2026-09-20,RIM-KF-NAIL-158,,0,,0,,0,,0,,0,"Demand is intermittent, so the forecast remains conservative."
20-Sep-2026,2026-09-20,RIM-KF-NAIL-160,,0,,0,,0,,0,,0,Current stock availability is limiting observed demand.
20-Sep-2026,2026-09-20,RIM-KF-NAIL-162,,0,,0,,0,,0,,0,"Demand is intermittent, so the forecast remains conservative."
20-Sep-2026,2026-09-20,RIM-KF-NAIL-163,,0,,0,,0,,0,,0,"Demand is intermittent, so the forecast remains conservative."
20-Sep-2026,2026-09-20,RIM-KF-NAIL-164,,0,,0,,0,,0,,0,"Demand is intermittent, so the forecast remains conservative."
20-Sep-2026,2026-09-20,RIM-KF-NAIL-167,,0,,0,,0,,0,,0,Current stock availability is limiting observed demand.
20-Sep-2026,2026-09-20,RIM-KF-NAIL-168,,0,,0,,0,,0,,0,Current stock availability is limiting observed demand.
20-Sep-2026,2026-09-20,RIM-KF-NAIL-169,,0,,0,,0,,0,,0,"Demand is intermittent, so the forecast remains conservative."
20-Sep-2026,2026-09-20,RIM-KF-NAIL-170,,0,,0,,0,,0,,0,Current stock availability is limiting observed demand.
20-Sep-2026,2026-09-20,RIM-KF-PWDR-001,,0,,0,,0,,0,,0,"Recent demand is volatile, so the forecast is kept conservative."
20-Sep-2026,2026-09-20,RIM-KF-PWDR-001-2PK,,0,,0,,0,,0,,0,"Demand is intermittent, so the forecast remains conservative."
20-Sep-2026,2026-09-20,RIM-KF-PWDR-001-5PK,,0,,0,,0,,0,,0,"Demand is intermittent, so the forecast remains conservative."
20-Sep-2026,2026-09-20,RIM-KF-PWDR-010,,0,,0,,0,,0,,0,"Recent demand is volatile, so the forecast is kept conservative."
20-Sep-2026,2026-09-20,RIM-KF-PWDR-020,,0,,0,,0,,0,,0,"Recent demand is volatile, so the forecast is kept conservative."
20-Sep-2026,2026-09-20,RIM-KF-PWDR-030,,0,,0,,0,,0,,0,"Recent demand is volatile, so the forecast is kept conservative."
20-Sep-2026,2026-09-20,RIM-KF-PWDR-030-2PK,,0,,0,,0,,0,,0,"Recent demand is volatile, so the forecast is kept conservative."
20-Sep-2026,2026-09-20,RIM-KF-PWDR-030-5PK,,0,,0,,0,,0,,0,"Recent demand is volatile, so the forecast is kept conservative."
20-Sep-2026,2026-09-20,RIM-KF-PWDR-040,,0,,0,,0,,0,,0,Current stock availability is limiting observed demand.
20-Sep-2026,2026-09-20,RIM-KF-PWDR-050,,0,,0,,0,,0,,0,"Recent demand is volatile, so the forecast is kept conservative."
20-Sep-2026,2026-09-20,RIM-KOHL-KJEL-001,,0,,0,,0,,0,,0,Current stock availability is limiting observed demand.
20-Sep-2026,2026-09-20,RIM-KOHL-KJEL-002,,0,,0,,0,,0,,0,Current stock availability is limiting observed demand.
20-Sep-2026,2026-09-20,RIM-KOHL-KJEL-004,,0,,0,,0,,0,,0,"Demand is intermittent, so the forecast remains conservative."
20-Sep-2026,2026-09-20,RIM-LAST-AUTOLIP-018,,0,,0,,0,,0,,0,Current stock availability is limiting observed demand.
20-Sep-2026,2026-09-20,RIM-LAST-AUTOLIP-018-2PK,,0,,0,,0,,0,,0,"Demand is intermittent, so the forecast remains conservative."
20-Sep-2026,2026-09-20,RIM-LAST-AUTOLIP-018-3PK,,0,,0,,0,,0,,0,"Demand is intermittent, so the forecast remains conservative."
20-Sep-2026,2026-09-20,RIM-LAST-AUTOLIP-018-5PK,,0,,0,,0,,0,,0,"Demand is intermittent, so the forecast remains conservative."
20-Sep-2026,2026-09-20,RIM-LAST-AUTOLIP-024,,0,,0,,0,,0,,0,"Demand is intermittent, so the forecast remains conservative."
20-Sep-2026,2026-09-20,RIM-LAST-AUTOLIP-045,,0,,0,,0,,0,,0,Current stock availability is limiting observed demand.
20-Sep-2026,2026-09-20,RIM-LAST-AUTOLIP-063,,0,,0,,0,,0,,0,Current stock availability is limiting observed demand.
20-Sep-2026,2026-09-20,RIM-LAST-AUTOLIP-063-3PK,,0,,0,,0,,0,,0,"Demand is intermittent, so the forecast remains conservative."
20-Sep-2026,2026-09-20,RIM-LAST-AUTOLIP-070,,0,,0,,0,,0,,0,"Demand is intermittent, so the forecast remains conservative."
20-Sep-2026,2026-09-20,RIM-LAST-AUTOLIP-105,,0,,0,,0,,0,,0,"Demand is intermittent, so the forecast remains conservative."
20-Sep-2026,2026-09-20,RIM-LAST-MEGA-MATTE-LIQ-LPK-110,,0,,0,,0,,0,,0,"Demand is intermittent, so the forecast remains conservative."
20-Sep-2026,2026-09-20,RIM-LAST-MEGA-MATTE-LIQ-LPK-210,,0,,0,,0,,0,,0,"Demand is intermittent, so the forecast remains conservative."
20-Sep-2026,2026-09-20,RIM-LAST-MEGA-MATTE-LIQ-LPK-600,,0,,0,,0,,0,,0,Current stock availability is limiting observed demand.
20-Sep-2026,2026-09-20,RIM-LAST-MEGA-MATTE-LIQ-LPK-700,,0,,0,,0,,0,,0,"Recent demand is volatile, so the forecast is kept conservative."
20-Sep-2026,2026-09-20,RIM-LAST-MEGA-MATTE-LIQ-LPK-709,,0,,0,,0,,0,,0,"Demand is intermittent, so the forecast remains conservative."
20-Sep-2026,2026-09-20,RIM-LAST-MEGA-MATTE-LIQ-LPK-910,,0,,0,,0,,0,,0,"Demand is intermittent, so the forecast remains conservative."
20-Sep-2026,2026-09-20,RIM-LAST-MEGA-MATTE-LIQ-LPK-930,,0,,0,,0,,0,,0,"Demand is intermittent, so the forecast remains conservative."
20-Sep-2026,2026-09-20,RIM-LASTCCLR-001,,0,,0,,0,,0,,0,Current stock availability is limiting observed demand.
20-Sep-2026,2026-09-20,RIM-LASTCCLR-010,,0,,0,,0,,0,,0,Current stock availability is limiting observed demand.
20-Sep-2026,2026-09-20,RIM-LASTCCLR-020,,0,,0,,0,,0,,0,Current stock availability is limiting observed demand.
20-Sep-2026,2026-09-20,RIM-LASTCOMPACT-004,,0,,0,,0,,0,,0,Current stock availability is limiting observed demand.
20-Sep-2026,2026-09-20,RIM-LASTCOMPACT-005,,0,,0,,0,,0,,0,Current stock availability is limiting observed demand.
20-Sep-2026,2026-09-20,RIM-LASTCOMPACT-007,,0,,0,,0,,0,,0,Current stock availability is limiting observed demand.
20-Sep-2026,2026-09-20,RIM-LASTCOMPACT-008,,0,,0,,0,,0,,0,Current stock availability is limiting observed demand.
20-Sep-2026,2026-09-20,RIM-LASTCOMPACT-009,,0,,0,,0,,0,,0,"Demand is intermittent, so the forecast remains conservative."
20-Sep-2026,2026-09-20,RIM-LASTCOMPACT-011,,0,,0,,0,,0,,0,"Demand is intermittent, so the forecast remains conservative."
20-Sep-2026,2026-09-20,RIM-LASTCOMPACT-012,,0,,0,,0,,0,,0,Current stock availability is limiting observed demand.
20-Sep-2026,2026-09-20,RIM-LASTFIN-EXTMATT-LPK-160,,0,,0,,0,,0,,0,Current stock availability is limiting observed demand.
20-Sep-2026,2026-09-20,RIM-LASTFIN-EXTMATT-LPK-600,,0,,0,,0,,0,,0,Current stock availability is limiting observed demand.
20-Sep-2026,2026-09-20,RIM-LASTFIN-EXTMATT-LPK-710,,0,,0,,0,,0,,0,Current stock availability is limiting observed demand.
20-Sep-2026,2026-09-20,RIM-LASTFIN-EXTMATT-LPK-840,,0,,0,,0,,0,,0,Current stock availability is limiting observed demand.
20-Sep-2026,2026-09-20,RIM-LASTFIN-PRIMER,,0,,0,,0,,0,,0,Current stock availability is limiting observed demand.
20-Sep-2026,2026-09-20,RIM-LASTING-PROV-115,,0,,0,,0,,0,,0,"Demand is intermittent, so the forecast remains conservative."
20-Sep-2026,2026-09-20,RIM-LASTING-PROV-210,,0,,0,,0,,0,,0,"Recent demand is volatile, so the forecast is kept conservative."
20-Sep-2026,2026-09-20,RIM-LASTING-PROV-220,,0,,0,,0,,0,,0,"Demand is intermittent, so the forecast remains conservative."
20-Sep-2026,2026-09-20,RIM-LASTING-PROV-310,,0,,0,,0,,0,,0,"Demand is intermittent, so the forecast remains conservative."
20-Sep-2026,2026-09-20,RIM-LASTING-PROV-400,,0,,0,,0,,0,,0,"Demand is intermittent, so the forecast remains conservative."
20-Sep-2026,2026-09-20,RIM-LASTING-PROV-410,,0,,0,,0,,0,,0,"Demand is intermittent, so the forecast remains conservative."
20-Sep-2026,2026-09-20,RIM-LASTING-PROV-440,,0,,0,,0,,0,,0,"Demand is intermittent, so the forecast remains conservative."
20-Sep-2026,2026-09-20,RIM-LASTING-PROV-500,,0,,0,,0,,0,,0,"Recent demand is volatile, so the forecast is kept conservative."
20-Sep-2026,2026-09-20,RIM-LASTING-PROV-570,,0,,0,,0,,0,,0,"Demand is intermittent, so the forecast remains conservative."
20-Sep-2026,2026-09-20,RIM-LASTING-PROV-600,,0,,0,,0,,0,,0,Current stock availability is limiting observed demand.
20-Sep-2026,2026-09-20,RIM-LASTING-PROV-730,,0,,0,,0,,0,,0,"Demand is intermittent, so the forecast remains conservative."
20-Sep-2026,2026-09-20,RIM-LASTING-PROV-740,,0,,0,,0,,0,,0,"Demand is intermittent, so the forecast remains conservative."
20-Sep-2026,2026-09-20,RIM-LASTLIP-110,,0,,0,,0,,0,,0,"Recent demand is volatile, so the forecast is kept conservative."
20-Sep-2026,2026-09-20,RIM-LASTLIP-120,,0,,0,,0,,0,,0,"Recent demand is volatile, so the forecast is kept conservative."
20-Sep-2026,2026-09-20,RIM-LASTLIP-120-2PK,,0,,0,,0,,0,,0,"Demand is intermittent, so the forecast remains conservative."
20-Sep-2026,2026-09-20,RIM-LASTLIP-120-3PK,,0,,0,,0,,0,,0,"Demand is intermittent, so the forecast remains conservative."
20-Sep-2026,2026-09-20,RIM-LASTLIP-120-5PK,,0,,0,,0,,0,,0,"Recent demand is volatile, so the forecast is kept conservative."
20-Sep-2026,2026-09-20,RIM-LASTLIP-125,,0,,0,,0,,0,,0,"Recent demand is volatile, so the forecast is kept conservative."
20-Sep-2026,2026-09-20,RIM-LASTLIP-195,,0,,0,,0,,0,,0,"Recent demand is volatile, so the forecast is kept conservative."
20-Sep-2026,2026-09-20,RIM-LASTLIP-215,,0,,0,,0,,0,,0,"Recent demand is volatile, so the forecast is kept conservative."
20-Sep-2026,2026-09-20,RIM-LASTLIP-505,,0,,0,,0,,0,,0,"Recent demand is volatile, so the forecast is kept conservative."
20-Sep-2026,2026-09-20,RIM-LASTLIP-580,,0,,0,,0,,0,,0,"Recent demand is volatile, so the forecast is kept conservative."
20-Sep-2026,2026-09-20,RIM-LASTLIP-620,,2,,0,,0,,0,,2,"Recent demand is volatile, so the forecast is kept conservative."
20-Sep-2026,2026-09-20,RIM-LASTLIP-705,,0,,0,,0,,0,,0,"Recent demand is volatile, so the forecast is kept conservative."
20-Sep-2026,2026-09-20,RIM-LASTLIP-705-2PK,,0,,0,,0,,0,,0,"Demand is intermittent, so the forecast remains conservative."
20-Sep-2026,2026-09-20,RIM-LASTLIP-705-3PK,,0,,0,,0,,0,,0,"Recent demand is volatile, so the forecast is kept conservative."
20-Sep-2026,2026-09-20,RIM-LASTLIP-705-5PK,,0,,0,,0,,0,,0,"Demand is intermittent, so the forecast remains conservative."
20-Sep-2026,2026-09-20,RIM-LASTLIP-725,,0,,1,,0,,0,,1,"Recent demand is volatile, so the forecast is kept conservative."
20-Sep-2026,2026-09-20,RIM-LASTLIP-760,,0,,0,,0,,0,,0,"Recent demand is volatile, so the forecast is kept conservative."
20-Sep-2026,2026-09-20,RIM-LASTLIP-790,,0,,0,,0,,0,,0,"Demand is intermittent, so the forecast remains conservative."
20-Sep-2026,2026-09-20,RIM-LASTLIP-850,,0,,0,,0,,0,,0,"Recent demand is volatile, so the forecast is kept conservative."
20-Sep-2026,2026-09-20,RIM-LASTLIP-880,,0,,0,,0,,0,,0,"Recent demand is volatile, so the forecast is kept conservative."
20-Sep-2026,2026-09-20,RIM-LASTMAT-FDT-001,,0,,0,,0,,0,,0,Current stock availability is limiting observed demand.
20-Sep-2026,2026-09-20,RIM-LASTMAT-FDT-010,,0,,0,,0,,0,,0,Current stock availability is limiting observed demand.
20-Sep-2026,2026-09-20,RIM-LASTMAT-FDT-085,,0,,0,,0,,0,,0,Current stock availability is limiting observed demand.
20-Sep-2026,2026-09-20,RIM-LASTMAT-FDT-100,,0,,0,,0,,0,,0,Current stock availability is limiting observed demand.
20-Sep-2026,2026-09-20,RIM-LASTMAT-FDT-103,,0,,0,,0,,0,,0,Current stock availability is limiting observed demand.
20-Sep-2026,2026-09-20,RIM-LASTMAT-FDT-201,,0,,0,,0,,0,,0,Current stock availability is limiting observed demand.
20-Sep-2026,2026-09-20,RIM-LASTMAT-FDT-203,,0,,0,,0,,0,,0,Current stock availability is limiting observed demand.
20-Sep-2026,2026-09-20,RIM-LASTMAT-FDT-300,,0,,0,,0,,0,,0,Current stock availability is limiting observed demand.
20-Sep-2026,2026-09-20,RIM-LASTMAT-FDT-304,,0,,0,,0,,0,,0,Current stock availability is limiting observed demand.
20-Sep-2026,2026-09-20,RIM-LASTMAT-FDT-400,,0,,0,,0,,0,,0,Current stock availability is limiting observed demand.
20-Sep-2026,2026-09-20,RIM-LASTMAT-PRIMER,,0,,0,,0,,0,,0,Current stock availability is limiting observed demand.
20-Sep-2026,2026-09-20,RIM-LF-FDT-RG-001,,0,,0,,0,,0,,0,"Demand is intermittent, so the forecast remains conservative."
20-Sep-2026,2026-09-20,RIM-LF-FDT-RG-070,,0,,0,,0,,0,,0,"Demand is intermittent, so the forecast remains conservative."
20-Sep-2026,2026-09-20,RIM-LF-FDT-RG-103,,0,,0,,0,,0,,0,Current stock availability is limiting observed demand.
20-Sep-2026,2026-09-20,RIM-LF-FDT-RG-160,,0,,0,,0,,0,,0,"Demand is intermittent, so the forecast remains conservative."
20-Sep-2026,2026-09-20,RIM-LF-FDT-RG-170,,0,,0,,0,,0,,0,"Demand is intermittent, so the forecast remains conservative."
20-Sep-2026,2026-09-20,RIM-LF-FDT-RG-200,,0,,0,,0,,0,,0,Current stock availability is limiting observed demand.
20-Sep-2026,2026-09-20,RIM-LF-FDT-RG-203,,0,,0,,0,,0,,0,"Demand is intermittent, so the forecast remains conservative."
20-Sep-2026,2026-09-20,RIM-LF-FDT-RG-210,,0,,0,,0,,0,,0,Current stock availability is limiting observed demand.
20-Sep-2026,2026-09-20,RIM-LF-FDT-RG-303,,0,,0,,0,,0,,0,Current stock availability is limiting observed demand.
20-Sep-2026,2026-09-20,RIM-LF-LS-002,,0,,0,,0,,0,,0,Current stock availability is limiting observed demand.
20-Sep-2026,2026-09-20,RIM-LF-LS-006,,0,,0,,0,,0,,0,"Demand is intermittent, so the forecast remains conservative."
20-Sep-2026,2026-09-20,RIM-LF-LS-006-2PK,,0,,0,,0,,0,,0,"Demand is intermittent, so the forecast remains conservative."
20-Sep-2026,2026-09-20,RIM-LF-LS-006-3PK,,0,,0,,0,,0,,0,"Demand is intermittent, so the forecast remains conservative."
20-Sep-2026,2026-09-20,RIM-LF-LS-006-5PK,,0,,0,,0,,0,,0,"Demand is intermittent, so the forecast remains conservative."
20-Sep-2026,2026-09-20,RIM-LF-LS-058,,0,,0,,0,,0,,0,Current stock availability is limiting observed demand.
20-Sep-2026,2026-09-20,RIM-LF-LS-058-2PK,,0,,0,,0,,0,,0,"Demand is intermittent, so the forecast remains conservative."
20-Sep-2026,2026-09-20,RIM-LF-LS-058-3PK,,0,,0,,0,,0,,0,"Demand is intermittent, so the forecast remains conservative."
20-Sep-2026,2026-09-20,RIM-LF-LS-066,,0,,0,,0,,0,,0,Current stock availability is limiting observed demand.
20-Sep-2026,2026-09-20,RIM-LF-LS-066-2PK,,0,,0,,0,,0,,0,"Demand is intermittent, so the forecast remains conservative."
20-Sep-2026,2026-09-20,RIM-LF-LS-066-3PK,,0,,0,,0,,0,,0,Current stock availability is limiting observed demand.
20-Sep-2026,2026-09-20,RIM-LF-LS-066-5PK,,0,,0,,0,,0,,0,"Demand is intermittent, so the forecast remains conservative."
20-Sep-2026,2026-09-20,RIM-LF-LS-070,,0,,0,,0,,0,,0,Current stock availability is limiting observed demand.
20-Sep-2026,2026-09-20,RIM-LF-LS-070-2PK,,0,,0,,0,,0,,0,"Demand is intermittent, so the forecast remains conservative."
20-Sep-2026,2026-09-20,RIM-LF-LS-070-3PK,,0,,0,,0,,0,,0,"Demand is intermittent, so the forecast remains conservative."
20-Sep-2026,2026-09-20,RIM-LF-LS-070-5PK,,0,,0,,0,,0,,0,"Demand is intermittent, so the forecast remains conservative."
20-Sep-2026,2026-09-20,RIM-LF-LS-077,,1,,4,,0,,0,,5,Stable historical demand with consistent recent sales.
20-Sep-2026,2026-09-20,RIM-LF-LS-084,,0,,1,,0,,0,,1,"Recent demand is volatile, so the forecast is kept conservative."
20-Sep-2026,2026-09-20,RIM-LF-LS-086,,0,,0,,0,,0,,0,Current stock availability is limiting observed demand.
20-Sep-2026,2026-09-20,RIM-LF-LS-086-2PK,,0,,0,,0,,0,,0,"Demand is intermittent, so the forecast remains conservative."
20-Sep-2026,2026-09-20,RIM-LF-LS-086-3PK,,0,,0,,0,,0,,0,"Demand is intermittent, so the forecast remains conservative."
20-Sep-2026,2026-09-20,RIM-LF-LS-086-5PK,,0,,0,,0,,0,,0,Current stock availability is limiting observed demand.
20-Sep-2026,2026-09-20,RIM-LF-LS-100,,0,,0,,0,,0,,0,"Recent demand is volatile, so the forecast is kept conservative."
20-Sep-2026,2026-09-20,RIM-LF-LS-101,,0,,1,,0,,0,,1,"Recent demand is volatile, so the forecast is kept conservative."
20-Sep-2026,2026-09-20,RIM-LF-LS-107,,0,,0,,0,,0,,0,Current stock availability is limiting observed demand.
20-Sep-2026,2026-09-20,RIM-LF-LS-170,,0,,0,,0,,0,,0,"Recent demand is volatile, so the forecast is kept conservative."
20-Sep-2026,2026-09-20,RIM-LF-LS-200,,0,,0,,0,,0,,0,Current stock availability is limiting observed demand.
20-Sep-2026,2026-09-20,RIM-LF-LS-206,,1,,1,,0,,0,,2,"Recent demand is volatile, so the forecast is kept conservative."
20-Sep-2026,2026-09-20,RIM-LF-LS-206-2PK,,0,,0,,0,,0,,0,"Recent demand is volatile, so the forecast is kept conservative."
20-Sep-2026,2026-09-20,RIM-LF-LS-206-3PK,,0,,0,,0,,0,,0,"Recent demand is volatile, so the forecast is kept conservative."
20-Sep-2026,2026-09-20,RIM-LF-LS-206-5PK,,0,,0,,0,,0,,0,Current stock availability is limiting observed demand.
20-Sep-2026,2026-09-20,RIM-LF-LS-264,,0,,0,,0,,0,,0,Current stock availability is limiting observed demand.
20-Sep-2026,2026-09-20,RIM-LF-LS-264-2PK,,0,,0,,0,,0,,0,Current stock availability is limiting observed demand.
20-Sep-2026,2026-09-20,RIM-LF-LS-264-3PK,,0,,0,,0,,0,,0,"Demand is intermittent, so the forecast remains conservative."
20-Sep-2026,2026-09-20,RIM-LF-LS-264-5PK,,0,,0,,0,,0,,0,"Demand is intermittent, so the forecast remains conservative."
20-Sep-2026,2026-09-20,RIM-LF-LS-500,,0,,0,,0,,0,,0,Current stock availability is limiting observed demand.
20-Sep-2026,2026-09-20,RIM-LF-LS-710,,0,,0,,0,,0,,0,Current stock availability is limiting observed demand.
20-Sep-2026,2026-09-20,RIM-LF-LS-800,,0,,0,,0,,0,,0,Current stock availability is limiting observed demand.
20-Sep-2026,2026-09-20,RIM-LF-LS-KATE-001,,0,,0,,0,,0,,0,"Demand is intermittent, so the forecast remains conservative."
20-Sep-2026,2026-09-20,RIM-LF-LS-KATE-005,,0,,0,,0,,0,,0,"Demand is intermittent, so the forecast remains conservative."
20-Sep-2026,2026-09-20,RIM-LF-LS-KATE-008,,0,,0,,0,,0,,0,"Demand is intermittent, so the forecast remains conservative."
20-Sep-2026,2026-09-20,RIM-LF-LS-KATE-008-2PK,,0,,0,,0,,0,,0,"Demand is intermittent, so the forecast remains conservative."
20-Sep-2026,2026-09-20,RIM-LF-LS-KATE-008-3PK,,0,,0,,0,,0,,0,"Demand is intermittent, so the forecast remains conservative."
20-Sep-2026,2026-09-20,RIM-LF-MATTE-170,,0,,0,,0,,0,,0,"Demand is intermittent, so the forecast remains conservative."
20-Sep-2026,2026-09-20,RIM-LF-MATTE-180,,0,,0,,0,,0,,0,"Demand is intermittent, so the forecast remains conservative."
20-Sep-2026,2026-09-20,RIM-LF-MATTE-220,,0,,0,,0,,0,,0,Current stock availability is limiting observed demand.
20-Sep-2026,2026-09-20,RIM-LF-MATTE-230,,0,,0,,0,,0,,0,Current stock availability is limiting observed demand.
20-Sep-2026,2026-09-20,RIM-LF-MATTE-530,,0,,0,,0,,0,,0,Current stock availability is limiting observed demand.
20-Sep-2026,2026-09-20,RIM-LF-MATTE-715,,0,,0,,0,,0,,0,"Recent demand is volatile, so the forecast is kept conservative."
20-Sep-2026,2026-09-20,RIM-LF-MATTE-730,,0,,0,,0,,0,,0,Current stock availability is limiting observed demand.
20-Sep-2026,2026-09-20,RIM-LF-SG-LS-900,,0,,0,,0,,0,,0,"Recent demand is volatile, so the forecast is kept conservative."
20-Sep-2026,2026-09-20,RIM-LF-SG-LS-901,,0,,0,,0,,0,,0,"Recent demand is volatile, so the forecast is kept conservative."
20-Sep-2026,2026-09-20,RIM-LF-SG-LS-902,,0,,0,,0,,0,,0,"Recent demand is volatile, so the forecast is kept conservative."
20-Sep-2026,2026-09-20,RIM-LF-SG-LS-903,,0,,0,,0,,0,,0,"Recent demand is volatile, so the forecast is kept conservative."
20-Sep-2026,2026-09-20,RIM-LF-SG-LS-904,,0,,1,,0,,0,,1,"Recent demand is volatile, so the forecast is kept conservative."
20-Sep-2026,2026-09-20,RIM-LF-SG-LS-905,,0,,0,,0,,0,,0,"Recent demand is volatile, so the forecast is kept conservative."
20-Sep-2026,2026-09-20,RIM-LR-CCLR-EYEILLUM-010,,0,,0,,0,,0,,0,Current stock availability is limiting observed demand.
20-Sep-2026,2026-09-20,RIM-LR-CCLR-EYEILLUM-030,,0,,0,,0,,0,,0,Current stock availability is limiting observed demand.
20-Sep-2026,2026-09-20,RIM-MAGNIF-MONO-004,,0,,0,,0,,0,,0,Current stock availability is limiting observed demand.
20-Sep-2026,2026-09-20,RIM-MAGNIF-MONO-006,,0,,0,,0,,0,,0,"Demand is intermittent, so the forecast remains conservative."
20-Sep-2026,2026-09-20,RIM-MAGNIF-MONO-008,,0,,0,,0,,0,,0,Current stock availability is limiting observed demand.
20-Sep-2026,2026-09-20,RIM-MAGNIF-MONO-014,,0,,0,,0,,0,,0,Current stock availability is limiting observed demand.
20-Sep-2026,2026-09-20,RIM-MAGNIF-MONO-014-2PK,,0,,0,,0,,0,,0,Current stock availability is limiting observed demand.
20-Sep-2026,2026-09-20,RIM-MAGNIF-MONO-014-3PK,,0,,0,,0,,0,,0,"Demand is intermittent, so the forecast remains conservative."
20-Sep-2026,2026-09-20,RIM-MAGNIF-PAL-001,,0,,0,,0,,0,,0,"Recent demand is volatile, so the forecast is kept conservative."
20-Sep-2026,2026-09-20,RIM-MAGNIF-PAL-004,,0,,0,,0,,0,,0,"Demand is intermittent, so the forecast remains conservative."
20-Sep-2026,2026-09-20,RIM-MAGNIF-PAL-005,,0,,0,,0,,0,,0,"Recent demand is volatile, so the forecast is kept conservative."
20-Sep-2026,2026-09-20,RIM-MAGNIF-PAL-006,,0,,0,,0,,0,,0,Current stock availability is limiting observed demand.
20-Sep-2026,2026-09-20,RIM-MAGNIF-PAL-008,,0,,0,,0,,0,,0,Current stock availability is limiting observed demand.
20-Sep-2026,2026-09-20,RIM-MAGNIF-PAL-009,,0,,0,,0,,0,,0,Current stock availability is limiting observed demand.
20-Sep-2026,2026-09-20,RIM-MATCH-PWDR,,0,,0,,0,,0,,0,Current stock availability is limiting observed demand.
20-Sep-2026,2026-09-20,RIM-MAXI-BLUSH-001,,0,,0,,0,,0,,0,"Recent demand is volatile, so the forecast is kept conservative."
20-Sep-2026,2026-09-20,RIM-MAXI-BLUSH-001-2PK,,0,,0,,0,,0,,0,"Demand is intermittent, so the forecast remains conservative."
20-Sep-2026,2026-09-20,RIM-MAXI-BLUSH-001-3PK,,0,,0,,0,,0,,0,"Demand is intermittent, so the forecast remains conservative."
20-Sep-2026,2026-09-20,RIM-MAXI-BLUSH-003,,0,,0,,0,,0,,0,"Recent demand is volatile, so the forecast is kept conservative."
20-Sep-2026,2026-09-20,RIM-MAXI-BLUSH-005,,0,,0,,0,,0,,0,"Recent demand is volatile, so the forecast is kept conservative."
20-Sep-2026,2026-09-20,RIM-MAXI-BLUSH-006,,0,,0,,0,,0,,0,"Recent demand is volatile, so the forecast is kept conservative."
20-Sep-2026,2026-09-20,RIM-MBP-001,,0,,0,,0,,0,,0,"Recent demand is volatile, so the forecast is kept conservative."
20-Sep-2026,2026-09-20,RIM-MBP-002,,0,,1,,0,,0,,1,"Recent demand is volatile, so the forecast is kept conservative."
20-Sep-2026,2026-09-20,RIM-MBP-003,,5,,0,,0,,0,,5,Stable historical demand with consistent recent sales.
20-Sep-2026,2026-09-20,RIM-MICRO-BRW-001,,0,,0,,0,,0,,0,"Demand is intermittent, so the forecast remains conservative."
20-Sep-2026,2026-09-20,RIM-MICRO-BRW-002,,0,,0,,0,,0,,0,"Recent demand is volatile, so the forecast is kept conservative."
20-Sep-2026,2026-09-20,RIM-MICRO-BRW-003,,1,,0,,0,,0,,1,"Recent demand is volatile, so the forecast is kept conservative."
20-Sep-2026,2026-09-20,RIM-MICRO-BRW-004,,0,,0,,0,,0,,0,Current stock availability is limiting observed demand.
20-Sep-2026,2026-09-20,RIM-MINI-PWRPAL-001,,0,,0,,0,,0,,0,Current stock availability is limiting observed demand.
20-Sep-2026,2026-09-20,RIM-MINI-PWRPAL-002,,0,,0,,0,,0,,0,"Demand is intermittent, so the forecast remains conservative."
20-Sep-2026,2026-09-20,RIM-MOIST-LPK-100,,0,,0,,0,,0,,0,Current stock availability is limiting observed demand.
20-Sep-2026,2026-09-20,RIM-MOIST-LPK-140,,0,,0,,0,,0,,0,Current stock availability is limiting observed demand.
20-Sep-2026,2026-09-20,RIM-MOIST-LPK-180,,0,,0,,0,,0,,0,Current stock availability is limiting observed demand.
20-Sep-2026,2026-09-20,RIM-MOIST-LPK-180-2PK,,0,,0,,0,,0,,0,"Demand is intermittent, so the forecast remains conservative."
20-Sep-2026,2026-09-20,RIM-MOIST-LPK-180-3PK,,0,,0,,0,,0,,0,"Demand is intermittent, so the forecast remains conservative."
20-Sep-2026,2026-09-20,RIM-MOIST-LPK-180-5PK,,0,,0,,0,,0,,0,"Demand is intermittent, so the forecast remains conservative."
20-Sep-2026,2026-09-20,RIM-MOIST-LPK-200,,0,,0,,0,,0,,0,"Demand is intermittent, so the forecast remains conservative."
20-Sep-2026,2026-09-20,RIM-MOIST-LPK-200-2PK,,0,,0,,0,,0,,0,Current stock availability is limiting observed demand.
20-Sep-2026,2026-09-20,RIM-MOIST-LPK-200-3PK,,0,,0,,0,,0,,0,"Demand is intermittent, so the forecast remains conservative."
20-Sep-2026,2026-09-20,RIM-MOIST-LPK-200-5PK,,0,,0,,0,,0,,0,"Demand is intermittent, so the forecast remains conservative."
20-Sep-2026,2026-09-20,RIM-MOIST-LPK-210,,0,,0,,0,,0,,0,Current stock availability is limiting observed demand.
20-Sep-2026,2026-09-20,RIM-MOIST-LPK-260,,0,,0,,0,,0,,0,"Demand is intermittent, so the forecast remains conservative."
20-Sep-2026,2026-09-20,RIM-MOIST-LPK-360,,0,,0,,0,,0,,0,Current stock availability is limiting observed demand.
20-Sep-2026,2026-09-20,RIM-MOIST-LPK-510,,0,,0,,0,,0,,0,"Recent demand is volatile, so the forecast is kept conservative."
20-Sep-2026,2026-09-20,RIM-MSC-ACCEL-BLK,,1,,1,,0,,0,,2,"Recent demand is volatile, so the forecast is kept conservative."
20-Sep-2026,2026-09-20,RIM-MSC-ACCEL-BLK-2PK,,0,,0,,0,,0,,0,"Demand is intermittent, so the forecast remains conservative."
20-Sep-2026,2026-09-20,RIM-MSC-ACCEL-BLK-3PK,,0,,0,,0,,0,,0,"Recent demand is volatile, so the forecast is kept conservative."
20-Sep-2026,2026-09-20,RIM-MSC-ACCEL-BLK-5PK,,0,,0,,0,,0,,0,"Recent demand is volatile, so the forecast is kept conservative."
20-Sep-2026,2026-09-20,RIM-MSC-CURL-003,,0,,0,,0,,0,,0,Current stock availability is limiting observed demand.
20-Sep-2026,2026-09-20,RIM-MSC-E3DL-003,,0,,6,,0,,0,,6,"Recent demand is volatile, so the forecast is kept conservative."
20-Sep-2026,2026-09-20,RIM-MSC-E3DL-003-2PK,,0,,0,,0,,0,,0,"Demand is intermittent, so the forecast remains conservative."
20-Sep-2026,2026-09-20,RIM-MSC-E3DL-003-3PK,,0,,0,,0,,0,,0,"Recent demand is volatile, so the forecast is kept conservative."
20-Sep-2026,2026-09-20,RIM-MSC-E3DL-003-5PK,,0,,0,,0,,0,,0,"Recent demand is volatile, so the forecast is kept conservative."
20-Sep-2026,2026-09-20,RIM-MSC-ELL-003,,0,,5,,0,,0,,5,"Recent demand is volatile, so the forecast is kept conservative."
20-Sep-2026,2026-09-20,RIM-MSC-ELL-003-2PK,,0,,0,,0,,0,,0,"Recent demand is volatile, so the forecast is kept conservative."
20-Sep-2026,2026-09-20,RIM-MSC-ELL-003-3PK,,0,,0,,0,,0,,0,"Demand is intermittent, so the forecast remains conservative."
20-Sep-2026,2026-09-20,RIM-MSC-ELL-003-5PK,,0,,0,,0,,0,,0,"Recent demand is volatile, so the forecast is kept conservative."
20-Sep-2026,2026-09-20,RIM-MSC-ESL-101,,0,,6,,0,,0,,6,"Recent demand is volatile, so the forecast is kept conservative."
20-Sep-2026,2026-09-20,RIM-MSC-ESL-101-2PK,,0,,0,,0,,0,,0,"Recent demand is volatile, so the forecast is kept conservative."
20-Sep-2026,2026-09-20,RIM-MSC-ESL-101-3PK,,0,,0,,0,,0,,0,"Recent demand is volatile, so the forecast is kept conservative."
20-Sep-2026,2026-09-20,RIM-MSC-ESL-101-5PK,,0,,0,,0,,0,,0,"Demand is intermittent, so the forecast remains conservative."
20-Sep-2026,2026-09-20,RIM-MSC-ESL-102,,1,,2,,0,,0,,3,"Recent demand is volatile, so the forecast is kept conservative."
20-Sep-2026,2026-09-20,RIM-MSC-ESL-102-2PK,,0,,0,,0,,0,,0,"Demand is intermittent, so the forecast remains conservative."
20-Sep-2026,2026-09-20,RIM-MSC-ESL-102-3PK,,0,,0,,0,,0,,0,"Recent demand is volatile, so the forecast is kept conservative."
20-Sep-2026,2026-09-20,RIM-MSC-ESL-102-5PK,,0,,0,,0,,0,,0,"Recent demand is volatile, so the forecast is kept conservative."
20-Sep-2026,2026-09-20,RIM-MSC-SCAND-BLK,,0,,0,,0,,0,,0,Current stock availability is limiting observed demand.
20-Sep-2026,2026-09-20,RIM-MSC-SCAND-LYCRA,,0,,0,,0,,0,,0,"Recent demand is volatile, so the forecast is kept conservative."
20-Sep-2026,2026-09-20,RIM-MSC-SCAND-RL-001,,2,,1,,0,,0,,3,"Recent demand is declining, so the forecast is lower."
20-Sep-2026,2026-09-20,RIM-MSC-SCAND-RL-001-2PK,,0,,0,,0,,0,,0,"Recent demand is volatile, so the forecast is kept conservative."
20-Sep-2026,2026-09-20,RIM-MSC-SCAND-RL-001-3PK,,0,,0,,0,,0,,0,"Recent demand is volatile, so the forecast is kept conservative."
20-Sep-2026,2026-09-20,RIM-MSC-SCAND-RL-001-5PK,,0,,0,,0,,0,,0,"Demand is intermittent, so the forecast remains conservative."
20-Sep-2026,2026-09-20,RIM-MSC-SCAND-RL-002,,0,,0,,0,,0,,0,"Recent demand is volatile, so the forecast is kept conservative."
20-Sep-2026,2026-09-20,RIM-MSC-SCAND-RL-003,,0,,0,,0,,0,,0,"Recent demand is volatile, so the forecast is kept conservative."
20-Sep-2026,2026-09-20,RIM-MSC-SCAND-RL-003-2PK,,0,,0,,0,,0,,0,"Demand is intermittent, so the forecast remains conservative."
20-Sep-2026,2026-09-20,RIM-MSC-SCAND-RL-003-3PK,,0,,0,,0,,0,,0,"Demand is intermittent, so the forecast remains conservative."
20-Sep-2026,2026-09-20,RIM-MSC-SCAND-RL-003-5PK,,0,,0,,0,,0,,0,"Recent demand is volatile, so the forecast is kept conservative."
20-Sep-2026,2026-09-20,RIM-MSC-SCAND-VOD-001,,4,,0,,0,,0,,4,"Recent demand is volatile, so the forecast is kept conservative."
20-Sep-2026,2026-09-20,RIM-MSC-SCAND-VOD-002,,0,,0,,0,,0,,0,"Recent demand is volatile, so the forecast is kept conservative."
20-Sep-2026,2026-09-20,RIM-MSC-SCAND-VOD-002-2PK,,0,,0,,0,,0,,0,"Demand is intermittent, so the forecast remains conservative."
20-Sep-2026,2026-09-20,RIM-MSC-SCAND-VOD-002-5PK,,0,,0,,0,,0,,0,"Demand is intermittent, so the forecast remains conservative."
20-Sep-2026,2026-09-20,RIM-MSC-SCAND-VOD-WP,,0,,0,,0,,0,,0,"Recent demand is volatile, so the forecast is kept conservative."
20-Sep-2026,2026-09-20,RIM-MSC-SCAND-WOW-001,,1,,0,,0,,0,,1,"Recent demand is volatile, so the forecast is kept conservative."
20-Sep-2026,2026-09-20,RIM-MSC-SCAND-WOW-003,,0,,0,,0,,0,,0,Current stock availability is limiting observed demand.
20-Sep-2026,2026-09-20,RIM-MSC-SCAND-WOW-WP,,0,,0,,0,,0,,0,"Recent demand is volatile, so the forecast is kept conservative."
20-Sep-2026,2026-09-20,RIM-MSC-THRILLSEEKER-BLKBRWN,,0,,0,,0,,0,,0,"Recent demand is volatile, so the forecast is kept conservative."
20-Sep-2026,2026-09-20,RIM-MSC-THRILLSEEKER-EXTBLACK,,0,,0,,0,,0,,0,"Recent demand is volatile, so the forecast is kept conservative."
20-Sep-2026,2026-09-20,RIM-MSC-VF-X10-001,,0,,0,,0,,0,,0,Current stock availability is limiting observed demand.
20-Sep-2026,2026-09-20,RIM-MSC-VOLCOL-001,,0,,0,,0,,0,,0,Current stock availability is limiting observed demand.
20-Sep-2026,2026-09-20,RIM-MSC-WDF-001,,0,,0,,0,,0,,0,"Demand is intermittent, so the forecast remains conservative."
20-Sep-2026,2026-09-20,RIM-MSC-WDF-003,,0,,0,,0,,0,,0,"Recent demand is volatile, so the forecast is kept conservative."
20-Sep-2026,2026-09-20,RIM-MSC-WDF-WP,,0,,0,,0,,0,,0,"Recent demand is volatile, so the forecast is kept conservative."
20-Sep-2026,2026-09-20,RIM-MSC-WLUX-001,,0,,0,,0,,0,,0,"Recent demand is volatile, so the forecast is kept conservative."
20-Sep-2026,2026-09-20,RIM-MSC-WLUX-002,,0,,0,,0,,0,,0,"Recent demand is volatile, so the forecast is kept conservative."
20-Sep-2026,2026-09-20,RIM-MSC-WLUX-003,,0,,1,,0,,0,,1,"Recent demand is volatile, so the forecast is kept conservative."
20-Sep-2026,2026-09-20,RIM-MSC-WLUX-003-2PK,,0,,0,,0,,0,,0,"Demand is intermittent, so the forecast remains conservative."
20-Sep-2026,2026-09-20,RIM-MSC-WNDR-EXT-001,,0,,0,,0,,0,,0,"Recent demand is volatile, so the forecast is kept conservative."
20-Sep-2026,2026-09-20,RIM-MSC-WNDRBOND-LASH-FILLER-BLK,,0,,0,,0,,0,,0,"Demand is intermittent, so the forecast remains conservative."
20-Sep-2026,2026-09-20,RIM-MULTI-TASK-CLR-010,,0,,0,,0,,0,,0,"Recent demand is volatile, so the forecast is kept conservative."
20-Sep-2026,2026-09-20,RIM-MULTI-TASK-CLR-020,,0,,0,,0,,0,,0,"Recent demand is volatile, so the forecast is kept conservative."
20-Sep-2026,2026-09-20,RIM-MULTI-TASK-CLR-030,,0,,0,,0,,0,,0,"Demand is intermittent, so the forecast remains conservative."
20-Sep-2026,2026-09-20,RIM-MULTI-TASK-CLR-040,,0,,0,,0,,0,,0,"Demand is intermittent, so the forecast remains conservative."
20-Sep-2026,2026-09-20,RIM-MULTI-TASK-CLR-050,,0,,0,,0,,0,,0,"Demand is intermittent, so the forecast remains conservative."
20-Sep-2026,2026-09-20,RIM-MULTI-TASK-CLR-060,,0,,0,,0,,0,,0,Current stock availability is limiting observed demand.
20-Sep-2026,2026-09-20,RIM-MULTI-TASK-CLR-070,,0,,0,,0,,0,,0,"Demand is intermittent, so the forecast remains conservative."
20-Sep-2026,2026-09-20,RIM-MULTI-TASK-CLR-090,,0,,0,,0,,0,,0,Current stock availability is limiting observed demand.
20-Sep-2026,2026-09-20,RIM-MULTI-TASKER-BTF-30ML-002,,0,,0,,0,,0,,0,"Demand is intermittent, so the forecast remains conservative."
20-Sep-2026,2026-09-20,RIM-MULTI-TASKER-BTF-30ML-003,,0,,0,,0,,0,,0,"Demand is intermittent, so the forecast remains conservative."
20-Sep-2026,2026-09-20,RIM-MULTI-TASKER-BTF-30ML-004,,0,,0,,0,,0,,0,"Demand is intermittent, so the forecast remains conservative."
20-Sep-2026,2026-09-20,RIM-NAIL-60S-101,,0,,0,,0,,0,,0,"Recent demand is volatile, so the forecast is kept conservative."
20-Sep-2026,2026-09-20,RIM-NAIL-60S-130,,0,,0,,0,,0,,0,"Recent demand is volatile, so the forecast is kept conservative."
20-Sep-2026,2026-09-20,RIM-NAIL-60S-150,,0,,0,,0,,0,,0,"Demand is intermittent, so the forecast remains conservative."
20-Sep-2026,2026-09-20,RIM-NAIL-60S-151,,0,,0,,0,,0,,0,"Recent demand is volatile, so the forecast is kept conservative."
20-Sep-2026,2026-09-20,RIM-NAIL-60S-152,,0,,0,,0,,0,,0,"Recent demand is volatile, so the forecast is kept conservative."
20-Sep-2026,2026-09-20,RIM-NAIL-60S-153,,0,,0,,0,,0,,0,"Demand is intermittent, so the forecast remains conservative."
20-Sep-2026,2026-09-20,RIM-NAIL-60S-154,,0,,0,,0,,0,,0,"Recent demand is volatile, so the forecast is kept conservative."
20-Sep-2026,2026-09-20,RIM-NAIL-60S-155,,0,,0,,0,,0,,0,"Demand is intermittent, so the forecast remains conservative."
20-Sep-2026,2026-09-20,RIM-NAIL-60S-203,,0,,0,,0,,0,,0,"Recent demand is volatile, so the forecast is kept conservative."
20-Sep-2026,2026-09-20,RIM-NAIL-60S-210,,0,,0,,0,,0,,0,"Recent demand is volatile, so the forecast is kept conservative."
20-Sep-2026,2026-09-20,RIM-NAIL-60S-230,,0,,0,,0,,0,,0,"Recent demand is volatile, so the forecast is kept conservative."
20-Sep-2026,2026-09-20,RIM-NAIL-60S-235,,0,,0,,0,,0,,0,"Recent demand is volatile, so the forecast is kept conservative."
20-Sep-2026,2026-09-20,RIM-NAIL-60S-262,,0,,0,,0,,0,,0,"Recent demand is volatile, so the forecast is kept conservative."
20-Sep-2026,2026-09-20,RIM-NAIL-60S-270,,0,,0,,0,,0,,0,"Recent demand is volatile, so the forecast is kept conservative."
20-Sep-2026,2026-09-20,RIM-NAIL-60S-271,,0,,0,,0,,0,,0,"Recent demand is volatile, so the forecast is kept conservative."
20-Sep-2026,2026-09-20,RIM-NAIL-60S-300,,0,,0,,0,,0,,0,"Recent demand is volatile, so the forecast is kept conservative."
20-Sep-2026,2026-09-20,RIM-NAIL-60S-310,,0,,0,,0,,0,,0,"Recent demand is volatile, so the forecast is kept conservative."
20-Sep-2026,2026-09-20,RIM-NAIL-60S-312,,0,,0,,0,,0,,0,"Recent demand is volatile, so the forecast is kept conservative."
20-Sep-2026,2026-09-20,RIM-NAIL-60S-313,,0,,0,,0,,0,,0,"Recent demand is volatile, so the forecast is kept conservative."
20-Sep-2026,2026-09-20,RIM-NAIL-60S-314,,0,,0,,0,,0,,0,"Recent demand is volatile, so the forecast is kept conservative."
20-Sep-2026,2026-09-20,RIM-NAIL-60S-315,,0,,0,,0,,0,,0,"Recent demand is volatile, so the forecast is kept conservative."
20-Sep-2026,2026-09-20,RIM-NAIL-60S-320,,0,,0,,0,,0,,0,"Recent demand is volatile, so the forecast is kept conservative."
20-Sep-2026,2026-09-20,RIM-NAIL-60S-322,,0,,0,,0,,0,,0,"Recent demand is volatile, so the forecast is kept conservative."
20-Sep-2026,2026-09-20,RIM-NAIL-60S-323,,0,,0,,0,,0,,0,"Recent demand is volatile, so the forecast is kept conservative."
20-Sep-2026,2026-09-20,RIM-NAIL-60S-324,,0,,0,,0,,0,,0,"Recent demand is volatile, so the forecast is kept conservative."
20-Sep-2026,2026-09-20,RIM-NAIL-60S-335,,0,,0,,0,,0,,0,"Recent demand is volatile, so the forecast is kept conservative."
20-Sep-2026,2026-09-20,RIM-NAIL-60S-336,,0,,0,,0,,0,,0,"Recent demand is volatile, so the forecast is kept conservative."
20-Sep-2026,2026-09-20,RIM-NAIL-60S-340,,0,,0,,0,,0,,0,"Recent demand is volatile, so the forecast is kept conservative."
20-Sep-2026,2026-09-20,RIM-NAIL-60S-345,,1,,1,,0,,0,,2,"Recent demand is volatile, so the forecast is kept conservative."
20-Sep-2026,2026-09-20,RIM-NAIL-60S-401,,0,,0,,0,,0,,0,Current stock availability is limiting observed demand.
20-Sep-2026,2026-09-20,RIM-NAIL-60S-404,,0,,0,,0,,0,,0,"Recent demand is volatile, so the forecast is kept conservative."
20-Sep-2026,2026-09-20,RIM-NAIL-60S-405,,0,,0,,0,,0,,0,"Recent demand is volatile, so the forecast is kept conservative."
20-Sep-2026,2026-09-20,RIM-NAIL-60S-406,,0,,0,,0,,0,,0,"Demand is intermittent, so the forecast remains conservative."
20-Sep-2026,2026-09-20,RIM-NAIL-60S-410,,0,,0,,0,,0,,0,"Recent demand is volatile, so the forecast is kept conservative."
20-Sep-2026,2026-09-20,RIM-NAIL-60S-411,,0,,0,,0,,0,,0,Current stock availability is limiting observed demand.
20-Sep-2026,2026-09-20,RIM-NAIL-60S-430,,0,,0,,0,,0,,0,Current stock availability is limiting observed demand.
20-Sep-2026,2026-09-20,RIM-NAIL-60S-498,,0,,0,,0,,0,,0,"Recent demand is volatile, so the forecast is kept conservative."
20-Sep-2026,2026-09-20,RIM-NAIL-60S-500,,0,,0,,0,,0,,0,"Recent demand is volatile, so the forecast is kept conservative."
20-Sep-2026,2026-09-20,RIM-NAIL-60S-510,,0,,0,,0,,0,,0,"Recent demand is volatile, so the forecast is kept conservative."
20-Sep-2026,2026-09-20,RIM-NAIL-60S-558,,0,,0,,0,,0,,0,"Recent demand is volatile, so the forecast is kept conservative."
20-Sep-2026,2026-09-20,RIM-NAIL-60S-560,,0,,0,,0,,0,,0,"Recent demand is volatile, so the forecast is kept conservative."
20-Sep-2026,2026-09-20,RIM-NAIL-60S-561,,0,,0,,0,,0,,0,"Recent demand is volatile, so the forecast is kept conservative."
20-Sep-2026,2026-09-20,RIM-NAIL-60S-703,,0,,0,,0,,0,,0,"Recent demand is volatile, so the forecast is kept conservative."
20-Sep-2026,2026-09-20,RIM-NAIL-60S-705,,0,,0,,0,,0,,0,"Recent demand is volatile, so the forecast is kept conservative."
20-Sep-2026,2026-09-20,RIM-NAIL-60S-707,,0,,0,,0,,0,,0,"Recent demand is volatile, so the forecast is kept conservative."
20-Sep-2026,2026-09-20,RIM-NAIL-60S-708,,0,,0,,0,,0,,0,Current stock availability is limiting observed demand.
20-Sep-2026,2026-09-20,RIM-NAIL-60S-709,,0,,0,,0,,0,,0,"Recent demand is volatile, so the forecast is kept conservative."
20-Sep-2026,2026-09-20,RIM-NAIL-60S-710,,0,,0,,0,,0,,0,"Recent demand is volatile, so the forecast is kept conservative."
20-Sep-2026,2026-09-20,RIM-NAIL-60S-711,,0,,0,,0,,0,,0,"Recent demand is volatile, so the forecast is kept conservative."
20-Sep-2026,2026-09-20,RIM-NAIL-60S-712,,0,,0,,0,,0,,0,Current stock availability is limiting observed demand.
20-Sep-2026,2026-09-20,RIM-NAIL-60S-713,,0,,0,,0,,0,,0,"Recent demand is volatile, so the forecast is kept conservative."
20-Sep-2026,2026-09-20,RIM-NAIL-60S-714,,0,,0,,0,,0,,0,"Recent demand is volatile, so the forecast is kept conservative."
20-Sep-2026,2026-09-20,RIM-NAIL-60S-715,,0,,0,,0,,0,,0,Current stock availability is limiting observed demand.
20-Sep-2026,2026-09-20,RIM-NAIL-60S-718,,0,,0,,0,,0,,0,"Recent demand is volatile, so the forecast is kept conservative."
20-Sep-2026,2026-09-20,RIM-NAIL-60S-719,,0,,0,,0,,0,,0,"Recent demand is volatile, so the forecast is kept conservative."
20-Sep-2026,2026-09-20,RIM-NAIL-60S-720,,0,,0,,0,,0,,0,"Recent demand is volatile, so the forecast is kept conservative."
20-Sep-2026,2026-09-20,RIM-NAIL-60S-721,,0,,0,,0,,0,,0,"Recent demand is volatile, so the forecast is kept conservative."
20-Sep-2026,2026-09-20,RIM-NAIL-60S-722,,0,,0,,0,,0,,0,"Recent demand is volatile, so the forecast is kept conservative."
20-Sep-2026,2026-09-20,RIM-NAIL-60S-730,,0,,0,,0,,0,,0,Current stock availability is limiting observed demand.
20-Sep-2026,2026-09-20,RIM-NAIL-60S-740,,0,,0,,0,,0,,0,"Recent demand is volatile, so the forecast is kept conservative."
20-Sep-2026,2026-09-20,RIM-NAIL-60S-807,,0,,0,,0,,0,,0,"Recent demand is volatile, so the forecast is kept conservative."
20-Sep-2026,2026-09-20,RIM-NAIL-60S-809,,0,,0,,0,,0,,0,"Recent demand is volatile, so the forecast is kept conservative."
20-Sep-2026,2026-09-20,RIM-NAIL-60S-810,,0,,0,,0,,0,,0,"Recent demand is volatile, so the forecast is kept conservative."
20-Sep-2026,2026-09-20,RIM-NAIL-60S-811,,0,,0,,0,,0,,0,"Recent demand is volatile, so the forecast is kept conservative."
20-Sep-2026,2026-09-20,RIM-NAIL-60S-812,,0,,0,,0,,0,,0,Current stock availability is limiting observed demand.
20-Sep-2026,2026-09-20,RIM-NAIL-60S-820,,0,,0,,0,,0,,0,"Demand is intermittent, so the forecast remains conservative."
20-Sep-2026,2026-09-20,RIM-NAIL-60S-828,,0,,0,,0,,0,,0,"Recent demand is volatile, so the forecast is kept conservative."
20-Sep-2026,2026-09-20,RIM-NAIL-60S-831,,0,,0,,0,,0,,0,"Demand is intermittent, so the forecast remains conservative."
20-Sep-2026,2026-09-20,RIM-NAIL-60S-833,,0,,0,,0,,0,,0,"Recent demand is volatile, so the forecast is kept conservative."
20-Sep-2026,2026-09-20,RIM-NAIL-60S-834,,0,,0,,0,,0,,0,"Recent demand is volatile, so the forecast is kept conservative."
20-Sep-2026,2026-09-20,RIM-NAIL-60S-853,,0,,0,,0,,0,,0,"Recent demand is volatile, so the forecast is kept conservative."
20-Sep-2026,2026-09-20,RIM-NAIL-60S-878,,0,,0,,0,,0,,0,Current stock availability is limiting observed demand.
20-Sep-2026,2026-09-20,RIM-NAIL-60S-900,,0,,1,,0,,0,,1,"Recent demand is volatile, so the forecast is kept conservative."
20-Sep-2026,2026-09-20,RIM-NAIL-60S-901,,0,,0,,0,,0,,0,Current stock availability is limiting observed demand.
20-Sep-2026,2026-09-20,RIM-NAIL-60S-902,,2,,1,,0,,0,,3,"Recent demand is volatile, so the forecast is kept conservative."
20-Sep-2026,2026-09-20,RIM-NAIL-60S-905,,0,,0,,0,,0,,0,"Recent demand is volatile, so the forecast is kept conservative."
20-Sep-2026,2026-09-20,RIM-NAIL-60S-BUNDLE-10PCS-V1,,0,,0,,0,,0,,0,"Recent demand is volatile, so the forecast is kept conservative."
20-Sep-2026,2026-09-20,RIM-NAIL-60S-BUNDLE-10PCS-V2,,0,,0,,0,,0,,0,"Demand is intermittent, so the forecast remains conservative."
20-Sep-2026,2026-09-20,RIM-NAIL-60S-BUNDLE-10PCS-V3,,0,,0,,0,,0,,0,"Recent demand is volatile, so the forecast is kept conservative."
20-Sep-2026,2026-09-20,RIM-NAIL-60S-BUNDLE-15PCS-V1,,0,,0,,0,,0,,0,Current stock availability is limiting observed demand.
20-Sep-2026,2026-09-20,RIM-NAIL-60S-BUNDLE-5PCS-V1,,0,,0,,0,,0,,0,"Demand is intermittent, so the forecast remains conservative."
20-Sep-2026,2026-09-20,RIM-NAIL-60S-BUNDLE-5PCS-V2,,0,,0,,0,,0,,0,"Demand is intermittent, so the forecast remains conservative."
20-Sep-2026,2026-09-20,RIM-NAIL-60S-BUNDLE-5PCS-V3,,0,,0,,0,,0,,0,"Recent demand is volatile, so the forecast is kept conservative."
20-Sep-2026,2026-09-20,RIM-NAIL-60S-BUNDLE-5PCS-V4,,0,,0,,0,,0,,0,"Demand is intermittent, so the forecast remains conservative."
20-Sep-2026,2026-09-20,RIM-NAIL-60S-BUNDLE-RED-5,,0,,0,,0,,0,,0,"Recent demand is volatile, so the forecast is kept conservative."
20-Sep-2026,2026-09-20,RIM-NAIL-60S-BUNDLE-SUMMER-5,,0,,0,,0,,0,,0,"Demand is intermittent, so the forecast remains conservative."
20-Sep-2026,2026-09-20,RIM-NAIL-60S-MIX-10PCS,,0,,0,,0,,0,,0,"Recent demand is volatile, so the forecast is kept conservative."
20-Sep-2026,2026-09-20,RIM-NAIL-60S-MIX-15PCS,,0,,0,,0,,0,,0,Current stock availability is limiting observed demand.
20-Sep-2026,2026-09-20,RIM-NAIL-60S-MIX-8PCS,,0,,0,,0,,0,,0,"Demand is intermittent, so the forecast remains conservative."
20-Sep-2026,2026-09-20,RIM-NAIL-FT-TOPCOAT,,0,,0,,0,,0,,0,Current stock availability is limiting observed demand.
20-Sep-2026,2026-09-20,RIM-NAIL-FT-TOPCOAT-2PK,,0,,0,,0,,0,,0,"Demand is intermittent, so the forecast remains conservative."
20-Sep-2026,2026-09-20,RIM-NAIL-GLITTER-BOMB-019,,0,,0,,0,,0,,0,Current stock availability is limiting observed demand.
20-Sep-2026,2026-09-20,RIM-NAIL-NN-5IN1,,0,,0,,0,,0,,0,Current stock availability is limiting observed demand.
20-Sep-2026,2026-09-20,RIM-NAIL-NN-STRONGER,,0,,0,,0,,0,,0,Current stock availability is limiting observed demand.
20-Sep-2026,2026-09-20,RIM-NAIL-SUPERGEL-001,,0,,0,,0,,0,,0,"Demand is intermittent, so the forecast remains conservative."
20-Sep-2026,2026-09-20,RIM-NAIL-SUPERGEL-008,,0,,0,,0,,0,,0,"Recent demand is volatile, so the forecast is kept conservative."
20-Sep-2026,2026-09-20,RIM-NAIL-SUPERGEL-012,,1,,0,,0,,0,,1,"Recent demand is volatile, so the forecast is kept conservative."
20-Sep-2026,2026-09-20,RIM-NAIL-SUPERGEL-014,,0,,0,,0,,0,,0,Current stock availability is limiting observed demand.
20-Sep-2026,2026-09-20,RIM-NAIL-SUPERGEL-020,,0,,0,,0,,0,,0,Current stock availability is limiting observed demand.
20-Sep-2026,2026-09-20,RIM-NAIL-SUPERGEL-021,,0,,0,,0,,0,,0,"Recent demand is volatile, so the forecast is kept conservative."
20-Sep-2026,2026-09-20,RIM-NAIL-SUPERGEL-022,,0,,0,,0,,0,,0,"Recent demand is volatile, so the forecast is kept conservative."
20-Sep-2026,2026-09-20,RIM-NAIL-SUPERGEL-023,,0,,0,,0,,0,,0,Current stock availability is limiting observed demand.
20-Sep-2026,2026-09-20,RIM-NAIL-SUPERGEL-023-2PK,,0,,0,,0,,0,,0,"Demand is intermittent, so the forecast remains conservative."
20-Sep-2026,2026-09-20,RIM-NAIL-SUPERGEL-023-5PK,,0,,0,,0,,0,,0,"Demand is intermittent, so the forecast remains conservative."
20-Sep-2026,2026-09-20,RIM-NAIL-SUPERGEL-024,,0,,0,,0,,0,,0,"Recent demand is volatile, so the forecast is kept conservative."
20-Sep-2026,2026-09-20,RIM-NAIL-SUPERGEL-025,,0,,0,,0,,0,,0,"Recent demand is volatile, so the forecast is kept conservative."
20-Sep-2026,2026-09-20,RIM-NAIL-SUPERGEL-026,,0,,0,,0,,0,,0,"Recent demand is volatile, so the forecast is kept conservative."
20-Sep-2026,2026-09-20,RIM-NAIL-SUPERGEL-027,,0,,0,,0,,0,,0,Current stock availability is limiting observed demand.
20-Sep-2026,2026-09-20,RIM-NAIL-SUPERGEL-030,,0,,0,,0,,0,,0,Current stock availability is limiting observed demand.
20-Sep-2026,2026-09-20,RIM-NAIL-SUPERGEL-031,,0,,0,,0,,0,,0,Current stock availability is limiting observed demand.
20-Sep-2026,2026-09-20,RIM-NAIL-SUPERGEL-032,,0,,0,,0,,0,,0,"Recent demand is volatile, so the forecast is kept conservative."
20-Sep-2026,2026-09-20,RIM-NAIL-SUPERGEL-033,,0,,0,,0,,0,,0,"Recent demand is volatile, so the forecast is kept conservative."
20-Sep-2026,2026-09-20,RIM-NAIL-SUPERGEL-035,,0,,0,,0,,0,,0,"Recent demand is volatile, so the forecast is kept conservative."
20-Sep-2026,2026-09-20,RIM-NAIL-SUPERGEL-042,,0,,0,,0,,0,,0,"Recent demand is volatile, so the forecast is kept conservative."
20-Sep-2026,2026-09-20,RIM-NAIL-SUPERGEL-043,,0,,0,,0,,0,,0,"Recent demand is volatile, so the forecast is kept conservative."
20-Sep-2026,2026-09-20,RIM-NAIL-SUPERGEL-044,,0,,0,,0,,0,,0,Current stock availability is limiting observed demand.
20-Sep-2026,2026-09-20,RIM-NAIL-SUPERGEL-045,,0,,0,,0,,0,,0,"Recent demand is volatile, so the forecast is kept conservative."
20-Sep-2026,2026-09-20,RIM-NAIL-SUPERGEL-052,,0,,0,,0,,0,,0,Current stock availability is limiting observed demand.
20-Sep-2026,2026-09-20,RIM-NAIL-SUPERGEL-054,,0,,0,,0,,0,,0,"Recent demand is volatile, so the forecast is kept conservative."
20-Sep-2026,2026-09-20,RIM-NAIL-SUPERGEL-056,,0,,0,,0,,0,,0,"Recent demand is volatile, so the forecast is kept conservative."
20-Sep-2026,2026-09-20,RIM-NAIL-SUPERGEL-058,,0,,0,,0,,0,,0,"Demand is intermittent, so the forecast remains conservative."
20-Sep-2026,2026-09-20,RIM-NAIL-SUPERGEL-069,,0,,0,,0,,0,,0,Current stock availability is limiting observed demand.
20-Sep-2026,2026-09-20,RIM-NAIL-SUPERGEL-070,,0,,0,,0,,0,,0,Current stock availability is limiting observed demand.
20-Sep-2026,2026-09-20,RIM-NAIL-SUPERGEL-071,,0,,0,,0,,0,,0,"Recent demand is volatile, so the forecast is kept conservative."
20-Sep-2026,2026-09-20,RIM-NAIL-SUPERGEL-083,,0,,0,,0,,0,,0,"Recent demand is volatile, so the forecast is kept conservative."
20-Sep-2026,2026-09-20,RIM-NAIL-SUPERGEL-090,,0,,0,,0,,0,,0,Current stock availability is limiting observed demand.
20-Sep-2026,2026-09-20,RIM-NAIL-SUPERGEL-091,,0,,0,,0,,0,,0,"Recent demand is volatile, so the forecast is kept conservative."
20-Sep-2026,2026-09-20,RIM-NAIL-SUPERGEL-091A,,1,,0,,0,,0,,1,"Recent demand is volatile, so the forecast is kept conservative."
20-Sep-2026,2026-09-20,RIM-NAIL-SUPERGEL-094,,0,,0,,0,,0,,0,"Recent demand is volatile, so the forecast is kept conservative."
20-Sep-2026,2026-09-20,RIM-NAIL-SUPERGEL-095,,0,,0,,0,,0,,0,"Recent demand is volatile, so the forecast is kept conservative."
20-Sep-2026,2026-09-20,RIM-NAIL-SUPERGEL-096,,0,,0,,0,,0,,0,"Demand is intermittent, so the forecast remains conservative."
20-Sep-2026,2026-09-20,RIM-NAIL-SUPERGEL-097,,0,,0,,0,,0,,0,"Recent demand is volatile, so the forecast is kept conservative."
20-Sep-2026,2026-09-20,RIM-NAIL-SUPERGEL-098,,0,,0,,0,,0,,0,Current stock availability is limiting observed demand.
20-Sep-2026,2026-09-20,RIM-NAIL-SUPERGEL-099,,0,,0,,0,,0,,0,"Recent demand is volatile, so the forecast is kept conservative."
20-Sep-2026,2026-09-20,RIM-NATURALBRONZER-001,,0,,0,,0,,0,,0,Current stock availability is limiting observed demand.
20-Sep-2026,2026-09-20,RIM-NATURALBRONZER-002,,0,,0,,0,,0,,0,"Recent demand is volatile, so the forecast is kept conservative."
20-Sep-2026,2026-09-20,RIM-NATURALBRONZER-002-3PK,,0,,0,,0,,0,,0,"Demand is intermittent, so the forecast remains conservative."
20-Sep-2026,2026-09-20,RIM-OMG-LIP-130,,0,,1,,0,,0,,1,"Recent demand is volatile, so the forecast is kept conservative."
20-Sep-2026,2026-09-20,RIM-OMG-LIP-150,,0,,0,,0,,0,,0,"Recent demand is volatile, so the forecast is kept conservative."
20-Sep-2026,2026-09-20,RIM-OMG-LIP-160,,0,,0,,0,,0,,0,"Recent demand is volatile, so the forecast is kept conservative."
20-Sep-2026,2026-09-20,RIM-OMG-LIP-200,,0,,0,,0,,0,,0,Current stock availability is limiting observed demand.
20-Sep-2026,2026-09-20,RIM-OMG-LIP-210,,0,,0,,0,,0,,0,"Demand is intermittent, so the forecast remains conservative."
20-Sep-2026,2026-09-20,RIM-OMG-LIP-260,,0,,0,,0,,0,,0,Current stock availability is limiting observed demand.
20-Sep-2026,2026-09-20,RIM-OMG-LIP-300,,0,,0,,0,,0,,0,Current stock availability is limiting observed demand.
20-Sep-2026,2026-09-20,RIM-OMG-LIP-330,,0,,0,,0,,0,,0,"Recent demand is volatile, so the forecast is kept conservative."
20-Sep-2026,2026-09-20,RIM-OMG-LIP-400,,0,,0,,0,,0,,0,Current stock availability is limiting observed demand.
20-Sep-2026,2026-09-20,RIM-OMG-LIP-500,,0,,0,,0,,0,,0,"Demand is intermittent, so the forecast remains conservative."
20-Sep-2026,2026-09-20,RIM-OMG-LIP-531,,0,,0,,0,,0,,0,Current stock availability is limiting observed demand.
20-Sep-2026,2026-09-20,RIM-OMG-LIP-758,,0,,0,,0,,0,,0,Current stock availability is limiting observed demand.
20-Sep-2026,2026-09-20,RIM-OMG-LIP-759,,0,,0,,0,,0,,0,"Demand is intermittent, so the forecast remains conservative."
20-Sep-2026,2026-09-20,RIM-OMG-LIP-800,,0,,0,,0,,0,,0,"Recent demand is volatile, so the forecast is kept conservative."
20-Sep-2026,2026-09-20,RIM-OMG-LIP-801,,0,,0,,0,,0,,0,Current stock availability is limiting observed demand.
20-Sep-2026,2026-09-20,RIM-OMG-LIP-LOVEBUG,,0,,0,,0,,0,,0,"Recent demand is volatile, so the forecast is kept conservative."
20-Sep-2026,2026-09-20,RIM-OMG-PLUMP-501,,0,,0,,0,,0,,0,Current stock availability is limiting observed demand.
20-Sep-2026,2026-09-20,RIM-OMG-PLUMP-820,,0,,0,,0,,0,,0,Current stock availability is limiting observed demand.
20-Sep-2026,2026-09-20,RIM-OMP-LIP-SHAPER-010,,0,,0,,0,,0,,0,"Demand is intermittent, so the forecast remains conservative."
20-Sep-2026,2026-09-20,RIM-OMP-LIP-SHAPER-030,,0,,0,,0,,0,,0,"Demand is intermittent, so the forecast remains conservative."
20-Sep-2026,2026-09-20,RIM-OMP-LIP-SHAPER-040,,0,,0,,0,,0,,0,"Demand is intermittent, so the forecast remains conservative."
20-Sep-2026,2026-09-20,RIM-OMP-LIP-SHAPER-050,,0,,0,,0,,0,,0,"Demand is intermittent, so the forecast remains conservative."
20-Sep-2026,2026-09-20,RIM-PROVOCALIP-210,,0,,0,,0,,0,,0,Current stock availability is limiting observed demand.
20-Sep-2026,2026-09-20,RIM-PROVOCALIP-570,,0,,0,,0,,0,,0,"Recent demand is volatile, so the forecast is kept conservative."
20-Sep-2026,2026-09-20,RIM-PROVOCALIP-710,,0,,0,,0,,0,,0,Current stock availability is limiting observed demand.
20-Sep-2026,2026-09-20,RIM-PROVOCALIP-730,,0,,0,,0,,0,,0,"Recent demand is volatile, so the forecast is kept conservative."
20-Sep-2026,2026-09-20,RIM-RADBRICK-001,,0,,0,,0,,0,,0,Current stock availability is limiting observed demand.
20-Sep-2026,2026-09-20,RIM-RADBRICK-002,,0,,0,,0,,0,,0,Current stock availability is limiting observed demand.
20-Sep-2026,2026-09-20,RIM-RADBRICK-003,,0,,0,,0,,0,,0,Current stock availability is limiting observed demand.
20-Sep-2026,2026-09-20,RIM-SCD-EL-WP-001,,1,,1,,0,,0,,2,"Recent demand is volatile, so the forecast is kept conservative."
20-Sep-2026,2026-09-20,RIM-SCD-EL-WP-001-2PK,,0,,0,,0,,0,,0,"Demand is intermittent, so the forecast remains conservative."
20-Sep-2026,2026-09-20,RIM-SCD-EL-WP-001-3PK,,0,,0,,0,,0,,0,"Demand is intermittent, so the forecast remains conservative."
20-Sep-2026,2026-09-20,RIM-SCD-EL-WP-001-5PK,,0,,0,,0,,0,,0,"Demand is intermittent, so the forecast remains conservative."
20-Sep-2026,2026-09-20,RIM-SCD-EL-WP-003,,0,,0,,0,,0,,0,"Recent demand is volatile, so the forecast is kept conservative."
20-Sep-2026,2026-09-20,RIM-SCD-EL-WP-005,,0,,0,,0,,0,,0,"Demand is intermittent, so the forecast remains conservative."
20-Sep-2026,2026-09-20,RIM-SCD-EL-WP-006,,0,,0,,0,,0,,0,Current stock availability is limiting observed demand.
20-Sep-2026,2026-09-20,RIM-SCD-EL-WP-008,,0,,0,,0,,0,,0,Current stock availability is limiting observed demand.
20-Sep-2026,2026-09-20,RIM-SCD-EYE-001,,16,,2,,0,,0,,18,"Recent sales are increasing, so the forecast is higher."
20-Sep-2026,2026-09-20,RIM-SCD-EYE-001-2PK,,0,,0,,0,,0,,0,"Demand is intermittent, so the forecast remains conservative."
20-Sep-2026,2026-09-20,RIM-SCD-EYE-001-3PK,,0,,0,,0,,0,,0,"Demand is intermittent, so the forecast remains conservative."
20-Sep-2026,2026-09-20,RIM-SCD-EYE-001-5PK,,0,,0,,0,,0,,0,"Recent demand is volatile, so the forecast is kept conservative."
20-Sep-2026,2026-09-20,RIM-SCD-EYE-002,,0,,0,,0,,0,,0,Current stock availability is limiting observed demand.
20-Sep-2026,2026-09-20,RIM-SCD-EYE-002-2PK,,0,,0,,0,,0,,0,"Demand is intermittent, so the forecast remains conservative."
20-Sep-2026,2026-09-20,RIM-SCD-EYE-002-3PK,,0,,0,,0,,0,,0,"Demand is intermittent, so the forecast remains conservative."
20-Sep-2026,2026-09-20,RIM-SCD-EYE-002-5PK,,0,,0,,0,,0,,0,"Demand is intermittent, so the forecast remains conservative."
20-Sep-2026,2026-09-20,RIM-SCD-EYE-003,,0,,2,,0,,0,,2,"Recent demand is volatile, so the forecast is kept conservative."
20-Sep-2026,2026-09-20,RIM-SCD-EYE-003-2PK,,0,,0,,0,,0,,0,"Demand is intermittent, so the forecast remains conservative."
20-Sep-2026,2026-09-20,RIM-SCD-EYE-003-3PK,,0,,0,,0,,0,,0,"Demand is intermittent, so the forecast remains conservative."
20-Sep-2026,2026-09-20,RIM-SCD-EYE-003-5PK,,0,,0,,0,,0,,0,"Demand is intermittent, so the forecast remains conservative."
20-Sep-2026,2026-09-20,RIM-SCD-EYE-004,,0,,0,,0,,0,,0,"Recent demand is volatile, so the forecast is kept conservative."
20-Sep-2026,2026-09-20,RIM-SCD-EYE-005,,0,,0,,0,,0,,0,"Recent demand is volatile, so the forecast is kept conservative."
20-Sep-2026,2026-09-20,RIM-SCD-EYE-006,,0,,1,,0,,0,,1,"Recent demand is volatile, so the forecast is kept conservative."
20-Sep-2026,2026-09-20,RIM-SCD-EYE-006-2PK,,0,,0,,0,,0,,0,"Recent demand is volatile, so the forecast is kept conservative."
20-Sep-2026,2026-09-20,RIM-SCD-EYE-006-3PK,,0,,0,,0,,0,,0,"Recent demand is volatile, so the forecast is kept conservative."
20-Sep-2026,2026-09-20,RIM-SCD-EYE-006-5PK,,0,,0,,0,,0,,0,"Recent demand is volatile, so the forecast is kept conservative."
20-Sep-2026,2026-09-20,RIM-SCD-MICRO-EL-001,,0,,0,,0,,0,,0,"Demand is intermittent, so the forecast remains conservative."
20-Sep-2026,2026-09-20,RIM-SM-PRIMER-003,,0,,0,,0,,0,,0,"Demand is intermittent, so the forecast remains conservative."
20-Sep-2026,2026-09-20,RIM-SMLIQ-100,,0,,0,,0,,0,,0,"Demand is intermittent, so the forecast remains conservative."
20-Sep-2026,2026-09-20,RIM-SMLIQ-110,,0,,0,,0,,0,,0,Current stock availability is limiting observed demand.
20-Sep-2026,2026-09-20,RIM-SMLIQ-200,,0,,0,,0,,0,,0,Current stock availability is limiting observed demand.
20-Sep-2026,2026-09-20,RIM-SMLIQ-220,,0,,0,,0,,0,,0,Current stock availability is limiting observed demand.
20-Sep-2026,2026-09-20,RIM-SMLIQ-500,,0,,0,,0,,0,,0,Current stock availability is limiting observed demand.
20-Sep-2026,2026-09-20,RIM-SMLIQ-600,,0,,0,,0,,0,,0,Current stock availability is limiting observed demand.
20-Sep-2026,2026-09-20,RIM-SMLIQ-700,,0,,0,,0,,0,,0,"Recent demand is volatile, so the forecast is kept conservative."
20-Sep-2026,2026-09-20,RIM-SMLIQ-706,,0,,0,,0,,0,,0,Current stock availability is limiting observed demand.
20-Sep-2026,2026-09-20,RIM-SMLIQ-707,,0,,0,,0,,0,,0,Current stock availability is limiting observed demand.
20-Sep-2026,2026-09-20,RIM-SMLIQ-708,,0,,0,,0,,0,,0,Current stock availability is limiting observed demand.
20-Sep-2026,2026-09-20,RIM-SMLIQ-709,,0,,0,,0,,0,,0,Current stock availability is limiting observed demand.
20-Sep-2026,2026-09-20,RIM-SMLIQ-720,,0,,0,,0,,0,,0,Current stock availability is limiting observed demand.
20-Sep-2026,2026-09-20,RIM-SMLIQ-723,,0,,0,,0,,0,,0,Current stock availability is limiting observed demand.
20-Sep-2026,2026-09-20,RIM-SMLIQ-725,,0,,0,,0,,0,,0,Current stock availability is limiting observed demand.
20-Sep-2026,2026-09-20,RIM-SMLIQ-820,,0,,0,,0,,0,,0,Current stock availability is limiting observed demand.
20-Sep-2026,2026-09-20,RIM-SMLIQ-830,,0,,0,,0,,0,,0,"Demand is intermittent, so the forecast remains conservative."
20-Sep-2026,2026-09-20,RIM-SMLIQ-870,,0,,0,,0,,0,,0,"Demand is intermittent, so the forecast remains conservative."
20-Sep-2026,2026-09-20,RIM-SMLQFDT-502,,0,,0,,0,,0,,0,Current stock availability is limiting observed demand.
20-Sep-2026,2026-09-20,RIM-SMPP-001,,1,,5,,0,,0,,6,"Recent demand is volatile, so the forecast is kept conservative."
20-Sep-2026,2026-09-20,RIM-SMPP-001-2PK,,0,,0,,0,,0,,0,"Recent demand is volatile, so the forecast is kept conservative."
20-Sep-2026,2026-09-20,RIM-SMPP-001-3PK,,0,,0,,0,,0,,0,"Recent demand is volatile, so the forecast is kept conservative."
20-Sep-2026,2026-09-20,RIM-SMPP-001-5PK,,0,,0,,0,,0,,0,"Recent demand is volatile, so the forecast is kept conservative."
20-Sep-2026,2026-09-20,RIM-SMPP-002,,0,,1,,0,,0,,1,"Recent demand is volatile, so the forecast is kept conservative."
20-Sep-2026,2026-09-20,RIM-SMPP-002-2PK,,0,,0,,0,,0,,0,"Recent demand is volatile, so the forecast is kept conservative."
20-Sep-2026,2026-09-20,RIM-SMPP-002-3PK,,0,,0,,0,,0,,0,"Recent demand is volatile, so the forecast is kept conservative."
20-Sep-2026,2026-09-20,RIM-SMPP-002-5PK,,0,,0,,0,,0,,0,"Demand is intermittent, so the forecast remains conservative."
20-Sep-2026,2026-09-20,RIM-SMPP-003,,0,,4,,0,,0,,4,"Recent demand is volatile, so the forecast is kept conservative."
20-Sep-2026,2026-09-20,RIM-SMPP-003-2PK,,0,,0,,0,,0,,0,"Recent demand is volatile, so the forecast is kept conservative."
20-Sep-2026,2026-09-20,RIM-SMPP-003-3PK,,0,,0,,0,,0,,0,"Recent demand is volatile, so the forecast is kept conservative."
20-Sep-2026,2026-09-20,RIM-SMPP-003-5PK,,0,,0,,0,,0,,0,"Recent demand is volatile, so the forecast is kept conservative."
20-Sep-2026,2026-09-20,RIM-SMPP-004,,0,,2,,0,,0,,2,"Recent demand is volatile, so the forecast is kept conservative."
20-Sep-2026,2026-09-20,RIM-SMPP-004-2PK,,0,,0,,0,,0,,0,"Recent demand is volatile, so the forecast is kept conservative."
20-Sep-2026,2026-09-20,RIM-SMPP-004-3PK,,0,,0,,0,,0,,0,"Recent demand is volatile, so the forecast is kept conservative."
20-Sep-2026,2026-09-20,RIM-SMPP-004-5PK,,0,,0,,0,,0,,0,"Demand is intermittent, so the forecast remains conservative."
20-Sep-2026,2026-09-20,RIM-SMPP-005,,7,,5,,0,,0,,12,"Recent sales are increasing, so the forecast is higher."
20-Sep-2026,2026-09-20,RIM-SMPP-005-2PK,,0,,0,,0,,0,,0,"Recent demand is volatile, so the forecast is kept conservative."
20-Sep-2026,2026-09-20,RIM-SMPP-005-3PK,,0,,0,,0,,0,,0,"Recent demand is volatile, so the forecast is kept conservative."
20-Sep-2026,2026-09-20,RIM-SMPP-005-5PK,,0,,0,,0,,0,,0,"Recent demand is volatile, so the forecast is kept conservative."
20-Sep-2026,2026-09-20,RIM-SMPP-006,,0,,2,,0,,0,,2,"Recent demand is volatile, so the forecast is kept conservative."
20-Sep-2026,2026-09-20,RIM-SMPP-006-2PK,,0,,0,,0,,0,,0,"Demand is intermittent, so the forecast remains conservative."
20-Sep-2026,2026-09-20,RIM-SMPP-006-3PK,,0,,0,,0,,0,,0,"Recent demand is volatile, so the forecast is kept conservative."
20-Sep-2026,2026-09-20,RIM-SMPP-006-5PK,,0,,0,,0,,0,,0,"Recent demand is volatile, so the forecast is kept conservative."
20-Sep-2026,2026-09-20,RIM-SMPP-007,,0,,0,,0,,0,,0,Current stock availability is limiting observed demand.
20-Sep-2026,2026-09-20,RIM-SMPP-008,,0,,0,,0,,0,,0,"Recent demand is volatile, so the forecast is kept conservative."
20-Sep-2026,2026-09-20,RIM-SMPP-009,,0,,0,,0,,0,,0,"Recent demand is volatile, so the forecast is kept conservative."
20-Sep-2026,2026-09-20,RIM-SMPP-010,,0,,0,,0,,0,,0,Current stock availability is limiting observed demand.
20-Sep-2026,2026-09-20,RIM-STAY-MATTE-LIQLIP-COLOR-709,,0,,0,,0,,0,,0,Current stock availability is limiting observed demand.
20-Sep-2026,2026-09-20,RIM-STAY-SATIN-LIP-200,,0,,0,,0,,0,,0,Current stock availability is limiting observed demand.
20-Sep-2026,2026-09-20,RIM-STAY-SATIN-LIP-210,,0,,0,,0,,0,,0,"Recent demand is volatile, so the forecast is kept conservative."
20-Sep-2026,2026-09-20,RIM-STAY-SATIN-LIP-500,,0,,0,,0,,0,,0,"Recent demand is volatile, so the forecast is kept conservative."
20-Sep-2026,2026-09-20,RIM-SUPERGEL-GLITTER,,0,,0,,0,,0,,0,"Recent demand is volatile, so the forecast is kept conservative."
20-Sep-2026,2026-09-20,RIM-SUPERGEL-TOPCOAT,,2,,0,,0,,0,,2,"Recent demand is declining, so the forecast is lower."
20-Sep-2026,2026-09-20,RIM-SUPERGEL-TOPCOAT-2PK,,0,,0,,0,,0,,0,"Recent demand is volatile, so the forecast is kept conservative."
20-Sep-2026,2026-09-20,RIM-ULTIMATE-PRM-001,,0,,0,,0,,0,,0,Current stock availability is limiting observed demand.
20-Sep-2026,2026-09-20,RIM-ULTIMATE-PRM-001-2PK,,0,,0,,0,,0,,0,Current stock availability is limiting observed demand.
20-Sep-2026,2026-09-20,RIM-ULTIMATE-PRM-001-3PK,,0,,0,,0,,0,,0,"Demand is intermittent, so the forecast remains conservative."
20-Sep-2026,2026-09-20,RIM-ULTIMATE-PRM-001-5PK,,0,,0,,0,,0,,0,"Demand is intermittent, so the forecast remains conservative."
20-Sep-2026,2026-09-20,RIM-WNDCLOUD-LIQ-ES-001,,0,,0,,0,,0,,0,"Demand is intermittent, so the forecast remains conservative."
20-Sep-2026,2026-09-20,RIM-WNDCLOUD-LIQ-ES-002,,0,,0,,0,,0,,0,Current stock availability is limiting observed demand.
20-Sep-2026,2026-09-20,RIM-WNDCLOUD-LIQ-ES-004,,0,,0,,0,,0,,0,"Demand is intermittent, so the forecast remains conservative."
20-Sep-2026,2026-09-20,RIM-WNDCLOUD-LIQ-ES-005,,0,,0,,0,,0,,0,"Demand is intermittent, so the forecast remains conservative."
20-Sep-2026,2026-09-20,RIM-WNDCLOUD-LIQ-ES-006,,0,,0,,0,,0,,0,Current stock availability is limiting observed demand.
20-Sep-2026,2026-09-20,RIM-WNDCLOUD-LIQ-ES-007,,0,,0,,0,,0,,0,"Demand is intermittent, so the forecast remains conservative."
20-Sep-2026,2026-09-20,RIM-WONDER-SERUM,,0,,0,,0,,0,,0,"Recent demand is volatile, so the forecast is kept conservative."
20-Sep-2026,2026-09-20,RIM-WONDERF-BROW-001,,0,,0,,0,,0,,0,Current stock availability is limiting observed demand.
20-Sep-2026,2026-09-20,RIM-WONDERF-BROW-002,,1,,0,,0,,0,,1,"Recent demand is volatile, so the forecast is kept conservative."
20-Sep-2026,2026-09-20,RIM-WONDERF-BROW-003,,7,,0,,0,,0,,7,"Recent demand is volatile, so the forecast is kept conservative."
20-Sep-2026,2026-09-20,RIM-WONDERF-GEL-004,,0,,0,,0,,0,,0,Current stock availability is limiting observed demand.
20-Sep-2026,2026-09-20,RIM-WONDERINK-EL-001,,0,,0,,0,,0,,0,"Demand is intermittent, so the forecast remains conservative."
20-Sep-2026,2026-09-20,RIM-WONDERINK-LIQ-EL-002,,0,,0,,0,,0,,0,"Recent demand is volatile, so the forecast is kept conservative."
20-Sep-2026,2026-09-20,RIM-WONDERINK-LIQ-EL-003,,0,,0,,0,,0,,0,"Demand is intermittent, so the forecast remains conservative."
20-Sep-2026,2026-09-20,RIM-WONDERINK-LIQ-EL-005,,0,,0,,0,,0,,0,"Demand is intermittent, so the forecast remains conservative."
20-Sep-2026,2026-09-20,RIM-WONDERLAST-001,,0,,0,,0,,0,,0,"Demand is intermittent, so the forecast remains conservative."
20-Sep-2026,2026-09-20,RIM-WONDERLAST-002,,0,,0,,0,,0,,0,"Demand is intermittent, so the forecast remains conservative."
20-Sep-2026,2026-09-20,RIM-WONDERLAST-003,,0,,0,,0,,0,,0,"Demand is intermittent, so the forecast remains conservative."
20-Sep-2026,2026-09-20,RIM-WONDERLAST-004,,0,,0,,0,,0,,0,"Demand is intermittent, so the forecast remains conservative."
20-Sep-2026,2026-09-20,RIM-WONDERPROOF-EL-006,,0,,0,,0,,0,,0,"Demand is intermittent, so the forecast remains conservative."
20-Sep-2026,2026-09-20,RIM-WS2IN1-002,,0,,0,,0,,0,,0,"Demand is intermittent, so the forecast remains conservative."
20-Sep-2026,2026-09-20,RIM-WS2IN1-003,,0,,0,,0,,0,,0,"Demand is intermittent, so the forecast remains conservative."
