SKU,amz,ebay,web,oth,tot,category,resolved_parent_id,current_stock,in_stock_flag,cv_30,v7,v14,v30,v90,doc,status,risk,action
RIM-SCD-EYE-001,160,20,0,0,180,Eyeliner,B0CLGWXNPJ,108.0,1,1.1679638569399913,1.5714285714285714,1.1428571428571428,0.9666666666666667,0.4111111111111111,6.0,Stockout Imminent,HIGH STOCKOUT RISK,Expedite Purchase Order
RIM-EBP-DRKBRW,111,20,0,0,131,Eyeliner,B0H792Q1DQ,3632.0,1,0.9177673962978999,1.8571428571428572,3.2142857142857144,3.2333333333333334,4.155555555555556,277.3,Surplus Coverage,OVERSTOCK RISK,Hold Purchasing / Reallocate
RIM-SMPP-005,71,50,0,0,121,"Complexion, Face Powder, Makeup",B0H4F2L52Y,1283.0,1,0.715815787321927,5.0,6.357142857142857,5.333333333333333,5.344444444444444,106.0,Surplus Coverage,OVERSTOCK RISK,Hold Purchasing / Reallocate
RIM-WONDERF-BROW-003,76,0,0,0,76,"Brow Gels & Mascaras, Brows, Makeup",B09DTRB76M,72.0,1,3.8056219755369347,0.14285714285714285,0.07142857142857142,0.06666666666666667,0.06666666666666667,9.5,Stockout Imminent,HIGH STOCKOUT RISK,Expedite Purchase Order
RIM-MSC-ESL-101,0,60,0,0,60,Mascara,B01C2SZGUG,2300.0,1,0.5714816442733051,6.142857142857143,6.571428571428571,6.166666666666667,6.7444444444444445,383.3,Surplus Coverage,OVERSTOCK RISK,Hold Purchasing / Reallocate
RIM-MSC-E3DL-003,0,60,0,0,60,Mascara,RIM-MSC-E3DL-003,7452.0,1,0.4714616273981964,6.285714285714286,7.0,6.933333333333334,6.155555555555556,999.0,Surplus Coverage,OVERSTOCK RISK,Hold Purchasing / Reallocate
RIM-SMPP-001,10,50,0,0,60,"Complexion, Face Powder, Makeup",203496876753,6912.0,1,0.4750730937913071,4.857142857142857,4.857142857142857,4.8,4.011111111111111,999.0,Surplus Coverage,OVERSTOCK RISK,Hold Purchasing / Reallocate
RIM-BTW-F&S-003,56,0,0,0,56,"Brow Pencils, Brows, Makeup",B08R4Y54Z5,622.0,1,5.477225575051662,0.0,0.0,0.03333333333333333,0.03333333333333333,111.1,Surplus Coverage,OVERSTOCK RISK,Hold Purchasing / Reallocate
RIM-MBP-003,50,0,0,0,50,"Brow Pencils, Brows, Makeup",B0H3XRSPFS,728.0,1,3.8056219755369374,0.14285714285714285,0.07142857142857142,0.06666666666666667,0.05555555555555555,145.6,Surplus Coverage,OVERSTOCK RISK,Hold Purchasing / Reallocate
RIM-LF-LS-077,10,40,0,0,50,Lipstick,402758105930,376.0,1,0.828307252148165,4.0,4.071428571428571,4.4,3.7444444444444445,75.2,Adequate Coverage,HEALTHY INVENTORY,Maintain Baseline Reorder
RIM-MSC-ELL-003,0,50,0,0,50,Mascara,B01MY0VGTE,2541.0,1,0.4123107741479185,6.857142857142857,7.428571428571429,7.7,7.188888888888889,508.2,Surplus Coverage,OVERSTOCK RISK,Hold Purchasing / Reallocate
RIM-MSC-SCAND-VOD-001,40,0,0,0,40,Mascara,RIM-MSC-SCAND-VOD-001,273.0,1,3.8056219755369582,0.0,0.07142857142857142,0.06666666666666667,0.08888888888888889,68.2,Adequate Coverage,HEALTHY INVENTORY,Maintain Baseline Reorder
RIM-SMPP-003,0,40,0,0,40,"Complexion, Face Powder, Makeup",402161034439,573.0,1,0.5025478468075733,5.142857142857143,4.357142857142857,4.866666666666666,4.144444444444445,143.2,Surplus Coverage,OVERSTOCK RISK,Hold Purchasing / Reallocate
RIM-BTW-BSK-DRKBRW,20,10,0,0,30,"Brow Kit, Brows, Makeup",B0B3SMR3L3,809.0,1,1.2575082196100653,1.1428571428571428,1.1428571428571428,1.0333333333333334,1.0666666666666667,269.7,Surplus Coverage,OVERSTOCK RISK,Hold Purchasing / Reallocate
RIM-MSC-ESL-102,10,20,0,0,30,Mascara,B01C2SZGUG,2976.0,1,0.5941289303513435,1.7142857142857142,2.642857142857143,2.6,2.4555555555555557,992.0,Surplus Coverage,OVERSTOCK RISK,Hold Purchasing / Reallocate
RIM-HTB-004,0,30,0,0,30,Concealer,402418750983,1294.0,1,0.7212313742905715,4.428571428571429,3.5714285714285716,3.066666666666667,2.577777777777778,431.3,Surplus Coverage,OVERSTOCK RISK,Hold Purchasing / Reallocate
RIM-MSC-SCAND-RL-001,20,10,0,0,30,Mascara,RIM-MSC-SCAND-RL-001,129.0,1,1.0626437168117069,1.1428571428571428,1.5,1.0333333333333334,1.1222222222222222,43.0,Adequate Coverage,HEALTHY INVENTORY,Maintain Baseline Reorder
RIM-NAIL-60S-902,20,10,0,0,30,Nail Polish,402783366055,530.0,1,1.2066228480009846,0.42857142857142855,0.5,0.6,0.5888888888888889,176.7,Surplus Coverage,OVERSTOCK RISK,Hold Purchasing / Reallocate
RIM-100WP-BLK,0,30,0,0,30,Mascara,B00NA0D8TC,610.0,1,0.8358383295578087,2.857142857142857,2.357142857142857,3.1,1.2444444444444445,203.3,Surplus Coverage,OVERSTOCK RISK,Hold Purchasing / Reallocate
RIM-LF-LS-206,10,10,0,0,20,Lipstick,B0DJ87CTD6,390.0,1,2.0264772857633604,0.2857142857142857,1.0,2.2666666666666666,1.3444444444444446,195.0,Surplus Coverage,OVERSTOCK RISK,Hold Purchasing / Reallocate
RIM-LASTLIP-620,20,0,0,0,20,"Lip Pencil, Lips, Makeup",402817922464,79.0,1,2.7667982242644844,0.14285714285714285,0.14285714285714285,0.16666666666666666,0.1111111111111111,39.5,Adequate Coverage,HEALTHY INVENTORY,Maintain Baseline Reorder
RIM-SCD-EL-WP-001,10,10,0,0,20,Eyeliner,205590074187,4076.0,1,1.253765878986319,0.8571428571428571,0.7142857142857143,1.0666666666666667,1.6666666666666667,999.0,Surplus Coverage,OVERSTOCK RISK,Hold Purchasing / Reallocate
RIM-BTW-BSK-MEDBRW,0,20,0,0,20,"Brow Kit, Brows, Makeup",205588870561,96.0,1,0.8977475025612749,1.7142857142857142,1.4285714285714286,1.5666666666666667,1.0,48.0,Adequate Coverage,HEALTHY INVENTORY,Maintain Baseline Reorder
RIM-MSC-ACCEL-BLK,10,10,0,0,20,Mascara,RIM-MSC-ACCEL-BLK,12.0,1,0.8917480796610516,1.0,1.2857142857142858,1.4,0.7222222222222222,6.0,Stockout Imminent,HIGH STOCKOUT RISK,Expedite Purchase Order
RIM-NAIL-60S-345,10,10,0,0,20,Nail Polish,402783366055,207.0,1,1.1841067785144674,0.8571428571428571,0.5714285714285714,0.7333333333333333,0.5444444444444444,103.5,Surplus Coverage,OVERSTOCK RISK,Hold Purchasing / Reallocate
RIM-SCD-EYE-003,0,20,0,0,20,Eyeliner,B0CLGWXNPJ,62.0,1,1.1578450706378132,2.142857142857143,2.7857142857142856,1.8666666666666667,0.6222222222222222,31.0,Adequate Coverage,HEALTHY INVENTORY,Maintain Baseline Reorder
RIM-SMPP-006,0,20,0,0,20,"Complexion, Face Powder, Makeup",B0H4F2L52Y,941.0,1,1.2940180673470865,1.2857142857142858,2.0714285714285716,2.5,2.7111111111111112,470.5,Surplus Coverage,OVERSTOCK RISK,Hold Purchasing / Reallocate
RIM-SUPERGEL-TOPCOAT,20,0,0,0,20,"Base & Top Coat, Nails",B0H6R42TK5,485.0,1,3.0512857662936512,0.14285714285714285,0.07142857142857142,0.1,0.044444444444444446,242.5,Surplus Coverage,OVERSTOCK RISK,Hold Purchasing / Reallocate
RIM-SMPP-004,0,20,0,0,20,"Complexion, Face Powder, Makeup",203496876753,631.0,1,1.0578825017560916,1.8571428571428572,2.7142857142857144,2.466666666666667,2.2555555555555555,315.5,Surplus Coverage,OVERSTOCK RISK,Hold Purchasing / Reallocate
RIM-MSC-SCAND-WOW-001,16,0,0,0,16,Mascara,B097QPWLHM,52.0,1,5.477225575051661,0.0,0.0,0.0,0.011111111111111112,32.5,Adequate Coverage,HEALTHY INVENTORY,Maintain Baseline Reorder
RIM-NAIL-60S-900,0,10,0,0,10,Nail Polish,402783366055,1814.0,1,1.066738503328138,0.42857142857142855,0.5,0.6666666666666666,0.6333333333333333,999.0,Surplus Coverage,OVERSTOCK RISK,Hold Purchasing / Reallocate
RIM-LF-LS-101,0,10,0,0,10,Lipstick,402758105930,116.0,1,1.3693063937629149,0.7142857142857143,0.5,0.5333333333333333,0.4888888888888889,116.0,Surplus Coverage,OVERSTOCK RISK,Hold Purchasing / Reallocate
RIM-NAIL-SUPERGEL-012,10,0,0,0,10,Gel Nail Polish,B0H6R42TK5,353.0,1,3.8056219755369365,0.0,0.0,0.06666666666666667,0.12222222222222222,353.0,Surplus Coverage,OVERSTOCK RISK,Hold Purchasing / Reallocate
RIM-SCD-EYE-006,0,10,0,0,10,Eyeliner,205588891103,1190.0,1,2.3072225428139705,1.5714285714285714,1.2857142857142858,0.8,1.0222222222222221,999.0,Surplus Coverage,OVERSTOCK RISK,Hold Purchasing / Reallocate
RIM-NAIL-SUPERGEL-091A,10,0,0,0,10,Gel Nail Polish,403359609638,673.0,1,2.593094277313201,0.14285714285714285,0.14285714285714285,0.13333333333333333,0.17777777777777778,673.0,Surplus Coverage,OVERSTOCK RISK,Hold Purchasing / Reallocate
RIM-OMG-LIP-130,0,10,0,0,10,"Lip Gloss, Lips, Makeup",205588891993,14.0,1,1.2845859561081296,0.5714285714285714,0.6428571428571429,0.5666666666666667,0.7444444444444445,14.0,Lean Coverage,MODERATE REORDER,Standard Replenishment
RIM-LASTLIP-725,0,10,0,0,10,"Lip Pencil, Lips, Makeup",402817922464,117.0,1,1.2194543720522066,1.2857142857142858,1.2857142857142858,1.3333333333333333,0.9,117.0,Surplus Coverage,OVERSTOCK RISK,Hold Purchasing / Reallocate
RIM-HTB-105,0,10,0,0,10,Concealer,B01C2U97IQ,1481.0,1,1.5001870249997358,1.8571428571428572,1.5,1.3,1.4333333333333333,999.0,Surplus Coverage,OVERSTOCK RISK,Hold Purchasing / Reallocate
RIM-LF-LS-084,0,10,0,0,10,Lipstick,402758105930,36.0,1,1.1975680686277772,1.8571428571428572,1.5714285714285714,1.4666666666666666,0.7888888888888889,36.0,Adequate Coverage,HEALTHY INVENTORY,Maintain Baseline Reorder
RIM-EXAG-EYEL-001,0,10,0,0,10,Eyeliner,402758135397,1713.0,1,1.0954451150103324,0.7142857142857143,0.8571428571428571,0.8333333333333334,1.1777777777777778,999.0,Surplus Coverage,OVERSTOCK RISK,Hold Purchasing / Reallocate
RIM-SMPP-002,0,10,0,0,10,"Complexion, Face Powder, Makeup",B0H4F2L52Y,2524.0,1,1.0087582684638718,1.0,1.3571428571428572,1.1666666666666667,1.2444444444444445,999.0,Surplus Coverage,OVERSTOCK RISK,Hold Purchasing / Reallocate
RIM-LF-SG-LS-904,0,10,0,0,10,"Lips, Lipstick, Makeup",404272848129,166.0,1,1.6400168207716022,0.8571428571428571,0.7142857142857143,0.5,0.4,166.0,Surplus Coverage,OVERSTOCK RISK,Hold Purchasing / Reallocate
RIM-MBP-002,0,10,0,0,10,"Brow Pencils, Brows, Makeup",B0H3NLP3ZK,2064.0,1,1.6094548230957595,0.42857142857142855,0.9285714285714286,0.8333333333333334,1.011111111111111,999.0,Surplus Coverage,OVERSTOCK RISK,Hold Purchasing / Reallocate
RIM-ELP-061,0,10,0,0,10,Eyeliner,B0H4YF8BP1,6742.0,1,2.2055914850222877,0.8571428571428571,0.42857142857142855,0.36666666666666664,0.5,999.0,Surplus Coverage,OVERSTOCK RISK,Hold Purchasing / Reallocate
RIM-BBCREAM-LIGHT,0,10,0,0,10,"BB & CC Cream, Complexion, Makeup",402758154009,1498.0,1,1.1348239841568335,0.5714285714285714,0.5714285714285714,0.7,0.7555555555555555,999.0,Surplus Coverage,OVERSTOCK RISK,Hold Purchasing / Reallocate
RIM-ELP-064,10,0,0,0,10,Eyeliner,402071202955,3882.0,1,1.986544777561473,0.5714285714285714,0.42857142857142855,0.3,0.5555555555555556,999.0,Surplus Coverage,OVERSTOCK RISK,Hold Purchasing / Reallocate
RIM-MSC-WLUX-003,0,10,0,0,10,"Eyes, Makeup, Mascara",403212526888,38.0,1,1.7220677226460368,1.1428571428571428,0.7857142857142857,0.5,0.16666666666666666,38.0,Adequate Coverage,HEALTHY INVENTORY,Maintain Baseline Reorder
RIM-WONDERF-BROW-002,10,0,0,0,10,"Brow Gels & Mascaras, Brows, Makeup",B09DTRB76M,31.0,1,5.477225575051666,0.0,0.07142857142857142,0.03333333333333333,0.03333333333333333,31.0,Adequate Coverage,HEALTHY INVENTORY,Maintain Baseline Reorder
RIM-MICRO-BRW-003,10,0,0,0,10,"Brow Pencils, Brows, Makeup",B08R4SQBV9,83.0,1,5.477225575051661,0.0,0.0,0.0,0.0,83.0,Adequate Coverage,HEALTHY INVENTORY,Maintain Baseline Reorder
RIM-EBP-HAZEL,0,0,0,0,0,Eyeliner,B00MJ0F7X4,0.0,0,5.477225575024533,0.0,0.0,0.0,2.466666666666667,0.0,Stockout Inactive,STOCKOUT RISK,Urgent Restock Required
RIM-EBP-HAZEL-5PK,0,0,0,0,0,Cosmetics General,RIM-EBP-HAZEL-5PK,4.0,1,5.477225575051832,0.0,0.0,0.0,0.17777777777777778,999.0,Dormant Inventory,SLOW-MOVING EXCESS,Review Promotion / Liquidation
RIM-ELP-021,0,0,0,0,0,Eyeliner,B0G1Z37VWG,921.0,1,5.4772255750518655,0.0,0.0,0.03333333333333333,0.13333333333333333,999.0,Dormant Inventory,SLOW-MOVING EXCESS,Review Promotion / Liquidation
RIM-ELP-061-2PK,0,0,0,0,0,Cosmetics General,RIM-ELP-061-2PK,3596.0,1,5.477225575051664,0.0,0.0,0.0,0.022222222222222223,999.0,Dormant Inventory,SLOW-MOVING EXCESS,Review Promotion / Liquidation
RIM-ELP-061-6PK,0,0,0,0,0,Cosmetics General,B01CZ5I694,1156.0,1,5.477225575051661,0.0,0.0,0.03333333333333333,0.011111111111111112,999.0,Dormant Inventory,SLOW-MOVING EXCESS,Review Promotion / Liquidation
RIM-ELP-064-2PK,0,0,0,0,0,Cosmetics General,RIM-ELP-064-2PK,1951.0,1,5.477225575051661,0.0,0.07142857142857142,0.03333333333333333,0.03333333333333333,999.0,Dormant Inventory,SLOW-MOVING EXCESS,Review Promotion / Liquidation
RIM-ELP-064-3PK,0,0,0,0,0,Cosmetics General,RIM-ELP-064-3PK,1625.0,1,5.477225575051661,0.0,0.0,0.0,0.0,999.0,Dormant Inventory,SLOW-MOVING EXCESS,Review Promotion / Liquidation
RIM-ELP-064-5PK,0,0,0,0,0,Cosmetics General,RIM-ELP-064-5PK,837.0,1,5.477225575051661,0.0,0.0,0.0,0.011111111111111112,999.0,Dormant Inventory,SLOW-MOVING EXCESS,Review Promotion / Liquidation
RIM-ELP-071,0,0,0,0,0,Eyeliner,402071202955,7578.0,1,2.421170990557519,0.2857142857142857,0.21428571428571427,0.2,0.24444444444444444,999.0,Dormant Inventory,SLOW-MOVING EXCESS,Review Promotion / Liquidation
RIM-ELP-071-2PK,0,0,0,0,0,Cosmetics General,RIM-ELP-071-2PK,3815.0,1,5.477225575051661,0.0,0.0,0.0,0.0,999.0,Dormant Inventory,SLOW-MOVING EXCESS,Review Promotion / Liquidation
RIM-ELP-071-3PK,0,0,0,0,0,Cosmetics General,RIM-ELP-071-3PK,2554.0,1,5.477225575051662,0.0,0.0,0.0,0.0,999.0,Dormant Inventory,SLOW-MOVING EXCESS,Review Promotion / Liquidation
RIM-ELP-071-5PK,0,0,0,0,0,Cosmetics General,RIM-ELP-071-5PK,1522.0,1,5.477225575051661,0.0,0.0,0.0,0.0,999.0,Dormant Inventory,SLOW-MOVING EXCESS,Review Promotion / Liquidation
RIM-EXAG-EYEL-001-2PK,0,0,0,0,0,Cosmetics General,RIM-EXAG-EYEL-001-2PK,875.0,1,5.477225575051659,0.0,0.0,0.03333333333333333,0.011111111111111112,999.0,Dormant Inventory,SLOW-MOVING EXCESS,Review Promotion / Liquidation
RIM-EXAG-EYEL-001-3PK,0,0,0,0,0,Cosmetics General,RIM-EXAG-EYEL-001-3PK,571.0,1,2.4211709905575116,0.14285714285714285,0.07142857142857142,0.2,0.18888888888888888,999.0,Dormant Inventory,SLOW-MOVING EXCESS,Review Promotion / Liquidation
RIM-EXAG-EYEL-001-5PK,0,0,0,0,0,Cosmetics General,RIM-EXAG-EYEL-001-5PK,217.0,1,5.477225575051662,0.0,0.0,0.0,0.03333333333333333,999.0,Dormant Inventory,SLOW-MOVING EXCESS,Review Promotion / Liquidation
RIM-EXAG-EYEL-003-WP,0,0,0,0,0,Eyeliner,402758135397,1.0,1,5.477225575051765,0.0,0.0,0.0,0.0,999.0,Dormant Inventory,SLOW-MOVING EXCESS,Review Promotion / Liquidation
RIM-EXGEL-230,0,0,0,0,0,Cosmetics General,B0F8W1BWH6,12.0,1,5.477225575051662,0.0,0.0,0.0,0.0,999.0,Dormant Inventory,SLOW-MOVING EXCESS,Review Promotion / Liquidation
RIM-EXGEL-240,0,0,0,0,0,Cosmetics General,B01C2SKWKU,0.0,0,5.477225575051661,0.0,0.0,0.0,0.1,0.0,Stockout Inactive,STOCKOUT RISK,Urgent Restock Required
RIM-FDT-MATCH-101,0,0,0,0,0,"Complexion, Foundation, Makeup",B0GBY3RTBB,0.0,0,5.477225575051661,0.0,0.0,0.0,0.0,0.0,Stockout Inactive,STOCKOUT RISK,Urgent Restock Required
RIM-FDT-MATCH-103,0,0,0,0,0,"Complexion, Foundation, Makeup",403204793598,0.0,0,5.477225575051661,0.0,0.0,0.0,0.0,0.0,Stockout Inactive,STOCKOUT RISK,Urgent Restock Required
RIM-FDT-MATCH-200,0,0,0,0,0,"Complexion, Foundation, Makeup",B0GBY3RTBB,116.0,1,5.477225575051662,0.0,0.0,0.0,0.011111111111111112,999.0,Dormant Inventory,SLOW-MOVING EXCESS,Review Promotion / Liquidation
RIM-FDT-MATCH-203,0,0,0,0,0,"Complexion, Foundation, Makeup",403204793598,48.0,1,3.8056219755369383,0.14285714285714285,0.07142857142857142,0.06666666666666667,0.044444444444444446,999.0,Dormant Inventory,SLOW-MOVING EXCESS,Review Promotion / Liquidation
RIM-FDT-MATCH-300,0,0,0,0,0,"Complexion, Foundation, Makeup",403204793598,0.0,0,5.477225575051661,0.0,0.0,0.0,0.0,0.0,Stockout Inactive,STOCKOUT RISK,Urgent Restock Required
RIM-FDT-MATCH-400,0,0,0,0,0,"Complexion, Foundation, Makeup",403204793598,0.0,0,5.477225575051661,0.0,0.0,0.0,0.0,0.0,Stockout Inactive,STOCKOUT RISK,Urgent Restock Required
RIM-FDT-MATCH-501,0,0,0,0,0,"Complexion, Foundation, Makeup",403204793598,1.0,1,5.477225575051661,0.0,0.0,0.0,0.011111111111111112,999.0,Dormant Inventory,SLOW-MOVING EXCESS,Review Promotion / Liquidation
RIM-FIX&PROT-PRIMER,0,0,0,0,0,Cosmetics General,B0H3KBBL9Z,0.0,0,5.477225575051691,0.0,0.0,0.0,0.18888888888888888,0.0,Stockout Inactive,STOCKOUT RISK,Urgent Restock Required
RIM-GENTLE-EYE-MAKEUP-RMVR-125ML,0,0,0,0,0,Cosmetics General,RIM-GENTLE-EYE-MAKEUP-RMVR-125ML,0.0,0,5.477225575051661,0.0,0.0,0.0,0.0,0.0,Stockout Inactive,STOCKOUT RISK,Urgent Restock Required
RIM-GLAMEYES-LL-001,0,0,0,0,0,Eyeliner,RIM-GLAMEYES-LL-001,3766.0,1,2.160029712830173,0.2857142857142857,0.2857142857142857,0.23333333333333334,0.3,999.0,Dormant Inventory,SLOW-MOVING EXCESS,Review Promotion / Liquidation
RIM-GLAMEYES-LL-001-2PK,0,0,0,0,0,Eyeliner,RIM-GLAMEYES-LL-001-2PK,2064.0,1,5.477225575051661,0.14285714285714285,0.07142857142857142,0.03333333333333333,0.022222222222222223,999.0,Dormant Inventory,SLOW-MOVING EXCESS,Review Promotion / Liquidation
RIM-GLAMEYES-LL-002,0,0,0,0,0,Eyeliner,B0GXFP4N17,0.0,0,5.477225575051699,0.0,0.0,0.0,0.0,0.0,Stockout Inactive,STOCKOUT RISK,Urgent Restock Required
RIM-HIGHLIGHT-001,0,0,0,0,0,"Complexion, Face Powder, Makeup",405495505414,123.0,1,5.477225575051662,0.0,0.0,0.0,0.0,999.0,Dormant Inventory,SLOW-MOVING EXCESS,Review Promotion / Liquidation
RIM-HIGHLIGHT-002,0,0,0,0,0,"Complexion, Face Powder, Makeup",B09CH9DZL9,21.0,1,3.1840117830313943,0.14285714285714285,0.21428571428571427,0.16666666666666666,0.05555555555555555,999.0,Dormant Inventory,SLOW-MOVING EXCESS,Review Promotion / Liquidation
RIM-HTB-001,0,0,0,0,0,Concealer,402418750983,0.0,0,5.477225575051612,0.0,0.0,0.0,0.0,0.0,Stockout Inactive,STOCKOUT RISK,Urgent Restock Required
RIM-HTB-001-2PK,0,0,0,0,0,Cosmetics General,RIM-HTB-001-2PK,4.0,1,5.477225575051648,0.0,0.0,0.0,0.0,999.0,Dormant Inventory,SLOW-MOVING EXCESS,Review Promotion / Liquidation
RIM-HTB-001-3PK,0,0,0,0,0,Cosmetics General,RIM-HTB-001-3PK,906.0,1,5.477225575051658,0.0,0.0,0.0,0.0,999.0,Dormant Inventory,SLOW-MOVING EXCESS,Review Promotion / Liquidation
RIM-HTB-001-5PK,0,0,0,0,0,Cosmetics General,RIM-HTB-001-5PK,537.0,1,5.477225575051666,0.0,0.0,0.0,0.0,999.0,Dormant Inventory,SLOW-MOVING EXCESS,Review Promotion / Liquidation
RIM-HTB-002,0,0,0,0,0,Concealer,205588819397,0.0,0,5.477225575051785,0.0,0.0,0.0,0.7666666666666667,0.0,Stockout Inactive,STOCKOUT RISK,Urgent Restock Required
RIM-HTB-004-2PK,0,0,0,0,0,Cosmetics General,RIM-HTB-004-2PK,755.0,1,2.2742941307367106,0.0,0.0,0.16666666666666666,0.05555555555555555,999.0,Dormant Inventory,SLOW-MOVING EXCESS,Review Promotion / Liquidation
RIM-HTB-004-3PK,0,0,0,0,0,Cosmetics General,RIM-HTB-004-3PK,448.0,1,5.477225575051666,0.0,0.0,0.03333333333333333,0.07777777777777778,999.0,Dormant Inventory,SLOW-MOVING EXCESS,Review Promotion / Liquidation
RIM-HTB-004-5PK,0,0,0,0,0,Cosmetics General,RIM-HTB-004-5PK,306.0,1,3.8056219755369365,0.0,0.0,0.06666666666666667,0.03333333333333333,999.0,Dormant Inventory,SLOW-MOVING EXCESS,Review Promotion / Liquidation
RIM-HTB-103,0,0,0,0,0,Concealer,402418750983,0.0,0,5.4772255750547325,0.0,0.0,0.0,0.08888888888888889,0.0,Stockout Inactive,STOCKOUT RISK,Urgent Restock Required
RIM-HTB-103-2PK,0,0,0,0,0,Cosmetics General,RIM-HTB-103-2PK,0.0,0,5.4772255750516745,0.0,0.0,0.0,0.011111111111111112,0.0,Stockout Inactive,STOCKOUT RISK,Urgent Restock Required
RIM-HTB-103-3PK,0,0,0,0,0,Cosmetics General,RIM-HTB-103-3PK,28.0,1,5.4772255750516585,0.0,0.0,0.0,0.0,999.0,Dormant Inventory,SLOW-MOVING EXCESS,Review Promotion / Liquidation
RIM-HTB-103-5PK,0,0,0,0,0,Cosmetics General,RIM-HTB-103-5PK,2.0,1,5.477225575051681,0.0,0.0,0.0,0.0,999.0,Dormant Inventory,SLOW-MOVING EXCESS,Review Promotion / Liquidation
RIM-INSTACC-GREEN,0,0,0,0,0,"Colour Corrector, Complexion, Makeup",B0F8P37FR4,0.0,0,5.47722557505166,0.0,0.0,0.0,0.0,0.0,Stockout Inactive,STOCKOUT RISK,Urgent Restock Required
RIM-INSTACC-LAVENDER,0,0,0,0,0,"Colour Corrector, Complexion, Makeup",B0F8P37FR4,0.0,0,5.477225575051659,0.0,0.0,0.0,0.0,0.0,Stockout Inactive,STOCKOUT RISK,Urgent Restock Required
RIM-INSTAFIX-SPRAY,0,0,0,0,0,"Complexion, Makeup, Setting Spray",RIM-INSTAFIX-SPRAY,0.0,0,5.477225575051656,0.0,0.0,0.0,0.0,0.0,Stockout Inactive,STOCKOUT RISK,Urgent Restock Required
RIM-JELLY-010,0,0,0,0,0,"Complexion, Highlighter, Makeup",B07QRM9RX9,111.0,1,5.477225575051661,0.0,0.0,0.0,0.0,999.0,Dormant Inventory,SLOW-MOVING EXCESS,Review Promotion / Liquidation
RIM-JELLY-020,0,0,0,0,0,"Complexion, Highlighter, Makeup",RIM-JELLY,44.0,1,5.477225575051661,0.0,0.0,0.0,0.011111111111111112,999.0,Dormant Inventory,SLOW-MOVING EXCESS,Review Promotion / Liquidation
RIM-JELLY-040,0,0,0,0,0,"Complexion, Highlighter, Makeup",402824217657,39.0,1,5.477225575051661,0.0,0.0,0.0,0.0,999.0,Dormant Inventory,SLOW-MOVING EXCESS,Review Promotion / Liquidation
RIM-KATE-NUDE-LS-040,0,0,0,0,0,Lipstick,B01GH03YT0,0.0,0,5.477225575051625,0.0,0.0,0.0,0.0,0.0,Stockout Inactive,STOCKOUT RISK,Urgent Restock Required
RIM-KATE-NUDE-LS-042,0,0,0,0,0,Lipstick,402758170130,0.0,0,5.477225575052002,0.0,0.0,0.0,0.0,0.0,Stockout Inactive,STOCKOUT RISK,Urgent Restock Required
RIM-KATE-NUDE-LS-045,0,0,0,0,0,Lipstick,B01GH0421Y,0.0,0,5.477225575051645,0.0,0.0,0.0,0.0,0.0,Stockout Inactive,STOCKOUT RISK,Urgent Restock Required
RIM-KATE-NUDE-LS-045-5PK,0,0,0,0,0,Cosmetics General,RIM-KATE-NUDE-LS-045-5PK,0.0,0,5.4772255750516825,0.0,0.0,0.0,0.0,0.0,Stockout Inactive,STOCKOUT RISK,Urgent Restock Required
RIM-KATE-NUDE-LS-048,0,0,0,0,0,Lipstick,B01GH03YRM,0.0,0,5.477225575051645,0.0,0.0,0.0,0.0,0.0,Stockout Inactive,STOCKOUT RISK,Urgent Restock Required
RIM-KATE-SCULPTPAL-002,0,0,0,0,0,"Complexion Palettes, Makeup, Palettes",402888786877,0.0,0,5.477225575051659,0.0,0.0,0.0,0.0,0.0,Stockout Inactive,STOCKOUT RISK,Urgent Restock Required
RIM-KATE-SCULPTPAL-002-2PK,0,0,0,0,0,Cosmetics General,RIM-KATE-SCULPTPAL-002-2PK,1.0,1,5.477225575051662,0.0,0.0,0.0,0.0,999.0,Dormant Inventory,SLOW-MOVING EXCESS,Review Promotion / Liquidation
RIM-KATE-SCULPTPAL-002-3PK,0,0,0,0,0,Cosmetics General,RIM-KATE-SCULPTPAL-002-3PK,3.0,1,5.477225575051661,0.0,0.0,0.0,0.0,999.0,Dormant Inventory,SLOW-MOVING EXCESS,Review Promotion / Liquidation
RIM-KATE-SCULPTPAL-002-5PK,0,0,0,0,0,Cosmetics General,RIM-KATE-SCULPTPAL-002-5PK,15.0,1,5.477225575051661,0.0,0.0,0.0,0.0,999.0,Dormant Inventory,SLOW-MOVING EXCESS,Review Promotion / Liquidation
RIM-KF-BROW-DEFINER-001,0,0,0,0,0,Eyeliner,406668684099,42.0,1,5.477225575051661,0.0,0.0,0.0,0.0,999.0,Dormant Inventory,SLOW-MOVING EXCESS,Review Promotion / Liquidation
RIM-KF-BROW-DEFINER-002,0,0,0,0,0,Eyeliner,406668684099,43.0,1,5.477225575051661,0.0,0.0,0.0,0.011111111111111112,999.0,Dormant Inventory,SLOW-MOVING EXCESS,Review Promotion / Liquidation
RIM-KF-BROW-DEFINER-004,0,0,0,0,0,Eyeliner,406668684099,44.0,1,5.477225575051661,0.0,0.0,0.0,0.011111111111111112,999.0,Dormant Inventory,SLOW-MOVING EXCESS,Review Promotion / Liquidation
RIM-KF-BROW-DEFINER-005,0,0,0,0,0,Eyeliner,RIM-KF-BROW-DEFINER,33.0,1,5.477225575051661,0.0,0.0,0.0,0.0,999.0,Dormant Inventory,SLOW-MOVING EXCESS,Review Promotion / Liquidation
RIM-KF-BROW-DEFINER-006,0,0,0,0,0,Eyeliner,RIM-KF-BROW-DEFINER,20.0,1,5.477225575051661,0.0,0.0,0.0,0.06666666666666667,999.0,Dormant Inventory,SLOW-MOVING EXCESS,Review Promotion / Liquidation
RIM-KF-CCLR-010,0,0,0,0,0,"Complexion, Concealer, Makeup",B09KNFV5DR,0.0,0,5.477225575051661,0.0,0.0,0.0,0.0,0.0,Stockout Inactive,STOCKOUT RISK,Urgent Restock Required
RIM-KF-CCLR-020,0,0,0,0,0,"Complexion, Concealer, Makeup",B09KNFV5DR,0.0,0,5.477225575051661,0.0,0.0,0.0,0.0,0.0,Stockout Inactive,STOCKOUT RISK,Urgent Restock Required
RIM-KF-CCLR-030,0,0,0,0,0,"Complexion, Concealer, Makeup",B09KNFV5DR,28.0,1,5.477225575051661,0.0,0.0,0.0,0.0,999.0,Dormant Inventory,SLOW-MOVING EXCESS,Review Promotion / Liquidation
RIM-KF-CCLR-040,0,0,0,0,0,"Complexion, Concealer, Makeup",403715540878,17.0,1,5.477225575051661,0.0,0.0,0.0,0.0,999.0,Dormant Inventory,SLOW-MOVING EXCESS,Review Promotion / Liquidation
RIM-KF-EYE-DEFINER-02,0,0,0,0,0,Eyeliner,B0BYPJMZC6,18.0,1,5.477225575051661,0.0,0.0,0.0,0.0,999.0,Dormant Inventory,SLOW-MOVING EXCESS,Review Promotion / Liquidation
RIM-KF-EYE-DEFINER-03,0,0,0,0,0,Eyeliner,RIM-KF-EYE-DEFINER,40.0,1,5.477225575051661,0.0,0.0,0.0,0.0,999.0,Dormant Inventory,SLOW-MOVING EXCESS,Review Promotion / Liquidation
RIM-KF-EYE-DEFINER-04,0,0,0,0,0,Eyeliner,RIM-KF-EYE-DEFINER,44.0,1,5.477225575051661,0.0,0.0,0.0,0.0,999.0,Dormant Inventory,SLOW-MOVING EXCESS,Review Promotion / Liquidation
RIM-KF-EYE-DEFINER-05,0,0,0,0,0,Eyeliner,B0BYPJMZC6,19.0,1,5.477225575051663,0.0,0.0,0.0,0.0,999.0,Dormant Inventory,SLOW-MOVING EXCESS,Review Promotion / Liquidation
RIM-KF-EYE-DEFINER-06,0,0,0,0,0,Eyeliner,RIM-KF-EYE-DEFINER,35.0,1,5.477225575051661,0.0,0.0,0.0,0.0,999.0,Dormant Inventory,SLOW-MOVING EXCESS,Review Promotion / Liquidation
RIM-KF-FDT-001,0,0,0,0,0,"Complexion, Foundation, Makeup",RIM-KF-FDT,0.0,0,5.477225575051661,0.0,0.0,0.0,0.011111111111111112,0.0,Stockout Inactive,STOCKOUT RISK,Urgent Restock Required
RIM-KF-FDT-103,0,0,0,0,0,"Complexion, Foundation, Makeup",RIM-KF-FDT,1.0,1,5.477225575051662,0.0,0.0,0.0,0.0,999.0,Dormant Inventory,SLOW-MOVING EXCESS,Review Promotion / Liquidation
RIM-KF-FDT-150,0,0,0,0,0,"Complexion, Foundation, Makeup",RIM-KF-FDT,107.0,1,5.477225575051661,0.0,0.0,0.0,0.0,999.0,Dormant Inventory,SLOW-MOVING EXCESS,Review Promotion / Liquidation
RIM-KF-FDT-210,0,0,0,0,0,"Complexion, Foundation, Makeup",RIM-KF-FDT,1.0,1,5.47722557505166,0.0,0.0,0.0,0.03333333333333333,999.0,Dormant Inventory,SLOW-MOVING EXCESS,Review Promotion / Liquidation
RIM-KF-FDT-410,0,0,0,0,0,"Complexion, Foundation, Makeup",RIM-KF-FDT,1.0,1,5.477225575051661,0.0,0.0,0.0,0.0,999.0,Dormant Inventory,SLOW-MOVING EXCESS,Review Promotion / Liquidation
RIM-KF-MSC-BLACK,0,0,0,0,0,Mascara,B0D7MZSWND,1.0,1,5.477225575051664,0.0,0.0,0.0,0.0,999.0,Dormant Inventory,SLOW-MOVING EXCESS,Review Promotion / Liquidation
RIM-KF-MSC-BROWN,0,0,0,0,0,Cosmetics General,B09KNJQXQR,0.0,0,5.477225575051641,0.0,0.0,0.0,0.0,0.0,Stockout Inactive,STOCKOUT RISK,Urgent Restock Required
RIM-KF-MULTISTICK-002,0,0,0,0,0,Blusher,205591444972,2.0,1,5.477225575051661,0.0,0.0,0.0,0.011111111111111112,999.0,Dormant Inventory,SLOW-MOVING EXCESS,Review Promotion / Liquidation
RIM-KF-MULTISTICK-003,0,0,0,0,0,Blusher,205591444972,4.0,1,5.477225575051661,0.0,0.0,0.0,0.0,999.0,Dormant Inventory,SLOW-MOVING EXCESS,Review Promotion / Liquidation
RIM-KF-MULTISTICK-004,0,0,0,0,0,Blusher,B0C7WQQ6W8,0.0,0,5.477225575051662,0.0,0.0,0.0,0.0,0.0,Stockout Inactive,STOCKOUT RISK,Urgent Restock Required
RIM-KF-MULTISTICK-005,0,0,0,0,0,Blusher,B0C7WQQ6W8,31.0,1,5.477225575051661,0.0,0.0,0.0,0.0,999.0,Dormant Inventory,SLOW-MOVING EXCESS,Review Promotion / Liquidation
RIM-KF-NAIL-150,0,0,0,0,0,Nail Polish,205588949990,64.0,1,5.477225575051661,0.0,0.0,0.0,0.0,999.0,Dormant Inventory,SLOW-MOVING EXCESS,Review Promotion / Liquidation
RIM-KF-NAIL-151,0,0,0,0,0,Nail Polish,RIM-KF-NAIL,73.0,1,5.477225575051661,0.0,0.0,0.0,0.0,999.0,Dormant Inventory,SLOW-MOVING EXCESS,Review Promotion / Liquidation
RIM-KF-NAIL-152,0,0,0,0,0,Nail Polish,B0BGYQ3NCB,60.0,1,5.477225575051662,0.0,0.0,0.0,0.022222222222222223,999.0,Dormant Inventory,SLOW-MOVING EXCESS,Review Promotion / Liquidation
RIM-KF-NAIL-153,0,0,0,0,0,Nail Polish,B0BGYQ3NCB,1.0,1,5.477225575051671,0.0,0.0,0.0,0.0,999.0,Dormant Inventory,SLOW-MOVING EXCESS,Review Promotion / Liquidation
RIM-KF-NAIL-154,0,0,0,0,0,Nail Polish,RIM-KF-NAIL,54.0,1,5.477225575051661,0.0,0.0,0.0,0.011111111111111112,999.0,Dormant Inventory,SLOW-MOVING EXCESS,Review Promotion / Liquidation
RIM-KF-NAIL-155,0,0,0,0,0,Nail Polish,B0BGYQ3NCB,62.0,1,5.477225575051659,0.0,0.0,0.0,0.0,999.0,Dormant Inventory,SLOW-MOVING EXCESS,Review Promotion / Liquidation
RIM-KF-NAIL-156,0,0,0,0,0,Nail Polish,B0BGYQ3NCB,0.0,0,5.477225575051661,0.0,0.0,0.0,0.0,0.0,Stockout Inactive,STOCKOUT RISK,Urgent Restock Required
RIM-KF-NAIL-157,0,0,0,0,0,Nail Polish,B0BGYQ3NCB,44.0,1,5.477225575051661,0.0,0.0,0.0,0.0,999.0,Dormant Inventory,SLOW-MOVING EXCESS,Review Promotion / Liquidation
RIM-KF-NAIL-158,0,0,0,0,0,Nail Polish,B0BGYQ3NCB,40.0,1,5.477225575051671,0.0,0.0,0.0,0.0,999.0,Dormant Inventory,SLOW-MOVING EXCESS,Review Promotion / Liquidation
RIM-KF-NAIL-160,0,0,0,0,0,Nail Polish,B0CV161WXH,0.0,0,5.477225575051662,0.0,0.0,0.0,0.0,0.0,Stockout Inactive,STOCKOUT RISK,Urgent Restock Required
RIM-KF-NAIL-162,0,0,0,0,0,Nail Polish,B0CV16PTGD,2.0,1,5.477225575051661,0.0,0.0,0.0,0.0,999.0,Dormant Inventory,SLOW-MOVING EXCESS,Review Promotion / Liquidation
RIM-KF-NAIL-163,0,0,0,0,0,Nail Polish,B0CV162NV7,10.0,1,5.477225575051661,0.0,0.0,0.0,0.0,999.0,Dormant Inventory,SLOW-MOVING EXCESS,Review Promotion / Liquidation
RIM-KF-NAIL-164,0,0,0,0,0,Nail Polish,B0CV155M56,2.0,1,5.477225575051661,0.0,0.0,0.0,0.011111111111111112,999.0,Dormant Inventory,SLOW-MOVING EXCESS,Review Promotion / Liquidation
RIM-KF-NAIL-167,0,0,0,0,0,Nail Polish,B0CTZT35SB,0.0,0,5.4772255750516585,0.0,0.0,0.0,0.0,0.0,Stockout Inactive,STOCKOUT RISK,Urgent Restock Required
RIM-KF-NAIL-168,0,0,0,0,0,Nail Polish,B0CV14GJDN,0.0,0,5.477225575051661,0.0,0.0,0.0,0.0,0.0,Stockout Inactive,STOCKOUT RISK,Urgent Restock Required
RIM-KF-NAIL-169,0,0,0,0,0,Nail Polish,B0CV163KWT,3.0,1,5.477225575051661,0.0,0.0,0.0,0.0,999.0,Dormant Inventory,SLOW-MOVING EXCESS,Review Promotion / Liquidation
RIM-KF-NAIL-170,0,0,0,0,0,Nail Polish,B0CV15M53D,0.0,0,5.477225575051659,0.0,0.0,0.0,0.0,0.0,Stockout Inactive,STOCKOUT RISK,Urgent Restock Required
RIM-KF-PWDR-001,0,0,0,0,0,"Complexion, Face Powder, Makeup",205588946898,13.0,1,5.47722557505166,0.0,0.0,0.03333333333333333,0.06666666666666667,999.0,Dormant Inventory,SLOW-MOVING EXCESS,Review Promotion / Liquidation
RIM-KF-PWDR-001-2PK,0,0,0,0,0,Cosmetics General,RIM-KF-PWDR-001-2PK,2.0,1,5.477225575051661,0.0,0.0,0.0,0.0,999.0,Dormant Inventory,SLOW-MOVING EXCESS,Review Promotion / Liquidation
RIM-KF-PWDR-001-5PK,0,0,0,0,0,Cosmetics General,RIM-KF-PWDR-001-5PK,9.0,1,5.47722557505166,0.0,0.0,0.0,0.0,999.0,Dormant Inventory,SLOW-MOVING EXCESS,Review Promotion / Liquidation
RIM-KF-PWDR-010,0,0,0,0,0,"Complexion, Face Powder, Makeup",205588946898,75.0,1,3.05128576629365,0.0,0.07142857142857142,0.1,0.07777777777777778,999.0,Dormant Inventory,SLOW-MOVING EXCESS,Review Promotion / Liquidation
RIM-KF-PWDR-020,0,0,0,0,0,"Complexion, Face Powder, Makeup",B0G3PMXTYN,168.0,1,3.2562936409147833,0.2857142857142857,0.14285714285714285,0.13333333333333333,0.12222222222222222,999.0,Dormant Inventory,SLOW-MOVING EXCESS,Review Promotion / Liquidation
RIM-KF-PWDR-030,0,0,0,0,0,"Complexion, Face Powder, Makeup",205588946898,56.0,1,5.47722557505158,0.0,0.0,0.03333333333333333,0.06666666666666667,999.0,Dormant Inventory,SLOW-MOVING EXCESS,Review Promotion / Liquidation
RIM-KF-PWDR-030-2PK,0,0,0,0,0,Cosmetics General,RIM-KF-PWDR-030-2PK,24.0,1,5.477225575051662,0.0,0.07142857142857142,0.03333333333333333,0.011111111111111112,999.0,Dormant Inventory,SLOW-MOVING EXCESS,Review Promotion / Liquidation
RIM-KF-PWDR-030-5PK,0,0,0,0,0,Cosmetics General,RIM-KF-PWDR-030-5PK,8.0,1,3.8056219755369365,0.0,0.14285714285714285,0.06666666666666667,0.022222222222222223,999.0,Dormant Inventory,SLOW-MOVING EXCESS,Review Promotion / Liquidation
RIM-KF-PWDR-040,0,0,0,0,0,"Complexion, Face Powder, Makeup",205588946898,0.0,0,5.477225575051627,0.0,0.0,0.0,0.03333333333333333,0.0,Stockout Inactive,STOCKOUT RISK,Urgent Restock Required
RIM-KF-PWDR-050,0,0,0,0,0,"Complexion, Face Powder, Makeup",403715539074,20.0,1,5.47722557505163,0.0,0.07142857142857142,0.03333333333333333,0.011111111111111112,999.0,Dormant Inventory,SLOW-MOVING EXCESS,Review Promotion / Liquidation
RIM-KOHL-KJEL-001,0,0,0,0,0,Eyeliner,B07BD8468L,0.0,0,5.47722557505166,0.0,0.0,0.0,0.0,0.0,Stockout Inactive,STOCKOUT RISK,Urgent Restock Required
RIM-KOHL-KJEL-002,0,0,0,0,0,Eyeliner,RIM-KOHL-KJEL,0.0,0,5.477225575051659,0.0,0.0,0.0,0.022222222222222223,0.0,Stockout Inactive,STOCKOUT RISK,Urgent Restock Required
RIM-KOHL-KJEL-004,0,0,0,0,0,Eyeliner,B07BD8468L,9.0,1,5.477225575051661,0.0,0.0,0.0,0.0,999.0,Dormant Inventory,SLOW-MOVING EXCESS,Review Promotion / Liquidation
RIM-LAST-AUTOLIP-018,0,0,0,0,0,"Lip Pencil, Lips, Makeup",403562755752,0.0,0,5.4772255750515635,0.0,0.0,0.0,0.28888888888888886,0.0,Stockout Inactive,STOCKOUT RISK,Urgent Restock Required
RIM-LAST-AUTOLIP-018-2PK,0,0,0,0,0,Cosmetics General,RIM-LAST-AUTOLIP-018-2PK,273.0,1,5.4772255750516585,0.0,0.0,0.0,0.0,999.0,Dormant Inventory,SLOW-MOVING EXCESS,Review Promotion / Liquidation
RIM-LAST-AUTOLIP-018-3PK,0,0,0,0,0,Cosmetics General,RIM-LAST-AUTOLIP-018-3PK,2.0,1,5.477225575051687,0.0,0.0,0.0,0.08888888888888889,999.0,Dormant Inventory,SLOW-MOVING EXCESS,Review Promotion / Liquidation
RIM-LAST-AUTOLIP-018-5PK,0,0,0,0,0,Cosmetics General,RIM-LAST-AUTOLIP-018-5PK,2.0,1,5.47722557505166,0.0,0.0,0.0,0.03333333333333333,999.0,Dormant Inventory,SLOW-MOVING EXCESS,Review Promotion / Liquidation
RIM-LAST-AUTOLIP-024,0,0,0,0,0,"Lip Pencil, Lips, Makeup",403562755752,4.0,1,5.477225575051661,0.0,0.0,0.0,0.0,999.0,Dormant Inventory,SLOW-MOVING EXCESS,Review Promotion / Liquidation
RIM-LAST-AUTOLIP-045,0,0,0,0,0,"Lip Pencil, Lips, Makeup",B0CLGCSYWL,0.0,0,5.4772255750516505,0.0,0.0,0.0,0.0,0.0,Stockout Inactive,STOCKOUT RISK,Urgent Restock Required
RIM-LAST-AUTOLIP-063,0,0,0,0,0,"Lip Pencil, Lips, Makeup",403562755752,0.0,0,5.47722557505171,0.0,0.0,0.0,0.0,0.0,Stockout Inactive,STOCKOUT RISK,Urgent Restock Required
RIM-LAST-AUTOLIP-063-3PK,0,0,0,0,0,Cosmetics General,RIM-LAST-AUTOLIP-063-3PK,24.0,1,5.477225575051662,0.0,0.0,0.0,0.0,999.0,Dormant Inventory,SLOW-MOVING EXCESS,Review Promotion / Liquidation
RIM-LAST-AUTOLIP-070,0,0,0,0,0,"Lip Pencil, Lips, Makeup",403562755752,1259.0,1,5.477225575051664,0.0,0.0,0.0,0.07777777777777778,999.0,Dormant Inventory,SLOW-MOVING EXCESS,Review Promotion / Liquidation
RIM-LAST-AUTOLIP-105,0,0,0,0,0,"Lip Pencil, Lips, Makeup",403562755752,106.0,1,5.477225575051671,0.0,0.0,0.0,0.0,999.0,Dormant Inventory,SLOW-MOVING EXCESS,Review Promotion / Liquidation
RIM-LAST-MEGA-MATTE-LIQ-LPK-110,0,0,0,0,0,"Lips, Liquid Lipstick, Makeup",RIM-LAST-MEGA-MATTE-LIQ-LPK,35.0,1,5.477225575051661,0.0,0.0,0.0,0.0,999.0,Dormant Inventory,SLOW-MOVING EXCESS,Review Promotion / Liquidation
RIM-LAST-MEGA-MATTE-LIQ-LPK-210,0,0,0,0,0,"Lips, Liquid Lipstick, Makeup",RIM-LAST-MEGA-MATTE-LIQ-LPK,1.0,1,5.477225575051661,0.0,0.0,0.0,0.0,999.0,Dormant Inventory,SLOW-MOVING EXCESS,Review Promotion / Liquidation
RIM-LAST-MEGA-MATTE-LIQ-LPK-600,0,0,0,0,0,"Lips, Liquid Lipstick, Makeup",RIM-LAST-MEGA-MATTE-LIQ-LPK,0.0,0,5.477225575051661,0.0,0.0,0.0,0.0,0.0,Stockout Inactive,STOCKOUT RISK,Urgent Restock Required
RIM-LAST-MEGA-MATTE-LIQ-LPK-700,0,0,0,0,0,"Lips, Liquid Lipstick, Makeup",RIM-LAST-MEGA-MATTE-LIQ-LPK,3.0,1,5.477225575051661,0.0,0.07142857142857142,0.03333333333333333,0.011111111111111112,999.0,Dormant Inventory,SLOW-MOVING EXCESS,Review Promotion / Liquidation
RIM-LAST-MEGA-MATTE-LIQ-LPK-709,0,0,0,0,0,"Lips, Liquid Lipstick, Makeup",RIM-LAST-MEGA-MATTE-LIQ-LPK,4.0,1,5.477225575051661,0.0,0.0,0.0,0.0,999.0,Dormant Inventory,SLOW-MOVING EXCESS,Review Promotion / Liquidation
RIM-LAST-MEGA-MATTE-LIQ-LPK-910,0,0,0,0,0,"Lips, Liquid Lipstick, Makeup",RIM-LAST-MEGA-MATTE-LIQ-LPK,2.0,1,5.477225575051661,0.0,0.0,0.0,0.0,999.0,Dormant Inventory,SLOW-MOVING EXCESS,Review Promotion / Liquidation
RIM-LAST-MEGA-MATTE-LIQ-LPK-930,0,0,0,0,0,"Lips, Liquid Lipstick, Makeup",RIM-LAST-MEGA-MATTE-LIQ-LPK,2.0,1,5.477225575051661,0.0,0.0,0.0,0.0,999.0,Dormant Inventory,SLOW-MOVING EXCESS,Review Promotion / Liquidation
RIM-LASTCCLR-001,0,0,0,0,0,"Complexion, Concealer, Makeup",B07VRQBPFZ,0.0,0,5.477225575051661,0.0,0.0,0.0,0.0,0.0,Stockout Inactive,STOCKOUT RISK,Urgent Restock Required
RIM-LASTCCLR-010,0,0,0,0,0,"Complexion, Concealer, Makeup",B07VRQBPFZ,0.0,0,5.477225575051662,0.0,0.0,0.0,0.0,0.0,Stockout Inactive,STOCKOUT RISK,Urgent Restock Required
RIM-LASTCCLR-020,0,0,0,0,0,"Complexion, Concealer, Makeup",B07VRQBPFZ,0.0,0,5.4772255750516825,0.0,0.0,0.0,0.0,0.0,Stockout Inactive,STOCKOUT RISK,Urgent Restock Required
RIM-LASTCOMPACT-004,0,0,0,0,0,"Complexion, Face Powder, Makeup",B0FGNSQHT4,0.0,0,5.477225575051661,0.0,0.0,0.0,0.0,0.0,Stockout Inactive,STOCKOUT RISK,Urgent Restock Required
RIM-LASTCOMPACT-005,0,0,0,0,0,"Complexion, Face Powder, Makeup",403692327075,0.0,0,5.477225575051662,0.0,0.0,0.0,0.0,0.0,Stockout Inactive,STOCKOUT RISK,Urgent Restock Required
RIM-LASTCOMPACT-007,0,0,0,0,0,"Complexion, Face Powder, Makeup",403692327075,0.0,0,5.477225575051662,0.0,0.0,0.0,0.0,0.0,Stockout Inactive,STOCKOUT RISK,Urgent Restock Required
RIM-LASTCOMPACT-008,0,0,0,0,0,"Complexion, Face Powder, Makeup",403692327075,0.0,0,5.477225575051661,0.0,0.0,0.0,0.0,0.0,Stockout Inactive,STOCKOUT RISK,Urgent Restock Required
RIM-LASTCOMPACT-009,0,0,0,0,0,"Complexion, Face Powder, Makeup",403692327075,21.0,1,5.477225575051661,0.0,0.0,0.0,0.0,999.0,Dormant Inventory,SLOW-MOVING EXCESS,Review Promotion / Liquidation
RIM-LASTCOMPACT-011,0,0,0,0,0,"Complexion, Face Powder, Makeup",B0F71KBNPS,3.0,1,5.477225575051661,0.0,0.0,0.0,0.0,999.0,Dormant Inventory,SLOW-MOVING EXCESS,Review Promotion / Liquidation
RIM-LASTCOMPACT-012,0,0,0,0,0,"Complexion, Face Powder, Makeup",403692327075,0.0,0,5.477225575051661,0.0,0.0,0.0,0.0,0.0,Stockout Inactive,STOCKOUT RISK,Urgent Restock Required
RIM-LASTFIN-EXTMATT-LPK-160,0,0,0,0,0,Lipstick,B09CJN5Z4M,0.0,0,5.477225575051659,0.0,0.0,0.0,0.0,0.0,Stockout Inactive,STOCKOUT RISK,Urgent Restock Required
RIM-LASTFIN-EXTMATT-LPK-600,0,0,0,0,0,Lipstick,RIM-LASTFIN-EXTMATT-LPK,0.0,0,5.477225575051661,0.0,0.0,0.0,0.0,0.0,Stockout Inactive,STOCKOUT RISK,Urgent Restock Required
RIM-LASTFIN-EXTMATT-LPK-710,0,0,0,0,0,Lipstick,404232464805,0.0,0,5.47722557505166,0.0,0.0,0.0,0.0,0.0,Stockout Inactive,STOCKOUT RISK,Urgent Restock Required
RIM-LASTFIN-EXTMATT-LPK-840,0,0,0,0,0,Lipstick,205590229797,0.0,0,5.477225575051661,0.0,0.0,0.0,0.011111111111111112,0.0,Stockout Inactive,STOCKOUT RISK,Urgent Restock Required
RIM-LASTFIN-PRIMER,0,0,0,0,0,"Complexion, Makeup, Primer",B07HXDSP7W,0.0,0,5.477225575051661,0.0,0.0,0.0,0.0,0.0,Stockout Inactive,STOCKOUT RISK,Urgent Restock Required
RIM-LASTING-PROV-115,0,0,0,0,0,"Lips, Liquid Lipstick, Makeup",B0B5CBLCVW,88.0,1,5.477225575051661,0.0,0.0,0.0,0.0,999.0,Dormant Inventory,SLOW-MOVING EXCESS,Review Promotion / Liquidation
RIM-LASTING-PROV-210,0,0,0,0,0,"Lips, Liquid Lipstick, Makeup",404057643402,58.0,1,5.477225575051661,0.0,0.0,0.0,0.0,999.0,Dormant Inventory,SLOW-MOVING EXCESS,Review Promotion / Liquidation
RIM-LASTING-PROV-220,0,0,0,0,0,"Lips, Liquid Lipstick, Makeup",404057643402,5.0,1,5.477225575051662,0.0,0.0,0.0,0.011111111111111112,999.0,Dormant Inventory,SLOW-MOVING EXCESS,Review Promotion / Liquidation
RIM-LASTING-PROV-310,0,0,0,0,0,"Lips, Liquid Lipstick, Makeup",404057643402,39.0,1,5.477225575051661,0.0,0.0,0.0,0.011111111111111112,999.0,Dormant Inventory,SLOW-MOVING EXCESS,Review Promotion / Liquidation
RIM-LASTING-PROV-400,0,0,0,0,0,"Lips, Liquid Lipstick, Makeup",404057643402,13.0,1,5.47722557505166,0.0,0.0,0.0,0.011111111111111112,999.0,Dormant Inventory,SLOW-MOVING EXCESS,Review Promotion / Liquidation
RIM-LASTING-PROV-410,0,0,0,0,0,"Lips, Liquid Lipstick, Makeup",404057643402,10.0,1,5.477225575051662,0.0,0.0,0.0,0.0,999.0,Dormant Inventory,SLOW-MOVING EXCESS,Review Promotion / Liquidation
RIM-LASTING-PROV-440,0,0,0,0,0,"Lips, Liquid Lipstick, Makeup",B0B5CBLCVW,14.0,1,5.477225575051661,0.0,0.0,0.0,0.0,999.0,Dormant Inventory,SLOW-MOVING EXCESS,Review Promotion / Liquidation
RIM-LASTING-PROV-500,0,0,0,0,0,"Lips, Liquid Lipstick, Makeup",404057643402,69.0,1,5.477225575051658,0.14285714285714285,0.07142857142857142,0.03333333333333333,0.044444444444444446,999.0,Dormant Inventory,SLOW-MOVING EXCESS,Review Promotion / Liquidation
RIM-LASTING-PROV-570,0,0,0,0,0,"Lips, Liquid Lipstick, Makeup",404057643402,31.0,1,5.477225575051662,0.0,0.0,0.0,0.0,999.0,Dormant Inventory,SLOW-MOVING EXCESS,Review Promotion / Liquidation
RIM-LASTING-PROV-600,0,0,0,0,0,"Lips, Liquid Lipstick, Makeup",404057643402,0.0,0,5.47722557505166,0.0,0.0,0.0,0.03333333333333333,0.0,Stockout Inactive,STOCKOUT RISK,Urgent Restock Required
RIM-LASTING-PROV-730,0,0,0,0,0,"Lips, Liquid Lipstick, Makeup",404057643402,5.0,1,5.477225575051641,0.0,0.0,0.0,0.0,999.0,Dormant Inventory,SLOW-MOVING EXCESS,Review Promotion / Liquidation
RIM-LASTING-PROV-740,0,0,0,0,0,"Lips, Liquid Lipstick, Makeup",404057643402,3.0,1,5.477225575051702,0.0,0.0,0.0,0.011111111111111112,999.0,Dormant Inventory,SLOW-MOVING EXCESS,Review Promotion / Liquidation
RIM-LASTLIP-110,0,0,0,0,0,"Lip Pencil, Lips, Makeup",402817922464,109.0,1,1.925330244847398,0.42857142857142855,0.2857142857142857,0.4,0.6666666666666666,999.0,Dormant Inventory,SLOW-MOVING EXCESS,Review Promotion / Liquidation
RIM-LASTLIP-120,0,0,0,0,0,"Lip Pencil, Lips, Makeup",B0H4YCPBRN,361.0,1,2.7543069720987394,0.0,0.21428571428571427,0.2,0.3,999.0,Dormant Inventory,SLOW-MOVING EXCESS,Review Promotion / Liquidation
RIM-LASTLIP-120-2PK,0,0,0,0,0,Cosmetics General,RIM-LASTLIP-120-2PK,348.0,1,5.477225575051662,0.0,0.0,0.0,0.022222222222222223,999.0,Dormant Inventory,SLOW-MOVING EXCESS,Review Promotion / Liquidation
RIM-LASTLIP-120-3PK,0,0,0,0,0,Cosmetics General,RIM-LASTLIP-120-3PK,227.0,1,5.477225575051661,0.0,0.0,0.0,0.011111111111111112,999.0,Dormant Inventory,SLOW-MOVING EXCESS,Review Promotion / Liquidation
RIM-LASTLIP-120-5PK,0,0,0,0,0,Cosmetics General,RIM-LASTLIP-120-5PK,121.0,1,5.477225575051661,0.0,0.0,0.03333333333333333,0.011111111111111112,999.0,Dormant Inventory,SLOW-MOVING EXCESS,Review Promotion / Liquidation
RIM-LASTLIP-125,0,0,0,0,0,"Lip Pencil, Lips, Makeup",402817922464,964.0,1,2.7543069720987376,0.2857142857142857,0.21428571428571427,0.2,0.3,999.0,Dormant Inventory,SLOW-MOVING EXCESS,Review Promotion / Liquidation
RIM-LASTLIP-195,0,0,0,0,0,"Lip Pencil, Lips, Makeup",B0H4YCPBRN,61.0,1,5.477225575051673,0.0,0.0,0.03333333333333333,0.1,999.0,Dormant Inventory,SLOW-MOVING EXCESS,Review Promotion / Liquidation
RIM-LASTLIP-215,0,0,0,0,0,"Lip Pencil, Lips, Makeup",B0H4YCPBRN,484.0,1,3.0512857662936548,0.14285714285714285,0.07142857142857142,0.1,0.16666666666666666,999.0,Dormant Inventory,SLOW-MOVING EXCESS,Review Promotion / Liquidation
RIM-LASTLIP-505,0,0,0,0,0,"Lip Pencil, Lips, Makeup",402817922464,56.0,1,2.0341905108624303,0.2857142857142857,0.14285714285714285,0.2,0.13333333333333333,999.0,Dormant Inventory,SLOW-MOVING EXCESS,Review Promotion / Liquidation
RIM-LASTLIP-580,0,0,0,0,0,"Lip Pencil, Lips, Makeup",402817922464,75.0,1,2.4211709905575116,0.0,0.14285714285714285,0.2,0.2222222222222222,999.0,Dormant Inventory,SLOW-MOVING EXCESS,Review Promotion / Liquidation
RIM-LASTLIP-705,0,0,0,0,0,"Lip Pencil, Lips, Makeup",402817922464,2508.0,1,3.552560999500574,0.0,0.14285714285714285,0.16666666666666666,0.37777777777777777,999.0,Dormant Inventory,SLOW-MOVING EXCESS,Review Promotion / Liquidation
RIM-LASTLIP-705-2PK,0,0,0,0,0,Cosmetics General,RIM-LASTLIP-705-2PK,2062.0,1,5.477225575051661,0.0,0.0,0.0,0.0,999.0,Dormant Inventory,SLOW-MOVING EXCESS,Review Promotion / Liquidation
RIM-LASTLIP-705-3PK,0,0,0,0,0,Cosmetics General,RIM-LASTLIP-705-3PK,956.0,1,3.8056219755369374,0.0,0.0,0.06666666666666667,0.044444444444444446,999.0,Dormant Inventory,SLOW-MOVING EXCESS,Review Promotion / Liquidation
RIM-LASTLIP-705-5PK,0,0,0,0,0,Cosmetics General,RIM-LASTLIP-705-5PK,997.0,1,5.477225575051661,0.0,0.0,0.0,0.0,999.0,Dormant Inventory,SLOW-MOVING EXCESS,Review Promotion / Liquidation
RIM-LASTLIP-760,0,0,0,0,0,"Lip Pencil, Lips, Makeup",402817922464,957.0,1,2.593094277313205,0.14285714285714285,0.21428571428571427,0.13333333333333333,0.16666666666666666,999.0,Dormant Inventory,SLOW-MOVING EXCESS,Review Promotion / Liquidation
RIM-LASTLIP-790,0,0,0,0,0,"Lip Pencil, Lips, Makeup",B0H4YCPBRN,573.0,1,5.477225575051661,0.0,0.0,0.0,0.08888888888888889,999.0,Dormant Inventory,SLOW-MOVING EXCESS,Review Promotion / Liquidation
RIM-LASTLIP-850,0,0,0,0,0,"Lip Pencil, Lips, Makeup",402817922464,13.0,1,5.477225575051652,0.0,0.07142857142857142,0.03333333333333333,0.03333333333333333,999.0,Dormant Inventory,SLOW-MOVING EXCESS,Review Promotion / Liquidation
RIM-LASTLIP-880,0,0,0,0,0,"Lip Pencil, Lips, Makeup",402817922464,34.0,1,4.2140270647132505,0.0,0.07142857142857142,0.5666666666666667,0.5444444444444444,999.0,Dormant Inventory,SLOW-MOVING EXCESS,Review Promotion / Liquidation
RIM-LASTMAT-FDT-001,0,0,0,0,0,Cosmetics General,B09RD1T2NV,0.0,0,5.477225575051662,0.0,0.0,0.0,0.0,0.0,Stockout Inactive,STOCKOUT RISK,Urgent Restock Required
RIM-LASTMAT-FDT-010,0,0,0,0,0,"Complexion, Foundation, Makeup",RIM-LASTMAT-FDT,0.0,0,5.477225575051662,0.0,0.0,0.0,0.0,0.0,Stockout Inactive,STOCKOUT RISK,Urgent Restock Required
RIM-LASTMAT-FDT-085,0,0,0,0,0,"Complexion, Foundation, Makeup",RIM-LASTMAT-FDT,0.0,0,5.477225575051661,0.0,0.0,0.0,0.0,0.0,Stockout Inactive,STOCKOUT RISK,Urgent Restock Required
RIM-LASTMAT-FDT-100,0,0,0,0,0,"Complexion, Foundation, Makeup",RIM-LASTMAT-FDT,0.0,0,5.477225575051681,0.0,0.0,0.0,0.0,0.0,Stockout Inactive,STOCKOUT RISK,Urgent Restock Required
RIM-LASTMAT-FDT-103,0,0,0,0,0,Cosmetics General,B09RD1T2NV,0.0,0,5.477225575051673,0.0,0.0,0.0,0.0,0.0,Stockout Inactive,STOCKOUT RISK,Urgent Restock Required
RIM-LASTMAT-FDT-201,0,0,0,0,0,"Complexion, Foundation, Makeup",B09RD1T2NV,0.0,0,5.477225575051661,0.0,0.0,0.0,0.0,0.0,Stockout Inactive,STOCKOUT RISK,Urgent Restock Required
RIM-LASTMAT-FDT-203,0,0,0,0,0,"Complexion, Foundation, Makeup",B09RD1T2NV,0.0,0,5.477225575051641,0.0,0.0,0.0,0.0,0.0,Stockout Inactive,STOCKOUT RISK,Urgent Restock Required
RIM-LASTMAT-FDT-300,0,0,0,0,0,"Complexion, Foundation, Makeup",B09RD1T2NV,0.0,0,5.47722557505166,0.0,0.0,0.0,0.0,0.0,Stockout Inactive,STOCKOUT RISK,Urgent Restock Required
RIM-LASTMAT-FDT-304,0,0,0,0,0,"Complexion, Foundation, Makeup",402760494198,0.0,0,5.477225575051662,0.0,0.0,0.0,0.0,0.0,Stockout Inactive,STOCKOUT RISK,Urgent Restock Required
RIM-LASTMAT-FDT-400,0,0,0,0,0,"Complexion, Foundation, Makeup",B09RD1T2NV,0.0,0,5.47722557505166,0.0,0.0,0.0,0.0,0.0,Stockout Inactive,STOCKOUT RISK,Urgent Restock Required
RIM-LASTMAT-PRIMER,0,0,0,0,0,"Complexion, Makeup, Primer",B0H3XTY49X,0.0,0,5.477225575051664,0.0,0.0,0.0,0.0,0.0,Stockout Inactive,STOCKOUT RISK,Urgent Restock Required
RIM-LF-FDT-RG-001,0,0,0,0,0,Foundation,402815586088,45.0,1,5.477225575051661,0.0,0.0,0.0,0.011111111111111112,999.0,Dormant Inventory,SLOW-MOVING EXCESS,Review Promotion / Liquidation
RIM-LF-FDT-RG-070,0,0,0,0,0,Foundation,RIM-LF-FDT-RG,3.0,1,5.477225575051661,0.0,0.0,0.0,0.0,999.0,Dormant Inventory,SLOW-MOVING EXCESS,Review Promotion / Liquidation
RIM-LF-FDT-RG-103,0,0,0,0,0,Foundation,205588890329,0.0,0,5.477225575051528,0.0,0.0,0.0,0.0,0.0,Stockout Inactive,STOCKOUT RISK,Urgent Restock Required
RIM-LF-FDT-RG-160,0,0,0,0,0,Foundation,205588890329,1.0,1,5.477225575051661,0.0,0.0,0.0,0.0,999.0,Dormant Inventory,SLOW-MOVING EXCESS,Review Promotion / Liquidation
RIM-LF-FDT-RG-170,0,0,0,0,0,Foundation,402815586088,10.0,1,5.477225575051661,0.0,0.0,0.0,0.011111111111111112,999.0,Dormant Inventory,SLOW-MOVING EXCESS,Review Promotion / Liquidation
RIM-LF-FDT-RG-200,0,0,0,0,0,Foundation,B08Z4VJFKY,0.0,0,5.477225575051654,0.0,0.0,0.0,0.0,0.0,Stockout Inactive,STOCKOUT RISK,Urgent Restock Required
RIM-LF-FDT-RG-203,0,0,0,0,0,Foundation,205588890329,1.0,1,5.477225575051661,0.0,0.0,0.0,0.0,999.0,Dormant Inventory,SLOW-MOVING EXCESS,Review Promotion / Liquidation
RIM-LF-FDT-RG-210,0,0,0,0,0,Foundation,B08Z4VJFKY,0.0,0,5.477225575051661,0.0,0.0,0.0,0.0,0.0,Stockout Inactive,STOCKOUT RISK,Urgent Restock Required
RIM-LF-FDT-RG-303,0,0,0,0,0,Foundation,402815586088,0.0,0,5.477225575051661,0.0,0.0,0.0,0.0,0.0,Stockout Inactive,STOCKOUT RISK,Urgent Restock Required
RIM-LF-LS-002,0,0,0,0,0,Lipstick,402758105930,0.0,0,5.477225575051662,0.0,0.0,0.0,0.0,0.0,Stockout Inactive,STOCKOUT RISK,Urgent Restock Required
RIM-LF-LS-006,0,0,0,0,0,Lipstick,402758105930,3.0,1,5.4772255750512855,0.0,0.0,0.0,0.0,999.0,Dormant Inventory,SLOW-MOVING EXCESS,Review Promotion / Liquidation
RIM-LF-LS-006-2PK,0,0,0,0,0,Cosmetics General,RIM-LF-LS-006-2PK,45.0,1,5.477225575051666,0.0,0.0,0.0,0.0,999.0,Dormant Inventory,SLOW-MOVING EXCESS,Review Promotion / Liquidation
RIM-LF-LS-006-3PK,0,0,0,0,0,Cosmetics General,RIM-LF-LS-006-3PK,5.0,1,5.477225575051661,0.0,0.0,0.0,0.0,999.0,Dormant Inventory,SLOW-MOVING EXCESS,Review Promotion / Liquidation
RIM-LF-LS-006-5PK,0,0,0,0,0,Cosmetics General,RIM-LF-LS-006-5PK,3.0,1,5.477225575051635,0.0,0.0,0.0,0.0,999.0,Dormant Inventory,SLOW-MOVING EXCESS,Review Promotion / Liquidation
RIM-LF-LS-058,0,0,0,0,0,Lipstick,205588871788,0.0,0,5.477225575051515,0.0,0.0,0.0,0.0,0.0,Stockout Inactive,STOCKOUT RISK,Urgent Restock Required
RIM-LF-LS-058-2PK,0,0,0,0,0,Cosmetics General,RIM-LF-LS-058-2PK,143.0,1,5.477225575051666,0.0,0.0,0.0,0.0,999.0,Dormant Inventory,SLOW-MOVING EXCESS,Review Promotion / Liquidation
RIM-LF-LS-058-3PK,0,0,0,0,0,Cosmetics General,RIM-LF-LS-058-3PK,183.0,1,5.477225575051661,0.0,0.0,0.0,0.0,999.0,Dormant Inventory,SLOW-MOVING EXCESS,Review Promotion / Liquidation
RIM-LF-LS-066,0,0,0,0,0,Lipstick,B0GGB6BYK1,0.0,0,5.477225575052022,0.0,0.0,0.0,0.0,0.0,Stockout Inactive,STOCKOUT RISK,Urgent Restock Required
RIM-LF-LS-066-2PK,0,0,0,0,0,Cosmetics General,RIM-LF-LS-066-2PK,5.0,1,5.477225575051656,0.0,0.0,0.0,0.0,999.0,Dormant Inventory,SLOW-MOVING EXCESS,Review Promotion / Liquidation
RIM-LF-LS-066-3PK,0,0,0,0,0,Cosmetics General,RIM-LF-LS-066-3PK,0.0,0,5.477225575051659,0.0,0.0,0.0,0.0,0.0,Stockout Inactive,STOCKOUT RISK,Urgent Restock Required
RIM-LF-LS-066-5PK,0,0,0,0,0,Cosmetics General,RIM-LF-LS-066-5PK,4.0,1,5.477225575051666,0.0,0.0,0.0,0.0,999.0,Dormant Inventory,SLOW-MOVING EXCESS,Review Promotion / Liquidation
RIM-LF-LS-070,0,0,0,0,0,Lipstick,205588871788,0.0,0,5.477225575051605,0.0,0.0,0.0,0.0,0.0,Stockout Inactive,STOCKOUT RISK,Urgent Restock Required
RIM-LF-LS-070-2PK,0,0,0,0,0,Cosmetics General,RIM-LF-LS-070-2PK,10.0,1,5.477225575051662,0.0,0.0,0.0,0.0,999.0,Dormant Inventory,SLOW-MOVING EXCESS,Review Promotion / Liquidation
RIM-LF-LS-070-3PK,0,0,0,0,0,Cosmetics General,RIM-LF-LS-070-3PK,8.0,1,5.477225575051661,0.0,0.0,0.0,0.0,999.0,Dormant Inventory,SLOW-MOVING EXCESS,Review Promotion / Liquidation
RIM-LF-LS-070-5PK,0,0,0,0,0,Cosmetics General,RIM-LF-LS-070-5PK,7.0,1,5.47722557505166,0.0,0.0,0.0,0.0,999.0,Dormant Inventory,SLOW-MOVING EXCESS,Review Promotion / Liquidation
RIM-LF-LS-086,0,0,0,0,0,Lipstick,402758105930,0.0,0,5.477225575051656,0.0,0.0,0.0,0.0,0.0,Stockout Inactive,STOCKOUT RISK,Urgent Restock Required
RIM-LF-LS-086-2PK,0,0,0,0,0,Cosmetics General,RIM-LF-LS-086-2PK,8.0,1,5.477225575051662,0.0,0.0,0.0,0.0,999.0,Dormant Inventory,SLOW-MOVING EXCESS,Review Promotion / Liquidation
RIM-LF-LS-086-3PK,0,0,0,0,0,Cosmetics General,RIM-LF-LS-086-3PK,9.0,1,5.477225575051662,0.0,0.0,0.0,0.0,999.0,Dormant Inventory,SLOW-MOVING EXCESS,Review Promotion / Liquidation
RIM-LF-LS-086-5PK,0,0,0,0,0,Cosmetics General,RIM-LF-LS-086-5PK,0.0,0,5.477225575051662,0.0,0.0,0.0,0.0,0.0,Stockout Inactive,STOCKOUT RISK,Urgent Restock Required
RIM-LF-LS-100,0,0,0,0,0,Lipstick,402758105930,118.0,1,2.593094277313202,0.0,0.07142857142857142,0.13333333333333333,0.16666666666666666,999.0,Dormant Inventory,SLOW-MOVING EXCESS,Review Promotion / Liquidation
RIM-LF-LS-107,0,0,0,0,0,Lipstick,402758105930,0.0,0,5.477225575051649,0.0,0.0,0.0,0.0,0.0,Stockout Inactive,STOCKOUT RISK,Urgent Restock Required
RIM-LF-LS-170,0,0,0,0,0,Lipstick,B0GGB6BYK1,157.0,1,2.75430697209874,0.0,0.07142857142857142,0.2,0.17777777777777778,999.0,Dormant Inventory,SLOW-MOVING EXCESS,Review Promotion / Liquidation
RIM-LF-LS-200,0,0,0,0,0,Lipstick,RIM-LF-LS,0.0,0,5.477225575051666,0.0,0.0,0.0,0.0,0.0,Stockout Inactive,STOCKOUT RISK,Urgent Restock Required
RIM-LF-LS-206-2PK,0,0,0,0,0,Cosmetics General,RIM-LF-LS-206-2PK,222.0,1,5.477225575051666,0.14285714285714285,0.07142857142857142,0.03333333333333333,0.022222222222222223,999.0,Dormant Inventory,SLOW-MOVING EXCESS,Review Promotion / Liquidation
RIM-LF-LS-206-3PK,0,0,0,0,0,Cosmetics General,RIM-LF-LS-206-3PK,147.0,1,2.1600297128302706,0.14285714285714285,0.21428571428571427,0.23333333333333334,0.14444444444444443,999.0,Dormant Inventory,SLOW-MOVING EXCESS,Review Promotion / Liquidation
RIM-LF-LS-206-5PK,0,0,0,0,0,Cosmetics General,RIM-LF-LS-206-5PK,0.0,0,5.477225575051665,0.0,0.0,0.0,0.0,0.0,Stockout Inactive,STOCKOUT RISK,Urgent Restock Required
RIM-LF-LS-264,0,0,0,0,0,Lipstick,402758105930,0.0,0,5.477225575051669,0.0,0.0,0.0,0.0,0.0,Stockout Inactive,STOCKOUT RISK,Urgent Restock Required
RIM-LF-LS-264-2PK,0,0,0,0,0,Cosmetics General,RIM-LF-LS-264-2PK,0.0,0,5.477225575051659,0.0,0.0,0.0,0.0,0.0,Stockout Inactive,STOCKOUT RISK,Urgent Restock Required
RIM-LF-LS-264-3PK,0,0,0,0,0,Cosmetics General,RIM-LF-LS-264-3PK,6.0,1,5.477225575051666,0.0,0.0,0.0,0.0,999.0,Dormant Inventory,SLOW-MOVING EXCESS,Review Promotion / Liquidation
RIM-LF-LS-264-5PK,0,0,0,0,0,Cosmetics General,RIM-LF-LS-264-5PK,4.0,1,5.477225575051662,0.0,0.0,0.0,0.0,999.0,Dormant Inventory,SLOW-MOVING EXCESS,Review Promotion / Liquidation
RIM-LF-LS-500,0,0,0,0,0,Lipstick,402758105930,0.0,0,5.477225575051656,0.0,0.0,0.0,0.0,0.0,Stockout Inactive,STOCKOUT RISK,Urgent Restock Required
RIM-LF-LS-710,0,0,0,0,0,Lipstick,B077Q9YMCN,0.0,0,5.4772255750517065,0.0,0.0,0.0,0.0,0.0,Stockout Inactive,STOCKOUT RISK,Urgent Restock Required
RIM-LF-LS-800,0,0,0,0,0,Lipstick,B00NA0F06G,0.0,0,5.477225575051714,0.0,0.0,0.0,0.0,0.0,Stockout Inactive,STOCKOUT RISK,Urgent Restock Required
RIM-LF-LS-KATE-001,0,0,0,0,0,Lipstick,402758105930,7.0,1,5.47722557505166,0.0,0.0,0.0,0.0,999.0,Dormant Inventory,SLOW-MOVING EXCESS,Review Promotion / Liquidation
RIM-LF-LS-KATE-005,0,0,0,0,0,Lipstick,B0CY35H35S,1.0,1,5.477225575051754,0.0,0.0,0.0,0.0,999.0,Dormant Inventory,SLOW-MOVING EXCESS,Review Promotion / Liquidation
RIM-LF-LS-KATE-008,0,0,0,0,0,Lipstick,402758105930,12.0,1,5.477225575051176,0.0,0.0,0.0,0.0,999.0,Dormant Inventory,SLOW-MOVING EXCESS,Review Promotion / Liquidation
RIM-LF-LS-KATE-008-2PK,0,0,0,0,0,Cosmetics General,RIM-LF-LS-KATE-008-2PK,190.0,1,5.477225575051662,0.0,0.0,0.0,0.0,999.0,Dormant Inventory,SLOW-MOVING EXCESS,Review Promotion / Liquidation
RIM-LF-LS-KATE-008-3PK,0,0,0,0,0,Cosmetics General,RIM-LF-LS-KATE-008-3PK,44.0,1,5.477225575051667,0.0,0.0,0.0,0.0,999.0,Dormant Inventory,SLOW-MOVING EXCESS,Review Promotion / Liquidation
RIM-LF-MATTE-170,0,0,0,0,0,Lipstick,B09CJN5Z4M,63.0,1,5.477225575051661,0.0,0.0,0.0,0.022222222222222223,999.0,Dormant Inventory,SLOW-MOVING EXCESS,Review Promotion / Liquidation
RIM-LF-MATTE-180,0,0,0,0,0,Lipstick,B09CJN5Z4M,17.0,1,5.477225575051662,0.0,0.0,0.0,0.06666666666666667,999.0,Dormant Inventory,SLOW-MOVING EXCESS,Review Promotion / Liquidation
RIM-LF-MATTE-220,0,0,0,0,0,Lipstick,403359560020,0.0,0,5.477225575051676,0.0,0.0,0.0,0.0,0.0,Stockout Inactive,STOCKOUT RISK,Urgent Restock Required
RIM-LF-MATTE-230,0,0,0,0,0,Lipstick,B09CJN5Z4M,0.0,0,5.477225575051661,0.0,0.0,0.0,0.0,0.0,Stockout Inactive,STOCKOUT RISK,Urgent Restock Required
RIM-LF-MATTE-530,0,0,0,0,0,Lipstick,403359560020,0.0,0,5.477225575051654,0.0,0.0,0.0,0.0,0.0,Stockout Inactive,STOCKOUT RISK,Urgent Restock Required
RIM-LF-MATTE-715,0,0,0,0,0,Lipstick,B09CJN5Z4M,8.0,1,1.9865447775614584,0.2857142857142857,0.35714285714285715,0.3,0.23333333333333334,999.0,Dormant Inventory,SLOW-MOVING EXCESS,Review Promotion / Liquidation
RIM-LF-MATTE-730,0,0,0,0,0,Lipstick,B0H3P4FG14,0.0,0,5.477225575051668,0.0,0.0,0.0,0.0,0.0,Stockout Inactive,STOCKOUT RISK,Urgent Restock Required
RIM-LF-SG-LS-900,0,0,0,0,0,"Lips, Lipstick, Makeup",404272848129,574.0,1,1.5649215928719036,0.5714285714285714,0.5,0.4666666666666667,0.34444444444444444,999.0,Dormant Inventory,SLOW-MOVING EXCESS,Review Promotion / Liquidation
RIM-LF-SG-LS-901,0,0,0,0,0,"Lips, Lipstick, Makeup",B0GGB6BYK1,76.0,1,5.477225575051652,0.14285714285714285,0.07142857142857142,0.03333333333333333,0.022222222222222223,999.0,Dormant Inventory,SLOW-MOVING EXCESS,Review Promotion / Liquidation
RIM-LF-SG-LS-902,0,0,0,0,0,"Lips, Lipstick, Makeup",B0GGB6BYK1,90.0,1,2.5930942773131997,0.14285714285714285,0.14285714285714285,0.13333333333333333,0.1,999.0,Dormant Inventory,SLOW-MOVING EXCESS,Review Promotion / Liquidation
RIM-LF-SG-LS-903,0,0,0,0,0,"Lips, Lipstick, Makeup",B0F8XF4BM6,83.0,1,2.766798224264484,0.14285714285714285,0.14285714285714285,0.16666666666666666,0.15555555555555556,999.0,Dormant Inventory,SLOW-MOVING EXCESS,Review Promotion / Liquidation
RIM-LF-SG-LS-905,0,0,0,0,0,"Lips, Lipstick, Makeup",B0F8XF4BM6,252.0,1,2.5930942773132033,0.14285714285714285,0.07142857142857142,0.26666666666666666,0.24444444444444444,999.0,Dormant Inventory,SLOW-MOVING EXCESS,Review Promotion / Liquidation
RIM-LR-CCLR-EYEILLUM-010,0,0,0,0,0,"Complexion, Concealer, Makeup",RIM-LR-CCLR-EYEILLUM,0.0,0,5.477225575051662,0.0,0.0,0.0,0.0,0.0,Stockout Inactive,STOCKOUT RISK,Urgent Restock Required
RIM-LR-CCLR-EYEILLUM-030,0,0,0,0,0,"Complexion, Concealer, Makeup",404251161050,0.0,0,5.477225575051659,0.0,0.0,0.0,0.0,0.0,Stockout Inactive,STOCKOUT RISK,Urgent Restock Required
RIM-MAGNIF-MONO-004,0,0,0,0,0,Eyeshadow,402817859342,0.0,0,5.47722557505167,0.0,0.0,0.0,0.0,0.0,Stockout Inactive,STOCKOUT RISK,Urgent Restock Required
RIM-MAGNIF-MONO-006,0,0,0,0,0,Eyeshadow,402817859342,2.0,1,5.477225575051651,0.0,0.0,0.0,0.0,999.0,Dormant Inventory,SLOW-MOVING EXCESS,Review Promotion / Liquidation
RIM-MAGNIF-MONO-008,0,0,0,0,0,Eyeshadow,205588890801,0.0,0,5.47722557505165,0.0,0.0,0.0,0.0,0.0,Stockout Inactive,STOCKOUT RISK,Urgent Restock Required
RIM-MAGNIF-MONO-014,0,0,0,0,0,Eyeshadow,RIM-MAGNIF-MONO,0.0,0,5.477225575051719,0.0,0.0,0.0,0.0,0.0,Stockout Inactive,STOCKOUT RISK,Urgent Restock Required
RIM-MAGNIF-MONO-014-2PK,0,0,0,0,0,Cosmetics General,RIM-MAGNIF-MONO-014-2PK,0.0,0,5.477225575051661,0.0,0.0,0.0,0.0,0.0,Stockout Inactive,STOCKOUT RISK,Urgent Restock Required
RIM-MAGNIF-MONO-014-3PK,0,0,0,0,0,Cosmetics General,RIM-MAGNIF-MONO-014-3PK,12.0,1,5.477225575051662,0.0,0.0,0.0,0.0,999.0,Dormant Inventory,SLOW-MOVING EXCESS,Review Promotion / Liquidation
RIM-MAGNIF-PAL-001,0,0,0,0,0,"Eyeshadow Palettes, Makeup, Palettes",402737124978,517.0,1,3.0512857662936446,0.14285714285714285,0.14285714285714285,0.1,0.08888888888888889,999.0,Dormant Inventory,SLOW-MOVING EXCESS,Review Promotion / Liquidation
RIM-MAGNIF-PAL-004,0,0,0,0,0,"Eyeshadow Palettes, Makeup, Palettes",205588871117,193.0,1,5.477225575051661,0.0,0.0,0.0,0.0,999.0,Dormant Inventory,SLOW-MOVING EXCESS,Review Promotion / Liquidation
RIM-MAGNIF-PAL-005,0,0,0,0,0,"Eyeshadow Palettes, Makeup, Palettes",205588871117,60.0,1,5.47722557505166,0.0,0.0,0.03333333333333333,0.011111111111111112,999.0,Dormant Inventory,SLOW-MOVING EXCESS,Review Promotion / Liquidation
RIM-MAGNIF-PAL-006,0,0,0,0,0,"Eyeshadow Palettes, Makeup, Palettes",205588871117,0.0,0,5.477225575051661,0.0,0.0,0.0,0.0,0.0,Stockout Inactive,STOCKOUT RISK,Urgent Restock Required
RIM-MAGNIF-PAL-008,0,0,0,0,0,"Eyeshadow Palettes, Makeup, Palettes",B07FH3P7QK,0.0,0,5.477225575051662,0.0,0.0,0.0,0.0,0.0,Stockout Inactive,STOCKOUT RISK,Urgent Restock Required
RIM-MAGNIF-PAL-009,0,0,0,0,0,"Eyeshadow Palettes, Makeup, Palettes",RIM-MAGNIF-PAL,0.0,0,5.477225575051661,0.0,0.0,0.0,0.011111111111111112,0.0,Stockout Inactive,STOCKOUT RISK,Urgent Restock Required
RIM-MATCH-PWDR,0,0,0,0,0,"Complexion, Face Powder, Makeup",B0D1RKX1GG,0.0,0,5.477225575051662,0.0,0.0,0.0,0.0,0.0,Stockout Inactive,STOCKOUT RISK,Urgent Restock Required
RIM-MAXI-BLUSH-001,0,0,0,0,0,"Blusher, Complexion, Makeup",B0H3JJJG2P,471.0,1,1.6400168207715973,0.5714285714285714,0.35714285714285715,0.3333333333333333,0.23333333333333334,999.0,Dormant Inventory,SLOW-MOVING EXCESS,Review Promotion / Liquidation
RIM-MAXI-BLUSH-001-2PK,0,0,0,0,0,Cosmetics General,RIM-MAXI-BLUSH-001-2PK,254.0,1,5.477225575051666,0.0,0.0,0.0,0.0,999.0,Dormant Inventory,SLOW-MOVING EXCESS,Review Promotion / Liquidation
RIM-MAXI-BLUSH-001-3PK,0,0,0,0,0,Cosmetics General,RIM-MAXI-BLUSH-001-3PK,203.0,1,5.477225575051661,0.0,0.0,0.0,0.0,999.0,Dormant Inventory,SLOW-MOVING EXCESS,Review Promotion / Liquidation
RIM-MAXI-BLUSH-003,0,0,0,0,0,"Blusher, Complexion, Makeup",402795290569,854.0,1,5.477225575051671,0.0,0.0,0.0,0.05555555555555555,999.0,Dormant Inventory,SLOW-MOVING EXCESS,Review Promotion / Liquidation
RIM-MAXI-BLUSH-005,0,0,0,0,0,"Blusher, Complexion, Makeup",RIM-MAXI-BLUSH,296.0,1,3.0512857662936463,0.2857142857142857,0.21428571428571427,0.1,0.08888888888888889,999.0,Dormant Inventory,SLOW-MOVING EXCESS,Review Promotion / Liquidation
RIM-MAXI-BLUSH-006,0,0,0,0,0,"Blusher, Complexion, Makeup",205588885888,419.0,1,2.0341905108624343,0.14285714285714285,0.21428571428571427,0.2,0.24444444444444444,999.0,Dormant Inventory,SLOW-MOVING EXCESS,Review Promotion / Liquidation
RIM-MBP-001,0,0,0,0,0,"Brow Pencils, Brows, Makeup",B0H3NLP3ZK,627.0,1,1.8876489055978063,0.42857142857142855,0.35714285714285715,0.6,0.4,999.0,Dormant Inventory,SLOW-MOVING EXCESS,Review Promotion / Liquidation
RIM-MICRO-BRW-001,0,0,0,0,0,"Brow Pencils, Brows, Makeup",402821078295,1.0,1,5.477225575051661,0.0,0.0,0.0,0.0,999.0,Dormant Inventory,SLOW-MOVING EXCESS,Review Promotion / Liquidation
RIM-MICRO-BRW-002,0,0,0,0,0,"Brow Pencils, Brows, Makeup",402821078295,75.0,1,5.477225575051661,0.0,0.0,0.0,0.0,999.0,Dormant Inventory,SLOW-MOVING EXCESS,Review Promotion / Liquidation
RIM-MICRO-BRW-004,0,0,0,0,0,"Brow Pencils, Brows, Makeup",402821078295,0.0,0,5.477225575051661,0.0,0.0,0.0,0.0,0.0,Stockout Inactive,STOCKOUT RISK,Urgent Restock Required
RIM-MINI-PWRPAL-001,0,0,0,0,0,"Eyeshadow Palettes, Makeup, Palettes",205588937152,0.0,0,5.477225575051661,0.0,0.0,0.0,0.0,0.0,Stockout Inactive,STOCKOUT RISK,Urgent Restock Required
RIM-MINI-PWRPAL-002,0,0,0,0,0,"Eyeshadow Palettes, Makeup, Palettes",RIM-MINI-PWRPAL,6.0,1,5.477225575051661,0.0,0.0,0.0,0.0,999.0,Dormant Inventory,SLOW-MOVING EXCESS,Review Promotion / Liquidation
RIM-MOIST-LPK-100,0,0,0,0,0,Lipstick,402795198575,0.0,0,5.477225575051705,0.0,0.0,0.0,0.0,0.0,Stockout Inactive,STOCKOUT RISK,Urgent Restock Required
RIM-MOIST-LPK-140,0,0,0,0,0,Lipstick,RIM-MOIST-LPK,0.0,0,5.477225575051699,0.0,0.0,0.0,0.0,0.0,Stockout Inactive,STOCKOUT RISK,Urgent Restock Required
RIM-MOIST-LPK-180,0,0,0,0,0,Lipstick,RIM-MOIST-LPK,0.0,0,5.477225575051846,0.0,0.0,0.0,0.0,0.0,Stockout Inactive,STOCKOUT RISK,Urgent Restock Required
RIM-MOIST-LPK-180-2PK,0,0,0,0,0,Cosmetics General,RIM-MOIST-LPK-180-2PK,107.0,1,5.477225575051659,0.0,0.0,0.0,0.0,999.0,Dormant Inventory,SLOW-MOVING EXCESS,Review Promotion / Liquidation
RIM-MOIST-LPK-180-3PK,0,0,0,0,0,Cosmetics General,RIM-MOIST-LPK-180-3PK,57.0,1,5.477225575051662,0.0,0.0,0.0,0.0,999.0,Dormant Inventory,SLOW-MOVING EXCESS,Review Promotion / Liquidation
RIM-MOIST-LPK-180-5PK,0,0,0,0,0,Cosmetics General,RIM-MOIST-LPK-180-5PK,7.0,1,5.477225575051662,0.0,0.0,0.0,0.0,999.0,Dormant Inventory,SLOW-MOVING EXCESS,Review Promotion / Liquidation
RIM-MOIST-LPK-200,0,0,0,0,0,Lipstick,B0G3WMZ4P2,82.0,1,5.477225575051667,0.0,0.0,0.0,0.0,999.0,Dormant Inventory,SLOW-MOVING EXCESS,Review Promotion / Liquidation
RIM-MOIST-LPK-200-2PK,0,0,0,0,0,Cosmetics General,RIM-MOIST-LPK-200-2PK,0.0,0,5.477225575051681,0.0,0.0,0.0,0.0,0.0,Stockout Inactive,STOCKOUT RISK,Urgent Restock Required
RIM-MOIST-LPK-200-3PK,0,0,0,0,0,Cosmetics General,RIM-MOIST-LPK-200-3PK,27.0,1,5.477225575051659,0.0,0.0,0.0,0.0,999.0,Dormant Inventory,SLOW-MOVING EXCESS,Review Promotion / Liquidation
RIM-MOIST-LPK-200-5PK,0,0,0,0,0,Cosmetics General,RIM-MOIST-LPK-200-5PK,72.0,1,5.4772255750516665,0.0,0.0,0.0,0.0,999.0,Dormant Inventory,SLOW-MOVING EXCESS,Review Promotion / Liquidation
RIM-MOIST-LPK-210,0,0,0,0,0,Lipstick,B003PG72MU,0.0,0,5.477225575051665,0.0,0.0,0.0,0.0,0.0,Stockout Inactive,STOCKOUT RISK,Urgent Restock Required
RIM-MOIST-LPK-260,0,0,0,0,0,Lipstick,RIM-MOIST-LPK,8.0,1,5.4772255750514836,0.0,0.0,0.0,0.0,999.0,Dormant Inventory,SLOW-MOVING EXCESS,Review Promotion / Liquidation
RIM-MOIST-LPK-360,0,0,0,0,0,Lipstick,B00FJ314FS,0.0,0,5.477225575051666,0.0,0.0,0.0,0.0,0.0,Stockout Inactive,STOCKOUT RISK,Urgent Restock Required
RIM-MOIST-LPK-510,0,0,0,0,0,Lipstick,402795198575,7.0,1,5.477225575051637,0.0,0.0,0.03333333333333333,0.06666666666666667,999.0,Dormant Inventory,SLOW-MOVING EXCESS,Review Promotion / Liquidation
RIM-1KLL-080,0,0,0,0,0,Cosmetics General,B01BYEMIYG,0.0,0,5.477225575051645,0.0,0.0,0.0,0.0,0.0,Stockout Inactive,STOCKOUT RISK,Urgent Restock Required
RIM-MSC-ACCEL-BLK-2PK,0,0,0,0,0,Cosmetics General,RIM-MSC-ACCEL-BLK-2PK,55.0,1,5.4772255750516745,0.0,0.0,0.0,0.022222222222222223,999.0,Dormant Inventory,SLOW-MOVING EXCESS,Review Promotion / Liquidation
RIM-MSC-ACCEL-BLK-3PK,0,0,0,0,0,Cosmetics General,RIM-MSC-ACCEL-BLK-3PK,4.0,1,1.2238999282959198,0.14285714285714285,0.7142857142857143,0.8333333333333334,0.3888888888888889,999.0,Dormant Inventory,SLOW-MOVING EXCESS,Review Promotion / Liquidation
RIM-MSC-ACCEL-BLK-5PK,0,0,0,0,0,Cosmetics General,RIM-MSC-ACCEL-BLK-5PK,27.0,1,4.7328340883758955,0.0,0.0,0.23333333333333334,0.08888888888888889,999.0,Dormant Inventory,SLOW-MOVING EXCESS,Review Promotion / Liquidation
RIM-MSC-CURL-003,0,0,0,0,0,Mascara,B079JFT2ZR,0.0,0,5.477225575051662,0.0,0.0,0.0,0.0,0.0,Stockout Inactive,STOCKOUT RISK,Urgent Restock Required
RIM-WS2IN1-003,0,0,0,0,0,Eyeliner,RIM-WS2IN1,279.0,1,5.477225575051661,0.0,0.0,0.0,0.0,999.0,Dormant Inventory,SLOW-MOVING EXCESS,Review Promotion / Liquidation
RIM-MSC-E3DL-003-2PK,0,0,0,0,0,Mascara,RIM-MSC-E3DL-003-2PK,1941.0,1,5.477225575051661,0.0,0.0,0.0,0.011111111111111112,999.0,Dormant Inventory,SLOW-MOVING EXCESS,Review Promotion / Liquidation
RIM-MSC-E3DL-003-3PK,0,0,0,0,0,Cosmetics General,RIM-MSC-E3DL-003-3PK,2484.0,1,1.9531142241082047,0.0,0.2857142857142857,0.26666666666666666,0.26666666666666666,999.0,Dormant Inventory,SLOW-MOVING EXCESS,Review Promotion / Liquidation
RIM-MSC-E3DL-003-5PK,0,0,0,0,0,Cosmetics General,RIM-MSC-E3DL-003-5PK,1710.0,1,3.8056219755369374,0.0,0.07142857142857142,0.06666666666666667,0.07777777777777778,999.0,Dormant Inventory,SLOW-MOVING EXCESS,Review Promotion / Liquidation
RIM-WONDER-SERUM,0,0,0,0,0,"Brow Serum, Brows, Makeup",RIM-WONDER-SERUM,1.0,1,5.477225575051661,0.0,0.0,0.0,0.011111111111111112,999.0,Dormant Inventory,SLOW-MOVING EXCESS,Review Promotion / Liquidation
RIM-MSC-ELL-003-2PK,0,0,0,0,0,Mascara,RIM-MSC-ELL-003-2PK,1427.0,1,3.0512857662936463,0.0,0.07142857142857142,0.1,0.05555555555555555,999.0,Dormant Inventory,SLOW-MOVING EXCESS,Review Promotion / Liquidation
RIM-MSC-ELL-003-3PK,0,0,0,0,0,Cosmetics General,RIM-MSC-ELL-003-3PK,696.0,1,5.477225575051661,0.0,0.0,0.0,0.03333333333333333,999.0,Dormant Inventory,SLOW-MOVING EXCESS,Review Promotion / Liquidation
RIM-MSC-ELL-003-5PK,0,0,0,0,0,Cosmetics General,RIM-MSC-ELL-003-5PK,559.0,1,1.5362010913625372,0.14285714285714285,0.2857142857142857,0.5333333333333333,0.45555555555555555,999.0,Dormant Inventory,SLOW-MOVING EXCESS,Review Promotion / Liquidation
RIM-1KLL-081,0,0,0,0,0,Cosmetics General,B01BYEMIYG,1.0,1,5.47722557505158,0.0,0.0,0.0,0.0,999.0,Dormant Inventory,SLOW-MOVING EXCESS,Review Promotion / Liquidation
RIM-MSC-ESL-101-2PK,0,0,0,0,0,Mascara,RIM-MSC-ESL-101-2PK,1152.0,1,2.1600297128302746,0.5714285714285714,0.42857142857142855,0.23333333333333334,0.25555555555555554,999.0,Dormant Inventory,SLOW-MOVING EXCESS,Review Promotion / Liquidation
RIM-MSC-ESL-101-3PK,0,0,0,0,0,Cosmetics General,RIM-MSC-ESL-101-3PK,1059.0,1,3.0512857662936463,0.14285714285714285,0.14285714285714285,0.1,0.05555555555555555,999.0,Dormant Inventory,SLOW-MOVING EXCESS,Review Promotion / Liquidation
RIM-MSC-ESL-101-5PK,0,0,0,0,0,Cosmetics General,RIM-MSC-ESL-101-5PK,460.0,1,1.0710179837256495,0.5714285714285714,0.42857142857142855,0.7,0.34444444444444444,999.0,Dormant Inventory,SLOW-MOVING EXCESS,Review Promotion / Liquidation
RIM-BBCREAM-MEDIUM,0,0,0,0,0,"BB & CC Cream, Complexion, Makeup",B071Z2XMT8,0.0,0,5.477225575051727,0.0,0.0,0.0,0.17777777777777778,0.0,Stockout Inactive,STOCKOUT RISK,Urgent Restock Required
RIM-MSC-ESL-102-2PK,0,0,0,0,0,Cosmetics General,RIM-MSC-ESL-102-2PK,817.0,1,5.477225575051662,0.0,0.0,0.0,0.0,999.0,Dormant Inventory,SLOW-MOVING EXCESS,Review Promotion / Liquidation
RIM-MSC-ESL-102-3PK,0,0,0,0,0,Cosmetics General,RIM-MSC-ESL-102-3PK,992.0,1,2.2321305418379476,0.0,0.14285714285714285,0.4666666666666667,0.3333333333333333,999.0,Dormant Inventory,SLOW-MOVING EXCESS,Review Promotion / Liquidation
RIM-MSC-ESL-102-5PK,0,0,0,0,0,Cosmetics General,RIM-MSC-ESL-102-5PK,669.0,1,5.477225575051654,0.14285714285714285,0.07142857142857142,0.03333333333333333,0.022222222222222223,999.0,Dormant Inventory,SLOW-MOVING EXCESS,Review Promotion / Liquidation
RIM-MSC-SCAND-BLK,0,0,0,0,0,Mascara,B08LNSS12V,0.0,0,5.477225575051661,0.0,0.0,0.0,0.0,0.0,Stockout Inactive,STOCKOUT RISK,Urgent Restock Required
RIM-MSC-SCAND-LYCRA,0,0,0,0,0,Mascara,RIM-MSC-SCAND-LYCRA,3.0,1,5.477225575051661,0.0,0.0,0.0,0.011111111111111112,999.0,Dormant Inventory,SLOW-MOVING EXCESS,Review Promotion / Liquidation
RIM-BBCREAM-VERYLIGHT,0,0,0,0,0,"BB & CC Cream, Complexion, Makeup",402758154009,0.0,0,3.292857706824672,0.0,0.35714285714285715,0.3,0.2111111111111111,0.0,Stockout Inactive,STOCKOUT RISK,Urgent Restock Required
RIM-MSC-SCAND-RL-001-2PK,0,0,0,0,0,Cosmetics General,RIM-MSC-SCAND-RL-001-2PK,128.0,1,2.0341905108624303,0.14285714285714285,0.07142857142857142,0.2,0.17777777777777778,999.0,Dormant Inventory,SLOW-MOVING EXCESS,Review Promotion / Liquidation
RIM-MSC-SCAND-RL-001-3PK,0,0,0,0,0,Cosmetics General,RIM-MSC-SCAND-RL-001-3PK,87.0,1,3.8056219755369365,0.14285714285714285,0.14285714285714285,0.06666666666666667,0.06666666666666667,999.0,Dormant Inventory,SLOW-MOVING EXCESS,Review Promotion / Liquidation
RIM-MSC-SCAND-RL-001-5PK,0,0,0,0,0,Cosmetics General,RIM-MSC-SCAND-RL-001-5PK,189.0,1,5.477225575051661,0.0,0.0,0.0,0.0,999.0,Dormant Inventory,SLOW-MOVING EXCESS,Review Promotion / Liquidation
RIM-MSC-SCAND-RL-002,0,0,0,0,0,Mascara,B01JOY2RGW,200.0,1,5.477225575051661,0.0,0.07142857142857142,0.03333333333333333,0.011111111111111112,999.0,Dormant Inventory,SLOW-MOVING EXCESS,Review Promotion / Liquidation
RIM-MSC-SCAND-RL-003,0,0,0,0,0,Mascara,B0GCDLFMXF,291.0,1,2.160029712830279,0.14285714285714285,0.21428571428571427,0.23333333333333334,0.36666666666666664,999.0,Dormant Inventory,SLOW-MOVING EXCESS,Review Promotion / Liquidation
RIM-MSC-SCAND-RL-003-2PK,0,0,0,0,0,Cosmetics General,RIM-MSC-SCAND-RL-003-2PK,2.0,1,5.477225575051662,0.0,0.0,0.0,0.022222222222222223,999.0,Dormant Inventory,SLOW-MOVING EXCESS,Review Promotion / Liquidation
RIM-MSC-SCAND-RL-003-3PK,0,0,0,0,0,Cosmetics General,RIM-MSC-SCAND-RL-003-3PK,84.0,1,5.477225575051662,0.0,0.0,0.0,0.0,999.0,Dormant Inventory,SLOW-MOVING EXCESS,Review Promotion / Liquidation
RIM-MSC-SCAND-RL-003-5PK,0,0,0,0,0,Cosmetics General,RIM-MSC-SCAND-RL-003-5PK,57.0,1,5.477225575051661,0.14285714285714285,0.07142857142857142,0.03333333333333333,0.011111111111111112,999.0,Dormant Inventory,SLOW-MOVING EXCESS,Review Promotion / Liquidation
RIM-BTW-BSK-DRKBRW-2PK,0,0,0,0,0,Cosmetics General,RIM-BTW-BSK-DRKBRW-2PK,642.0,1,5.477225575051659,0.0,0.0,0.03333333333333333,0.06666666666666667,999.0,Dormant Inventory,SLOW-MOVING EXCESS,Review Promotion / Liquidation
RIM-MSC-SCAND-VOD-002,0,0,0,0,0,Mascara,RIM-MSC-SCAND-VOD-002,124.0,1,5.4772255750516905,0.0,0.0,0.0,0.011111111111111112,999.0,Dormant Inventory,SLOW-MOVING EXCESS,Review Promotion / Liquidation
RIM-MSC-SCAND-VOD-002-2PK,0,0,0,0,0,Cosmetics General,RIM-MSC-SCAND-VOD-002-2PK,94.0,1,5.477225575051661,0.0,0.0,0.0,0.0,999.0,Dormant Inventory,SLOW-MOVING EXCESS,Review Promotion / Liquidation
RIM-MSC-SCAND-VOD-002-5PK,0,0,0,0,0,Cosmetics General,RIM-MSC-SCAND-VOD-002-5PK,25.0,1,5.477225575051661,0.0,0.0,0.0,0.011111111111111112,999.0,Dormant Inventory,SLOW-MOVING EXCESS,Review Promotion / Liquidation
RIM-MSC-SCAND-VOD-WP,0,0,0,0,0,Mascara,RIM-MSC-SCAND-VOD-WP,55.0,1,5.477225575051668,0.0,0.0,0.06666666666666667,0.06666666666666667,999.0,Dormant Inventory,SLOW-MOVING EXCESS,Review Promotion / Liquidation
RIM-BTW-BSK-DRKBRW-3PK,0,0,0,0,0,Cosmetics General,RIM-BTW-BSK-DRKBRW-3PK,431.0,1,5.477225575051662,0.0,0.0,0.0,0.022222222222222223,999.0,Dormant Inventory,SLOW-MOVING EXCESS,Review Promotion / Liquidation
RIM-MSC-SCAND-WOW-003,0,0,0,0,0,Mascara,405477206373,0.0,0,5.477225575051661,0.0,0.0,0.0,0.0,0.0,Stockout Inactive,STOCKOUT RISK,Urgent Restock Required
RIM-MSC-SCAND-WOW-WP,0,0,0,0,0,Mascara,B097QPWLHM,247.0,1,5.4772255750516665,0.2857142857142857,0.14285714285714285,0.06666666666666667,0.07777777777777778,999.0,Dormant Inventory,SLOW-MOVING EXCESS,Review Promotion / Liquidation
RIM-MSC-THRILLSEEKER-BLKBRWN,0,0,0,0,0,Mascara,205590248245,31.0,1,2.7667982242644844,0.14285714285714285,0.14285714285714285,0.16666666666666666,0.05555555555555555,999.0,Dormant Inventory,SLOW-MOVING EXCESS,Review Promotion / Liquidation
RIM-MSC-THRILLSEEKER-EXTBLACK,0,0,0,0,0,Mascara,B0H3K97NCT,16.0,1,2.4356604735254375,0.14285714285714285,0.5,0.23333333333333334,0.07777777777777778,999.0,Dormant Inventory,SLOW-MOVING EXCESS,Review Promotion / Liquidation
RIM-MSC-VF-X10-001,0,0,0,0,0,Mascara,B0714C7NFN,0.0,0,5.47722557505164,0.0,0.0,0.0,0.0,0.0,Stockout Inactive,STOCKOUT RISK,Urgent Restock Required
RIM-MSC-VOLCOL-001,0,0,0,0,0,Mascara,B01DL0FMVM,0.0,0,5.477225575051663,0.0,0.0,0.0,0.0,0.0,Stockout Inactive,STOCKOUT RISK,Urgent Restock Required
RIM-MSC-WDF-001,0,0,0,0,0,Mascara,B00VTOC5GS,393.0,1,5.477225575051661,0.0,0.0,0.0,0.022222222222222223,999.0,Dormant Inventory,SLOW-MOVING EXCESS,Review Promotion / Liquidation
RIM-MSC-WDF-003,0,0,0,0,0,Mascara,B00VTOC5GS,1.0,1,5.47722557505167,0.0,0.0,0.0,0.15555555555555556,999.0,Dormant Inventory,SLOW-MOVING EXCESS,Review Promotion / Liquidation
RIM-MSC-WDF-WP,0,0,0,0,0,Mascara,B00UYJDAN6,21.0,1,5.477225575051665,0.0,0.0,0.03333333333333333,0.044444444444444446,999.0,Dormant Inventory,SLOW-MOVING EXCESS,Review Promotion / Liquidation
RIM-MSC-WLUX-001,0,0,0,0,0,Mascara,B07V98DW2M,313.0,1,1.7832769354064135,0.42857142857142855,0.42857142857142855,0.3,0.1,999.0,Dormant Inventory,SLOW-MOVING EXCESS,Review Promotion / Liquidation
RIM-MSC-WLUX-002,0,0,0,0,0,Mascara,403212526888,98.0,1,2.2742941307367115,0.0,0.0,0.3333333333333333,0.2777777777777778,999.0,Dormant Inventory,SLOW-MOVING EXCESS,Review Promotion / Liquidation
RIM-BTW-BSK-MEDBRW-2PK,0,0,0,0,0,Cosmetics General,RIM-BTW-BSK-MEDBRW-2PK,84.0,1,5.477225575051661,0.0,0.0,0.0,0.0,999.0,Dormant Inventory,SLOW-MOVING EXCESS,Review Promotion / Liquidation
RIM-MSC-WLUX-003-2PK,0,0,0,0,0,Cosmetics General,RIM-MSC-WLUX-003-2PK,16.0,1,5.477225575051666,0.0,0.0,0.0,0.0,999.0,Dormant Inventory,SLOW-MOVING EXCESS,Review Promotion / Liquidation
RIM-MSC-WNDR-EXT-001,0,0,0,0,0,Mascara,RIM-MSC-WNDR-EXT-001,41.0,1,5.477225575051661,0.0,0.0,0.03333333333333333,0.022222222222222223,999.0,Dormant Inventory,SLOW-MOVING EXCESS,Review Promotion / Liquidation
RIM-MSC-WNDRBOND-LASH-FILLER-BLK,0,0,0,0,0,"Eyes, Makeup, Mascara",RIM-MSC-WNDRBOND-LASH-FILLER-BLK,11.0,1,5.477225575051661,0.0,0.0,0.0,0.0,999.0,Dormant Inventory,SLOW-MOVING EXCESS,Review Promotion / Liquidation
RIM-MULTI-TASK-CLR-010,0,0,0,0,0,"Complexion, Concealer, Makeup",403339825493,136.0,1,5.477225575051662,0.0,0.0,0.03333333333333333,0.011111111111111112,999.0,Dormant Inventory,SLOW-MOVING EXCESS,Review Promotion / Liquidation
RIM-MULTI-TASK-CLR-020,0,0,0,0,0,"Complexion, Concealer, Makeup",403339825493,4.0,1,5.477225575051662,0.0,0.0,0.0,0.022222222222222223,999.0,Dormant Inventory,SLOW-MOVING EXCESS,Review Promotion / Liquidation
RIM-MULTI-TASK-CLR-030,0,0,0,0,0,"Complexion, Concealer, Makeup",RIM-MULTI-TASK-CLR,72.0,1,5.477225575051661,0.0,0.0,0.0,0.011111111111111112,999.0,Dormant Inventory,SLOW-MOVING EXCESS,Review Promotion / Liquidation
RIM-MULTI-TASK-CLR-040,0,0,0,0,0,"Complexion, Concealer, Makeup",B0GDRTMBTQ,7.0,1,5.477225575051662,0.0,0.0,0.0,0.0,999.0,Dormant Inventory,SLOW-MOVING EXCESS,Review Promotion / Liquidation
RIM-MULTI-TASK-CLR-050,0,0,0,0,0,"Complexion, Concealer, Makeup",403339825493,15.0,1,5.477225575051662,0.0,0.0,0.0,0.0,999.0,Dormant Inventory,SLOW-MOVING EXCESS,Review Promotion / Liquidation
RIM-MULTI-TASK-CLR-060,0,0,0,0,0,"Complexion, Concealer, Makeup",403339825493,0.0,0,5.477225575051661,0.0,0.0,0.0,0.0,0.0,Stockout Inactive,STOCKOUT RISK,Urgent Restock Required
RIM-MULTI-TASK-CLR-070,0,0,0,0,0,"Complexion, Concealer, Makeup",B0H3K7F7F2,31.0,1,5.477225575051661,0.0,0.0,0.0,0.0,999.0,Dormant Inventory,SLOW-MOVING EXCESS,Review Promotion / Liquidation
RIM-MULTI-TASK-CLR-090,0,0,0,0,0,"Complexion, Concealer, Makeup",B0931L2N1T,0.0,0,5.477225575051661,0.0,0.0,0.0,0.0,0.0,Stockout Inactive,STOCKOUT RISK,Urgent Restock Required
RIM-MULTI-TASKER-BTF-30ML-002,0,0,0,0,0,"Complexion, Highlighter, Makeup",RIM-MULTI-TASKER-BTF-30ML,3.0,1,5.477225575051661,0.0,0.0,0.0,0.011111111111111112,999.0,Dormant Inventory,SLOW-MOVING EXCESS,Review Promotion / Liquidation
RIM-MULTI-TASKER-BTF-30ML-003,0,0,0,0,0,"Complexion, Highlighter, Makeup",RIM-MULTI-TASKER-BTF-30ML,5.0,1,5.477225575051661,0.0,0.0,0.0,0.0,999.0,Dormant Inventory,SLOW-MOVING EXCESS,Review Promotion / Liquidation
RIM-MULTI-TASKER-BTF-30ML-004,0,0,0,0,0,"Complexion, Highlighter, Makeup",RIM-MULTI-TASKER-BTF-30ML,4.0,1,5.477225575051661,0.0,0.0,0.0,0.022222222222222223,999.0,Dormant Inventory,SLOW-MOVING EXCESS,Review Promotion / Liquidation
RIM-NAIL-60S-101,0,0,0,0,0,"Nail Polish, Nails",205588880309,16.0,1,2.766798224264483,0.0,0.07142857142857142,0.16666666666666666,0.2,999.0,Dormant Inventory,SLOW-MOVING EXCESS,Review Promotion / Liquidation
RIM-NAIL-60S-130,0,0,0,0,0,Nail Polish,402783366055,106.0,1,2.593094277313203,0.14285714285714285,0.07142857142857142,0.13333333333333333,0.12222222222222222,999.0,Dormant Inventory,SLOW-MOVING EXCESS,Review Promotion / Liquidation
RIM-NAIL-60S-150,0,0,0,0,0,Nail Polish,402783366055,113.0,1,5.477225575051661,0.0,0.0,0.0,0.0,999.0,Dormant Inventory,SLOW-MOVING EXCESS,Review Promotion / Liquidation
RIM-NAIL-60S-151,0,0,0,0,0,Nail Polish,B0BCGW2749,23.0,1,5.477225575051662,0.0,0.0,0.03333333333333333,0.05555555555555555,999.0,Dormant Inventory,SLOW-MOVING EXCESS,Review Promotion / Liquidation
RIM-NAIL-60S-152,0,0,0,0,0,Nail Polish,402783366055,63.0,1,5.477225575051662,0.0,0.0,0.0,0.011111111111111112,999.0,Dormant Inventory,SLOW-MOVING EXCESS,Review Promotion / Liquidation
RIM-NAIL-60S-153,0,0,0,0,0,Cosmetics General,B0BCGRMNMX,63.0,1,5.477225575051648,0.0,0.0,0.0,0.0,999.0,Dormant Inventory,SLOW-MOVING EXCESS,Review Promotion / Liquidation
RIM-NAIL-60S-154,0,0,0,0,0,Nail Polish,RIM-NAIL-60S,63.0,1,5.477225575051661,0.0,0.0,0.03333333333333333,0.03333333333333333,999.0,Dormant Inventory,SLOW-MOVING EXCESS,Review Promotion / Liquidation
RIM-NAIL-60S-155,0,0,0,0,0,Nail Polish,B0B4SRNQN4,220.0,1,5.477225575051662,0.0,0.0,0.0,0.011111111111111112,999.0,Dormant Inventory,SLOW-MOVING EXCESS,Review Promotion / Liquidation
RIM-NAIL-60S-203,0,0,0,0,0,Nail Polish,B0H4SV53T5,289.0,1,1.4907119849998598,0.14285714285714285,0.2857142857142857,0.6,0.6666666666666666,999.0,Dormant Inventory,SLOW-MOVING EXCESS,Review Promotion / Liquidation
RIM-NAIL-60S-210,0,0,0,0,0,"Nail Polish, Nails",402783366055,483.0,1,1.4551484104900514,0.2857142857142857,0.42857142857142855,0.5333333333333333,0.5222222222222223,999.0,Dormant Inventory,SLOW-MOVING EXCESS,Review Promotion / Liquidation
RIM-NAIL-60S-230,0,0,0,0,0,Nail Polish,402783366055,203.0,1,2.593094277313204,0.0,0.07142857142857142,0.13333333333333333,0.25555555555555554,999.0,Dormant Inventory,SLOW-MOVING EXCESS,Review Promotion / Liquidation
RIM-NAIL-60S-235,0,0,0,0,0,Nail Polish,205588880309,31.0,1,2.1873460536962783,0.2857142857142857,0.2857142857142857,0.26666666666666666,0.35555555555555557,999.0,Dormant Inventory,SLOW-MOVING EXCESS,Review Promotion / Liquidation
RIM-NAIL-60S-262,0,0,0,0,0,Nail Polish,402783366055,612.0,1,1.4421179191003703,0.5714285714285714,0.35714285714285715,0.5666666666666667,0.4222222222222222,999.0,Dormant Inventory,SLOW-MOVING EXCESS,Review Promotion / Liquidation
RIM-NAIL-60S-270,0,0,0,0,0,Nail Polish,402783366055,670.0,1,1.5536386656646626,0.2857142857142857,0.35714285714285715,0.5,0.6888888888888889,999.0,Dormant Inventory,SLOW-MOVING EXCESS,Review Promotion / Liquidation
RIM-NAIL-60S-271,0,0,0,0,0,Nail Polish,B0C5DZVGNB,670.0,1,1.686661669158014,0.2857142857142857,0.2857142857142857,0.26666666666666666,0.26666666666666666,999.0,Dormant Inventory,SLOW-MOVING EXCESS,Review Promotion / Liquidation
RIM-NAIL-60S-300,0,0,0,0,0,Nail Polish,B0H4SV53T5,523.0,1,1.9592601880476495,0.0,0.21428571428571427,0.36666666666666664,0.32222222222222224,999.0,Dormant Inventory,SLOW-MOVING EXCESS,Review Promotion / Liquidation
RIM-NAIL-60S-310,0,0,0,0,0,Nail Polish,402783366055,263.0,1,2.0341905108624294,0.0,0.14285714285714285,0.2,0.36666666666666664,999.0,Dormant Inventory,SLOW-MOVING EXCESS,Review Promotion / Liquidation
RIM-NAIL-60S-312,0,0,0,0,0,Nail Polish,402783366055,42.0,1,2.593094277313201,0.0,0.0,0.13333333333333333,0.1111111111111111,999.0,Dormant Inventory,SLOW-MOVING EXCESS,Review Promotion / Liquidation
RIM-NAIL-60S-313,0,0,0,0,0,Nail Polish,B08MBFLWZW,69.0,1,2.593094277313207,0.14285714285714285,0.14285714285714285,0.13333333333333333,0.18888888888888888,999.0,Dormant Inventory,SLOW-MOVING EXCESS,Review Promotion / Liquidation
RIM-NAIL-60S-314,0,0,0,0,0,Nail Polish,402783366055,152.0,1,3.0512857662936463,0.14285714285714285,0.07142857142857142,0.1,0.07777777777777778,999.0,Dormant Inventory,SLOW-MOVING EXCESS,Review Promotion / Liquidation
RIM-NAIL-60S-315,0,0,0,0,0,Nail Polish,402783366055,61.0,1,2.1600297128302746,0.14285714285714285,0.07142857142857142,0.23333333333333334,0.16666666666666666,999.0,Dormant Inventory,SLOW-MOVING EXCESS,Review Promotion / Liquidation
RIM-NAIL-60S-320,0,0,0,0,0,Nail Polish,402783366055,152.0,1,2.1873460536962797,0.2857142857142857,0.2857142857142857,0.26666666666666666,0.3111111111111111,999.0,Dormant Inventory,SLOW-MOVING EXCESS,Review Promotion / Liquidation
RIM-NAIL-60S-322,0,0,0,0,0,Nail Polish,205588880309,309.0,1,2.034190510862434,0.14285714285714285,0.07142857142857142,0.2,0.35555555555555557,999.0,Dormant Inventory,SLOW-MOVING EXCESS,Review Promotion / Liquidation
RIM-NAIL-60S-323,0,0,0,0,0,Nail Polish,402783366055,775.0,1,1.6400168207715995,0.0,0.07142857142857142,0.3333333333333333,0.4666666666666667,999.0,Dormant Inventory,SLOW-MOVING EXCESS,Review Promotion / Liquidation
RIM-NAIL-60S-324,0,0,0,0,0,Nail Polish,402783366055,79.0,1,5.477225575051658,0.0,0.0,0.0,0.05555555555555555,999.0,Dormant Inventory,SLOW-MOVING EXCESS,Review Promotion / Liquidation
RIM-NAIL-60S-335,0,0,0,0,0,Nail Polish,205588880309,235.0,1,5.4772255750516665,0.0,0.0,0.0,0.05555555555555555,999.0,Dormant Inventory,SLOW-MOVING EXCESS,Review Promotion / Liquidation
RIM-NAIL-60S-336,0,0,0,0,0,Nail Polish,402783366055,168.0,1,1.843641716366042,0.14285714285714285,0.14285714285714285,0.23333333333333334,0.13333333333333333,999.0,Dormant Inventory,SLOW-MOVING EXCESS,Review Promotion / Liquidation
RIM-NAIL-60S-340,0,0,0,0,0,Nail Polish,402783366055,549.0,1,2.160029712830275,0.0,0.0,0.23333333333333334,0.25555555555555554,999.0,Dormant Inventory,SLOW-MOVING EXCESS,Review Promotion / Liquidation
RIM-BTW-BSK-MEDBRW-3PK,0,0,0,0,0,Cosmetics General,RIM-BTW-BSK-MEDBRW-3PK,46.0,1,5.477225575051661,0.0,0.0,0.03333333333333333,0.022222222222222223,999.0,Dormant Inventory,SLOW-MOVING EXCESS,Review Promotion / Liquidation
RIM-NAIL-60S-401,0,0,0,0,0,Nail Polish,402783366055,0.0,0,5.477225575051686,0.0,0.0,0.0,0.0,0.0,Stockout Inactive,STOCKOUT RISK,Urgent Restock Required
RIM-NAIL-60S-404,0,0,0,0,0,Nail Polish,402783366055,600.0,1,5.477225575051669,0.0,0.0,0.03333333333333333,0.16666666666666666,999.0,Dormant Inventory,SLOW-MOVING EXCESS,Review Promotion / Liquidation
RIM-NAIL-60S-405,0,0,0,0,0,Nail Polish,205588880309,525.0,1,3.051285766293649,0.0,0.0,0.1,0.34444444444444444,999.0,Dormant Inventory,SLOW-MOVING EXCESS,Review Promotion / Liquidation
RIM-NAIL-60S-406,0,0,0,0,0,Nail Polish,402783366055,1.0,1,5.4772255750516825,0.0,0.0,0.0,0.0,999.0,Dormant Inventory,SLOW-MOVING EXCESS,Review Promotion / Liquidation
RIM-NAIL-60S-410,0,0,0,0,0,Nail Polish,B0H4SV53T5,193.0,1,3.051285766293644,0.0,0.07142857142857142,0.1,0.17777777777777778,999.0,Dormant Inventory,SLOW-MOVING EXCESS,Review Promotion / Liquidation
RIM-NAIL-60S-411,0,0,0,0,0,Nail Polish,RIM-NAIL-60S,0.0,0,5.47722557505166,0.0,0.0,0.0,0.0,0.0,Stockout Inactive,STOCKOUT RISK,Urgent Restock Required
RIM-NAIL-60S-430,0,0,0,0,0,Nail Polish,B0H4SV53T5,0.0,0,5.477225575051659,0.0,0.0,0.0,0.03333333333333333,0.0,Stockout Inactive,STOCKOUT RISK,Urgent Restock Required
RIM-NAIL-60S-498,0,0,0,0,0,Nail Polish,402783366055,107.0,1,3.8056219755369387,0.14285714285714285,0.07142857142857142,0.06666666666666667,0.18888888888888888,999.0,Dormant Inventory,SLOW-MOVING EXCESS,Review Promotion / Liquidation
RIM-NAIL-60S-500,0,0,0,0,0,Nail Polish,402783366055,861.0,1,1.6771306359773952,0.14285714285714285,0.14285714285714285,0.36666666666666664,0.3,999.0,Dormant Inventory,SLOW-MOVING EXCESS,Review Promotion / Liquidation
RIM-NAIL-60S-510,0,0,0,0,0,Nail Polish,B0H4SV53T5,2859.0,1,2.4211709905575116,0.0,0.21428571428571427,0.2,0.17777777777777778,999.0,Dormant Inventory,SLOW-MOVING EXCESS,Review Promotion / Liquidation
RIM-NAIL-60S-558,0,0,0,0,0,Nail Polish,402783366055,670.0,1,1.8436417163660415,0.42857142857142855,0.2857142857142857,0.23333333333333334,0.4444444444444444,999.0,Dormant Inventory,SLOW-MOVING EXCESS,Review Promotion / Liquidation
RIM-NAIL-60S-560,0,0,0,0,0,Nail Polish,402783366055,666.0,1,3.3218191941496005,0.0,0.14285714285714285,0.2,0.23333333333333334,999.0,Dormant Inventory,SLOW-MOVING EXCESS,Review Promotion / Liquidation
RIM-NAIL-60S-561,0,0,0,0,0,Nail Polish,B0GR1K65GN,266.0,1,5.477225575051662,0.0,0.07142857142857142,0.03333333333333333,0.05555555555555555,999.0,Dormant Inventory,SLOW-MOVING EXCESS,Review Promotion / Liquidation
RIM-NAIL-60S-703,0,0,0,0,0,Nail Polish,402783366055,908.0,1,1.9531142241082053,0.14285714285714285,0.07142857142857142,0.26666666666666666,0.6111111111111112,999.0,Dormant Inventory,SLOW-MOVING EXCESS,Review Promotion / Liquidation
RIM-NAIL-60S-705,0,0,0,0,0,Nail Polish,B07NTNHVBL,4.0,1,5.477225575051662,0.0,0.0,0.03333333333333333,0.06666666666666667,999.0,Dormant Inventory,SLOW-MOVING EXCESS,Review Promotion / Liquidation
RIM-NAIL-60S-707,0,0,0,0,0,Nail Polish,402783366055,89.0,1,5.47722557505166,0.0,0.0,0.06666666666666667,0.044444444444444446,999.0,Dormant Inventory,SLOW-MOVING EXCESS,Review Promotion / Liquidation
RIM-NAIL-60S-708,0,0,0,0,0,Nail Polish,402783366055,0.0,0,5.477225575051661,0.0,0.0,0.0,0.0,0.0,Stockout Inactive,STOCKOUT RISK,Urgent Restock Required
RIM-NAIL-60S-709,0,0,0,0,0,Nail Polish,205588880309,419.0,1,5.477225575051657,0.0,0.0,0.0,0.011111111111111112,999.0,Dormant Inventory,SLOW-MOVING EXCESS,Review Promotion / Liquidation
RIM-NAIL-60S-710,0,0,0,0,0,Nail Polish,402783366055,98.0,1,5.477225575051654,0.14285714285714285,0.07142857142857142,0.03333333333333333,0.08888888888888889,999.0,Dormant Inventory,SLOW-MOVING EXCESS,Review Promotion / Liquidation
RIM-NAIL-60S-711,0,0,0,0,0,Nail Polish,402783366055,115.0,1,3.0512857662936503,0.0,0.07142857142857142,0.1,0.15555555555555556,999.0,Dormant Inventory,SLOW-MOVING EXCESS,Review Promotion / Liquidation
RIM-NAIL-60S-712,0,0,0,0,0,Nail Polish,402783366055,0.0,0,5.477225575051666,0.0,0.0,0.0,0.15555555555555556,0.0,Stockout Inactive,STOCKOUT RISK,Urgent Restock Required
RIM-NAIL-60S-713,0,0,0,0,0,Nail Polish,402783366055,429.0,1,2.421170990557511,0.0,0.0,0.2,0.1111111111111111,999.0,Dormant Inventory,SLOW-MOVING EXCESS,Review Promotion / Liquidation
RIM-NAIL-60S-714,0,0,0,0,0,Nail Polish,B0C5DZVGNB,57.0,1,5.477225575051682,0.0,0.0,0.03333333333333333,0.07777777777777778,999.0,Dormant Inventory,SLOW-MOVING EXCESS,Review Promotion / Liquidation
RIM-NAIL-60S-715,0,0,0,0,0,Nail Polish,B0C5DZVGNB,0.0,0,5.477225575051661,0.0,0.0,0.0,0.0,0.0,Stockout Inactive,STOCKOUT RISK,Urgent Restock Required
RIM-NAIL-60S-718,0,0,0,0,0,Nail Polish,402783366055,55.0,1,4.025778999364489,0.0,0.0,0.1,0.14444444444444443,999.0,Dormant Inventory,SLOW-MOVING EXCESS,Review Promotion / Liquidation
RIM-NAIL-60S-719,0,0,0,0,0,Nail Polish,402783366055,3633.0,1,1.326129967105476,0.14285714285714285,0.42857142857142855,0.6666666666666666,0.5444444444444444,999.0,Dormant Inventory,SLOW-MOVING EXCESS,Review Promotion / Liquidation
RIM-NAIL-60S-720,0,0,0,0,0,Nail Polish,B0C5DZVGNB,435.0,1,2.03419051086243,0.2857142857142857,0.21428571428571427,0.2,0.2222222222222222,999.0,Dormant Inventory,SLOW-MOVING EXCESS,Review Promotion / Liquidation
RIM-NAIL-60S-721,0,0,0,0,0,Nail Polish,402783366055,202.0,1,2.593094277313202,0.0,0.07142857142857142,0.13333333333333333,0.3111111111111111,999.0,Dormant Inventory,SLOW-MOVING EXCESS,Review Promotion / Liquidation
RIM-NAIL-60S-722,0,0,0,0,0,Nail Polish,B0GR1K65GN,27.0,1,2.5930942773132024,0.0,0.07142857142857142,0.13333333333333333,0.16666666666666666,999.0,Dormant Inventory,SLOW-MOVING EXCESS,Review Promotion / Liquidation
RIM-NAIL-60S-730,0,0,0,0,0,Nail Polish,205588880309,0.0,0,5.477225575051657,0.0,0.0,0.0,0.08888888888888889,0.0,Stockout Inactive,STOCKOUT RISK,Urgent Restock Required
RIM-NAIL-60S-740,0,0,0,0,0,Nail Polish,402783366055,1930.0,1,1.6400168207716028,0.42857142857142855,0.2857142857142857,0.3333333333333333,0.6111111111111112,999.0,Dormant Inventory,SLOW-MOVING EXCESS,Review Promotion / Liquidation
RIM-NAIL-60S-807,0,0,0,0,0,Nail Polish,B0GR1K65GN,125.0,1,3.2562936409147865,0.14285714285714285,0.07142857142857142,0.13333333333333333,0.1111111111111111,999.0,Dormant Inventory,SLOW-MOVING EXCESS,Review Promotion / Liquidation
RIM-NAIL-60S-809,0,0,0,0,0,Nail Polish,402783366055,323.0,1,5.477225575051658,0.0,0.0,0.03333333333333333,0.1111111111111111,999.0,Dormant Inventory,SLOW-MOVING EXCESS,Review Promotion / Liquidation
RIM-NAIL-60S-810,0,0,0,0,0,Nail Polish,B095KMYSW6,26.0,1,5.477225575051661,0.0,0.0,0.0,0.0,999.0,Dormant Inventory,SLOW-MOVING EXCESS,Review Promotion / Liquidation
RIM-NAIL-60S-811,0,0,0,0,0,Nail Polish,B0H4SV53T5,149.0,1,2.593094277313201,0.0,0.07142857142857142,0.13333333333333333,0.12222222222222222,999.0,Dormant Inventory,SLOW-MOVING EXCESS,Review Promotion / Liquidation
RIM-NAIL-60S-812,0,0,0,0,0,Nail Polish,402783366055,0.0,0,5.477225575051664,0.0,0.0,0.0,0.0,0.0,Stockout Inactive,STOCKOUT RISK,Urgent Restock Required
RIM-NAIL-60S-820,0,0,0,0,0,Nail Polish,402783366055,20.0,1,5.4772255750516585,0.0,0.0,0.0,0.03333333333333333,999.0,Dormant Inventory,SLOW-MOVING EXCESS,Review Promotion / Liquidation
RIM-NAIL-60S-828,0,0,0,0,0,Nail Polish,205588880309,230.0,1,1.516509318456916,0.2857142857142857,0.35714285714285715,0.36666666666666664,0.3333333333333333,999.0,Dormant Inventory,SLOW-MOVING EXCESS,Review Promotion / Liquidation
RIM-NAIL-60S-831,0,0,0,0,0,Nail Polish,402783366055,25.0,1,5.477225575051662,0.0,0.0,0.0,0.0,999.0,Dormant Inventory,SLOW-MOVING EXCESS,Review Promotion / Liquidation
RIM-NAIL-60S-833,0,0,0,0,0,Nail Polish,402783366055,1906.0,1,4.025778999364487,0.14285714285714285,0.07142857142857142,0.1,0.07777777777777778,999.0,Dormant Inventory,SLOW-MOVING EXCESS,Review Promotion / Liquidation
RIM-NAIL-60S-834,0,0,0,0,0,Nail Polish,B0BBTBCMVR,446.0,1,3.0512857662936463,0.0,0.0,0.1,0.1,999.0,Dormant Inventory,SLOW-MOVING EXCESS,Review Promotion / Liquidation
RIM-NAIL-60S-853,0,0,0,0,0,Nail Polish,B0H4SV53T5,265.0,1,5.477225575051664,0.0,0.0,0.03333333333333333,0.12222222222222222,999.0,Dormant Inventory,SLOW-MOVING EXCESS,Review Promotion / Liquidation
RIM-NAIL-60S-878,0,0,0,0,0,Nail Polish,B0GR1K65GN,0.0,0,5.477225575051666,0.0,0.0,0.0,0.0,0.0,Stockout Inactive,STOCKOUT RISK,Urgent Restock Required
RIM-BTW-F&S-001,0,0,0,0,0,"Brow Pencils, Brows, Makeup",B08R4Y54Z5,43.0,1,2.593094277313209,0.14285714285714285,0.07142857142857142,0.13333333333333333,0.14444444444444443,999.0,Dormant Inventory,SLOW-MOVING EXCESS,Review Promotion / Liquidation
RIM-NAIL-60S-901,0,0,0,0,0,Nail Polish,B07429PQ3Z,0.0,0,5.477225575051659,0.0,0.0,0.0,0.0,0.0,Stockout Inactive,STOCKOUT RISK,Urgent Restock Required
RIM-BTW-F&S-002,0,0,0,0,0,"Brow Pencils, Brows, Makeup",402783457223,671.0,1,3.8056219755369596,0.0,0.0,0.06666666666666667,0.24444444444444444,999.0,Dormant Inventory,SLOW-MOVING EXCESS,Review Promotion / Liquidation
RIM-NAIL-60S-905,0,0,0,0,0,Nail Polish,402783366055,61.0,1,2.5930942773132037,0.42857142857142855,0.21428571428571427,0.13333333333333333,0.07777777777777778,999.0,Dormant Inventory,SLOW-MOVING EXCESS,Review Promotion / Liquidation
RIM-NAIL-60S-BUNDLE-10PCS-V1,0,0,0,0,0,Nail Polish Bundles,RIM-NAIL-60S-BUNDLE-10PCS-V1,217.0,1,5.477225575051661,0.0,0.07142857142857142,0.03333333333333333,0.011111111111111112,999.0,Dormant Inventory,SLOW-MOVING EXCESS,Review Promotion / Liquidation
RIM-NAIL-60S-BUNDLE-10PCS-V2,0,0,0,0,0,Nail Polish Bundles,RIM-NAIL-60S-BUNDLE-10PCS-V2,6.0,1,5.477225575051661,0.0,0.0,0.0,0.07777777777777778,999.0,Dormant Inventory,SLOW-MOVING EXCESS,Review Promotion / Liquidation
RIM-NAIL-60S-BUNDLE-10PCS-V3,0,0,0,0,0,Nail Polish Bundles,RIM-NAIL-60S-BUNDLE-10PCS-V3,29.0,1,5.477225575051662,0.0,0.07142857142857142,0.03333333333333333,0.011111111111111112,999.0,Dormant Inventory,SLOW-MOVING EXCESS,Review Promotion / Liquidation
RIM-NAIL-60S-BUNDLE-15PCS-V1,0,0,0,0,0,Nail Polish Bundles,RIM-NAIL-60S-BUNDLE-15PCS-V1,0.0,0,5.477225575051661,0.0,0.0,0.0,0.0,0.0,Stockout Inactive,STOCKOUT RISK,Urgent Restock Required
RIM-NAIL-60S-BUNDLE-5PCS-V1,0,0,0,0,0,Nail Polish Bundles,RIM-NAIL-60S-BUNDLE-5PCS-V1,394.0,1,5.477225575051661,0.0,0.0,0.0,0.0,999.0,Dormant Inventory,SLOW-MOVING EXCESS,Review Promotion / Liquidation
RIM-NAIL-60S-BUNDLE-5PCS-V2,0,0,0,0,0,Nail Polish Bundles,RIM-NAIL-60S-BUNDLE-5PCS-V2,46.0,1,5.477225575051661,0.0,0.0,0.0,0.022222222222222223,999.0,Dormant Inventory,SLOW-MOVING EXCESS,Review Promotion / Liquidation
RIM-NAIL-60S-BUNDLE-5PCS-V3,0,0,0,0,0,Nail Polish Bundles,RIM-NAIL-60S-BUNDLE-5PCS-V3,62.0,1,5.477225575051661,0.0,0.07142857142857142,0.03333333333333333,0.022222222222222223,999.0,Dormant Inventory,SLOW-MOVING EXCESS,Review Promotion / Liquidation
RIM-NAIL-60S-BUNDLE-5PCS-V4,0,0,0,0,0,Nail Polish Bundles,RIM-NAIL-60S-BUNDLE-5PCS-V4,96.0,1,5.477225575051661,0.0,0.0,0.0,0.0,999.0,Dormant Inventory,SLOW-MOVING EXCESS,Review Promotion / Liquidation
RIM-NAIL-60S-BUNDLE-RED-5,0,0,0,0,0,Nail Polish Bundles,RIM-NAIL-60S-BUNDLE-RED-5,58.0,1,5.477225575051661,0.0,0.07142857142857142,0.03333333333333333,0.022222222222222223,999.0,Dormant Inventory,SLOW-MOVING EXCESS,Review Promotion / Liquidation
RIM-NAIL-60S-BUNDLE-SUMMER-5,0,0,0,0,0,Nail Polish Bundles,RIM-NAIL-60S-BUNDLE-SUMMER-5,51.0,1,5.477225575051661,0.0,0.0,0.0,0.0,999.0,Dormant Inventory,SLOW-MOVING EXCESS,Review Promotion / Liquidation
RIM-NAIL-60S-MIX-10PCS,0,0,0,0,0,Nail Polish Bundles,RIM-NAIL-60S-MIX,1.0,1,5.477225575051661,0.0,0.0,0.03333333333333333,0.011111111111111112,999.0,Dormant Inventory,SLOW-MOVING EXCESS,Review Promotion / Liquidation
RIM-NAIL-60S-MIX-15PCS,0,0,0,0,0,Nail Polish Bundles,RIM-NAIL-60S-MIX,0.0,0,5.477225575051661,0.0,0.07142857142857142,0.03333333333333333,0.011111111111111112,0.0,Stockout Inactive,STOCKOUT RISK,Urgent Restock Required
RIM-NAIL-60S-MIX-8PCS,0,0,0,0,0,Nail Polish Bundles,RIM-NAIL-60S-MIX,3.0,1,5.477225575051661,0.0,0.0,0.0,0.0,999.0,Dormant Inventory,SLOW-MOVING EXCESS,Review Promotion / Liquidation
RIM-NAIL-FT-TOPCOAT,0,0,0,0,0,Base & Top Coat,B00VTIFEWG,0.0,0,5.477225575051835,0.0,0.0,0.0,0.0,0.0,Stockout Inactive,STOCKOUT RISK,Urgent Restock Required
RIM-NAIL-FT-TOPCOAT-2PK,0,0,0,0,0,Cosmetics General,RIM-NAIL-FT-TOPCOAT-2PK,23.0,1,5.477225575051666,0.0,0.0,0.0,0.0,999.0,Dormant Inventory,SLOW-MOVING EXCESS,Review Promotion / Liquidation
RIM-NAIL-GLITTER-BOMB-019,0,0,0,0,0,Base & Top Coat,205591610428,0.0,0,5.477225575051659,0.0,0.0,0.0,0.0,0.0,Stockout Inactive,STOCKOUT RISK,Urgent Restock Required
RIM-NAIL-NN-5IN1,0,0,0,0,0,Base & Top Coat,B00GIJ246U,0.0,0,5.47722557505163,0.0,0.0,0.0,0.0,0.0,Stockout Inactive,STOCKOUT RISK,Urgent Restock Required
RIM-NAIL-NN-STRONGER,0,0,0,0,0,Base & Top Coat,B00FAOSTWC,0.0,0,5.477225575051667,0.0,0.0,0.0,0.0,0.0,Stockout Inactive,STOCKOUT RISK,Urgent Restock Required
RIM-NAIL-SUPERGEL-001,0,0,0,0,0,Gel Nail Polish,403359609638,9.0,1,5.477225575051662,0.0,0.0,0.0,0.0,999.0,Dormant Inventory,SLOW-MOVING EXCESS,Review Promotion / Liquidation
RIM-NAIL-SUPERGEL-008,0,0,0,0,0,Gel Nail Polish,403359609638,1.0,1,2.7667982242644844,0.14285714285714285,0.07142857142857142,0.16666666666666666,0.1111111111111111,999.0,Dormant Inventory,SLOW-MOVING EXCESS,Review Promotion / Liquidation
RIM-BTW-F&S-004,0,0,0,0,0,"Brow Pencils, Brows, Makeup",402783457223,60.0,1,5.477225575051661,0.0,0.0,0.0,0.022222222222222223,999.0,Dormant Inventory,SLOW-MOVING EXCESS,Review Promotion / Liquidation
RIM-NAIL-SUPERGEL-014,0,0,0,0,0,Gel Nail Polish,B01C5MM896,0.0,0,5.477225575051663,0.0,0.0,0.0,0.0,0.0,Stockout Inactive,STOCKOUT RISK,Urgent Restock Required
RIM-NAIL-SUPERGEL-020,0,0,0,0,0,Gel Nail Polish,403359609638,0.0,0,5.477225575051666,0.0,0.0,0.0,0.0,0.0,Stockout Inactive,STOCKOUT RISK,Urgent Restock Required
RIM-NAIL-SUPERGEL-021,0,0,0,0,0,Gel Nail Polish,403359609638,55.0,1,1.5165093184569154,0.14285714285714285,0.21428571428571427,0.36666666666666664,0.4222222222222222,999.0,Dormant Inventory,SLOW-MOVING EXCESS,Review Promotion / Liquidation
RIM-NAIL-SUPERGEL-022,0,0,0,0,0,Gel Nail Polish,B0843Z5K2S,89.0,1,3.8056219755369387,0.14285714285714285,0.07142857142857142,0.06666666666666667,0.08888888888888889,999.0,Dormant Inventory,SLOW-MOVING EXCESS,Review Promotion / Liquidation
RIM-NAIL-SUPERGEL-023,0,0,0,0,0,Gel Nail Polish,B0GP916D7F,0.0,0,5.477225575051664,0.0,0.0,0.0,0.0,0.0,Stockout Inactive,STOCKOUT RISK,Urgent Restock Required
RIM-NAIL-SUPERGEL-023-2PK,0,0,0,0,0,Cosmetics General,RIM-NAIL-SUPERGEL-023-2PK,4.0,1,5.477225575051666,0.0,0.0,0.0,0.0,999.0,Dormant Inventory,SLOW-MOVING EXCESS,Review Promotion / Liquidation
RIM-NAIL-SUPERGEL-023-5PK,0,0,0,0,0,Cosmetics General,RIM-NAIL-SUPERGEL-023-5PK,3.0,1,5.477225575051661,0.0,0.0,0.0,0.0,999.0,Dormant Inventory,SLOW-MOVING EXCESS,Review Promotion / Liquidation
RIM-1KLL-071,0,0,0,0,0,Cosmetics General,B0CM7L56W6,0.0,0,5.477225575051689,0.0,0.0,0.0,0.0,0.0,Stockout Inactive,STOCKOUT RISK,Urgent Restock Required
RIM-NAIL-SUPERGEL-025,0,0,0,0,0,Gel Nail Polish,B0H6R42TK5,30.0,1,4.025778999364487,0.0,0.07142857142857142,0.1,0.03333333333333333,999.0,Dormant Inventory,SLOW-MOVING EXCESS,Review Promotion / Liquidation
RIM-NAIL-SUPERGEL-026,0,0,0,0,0,Gel Nail Polish,B0H6R42TK5,28.0,1,5.477225575051676,0.0,0.0,0.0,0.06666666666666667,999.0,Dormant Inventory,SLOW-MOVING EXCESS,Review Promotion / Liquidation
RIM-NAIL-SUPERGEL-027,0,0,0,0,0,Gel Nail Polish,B01C5MM896,0.0,0,5.477225575051661,0.0,0.0,0.0,0.0,0.0,Stockout Inactive,STOCKOUT RISK,Urgent Restock Required
RIM-NAIL-SUPERGEL-030,0,0,0,0,0,Gel Nail Polish,B0H6R42TK5,0.0,0,3.805621975536954,0.0,0.0,0.06666666666666667,0.2222222222222222,0.0,Stockout Inactive,STOCKOUT RISK,Urgent Restock Required
RIM-NAIL-SUPERGEL-031,0,0,0,0,0,Gel Nail Polish,403359609638,0.0,0,2.034190510862431,0.42857142857142855,0.21428571428571427,0.2,0.1111111111111111,0.0,Stockout Inactive,STOCKOUT RISK,Urgent Restock Required
RIM-NAIL-SUPERGEL-032,0,0,0,0,0,Gel Nail Polish,403359609638,22.0,1,3.8056219755369356,0.0,0.07142857142857142,0.06666666666666667,0.17777777777777778,999.0,Dormant Inventory,SLOW-MOVING EXCESS,Review Promotion / Liquidation
RIM-NAIL-SUPERGEL-033,0,0,0,0,0,Gel Nail Polish,205588919953,104.0,1,1.5649215928719031,0.7142857142857143,0.5,0.4666666666666667,0.35555555555555557,999.0,Dormant Inventory,SLOW-MOVING EXCESS,Review Promotion / Liquidation
RIM-NAIL-SUPERGEL-035,0,0,0,0,0,Gel Nail Polish,403359609638,74.0,1,2.274294130736712,0.2857142857142857,0.14285714285714285,0.16666666666666666,0.13333333333333333,999.0,Dormant Inventory,SLOW-MOVING EXCESS,Review Promotion / Liquidation
RIM-NAIL-SUPERGEL-042,0,0,0,0,0,Gel Nail Polish,B0H6R42TK5,100.0,1,2.593094277313201,0.2857142857142857,0.21428571428571427,0.13333333333333333,0.05555555555555555,999.0,Dormant Inventory,SLOW-MOVING EXCESS,Review Promotion / Liquidation
RIM-NAIL-SUPERGEL-043,0,0,0,0,0,Gel Nail Polish,B0H6R42TK5,18.0,1,5.477225575051657,0.0,0.0,0.0,0.14444444444444443,999.0,Dormant Inventory,SLOW-MOVING EXCESS,Review Promotion / Liquidation
RIM-NAIL-SUPERGEL-044,0,0,0,0,0,Gel Nail Polish,B0H6R42TK5,0.0,0,5.477225575051664,0.0,0.0,0.0,0.03333333333333333,0.0,Stockout Inactive,STOCKOUT RISK,Urgent Restock Required
RIM-NAIL-SUPERGEL-045,0,0,0,0,0,Gel Nail Polish,B0H6R42TK5,32.0,1,5.477225575051656,0.0,0.0,0.0,0.044444444444444446,999.0,Dormant Inventory,SLOW-MOVING EXCESS,Review Promotion / Liquidation
RIM-NAIL-SUPERGEL-052,0,0,0,0,0,Gel Nail Polish,403359609638,0.0,0,5.477225575051668,0.0,0.0,0.0,0.0,0.0,Stockout Inactive,STOCKOUT RISK,Urgent Restock Required
RIM-NAIL-SUPERGEL-054,0,0,0,0,0,Gel Nail Polish,B0784GFK1F,53.0,1,3.8056219755369383,0.14285714285714285,0.14285714285714285,0.06666666666666667,0.07777777777777778,999.0,Dormant Inventory,SLOW-MOVING EXCESS,Review Promotion / Liquidation
RIM-NAIL-SUPERGEL-056,0,0,0,0,0,Gel Nail Polish,B07V6TTJ2V,178.0,1,3.8056219755369405,0.14285714285714285,0.07142857142857142,0.06666666666666667,0.12222222222222222,999.0,Dormant Inventory,SLOW-MOVING EXCESS,Review Promotion / Liquidation
RIM-NAIL-SUPERGEL-058,0,0,0,0,0,Gel Nail Polish,403359609638,96.0,1,5.477225575051662,0.0,0.0,0.0,0.044444444444444446,999.0,Dormant Inventory,SLOW-MOVING EXCESS,Review Promotion / Liquidation
RIM-NAIL-SUPERGEL-069,0,0,0,0,0,Gel Nail Polish,RIM-NAIL-SUPERGEL,0.0,0,5.477225575051661,0.0,0.0,0.0,0.0,0.0,Stockout Inactive,STOCKOUT RISK,Urgent Restock Required
RIM-NAIL-SUPERGEL-070,0,0,0,0,0,Gel Nail Polish,403359609638,0.0,0,3.051285766293647,0.0,0.14285714285714285,0.1,0.2222222222222222,0.0,Stockout Inactive,STOCKOUT RISK,Urgent Restock Required
RIM-NAIL-SUPERGEL-071,0,0,0,0,0,Gel Nail Polish,B0H6R42TK5,76.0,1,3.8056219755369396,0.0,0.07142857142857142,0.06666666666666667,0.12222222222222222,999.0,Dormant Inventory,SLOW-MOVING EXCESS,Review Promotion / Liquidation
RIM-NAIL-SUPERGEL-083,0,0,0,0,0,Gel Nail Polish,403359609638,25.0,1,5.477225575051662,0.14285714285714285,0.07142857142857142,0.03333333333333333,0.05555555555555555,999.0,Dormant Inventory,SLOW-MOVING EXCESS,Review Promotion / Liquidation
RIM-NAIL-SUPERGEL-090,0,0,0,0,0,Gel Nail Polish,B01C5MM896,0.0,0,5.477225575051662,0.0,0.0,0.0,0.0,0.0,Stockout Inactive,STOCKOUT RISK,Urgent Restock Required
RIM-NAIL-SUPERGEL-091,0,0,0,0,0,Gel Nail Polish,B0H6R42TK5,276.0,1,1.9531142241082047,0.2857142857142857,0.14285714285714285,0.26666666666666666,0.17777777777777778,999.0,Dormant Inventory,SLOW-MOVING EXCESS,Review Promotion / Liquidation
RIM-BTWEYEBROW-005,0,0,0,0,0,"Brow Pencils, Brows, Makeup",403529328865,24.0,1,5.477225575051599,0.0,0.0,0.0,0.0,999.0,Dormant Inventory,SLOW-MOVING EXCESS,Review Promotion / Liquidation
RIM-NAIL-SUPERGEL-094,0,0,0,0,0,Gel Nail Polish,B0H6R42TK5,52.0,1,5.477225575051662,0.0,0.0,0.0,0.011111111111111112,999.0,Dormant Inventory,SLOW-MOVING EXCESS,Review Promotion / Liquidation
RIM-NAIL-SUPERGEL-095,0,0,0,0,0,Gel Nail Polish,B01C5MM896,41.0,1,5.477225575051662,0.0,0.0,0.03333333333333333,0.03333333333333333,999.0,Dormant Inventory,SLOW-MOVING EXCESS,Review Promotion / Liquidation
RIM-NAIL-SUPERGEL-096,0,0,0,0,0,Gel Nail Polish,B01C5MM896,3.0,1,5.4772255750516585,0.0,0.0,0.0,0.044444444444444446,999.0,Dormant Inventory,SLOW-MOVING EXCESS,Review Promotion / Liquidation
RIM-NAIL-SUPERGEL-097,0,0,0,0,0,Gel Nail Polish,B01C5MM896,91.0,1,2.5930942773132037,0.14285714285714285,0.07142857142857142,0.13333333333333333,0.1111111111111111,999.0,Dormant Inventory,SLOW-MOVING EXCESS,Review Promotion / Liquidation
RIM-NAIL-SUPERGEL-098,0,0,0,0,0,Gel Nail Polish,403359609638,0.0,0,5.477225575051666,0.0,0.0,0.0,0.044444444444444446,0.0,Stockout Inactive,STOCKOUT RISK,Urgent Restock Required
RIM-NAIL-SUPERGEL-099,0,0,0,0,0,Gel Nail Polish,403359609638,76.0,1,5.477225575051661,0.14285714285714285,0.07142857142857142,0.03333333333333333,0.011111111111111112,999.0,Dormant Inventory,SLOW-MOVING EXCESS,Review Promotion / Liquidation
RIM-NATURALBRONZER-001,0,0,0,0,0,"Bronzer, Complexion, Makeup",B0GR1L3G5L,0.0,0,5.477225575051628,0.0,0.0,0.0,0.0,0.0,Stockout Inactive,STOCKOUT RISK,Urgent Restock Required
RIM-NATURALBRONZER-002,0,0,0,0,0,"Bronzer, Complexion, Makeup",403179162886,16.0,1,5.477225575051693,0.14285714285714285,0.07142857142857142,0.03333333333333333,0.07777777777777778,999.0,Dormant Inventory,SLOW-MOVING EXCESS,Review Promotion / Liquidation
RIM-NATURALBRONZER-002-3PK,0,0,0,0,0,Cosmetics General,RIM-NATURALBRONZER-002-3PK,10.0,1,5.477225575051661,0.0,0.0,0.0,0.0,999.0,Dormant Inventory,SLOW-MOVING EXCESS,Review Promotion / Liquidation
RIM-BTWEYEBROW-005-2PK,0,0,0,0,0,Cosmetics General,RIM-BTWEYEBROW-005-2PK,3.0,1,5.477225575051661,0.0,0.0,0.0,0.0,999.0,Dormant Inventory,SLOW-MOVING EXCESS,Review Promotion / Liquidation
RIM-OMG-LIP-150,0,0,0,0,0,"Lip Gloss, Lips, Makeup",402818866332,24.0,1,5.477225575051662,0.14285714285714285,0.07142857142857142,0.03333333333333333,0.05555555555555555,999.0,Dormant Inventory,SLOW-MOVING EXCESS,Review Promotion / Liquidation
RIM-OMG-LIP-160,0,0,0,0,0,"Lip Gloss, Lips, Makeup",205588891993,1.0,1,2.593094277313205,0.2857142857142857,0.21428571428571427,0.13333333333333333,0.044444444444444446,999.0,Dormant Inventory,SLOW-MOVING EXCESS,Review Promotion / Liquidation
RIM-OMG-LIP-200,0,0,0,0,0,"Lip Gloss, Lips, Makeup",402818866332,0.0,0,5.477225575051661,0.0,0.0,0.0,0.0,0.0,Stockout Inactive,STOCKOUT RISK,Urgent Restock Required
RIM-OMG-LIP-210,0,0,0,0,0,"Lip Gloss, Lips, Makeup",B09B9VWMNX,2.0,1,5.477225575051661,0.0,0.0,0.0,0.0,999.0,Dormant Inventory,SLOW-MOVING EXCESS,Review Promotion / Liquidation
RIM-OMG-LIP-260,0,0,0,0,0,"Lip Gloss, Lips, Makeup",205588891993,0.0,0,5.477225575051668,0.0,0.0,0.0,0.0,0.0,Stockout Inactive,STOCKOUT RISK,Urgent Restock Required
RIM-OMG-LIP-300,0,0,0,0,0,"Lip Gloss, Lips, Makeup",B09DTRG8F2,0.0,0,5.477225575051662,0.0,0.0,0.0,0.0,0.0,Stockout Inactive,STOCKOUT RISK,Urgent Restock Required
RIM-OMG-LIP-330,0,0,0,0,0,"Lip Gloss, Lips, Makeup",B0F8ZH2ZNW,19.0,1,3.8056219755369387,0.14285714285714285,0.07142857142857142,0.06666666666666667,0.05555555555555555,999.0,Dormant Inventory,SLOW-MOVING EXCESS,Review Promotion / Liquidation
RIM-OMG-LIP-400,0,0,0,0,0,"Lip Gloss, Lips, Makeup",402818866332,0.0,0,5.477225575051662,0.0,0.0,0.0,0.0,0.0,Stockout Inactive,STOCKOUT RISK,Urgent Restock Required
RIM-OMG-LIP-500,0,0,0,0,0,"Lip Gloss, Lips, Makeup",402818866332,8.0,1,5.47722557505166,0.0,0.0,0.0,0.06666666666666667,999.0,Dormant Inventory,SLOW-MOVING EXCESS,Review Promotion / Liquidation
RIM-OMG-LIP-531,0,0,0,0,0,"Lip Gloss, Lips, Makeup",402818866332,0.0,0,5.477225575051659,0.0,0.0,0.0,0.0,0.0,Stockout Inactive,STOCKOUT RISK,Urgent Restock Required
RIM-OMG-LIP-758,0,0,0,0,0,"Lip Gloss, Lips, Makeup",RIM-OMG-LIP,0.0,0,5.477225575051662,0.0,0.0,0.0,0.0,0.0,Stockout Inactive,STOCKOUT RISK,Urgent Restock Required
RIM-OMG-LIP-759,0,0,0,0,0,"Lip Gloss, Lips, Makeup",402818866332,10.0,1,5.477225575051661,0.0,0.0,0.0,0.0,999.0,Dormant Inventory,SLOW-MOVING EXCESS,Review Promotion / Liquidation
RIM-OMG-LIP-800,0,0,0,0,0,"Lip Gloss, Lips, Makeup",B0H3P69D99,53.0,1,3.2562936409147856,0.0,0.07142857142857142,0.13333333333333333,0.1,999.0,Dormant Inventory,SLOW-MOVING EXCESS,Review Promotion / Liquidation
RIM-OMG-LIP-801,0,0,0,0,0,"Lip Gloss, Lips, Makeup",B0F8P8JB87,0.0,0,5.477225575051661,0.0,0.0,0.0,0.0,0.0,Stockout Inactive,STOCKOUT RISK,Urgent Restock Required
RIM-OMG-LIP-LOVEBUG,0,0,0,0,0,"Lip Gloss, Lips, Makeup",402818866332,14.0,1,4.025778999364487,0.14285714285714285,0.21428571428571427,0.1,0.06666666666666667,999.0,Dormant Inventory,SLOW-MOVING EXCESS,Review Promotion / Liquidation
RIM-OMG-PLUMP-501,0,0,0,0,0,"Lip Gloss, Lips, Makeup",404193938440,0.0,0,5.477225575051661,0.0,0.0,0.0,0.0,0.0,Stockout Inactive,STOCKOUT RISK,Urgent Restock Required
RIM-OMG-PLUMP-820,0,0,0,0,0,"Lip Gloss, Lips, Makeup",B0F8WV7KMB,0.0,0,5.477225575051661,0.0,0.0,0.0,0.0,0.0,Stockout Inactive,STOCKOUT RISK,Urgent Restock Required
RIM-OMP-LIP-SHAPER-010,0,0,0,0,0,"Lip Plumpers, Lips, Makeup",RIM-OMP-LIP-SHAPER,2.0,1,5.477225575051661,0.0,0.0,0.0,0.0,999.0,Dormant Inventory,SLOW-MOVING EXCESS,Review Promotion / Liquidation
RIM-OMP-LIP-SHAPER-030,0,0,0,0,0,"Lip Plumpers, Lips, Makeup",RIM-OMP-LIP-SHAPER,2.0,1,5.477225575051661,0.0,0.0,0.0,0.011111111111111112,999.0,Dormant Inventory,SLOW-MOVING EXCESS,Review Promotion / Liquidation
RIM-OMP-LIP-SHAPER-040,0,0,0,0,0,"Lip Plumpers, Lips, Makeup",RIM-OMP-LIP-SHAPER,2.0,1,5.477225575051661,0.0,0.0,0.0,0.0,999.0,Dormant Inventory,SLOW-MOVING EXCESS,Review Promotion / Liquidation
RIM-OMP-LIP-SHAPER-050,0,0,0,0,0,"Lip Plumpers, Lips, Makeup",RIM-OMP-LIP-SHAPER,5.0,1,5.477225575051661,0.0,0.0,0.0,0.0,999.0,Dormant Inventory,SLOW-MOVING EXCESS,Review Promotion / Liquidation
RIM-PROVOCALIP-210,0,0,0,0,0,Cosmetics General,403798643489,0.0,0,5.47722557505166,0.0,0.0,0.0,0.0,0.0,Stockout Inactive,STOCKOUT RISK,Urgent Restock Required
RIM-PROVOCALIP-570,0,0,0,0,0,Cosmetics General,403798643489,9.0,1,5.477225575051661,0.0,0.0,0.0,0.05555555555555555,999.0,Dormant Inventory,SLOW-MOVING EXCESS,Review Promotion / Liquidation
RIM-PROVOCALIP-710,0,0,0,0,0,Cosmetics General,B0DGJN7ZMV,0.0,0,5.477225575051661,0.0,0.0,0.0,0.0,0.0,Stockout Inactive,STOCKOUT RISK,Urgent Restock Required
RIM-PROVOCALIP-730,0,0,0,0,0,Cosmetics General,B00PH6OB9S,19.0,1,5.477225575051661,0.0,0.0,0.0,0.0,999.0,Dormant Inventory,SLOW-MOVING EXCESS,Review Promotion / Liquidation
RIM-RADBRICK-001,0,0,0,0,0,"Bronzer, Complexion, Makeup",B0H3JTBTGJ,0.0,0,5.477225575051704,0.0,0.0,0.0,0.0,0.0,Stockout Inactive,STOCKOUT RISK,Urgent Restock Required
RIM-RADBRICK-002,0,0,0,0,0,"Bronzer, Complexion, Makeup",B0H3JTBTGJ,0.0,0,5.477225575051489,0.0,0.0,0.0,0.0,0.0,Stockout Inactive,STOCKOUT RISK,Urgent Restock Required
RIM-RADBRICK-003,0,0,0,0,0,"Bronzer, Complexion, Makeup",402431018211,0.0,0,5.477225575051662,0.0,0.0,0.0,0.0,0.0,Stockout Inactive,STOCKOUT RISK,Urgent Restock Required
RIM-BTWEYEBROW-005-3PK,0,0,0,0,0,Cosmetics General,RIM-BTWEYEBROW-005-3PK,12.0,1,5.477225575051659,0.0,0.0,0.0,0.0,999.0,Dormant Inventory,SLOW-MOVING EXCESS,Review Promotion / Liquidation
RIM-SCD-EL-WP-001-2PK,0,0,0,0,0,Cosmetics General,RIM-SCD-EL-WP-001-2PK,1713.0,1,5.47722557505166,0.0,0.0,0.0,0.0,999.0,Dormant Inventory,SLOW-MOVING EXCESS,Review Promotion / Liquidation
RIM-SCD-EL-WP-001-3PK,0,0,0,0,0,Cosmetics General,RIM-SCD-EL-WP-001-3PK,1596.0,1,5.477225575051661,0.0,0.0,0.0,0.0,999.0,Dormant Inventory,SLOW-MOVING EXCESS,Review Promotion / Liquidation
RIM-SCD-EL-WP-001-5PK,0,0,0,0,0,Cosmetics General,RIM-SCD-EL-WP-001-5PK,643.0,1,5.477225575051661,0.0,0.0,0.0,0.022222222222222223,999.0,Dormant Inventory,SLOW-MOVING EXCESS,Review Promotion / Liquidation
RIM-SCD-EL-WP-003,0,0,0,0,0,Eyeliner,205590074187,68.0,1,2.421170990557513,0.2857142857142857,0.2857142857142857,0.2,0.2777777777777778,999.0,Dormant Inventory,SLOW-MOVING EXCESS,Review Promotion / Liquidation
RIM-SCD-EL-WP-005,0,0,0,0,0,Eyeliner,404102315209,741.0,1,5.4772255750516745,0.0,0.0,0.0,0.03333333333333333,999.0,Dormant Inventory,SLOW-MOVING EXCESS,Review Promotion / Liquidation
RIM-SCD-EL-WP-006,0,0,0,0,0,Eyeliner,B0G6VRMSWW,0.0,0,5.47722557505175,0.0,0.0,0.0,0.0,0.0,Stockout Inactive,STOCKOUT RISK,Urgent Restock Required
RIM-SCD-EL-WP-008,0,0,0,0,0,Eyeliner,404102315209,0.0,0,5.477225575051657,0.0,0.0,0.0,0.022222222222222223,0.0,Stockout Inactive,STOCKOUT RISK,Urgent Restock Required
RIM-BTWEYEBROW-005-5PK,0,0,0,0,0,Cosmetics General,RIM-BTWEYEBROW-005-5PK,9.0,1,5.477225575051661,0.0,0.0,0.0,0.0,999.0,Dormant Inventory,SLOW-MOVING EXCESS,Review Promotion / Liquidation
RIM-SCD-EYE-001-2PK,0,0,0,0,0,Cosmetics General,RIM-SCD-EYE-001-2PK,3230.0,1,5.477225575051664,0.0,0.0,0.0,0.0,999.0,Dormant Inventory,SLOW-MOVING EXCESS,Review Promotion / Liquidation
RIM-SCD-EYE-001-3PK,0,0,0,0,0,Cosmetics General,RIM-SCD-EYE-001-3PK,36.0,1,5.477225575051662,0.0,0.0,0.0,0.0,999.0,Dormant Inventory,SLOW-MOVING EXCESS,Review Promotion / Liquidation
RIM-SCD-EYE-001-5PK,0,0,0,0,0,Cosmetics General,RIM-SCD-EYE-001-5PK,55.0,1,5.477225575051661,0.0,0.07142857142857142,0.03333333333333333,0.011111111111111112,999.0,Dormant Inventory,SLOW-MOVING EXCESS,Review Promotion / Liquidation
RIM-SCD-EYE-002,0,0,0,0,0,Eyeliner,402817888438,0.0,0,1.219023689906226,1.1428571428571428,2.0,1.6333333333333333,0.5444444444444444,0.0,Stockout Inactive,STOCKOUT RISK,Urgent Restock Required
RIM-SCD-EYE-002-2PK,0,0,0,0,0,Cosmetics General,RIM-SCD-EYE-002-2PK,243.0,1,5.477225575051659,0.0,0.0,0.0,0.0,999.0,Dormant Inventory,SLOW-MOVING EXCESS,Review Promotion / Liquidation
RIM-SCD-EYE-002-3PK,0,0,0,0,0,Cosmetics General,RIM-SCD-EYE-002-3PK,1772.0,1,5.477225575051661,0.0,0.0,0.0,0.0,999.0,Dormant Inventory,SLOW-MOVING EXCESS,Review Promotion / Liquidation
RIM-SCD-EYE-002-5PK,0,0,0,0,0,Cosmetics General,RIM-SCD-EYE-002-5PK,874.0,1,5.477225575051661,0.0,0.0,0.0,0.0,999.0,Dormant Inventory,SLOW-MOVING EXCESS,Review Promotion / Liquidation
RIM-BTWEYEBROW-006,0,0,0,0,0,"Brow Pencils, Brows, Makeup",403529328865,0.0,0,5.477225575051729,0.0,0.0,0.0,0.2222222222222222,0.0,Stockout Inactive,STOCKOUT RISK,Urgent Restock Required
RIM-SCD-EYE-003-2PK,0,0,0,0,0,Cosmetics General,RIM-SCD-EYE-003-2PK,29.0,1,5.477225575051661,0.0,0.0,0.0,0.0,999.0,Dormant Inventory,SLOW-MOVING EXCESS,Review Promotion / Liquidation
RIM-SCD-EYE-003-3PK,0,0,0,0,0,Cosmetics General,RIM-SCD-EYE-003-3PK,184.0,1,5.477225575051661,0.0,0.0,0.0,0.0,999.0,Dormant Inventory,SLOW-MOVING EXCESS,Review Promotion / Liquidation
RIM-SCD-EYE-003-5PK,0,0,0,0,0,Cosmetics General,RIM-SCD-EYE-003-5PK,179.0,1,5.477225575051661,0.0,0.0,0.0,0.0,999.0,Dormant Inventory,SLOW-MOVING EXCESS,Review Promotion / Liquidation
RIM-SCD-EYE-004,0,0,0,0,0,Eyeliner,B0CLGWXNPJ,2.0,1,1.6400168207716,0.7142857142857143,0.5714285714285714,0.3333333333333333,0.1111111111111111,999.0,Dormant Inventory,SLOW-MOVING EXCESS,Review Promotion / Liquidation
RIM-SCD-EYE-005,0,0,0,0,0,Eyeliner,402817888438,31.0,1,3.5525609995005594,0.2857142857142857,0.35714285714285715,0.16666666666666666,0.05555555555555555,999.0,Dormant Inventory,SLOW-MOVING EXCESS,Review Promotion / Liquidation
RIM-NAIL-SUPERGEL-024,0,0,0,0,0,Gel Nail Polish,403359609638,17.0,1,2.5930942773132033,0.14285714285714285,0.14285714285714285,0.13333333333333333,0.14444444444444443,999.0,Dormant Inventory,SLOW-MOVING EXCESS,Review Promotion / Liquidation
RIM-SCD-EYE-006-2PK,0,0,0,0,0,Cosmetics General,RIM-SCD-EYE-006-2PK,596.0,1,3.0512857662936463,0.2857142857142857,0.14285714285714285,0.1,0.05555555555555555,999.0,Dormant Inventory,SLOW-MOVING EXCESS,Review Promotion / Liquidation
RIM-SCD-EYE-006-3PK,0,0,0,0,0,Cosmetics General,RIM-SCD-EYE-006-3PK,402.0,1,3.2562936409147856,0.0,0.07142857142857142,0.13333333333333333,0.06666666666666667,999.0,Dormant Inventory,SLOW-MOVING EXCESS,Review Promotion / Liquidation
RIM-SCD-EYE-006-5PK,0,0,0,0,0,Cosmetics General,RIM-SCD-EYE-006-5PK,243.0,1,5.47722557505166,0.0,0.0,0.03333333333333333,0.13333333333333333,999.0,Dormant Inventory,SLOW-MOVING EXCESS,Review Promotion / Liquidation
RIM-SCD-MICRO-EL-001,0,0,0,0,0,Eyeliner,B01JZB5LDK,104.0,1,5.477225575051661,0.0,0.0,0.0,0.0,999.0,Dormant Inventory,SLOW-MOVING EXCESS,Review Promotion / Liquidation
RIM-SM-PRIMER-003,0,0,0,0,0,"Complexion, Makeup, Primer",B00I9X3UKM,468.0,1,5.477225575051661,0.0,0.0,0.0,0.0,999.0,Dormant Inventory,SLOW-MOVING EXCESS,Review Promotion / Liquidation
RIM-SMLIQ-100,0,0,0,0,0,"Lips, Liquid Lipstick, Makeup",B0723D8KBR,1.0,1,5.47722557505166,0.0,0.0,0.0,0.0,999.0,Dormant Inventory,SLOW-MOVING EXCESS,Review Promotion / Liquidation
RIM-SMLIQ-110,0,0,0,0,0,"Lips, Liquid Lipstick, Makeup",B0968M98RB,0.0,0,5.477225575051662,0.0,0.0,0.0,0.0,0.0,Stockout Inactive,STOCKOUT RISK,Urgent Restock Required
RIM-SMLIQ-200,0,0,0,0,0,Cosmetics General,B0968M98RB,0.0,0,5.477225575051661,0.0,0.0,0.0,0.0,0.0,Stockout Inactive,STOCKOUT RISK,Urgent Restock Required
RIM-SMLIQ-220,0,0,0,0,0,"Lips, Liquid Lipstick, Makeup",B0968M98RB,0.0,0,5.477225575051664,0.0,0.0,0.0,0.0,0.0,Stockout Inactive,STOCKOUT RISK,Urgent Restock Required
RIM-SMLIQ-500,0,0,0,0,0,"Lips, Liquid Lipstick, Makeup",402763626072,0.0,0,5.47722557505166,0.0,0.0,0.0,0.0,0.0,Stockout Inactive,STOCKOUT RISK,Urgent Restock Required
RIM-SMLIQ-600,0,0,0,0,0,"Lips, Liquid Lipstick, Makeup",B0968M98RB,0.0,0,5.477225575051661,0.0,0.0,0.0,0.0,0.0,Stockout Inactive,STOCKOUT RISK,Urgent Restock Required
RIM-SMLIQ-700,0,0,0,0,0,"Lips, Liquid Lipstick, Makeup",RIM-SMLIQ,101.0,1,3.051285766293646,0.0,0.0,0.1,0.1111111111111111,999.0,Dormant Inventory,SLOW-MOVING EXCESS,Review Promotion / Liquidation
RIM-SMLIQ-706,0,0,0,0,0,"Lips, Liquid Lipstick, Makeup",B0968M98RB,0.0,0,5.477225575051661,0.0,0.0,0.0,0.0,0.0,Stockout Inactive,STOCKOUT RISK,Urgent Restock Required
RIM-SMLIQ-707,0,0,0,0,0,"Lips, Liquid Lipstick, Makeup",B0968M98RB,0.0,0,5.477225575051661,0.0,0.0,0.0,0.0,0.0,Stockout Inactive,STOCKOUT RISK,Urgent Restock Required
RIM-SMLIQ-708,0,0,0,0,0,Cosmetics General,B07FZGPCPR,0.0,0,5.477225575051661,0.0,0.0,0.0,0.0,0.0,Stockout Inactive,STOCKOUT RISK,Urgent Restock Required
RIM-SMLIQ-709,0,0,0,0,0,"Lips, Liquid Lipstick, Makeup",B0968M98RB,0.0,0,5.477225575051661,0.0,0.0,0.0,0.0,0.0,Stockout Inactive,STOCKOUT RISK,Urgent Restock Required
RIM-SMLIQ-720,0,0,0,0,0,"Lips, Liquid Lipstick, Makeup",B0968M98RB,0.0,0,5.47722557505166,0.0,0.0,0.0,0.0,0.0,Stockout Inactive,STOCKOUT RISK,Urgent Restock Required
RIM-SMLIQ-723,0,0,0,0,0,"Lips, Liquid Lipstick, Makeup",402763626072,0.0,0,5.477225575051658,0.0,0.0,0.0,0.0,0.0,Stockout Inactive,STOCKOUT RISK,Urgent Restock Required
RIM-SMLIQ-725,0,0,0,0,0,"Lips, Liquid Lipstick, Makeup",402763626072,0.0,0,5.477225575051661,0.0,0.0,0.0,0.0,0.0,Stockout Inactive,STOCKOUT RISK,Urgent Restock Required
RIM-SMLIQ-820,0,0,0,0,0,"Lips, Liquid Lipstick, Makeup",402763626072,0.0,0,5.477225575051662,0.0,0.0,0.0,0.0,0.0,Stockout Inactive,STOCKOUT RISK,Urgent Restock Required
RIM-SMLIQ-830,0,0,0,0,0,"Lips, Liquid Lipstick, Makeup",402763626072,1.0,1,5.477225575051661,0.0,0.0,0.0,0.011111111111111112,999.0,Dormant Inventory,SLOW-MOVING EXCESS,Review Promotion / Liquidation
RIM-SMLIQ-870,0,0,0,0,0,"Lips, Liquid Lipstick, Makeup",402763626072,3.0,1,5.477225575051661,0.0,0.0,0.0,0.0,999.0,Dormant Inventory,SLOW-MOVING EXCESS,Review Promotion / Liquidation
RIM-SMLQFDT-502,0,0,0,0,0,Cosmetics General,B0CGQF445K,0.0,0,5.477225575051661,0.0,0.0,0.0,0.0,0.0,Stockout Inactive,STOCKOUT RISK,Urgent Restock Required
RIM-BTWEYEBROW-006-2PK,0,0,0,0,0,Cosmetics General,RIM-BTWEYEBROW-006-2PK,318.0,1,5.477225575051662,0.0,0.0,0.0,0.0,999.0,Dormant Inventory,SLOW-MOVING EXCESS,Review Promotion / Liquidation
RIM-SMPP-001-2PK,0,0,0,0,0,Cosmetics General,RIM-SMPP-001-2PK,3803.0,1,3.0512857662936486,0.14285714285714285,0.14285714285714285,0.1,0.07777777777777778,999.0,Dormant Inventory,SLOW-MOVING EXCESS,Review Promotion / Liquidation
RIM-SMPP-001-3PK,0,0,0,0,0,Cosmetics General,RIM-SMPP-001-3PK,2534.0,1,5.477225575051654,0.14285714285714285,0.07142857142857142,0.03333333333333333,0.08888888888888889,999.0,Dormant Inventory,SLOW-MOVING EXCESS,Review Promotion / Liquidation
RIM-SMPP-001-5PK,0,0,0,0,0,Cosmetics General,RIM-SMPP-001-5PK,1556.0,1,3.0512857662936463,0.0,0.14285714285714285,0.1,0.03333333333333333,999.0,Dormant Inventory,SLOW-MOVING EXCESS,Review Promotion / Liquidation
RIM-BTWEYEBROW-006-5PK,0,0,0,0,0,Cosmetics General,RIM-BTWEYEBROW-006-5PK,113.0,1,5.477225575051661,0.0,0.0,0.0,0.0,999.0,Dormant Inventory,SLOW-MOVING EXCESS,Review Promotion / Liquidation
RIM-SMPP-002-2PK,0,0,0,0,0,Cosmetics General,RIM-SMPP-002-2PK,1273.0,1,3.8056219755369374,0.0,0.07142857142857142,0.06666666666666667,0.044444444444444446,999.0,Dormant Inventory,SLOW-MOVING EXCESS,Review Promotion / Liquidation
RIM-SMPP-002-3PK,0,0,0,0,0,Cosmetics General,RIM-SMPP-002-3PK,844.0,1,3.0512857662936477,0.14285714285714285,0.07142857142857142,0.1,0.13333333333333333,999.0,Dormant Inventory,SLOW-MOVING EXCESS,Review Promotion / Liquidation
RIM-SMPP-002-5PK,0,0,0,0,0,Cosmetics General,RIM-SMPP-002-5PK,275.0,1,5.477225575051662,0.0,0.0,0.0,0.03333333333333333,999.0,Dormant Inventory,SLOW-MOVING EXCESS,Review Promotion / Liquidation
RIM-BTWFIBRE-001,0,0,0,0,0,"Brow Pencils, Brows, Makeup",B0CS2MV14Y,0.0,0,5.477225575051661,0.0,0.0,0.0,0.0,0.0,Stockout Inactive,STOCKOUT RISK,Urgent Restock Required
RIM-SMPP-003-2PK,0,0,0,0,0,Cosmetics General,RIM-SMPP-003-2PK,303.0,1,3.0512857662936477,0.14285714285714285,0.14285714285714285,0.1,0.16666666666666666,999.0,Dormant Inventory,SLOW-MOVING EXCESS,Review Promotion / Liquidation
RIM-SMPP-003-3PK,0,0,0,0,0,Cosmetics General,RIM-SMPP-003-3PK,201.0,1,2.421170990557511,0.2857142857142857,0.21428571428571427,0.2,0.13333333333333333,999.0,Dormant Inventory,SLOW-MOVING EXCESS,Review Promotion / Liquidation
RIM-SMPP-003-5PK,0,0,0,0,0,Cosmetics General,RIM-SMPP-003-5PK,115.0,1,2.2417638142721015,0.42857142857142855,0.5714285714285714,0.43333333333333335,0.17777777777777778,999.0,Dormant Inventory,SLOW-MOVING EXCESS,Review Promotion / Liquidation
RIM-BTWFIBRE-003,0,0,0,0,0,"Brow Pencils, Brows, Makeup",B0CS2MV14Y,0.0,0,5.477225575051662,0.0,0.0,0.0,0.0,0.0,Stockout Inactive,STOCKOUT RISK,Urgent Restock Required
RIM-SMPP-004-2PK,0,0,0,0,0,Cosmetics General,RIM-SMPP-004-2PK,331.0,1,5.477225575051648,0.0,0.07142857142857142,0.03333333333333333,0.06666666666666667,999.0,Dormant Inventory,SLOW-MOVING EXCESS,Review Promotion / Liquidation
RIM-SMPP-004-3PK,0,0,0,0,0,Cosmetics General,RIM-SMPP-004-3PK,210.0,1,5.477225575051661,0.0,0.07142857142857142,0.03333333333333333,0.06666666666666667,999.0,Dormant Inventory,SLOW-MOVING EXCESS,Review Promotion / Liquidation
RIM-SMPP-004-5PK,0,0,0,0,0,Cosmetics General,RIM-SMPP-004-5PK,275.0,1,5.477225575051661,0.0,0.0,0.0,0.0,999.0,Dormant Inventory,SLOW-MOVING EXCESS,Review Promotion / Liquidation
RIM-BUNDLE-LIP-SET-PINK-NUDES,0,0,0,0,0,Lipstick,RIM-BUNDLE-LIP-SET-PINK-NUDES,4.0,1,5.477225575051661,0.0,0.0,0.0,0.0,999.0,Dormant Inventory,SLOW-MOVING EXCESS,Review Promotion / Liquidation
RIM-SMPP-005-2PK,0,0,0,0,0,Cosmetics General,RIM-SMPP-005-2PK,650.0,1,1.8436417163660428,0.14285714285714285,0.14285714285714285,0.23333333333333334,0.4,999.0,Dormant Inventory,SLOW-MOVING EXCESS,Review Promotion / Liquidation
RIM-SMPP-005-3PK,0,0,0,0,0,Cosmetics General,RIM-SMPP-005-3PK,427.0,1,2.170862427276524,0.2857142857142857,0.5,0.3,0.24444444444444444,999.0,Dormant Inventory,SLOW-MOVING EXCESS,Review Promotion / Liquidation
RIM-SMPP-005-5PK,0,0,0,0,0,Cosmetics General,RIM-SMPP-005-5PK,260.0,1,1.9592601880476495,0.2857142857142857,0.2857142857142857,0.36666666666666664,0.28888888888888886,999.0,Dormant Inventory,SLOW-MOVING EXCESS,Review Promotion / Liquidation
RIM-BUNDLE-MSC-BLK-WP-TRIO,0,0,0,0,0,Mascara,RIM-BUNDLE-MSC-BLK-WP-TRIO,0.0,0,5.477225575051661,0.0,0.0,0.0,0.011111111111111112,0.0,Stockout Inactive,STOCKOUT RISK,Urgent Restock Required
RIM-SMPP-006-2PK,0,0,0,0,0,Cosmetics General,RIM-SMPP-006-2PK,647.0,1,5.4772255750516585,0.0,0.0,0.0,0.022222222222222223,999.0,Dormant Inventory,SLOW-MOVING EXCESS,Review Promotion / Liquidation
RIM-SMPP-006-3PK,0,0,0,0,0,Cosmetics General,RIM-SMPP-006-3PK,319.0,1,3.051285766293644,0.0,0.07142857142857142,0.1,0.06666666666666667,999.0,Dormant Inventory,SLOW-MOVING EXCESS,Review Promotion / Liquidation
RIM-SMPP-006-5PK,0,0,0,0,0,Cosmetics General,RIM-SMPP-006-5PK,190.0,1,5.477225575051661,0.0,0.07142857142857142,0.03333333333333333,0.011111111111111112,999.0,Dormant Inventory,SLOW-MOVING EXCESS,Review Promotion / Liquidation
RIM-SMPP-007,0,0,0,0,0,"Complexion, Face Powder, Makeup",203496876753,0.0,0,5.477225575051654,0.0,0.0,0.0,0.0,0.0,Stockout Inactive,STOCKOUT RISK,Urgent Restock Required
RIM-SMPP-008,0,0,0,0,0,"Complexion, Face Powder, Makeup",402161034439,78.0,1,4.025778999364484,0.0,0.21428571428571427,0.1,0.1111111111111111,999.0,Dormant Inventory,SLOW-MOVING EXCESS,Review Promotion / Liquidation
RIM-SMPP-009,0,0,0,0,0,"Complexion, Face Powder, Makeup",B0DP3GFVSJ,12.0,1,2.084425001338954,0.5714285714285714,0.42857142857142855,0.5,0.26666666666666666,999.0,Dormant Inventory,SLOW-MOVING EXCESS,Review Promotion / Liquidation
RIM-SMPP-010,0,0,0,0,0,"Complexion, Face Powder, Makeup",402161034439,0.0,0,5.4772255750516825,0.0,0.0,0.0,0.0,0.0,Stockout Inactive,STOCKOUT RISK,Urgent Restock Required
RIM-STAY-MATTE-LIQLIP-COLOR-709,0,0,0,0,0,"Lips, Liquid Lipstick, Makeup",RIM-STAY-MATTE-LIQLIP-COLOR-709,0.0,0,5.477225575051678,0.0,0.0,0.0,0.0,0.0,Stockout Inactive,STOCKOUT RISK,Urgent Restock Required
RIM-EBP-BLKBRW,0,0,0,0,0,Eyeliner,B0H792Q1DQ,0.0,0,1.70451715633202,0.0,0.0,2.066666666666667,5.333333333333333,0.0,Stockout Inactive,STOCKOUT RISK,Urgent Restock Required
RIM-STAY-SATIN-LIP-210,0,0,0,0,0,"Lips, Liquid Lipstick, Makeup",404195257198,13.0,1,5.477225575051662,0.0,0.0,0.03333333333333333,0.03333333333333333,999.0,Dormant Inventory,SLOW-MOVING EXCESS,Review Promotion / Liquidation
RIM-STAY-SATIN-LIP-500,0,0,0,0,0,"Lips, Liquid Lipstick, Makeup",404195257198,24.0,1,5.477225575051661,0.0,0.0,0.03333333333333333,0.06666666666666667,999.0,Dormant Inventory,SLOW-MOVING EXCESS,Review Promotion / Liquidation
RIM-SUPERGEL-GLITTER,0,0,0,0,0,Base & Top Coat,RIM-SUPERGEL-GLITTER,85.0,1,5.477225575051661,0.0,0.0,0.0,0.0,999.0,Dormant Inventory,SLOW-MOVING EXCESS,Review Promotion / Liquidation
RIM-EBP-BLKBRW-2PK,0,0,0,0,0,Cosmetics General,RIM-EBP-BLKBRW-2PK,463.0,1,5.477225575051662,0.0,0.0,0.0,0.03333333333333333,999.0,Dormant Inventory,SLOW-MOVING EXCESS,Review Promotion / Liquidation
RIM-SUPERGEL-TOPCOAT-2PK,0,0,0,0,0,Cosmetics General,RIM-SUPERGEL-TOPCOAT-2PK,245.0,1,5.4772255750516665,0.14285714285714285,0.07142857142857142,0.03333333333333333,0.044444444444444446,999.0,Dormant Inventory,SLOW-MOVING EXCESS,Review Promotion / Liquidation
RIM-ULTIMATE-PRM-001,0,0,0,0,0,"Eye Primers, Eyes, Makeup",RIM-ULTIMATE-PRM-001,0.0,0,5.477225575051804,0.0,0.0,0.0,0.0,0.0,Stockout Inactive,STOCKOUT RISK,Urgent Restock Required
RIM-ULTIMATE-PRM-001-2PK,0,0,0,0,0,Cosmetics General,RIM-ULTIMATE-PRM-001-2PK,0.0,0,5.477225575051661,0.0,0.0,0.0,0.0,0.0,Stockout Inactive,STOCKOUT RISK,Urgent Restock Required
RIM-ULTIMATE-PRM-001-3PK,0,0,0,0,0,Cosmetics General,RIM-ULTIMATE-PRM-001-3PK,2.0,1,5.477225575051662,0.0,0.0,0.0,0.0,999.0,Dormant Inventory,SLOW-MOVING EXCESS,Review Promotion / Liquidation
RIM-ULTIMATE-PRM-001-5PK,0,0,0,0,0,Cosmetics General,RIM-ULTIMATE-PRM-001-5PK,55.0,1,5.477225575051661,0.0,0.0,0.0,0.0,999.0,Dormant Inventory,SLOW-MOVING EXCESS,Review Promotion / Liquidation
RIM-WNDCLOUD-LIQ-ES-001,0,0,0,0,0,Eyeshadow,RIM-WNDCLOUD-LIQ-ES,79.0,1,5.477225575051661,0.0,0.0,0.0,0.0,999.0,Dormant Inventory,SLOW-MOVING EXCESS,Review Promotion / Liquidation
RIM-WNDCLOUD-LIQ-ES-002,0,0,0,0,0,Eyeshadow,B09CJF5BXX,0.0,0,5.477225575051661,0.0,0.0,0.0,0.0,0.0,Stockout Inactive,STOCKOUT RISK,Urgent Restock Required
RIM-WNDCLOUD-LIQ-ES-004,0,0,0,0,0,Eyeshadow,404232466036,71.0,1,5.477225575051659,0.0,0.0,0.0,0.0,999.0,Dormant Inventory,SLOW-MOVING EXCESS,Review Promotion / Liquidation
RIM-WNDCLOUD-LIQ-ES-005,0,0,0,0,0,Eyeshadow,404232466036,71.0,1,5.477225575051661,0.0,0.0,0.0,0.0,999.0,Dormant Inventory,SLOW-MOVING EXCESS,Review Promotion / Liquidation
RIM-WNDCLOUD-LIQ-ES-006,0,0,0,0,0,Eyeshadow,B09CJF5BXX,0.0,0,5.477225575051661,0.0,0.0,0.0,0.0,0.0,Stockout Inactive,STOCKOUT RISK,Urgent Restock Required
RIM-BTWEYEBROW-003,0,0,0,0,0,"Brow Pencils, Brows, Makeup",403529328865,0.0,0,5.477225575051662,0.0,0.0,0.0,0.0,0.0,Stockout Inactive,STOCKOUT RISK,Urgent Restock Required
RIM-STAY-SATIN-LIP-200,0,0,0,0,0,"Lips, Liquid Lipstick, Makeup",404195257198,0.0,0,5.477225575051666,0.0,0.0,0.0,0.0,0.0,Stockout Inactive,STOCKOUT RISK,Urgent Restock Required
RIM-WONDERF-BROW-001,0,0,0,0,0,"Brow Gels & Mascaras, Brows, Makeup",B09DTRB76M,0.0,0,5.477225575051671,0.0,0.0,0.0,0.0,0.0,Stockout Inactive,STOCKOUT RISK,Urgent Restock Required
RIM-EBP-BLKBRW-5PK,0,0,0,0,0,Cosmetics General,RIM-EBP-BLKBRW-5PK,6.0,1,5.477225575051689,0.0,0.0,0.03333333333333333,0.17777777777777778,999.0,Dormant Inventory,SLOW-MOVING EXCESS,Review Promotion / Liquidation
RIM-EBP-DRKBRW-5PK,0,0,0,0,0,Cosmetics General,RIM-EBP-DRKBRW-5PK,893.0,1,5.47722557505166,0.0,0.0,0.0,0.011111111111111112,999.0,Dormant Inventory,SLOW-MOVING EXCESS,Review Promotion / Liquidation
RIM-WONDERF-GEL-004,0,0,0,0,0,"Brow Gels & Mascaras, Brows, Makeup",B09DTRB76M,0.0,0,5.477225575051661,0.0,0.0,0.0,0.0,0.0,Stockout Inactive,STOCKOUT RISK,Urgent Restock Required
RIM-WONDERINK-EL-001,0,0,0,0,0,Eyeliner,B0DS7VF2YR,2.0,1,5.477225575051662,0.0,0.0,0.0,0.0,999.0,Dormant Inventory,SLOW-MOVING EXCESS,Review Promotion / Liquidation
RIM-WONDERINK-LIQ-EL-002,0,0,0,0,0,"Eyeliner, Eyes, Makeup",RIM-WONDERINK-LIQ-EL,9.0,1,5.477225575051661,0.0,0.07142857142857142,0.03333333333333333,0.011111111111111112,999.0,Dormant Inventory,SLOW-MOVING EXCESS,Review Promotion / Liquidation
RIM-WONDERINK-LIQ-EL-003,0,0,0,0,0,"Eyeliner, Eyes, Makeup",RIM-WONDERINK-LIQ-EL,4.0,1,5.477225575051661,0.0,0.0,0.0,0.0,999.0,Dormant Inventory,SLOW-MOVING EXCESS,Review Promotion / Liquidation
RIM-WONDERINK-LIQ-EL-005,0,0,0,0,0,"Eyeliner, Eyes, Makeup",RIM-WONDERINK-LIQ-EL,5.0,1,5.477225575051661,0.0,0.0,0.0,0.0,999.0,Dormant Inventory,SLOW-MOVING EXCESS,Review Promotion / Liquidation
RIM-WONDERLAST-001,0,0,0,0,0,"Brow Gels & Mascaras, Brow Tinting, Brows, Makeup",403359562856,17.0,1,5.477225575051661,0.0,0.0,0.0,0.011111111111111112,999.0,Dormant Inventory,SLOW-MOVING EXCESS,Review Promotion / Liquidation
RIM-WONDERLAST-002,0,0,0,0,0,"Brow Gels & Mascaras, Brow Tinting, Brows, Makeup",RIM-WONDERLAST,8.0,1,5.477225575051661,0.0,0.0,0.0,0.0,999.0,Dormant Inventory,SLOW-MOVING EXCESS,Review Promotion / Liquidation
RIM-WONDERLAST-003,0,0,0,0,0,"Brow Gels & Mascaras, Brow Tinting, Brows, Makeup",RIM-WONDERLAST,1.0,1,5.477225575051661,0.0,0.0,0.0,0.011111111111111112,999.0,Dormant Inventory,SLOW-MOVING EXCESS,Review Promotion / Liquidation
RIM-WONDERLAST-004,0,0,0,0,0,"Brow Gels & Mascaras, Brow Tinting, Brows, Makeup",403359562856,90.0,1,5.477225575051662,0.0,0.0,0.0,0.044444444444444446,999.0,Dormant Inventory,SLOW-MOVING EXCESS,Review Promotion / Liquidation
RIM-WONDERPROOF-EL-006,0,0,0,0,0,Eyeliner,205588898584,14.0,1,5.477225575051661,0.0,0.0,0.0,0.0,999.0,Dormant Inventory,SLOW-MOVING EXCESS,Review Promotion / Liquidation
RIM-WS2IN1-002,0,0,0,0,0,Eyeliner,RIM-WS2IN1,28.0,1,5.4772255750516345,0.0,0.0,0.0,0.0,999.0,Dormant Inventory,SLOW-MOVING EXCESS,Review Promotion / Liquidation
RIM-WNDCLOUD-LIQ-ES-007,0,0,0,0,0,Eyeshadow,B09CJF5BXX,40.0,1,5.477225575051661,0.0,0.0,0.0,0.0,999.0,Dormant Inventory,SLOW-MOVING EXCESS,Review Promotion / Liquidation
