date,case_id,canonical_sku,platform_group,category,stratum,current_stock,v14,days_of_cover,observed_units_sold,ltd_target,pred_rop_model_a,pred_rop_model_b,jev_urgent_replenishment_prob,jev_replenishment_risk_score,jev_prio_HIGH,jev_prio_MEDIUM,jev_prio_LOW,jev_confidence,jev_is_cached
2026-07-01,CASE_11,RIM-BBCREAM-VERYLIGHT,eBay,"BB & CC Cream, Complexion, Makeup",3. Medium Velocity + Low Stock,29.0,0.07142857142857142,406.0,1.0,2.0,31.23842,31.395754,0.06,0.19,0.0,0.0,1.0,0.86,True
2026-07-02,CASE_11,RIM-BBCREAM-VERYLIGHT,eBay,"BB & CC Cream, Complexion, Makeup",3. Medium Velocity + Low Stock,29.0,0.14285714285714285,203.0,0.0,2.0,31.23842,31.395754,0.06,0.15,0.0,0.0,1.0,0.885,True
2026-07-03,CASE_11,RIM-BBCREAM-VERYLIGHT,eBay,"BB & CC Cream, Complexion, Makeup",3. Medium Velocity + Low Stock,29.0,0.14285714285714285,203.0,0.0,2.0,31.23842,31.395754,0.05,0.16,0.0,0.0,1.0,0.88,True
2026-07-04,CASE_11,RIM-BBCREAM-VERYLIGHT,eBay,"BB & CC Cream, Complexion, Makeup",3. Medium Velocity + Low Stock,27.0,0.14285714285714285,189.0,2.0,0.0,31.23842,31.395754,0.05,0.15,0.0,0.0,1.0,0.89,False
2026-07-05,CASE_11,RIM-BBCREAM-VERYLIGHT,eBay,"BB & CC Cream, Complexion, Makeup",3. Medium Velocity + Low Stock,27.0,0.2857142857142857,94.5,0.0,2.0,37.42385,36.919743,0.07,0.18,0.0,0.0,1.0,0.85,False
2026-07-06,CASE_11,RIM-BBCREAM-VERYLIGHT,eBay,"BB & CC Cream, Complexion, Makeup",3. Medium Velocity + Low Stock,27.0,0.2857142857142857,94.5,0.0,2.0,31.23842,31.395754,0.07,0.28,0.0,0.0,1.0,0.78,False
2026-07-07,CASE_11,RIM-BBCREAM-VERYLIGHT,eBay,"BB & CC Cream, Complexion, Makeup",3. Medium Velocity + Low Stock,27.0,0.2857142857142857,94.5,0.0,2.0,31.23842,31.395754,0.07,0.21,0.0,0.0,1.0,0.84,False
2026-07-08,CASE_11,RIM-BBCREAM-VERYLIGHT,eBay,"BB & CC Cream, Complexion, Makeup",3. Medium Velocity + Low Stock,27.0,0.2857142857142857,94.5,0.0,2.0,31.23842,31.395754,0.07,0.19,0.0,0.0,1.0,0.855,False
2026-07-09,CASE_11,RIM-BBCREAM-VERYLIGHT,eBay,"BB & CC Cream, Complexion, Makeup",3. Medium Velocity + Low Stock,27.0,0.2857142857142857,94.5,0.0,2.0,31.23842,31.395754,0.07,0.28,0.0,0.0,1.0,0.7849999999999999,False
2026-07-10,CASE_11,RIM-BBCREAM-VERYLIGHT,eBay,"BB & CC Cream, Complexion, Makeup",3. Medium Velocity + Low Stock,27.0,0.2857142857142857,94.5,0.0,2.0,31.23842,31.395754,0.07,0.23,0.0,0.0,1.0,0.8200000000000001,False
2026-07-11,CASE_11,RIM-BBCREAM-VERYLIGHT,eBay,"BB & CC Cream, Complexion, Makeup",3. Medium Velocity + Low Stock,27.0,0.2857142857142857,94.5,0.0,2.0,31.23842,31.395754,0.07,0.2,0.0,0.0,1.0,0.845,False
2026-07-12,CASE_11,RIM-BBCREAM-VERYLIGHT,eBay,"BB & CC Cream, Complexion, Makeup",3. Medium Velocity + Low Stock,25.0,0.2857142857142857,87.5,2.0,0.0,31.23842,31.395754,0.06,0.22,0.0,0.0,1.0,0.8400000000000001,False
2026-07-13,CASE_11,RIM-BBCREAM-VERYLIGHT,eBay,"BB & CC Cream, Complexion, Makeup",3. Medium Velocity + Low Stock,25.0,0.42857142857142855,58.3,0.0,1.0,37.42385,37.10754,0.08,0.24,0.0,0.0,1.0,0.8049999999999999,False
2026-07-14,CASE_11,RIM-BBCREAM-VERYLIGHT,eBay,"BB & CC Cream, Complexion, Makeup",3. Medium Velocity + Low Stock,25.0,0.42857142857142855,58.3,0.0,1.0,31.23842,31.395754,0.08,0.34,0.0,0.0,1.0,0.725,False
2026-07-15,CASE_11,RIM-BBCREAM-VERYLIGHT,eBay,"BB & CC Cream, Complexion, Makeup",3. Medium Velocity + Low Stock,25.0,0.35714285714285715,70.0,0.0,1.0,31.23842,31.395754,0.07,0.3,0.0,0.0,1.0,0.765,False
2026-07-16,CASE_11,RIM-BBCREAM-VERYLIGHT,eBay,"BB & CC Cream, Complexion, Makeup",3. Medium Velocity + Low Stock,25.0,0.2857142857142857,87.5,0.0,1.0,31.23842,31.395754,0.07,0.29,0.0,0.0,1.0,0.775,False
2026-07-17,CASE_11,RIM-BBCREAM-VERYLIGHT,eBay,"BB & CC Cream, Complexion, Makeup",3. Medium Velocity + Low Stock,25.0,0.2857142857142857,87.5,0.0,1.0,31.23842,31.395754,0.07,0.26,0.0,0.0,1.0,0.7949999999999999,False
2026-07-18,CASE_11,RIM-BBCREAM-VERYLIGHT,eBay,"BB & CC Cream, Complexion, Makeup",3. Medium Velocity + Low Stock,25.0,0.2857142857142857,87.5,0.0,2.0,31.23842,31.395754,0.07,0.29,0.0,0.0,1.0,0.78,False
2026-07-19,CASE_11,RIM-BBCREAM-VERYLIGHT,eBay,"BB & CC Cream, Complexion, Makeup",3. Medium Velocity + Low Stock,25.0,0.14285714285714285,175.0,0.0,2.0,31.23842,31.395754,0.06,0.15,0.0,0.0,1.0,0.885,False
2026-07-20,CASE_11,RIM-BBCREAM-VERYLIGHT,eBay,"BB & CC Cream, Complexion, Makeup",3. Medium Velocity + Low Stock,12.0,0.14285714285714285,84.0,1.0,2.0,31.23842,31.395754,0.07,0.22,0.0,0.0,1.0,0.8300000000000001,False
2026-07-21,CASE_11,RIM-BBCREAM-VERYLIGHT,eBay,"BB & CC Cream, Complexion, Makeup",3. Medium Velocity + Low Stock,12.0,0.21428571428571427,56.0,0.0,2.0,31.23842,31.395754,0.09,0.28,0.0,0.0,1.0,0.7749999999999999,False
2026-07-22,CASE_11,RIM-BBCREAM-VERYLIGHT,eBay,"BB & CC Cream, Complexion, Makeup",3. Medium Velocity + Low Stock,12.0,0.21428571428571427,56.0,0.0,2.0,31.23842,31.395754,0.08,0.31,0.0,0.0,1.0,0.755,False
2026-07-23,CASE_11,RIM-BBCREAM-VERYLIGHT,eBay,"BB & CC Cream, Complexion, Makeup",3. Medium Velocity + Low Stock,12.0,0.21428571428571427,56.0,0.0,2.0,31.23842,31.395754,0.08,0.26,0.0,0.0,1.0,0.79,False
2026-07-24,CASE_11,RIM-BBCREAM-VERYLIGHT,eBay,"BB & CC Cream, Complexion, Makeup",3. Medium Velocity + Low Stock,12.0,0.21428571428571427,56.0,0.0,2.0,31.23842,31.395754,0.07,0.25,0.0,0.0,1.0,0.8,False
2026-07-25,CASE_11,RIM-BBCREAM-VERYLIGHT,eBay,"BB & CC Cream, Complexion, Makeup",3. Medium Velocity + Low Stock,11.0,0.21428571428571427,51.3,1.0,1.0,31.23842,31.395754,0.08,0.3,0.0,0.0,1.0,0.755,False
2026-07-26,CASE_11,RIM-BBCREAM-VERYLIGHT,eBay,"BB & CC Cream, Complexion, Makeup",3. Medium Velocity + Low Stock,11.0,0.2857142857142857,38.5,0.0,1.0,31.23842,31.395754,0.1,0.44,0.0,0.0,1.0,0.5750000000000001,False
2026-07-27,CASE_11,RIM-BBCREAM-VERYLIGHT,eBay,"BB & CC Cream, Complexion, Makeup",3. Medium Velocity + Low Stock,10.0,0.14285714285714285,70.0,1.0,0.0,31.23842,31.395754,0.08,0.2,0.0,0.0,1.0,0.83,False
2026-07-28,CASE_11,RIM-BBCREAM-VERYLIGHT,eBay,"BB & CC Cream, Complexion, Makeup",3. Medium Velocity + Low Stock,10.0,0.21428571428571427,46.7,0.0,0.0,31.23842,31.395754,0.09,0.39,0.0,0.0,1.0,0.67,False
2026-07-29,CASE_11,RIM-BBCREAM-VERYLIGHT,eBay,"BB & CC Cream, Complexion, Makeup",3. Medium Velocity + Low Stock,10.0,0.21428571428571427,46.7,0.0,1.0,31.23842,31.395754,0.09,0.35,0.0,0.0,1.0,0.705,False
2026-07-30,CASE_11,RIM-BBCREAM-VERYLIGHT,eBay,"BB & CC Cream, Complexion, Makeup",3. Medium Velocity + Low Stock,10.0,0.21428571428571427,46.7,0.0,1.0,31.23842,31.395754,0.09,0.41,0.0,0.0,1.0,0.66,False
2026-07-31,CASE_11,RIM-BBCREAM-VERYLIGHT,eBay,"BB & CC Cream, Complexion, Makeup",3. Medium Velocity + Low Stock,10.0,0.21428571428571427,46.7,0.0,1.0,31.23842,31.395754,0.1,0.43,0.0,0.0,1.0,0.64,False
2026-08-01,CASE_11,RIM-BBCREAM-VERYLIGHT,eBay,"BB & CC Cream, Complexion, Makeup",3. Medium Velocity + Low Stock,10.0,0.21428571428571427,46.7,0.0,1.0,31.354963,31.527292,0.09,0.38,0.0,0.0,1.0,0.665,False
2026-08-02,CASE_11,RIM-BBCREAM-VERYLIGHT,eBay,"BB & CC Cream, Complexion, Makeup",3. Medium Velocity + Low Stock,10.0,0.21428571428571427,46.7,0.0,1.0,31.354963,31.527292,0.09,0.41,0.0,0.0,1.0,0.6699999999999999,False
2026-08-03,CASE_11,RIM-BBCREAM-VERYLIGHT,eBay,"BB & CC Cream, Complexion, Makeup",3. Medium Velocity + Low Stock,10.0,0.21428571428571427,46.7,0.0,1.0,31.354963,31.527292,0.09,0.29,0.0,0.0,1.0,0.77,False
2026-08-04,CASE_11,RIM-BBCREAM-VERYLIGHT,eBay,"BB & CC Cream, Complexion, Makeup",3. Medium Velocity + Low Stock,10.0,0.14285714285714285,70.0,0.0,1.0,31.354963,31.527292,0.06,0.21,0.0,0.0,1.0,0.835,False
2026-08-05,CASE_11,RIM-BBCREAM-VERYLIGHT,eBay,"BB & CC Cream, Complexion, Makeup",3. Medium Velocity + Low Stock,9.0,0.14285714285714285,63.0,1.0,0.0,31.354963,31.527292,0.07,0.21,0.0,0.0,1.0,0.8400000000000001,False
2026-08-06,CASE_11,RIM-BBCREAM-VERYLIGHT,eBay,"BB & CC Cream, Complexion, Makeup",3. Medium Velocity + Low Stock,9.0,0.21428571428571427,42.0,0.0,0.0,31.354963,31.527292,0.08,0.28,0.0,0.0,1.0,0.76,False
2026-08-07,CASE_11,RIM-BBCREAM-VERYLIGHT,eBay,"BB & CC Cream, Complexion, Makeup",3. Medium Velocity + Low Stock,9.0,0.21428571428571427,42.0,0.0,2.0,31.354963,31.527292,0.08,0.31,0.0,0.0,1.0,0.745,False
2026-08-08,CASE_11,RIM-BBCREAM-VERYLIGHT,eBay,"BB & CC Cream, Complexion, Makeup",3. Medium Velocity + Low Stock,9.0,0.21428571428571427,42.0,0.0,2.0,31.354963,31.527292,0.09,0.36,0.0,0.0,1.0,0.7,False
2026-08-09,CASE_11,RIM-BBCREAM-VERYLIGHT,eBay,"BB & CC Cream, Complexion, Makeup",3. Medium Velocity + Low Stock,9.0,0.14285714285714285,63.0,0.0,2.0,31.354963,31.527292,0.07,0.25,0.0,0.0,1.0,0.8,False
2026-08-10,CASE_11,RIM-BBCREAM-VERYLIGHT,eBay,"BB & CC Cream, Complexion, Makeup",3. Medium Velocity + Low Stock,9.0,0.14285714285714285,63.0,0.0,2.0,31.354963,31.527292,0.08,0.24,0.0,0.0,1.0,0.81,False
2026-08-11,CASE_11,RIM-BBCREAM-VERYLIGHT,eBay,"BB & CC Cream, Complexion, Makeup",3. Medium Velocity + Low Stock,9.0,0.07142857142857142,126.0,0.0,2.0,31.354963,31.527292,0.06,0.21,0.0,0.0,1.0,0.84,False
2026-08-12,CASE_11,RIM-BBCREAM-VERYLIGHT,eBay,"BB & CC Cream, Complexion, Makeup",3. Medium Velocity + Low Stock,9.0,0.07142857142857142,126.0,0.0,2.0,31.354963,31.527292,0.06,0.2,0.0,0.0,1.0,0.85,False
2026-08-13,CASE_11,RIM-BBCREAM-VERYLIGHT,eBay,"BB & CC Cream, Complexion, Makeup",3. Medium Velocity + Low Stock,9.0,0.07142857142857142,126.0,0.0,2.0,31.354963,31.527292,0.05,0.14,0.0,0.0,1.0,0.895,False
2026-08-14,CASE_11,RIM-BBCREAM-VERYLIGHT,eBay,"BB & CC Cream, Complexion, Makeup",3. Medium Velocity + Low Stock,7.0,0.07142857142857142,98.0,2.0,0.0,31.354963,31.527292,0.06,0.2,0.0,0.0,1.0,0.85,False
2026-08-15,CASE_11,RIM-BBCREAM-VERYLIGHT,eBay,"BB & CC Cream, Complexion, Makeup",3. Medium Velocity + Low Stock,7.0,0.21428571428571427,32.7,0.0,0.0,37.486847,37.05128,0.11,0.49,0.0,0.0,1.0,0.52,False
2026-08-16,CASE_11,RIM-BBCREAM-VERYLIGHT,eBay,"BB & CC Cream, Complexion, Makeup",3. Medium Velocity + Low Stock,7.0,0.21428571428571427,32.7,0.0,1.0,31.354963,31.527292,0.11,0.49,0.0,0.0,1.0,0.56,False
2026-08-17,CASE_11,RIM-BBCREAM-VERYLIGHT,eBay,"BB & CC Cream, Complexion, Makeup",3. Medium Velocity + Low Stock,7.0,0.21428571428571427,32.7,0.0,2.0,31.354963,31.527292,0.11,0.5,0.0,0.0,1.0,0.56,False
2026-08-18,CASE_11,RIM-BBCREAM-VERYLIGHT,eBay,"BB & CC Cream, Complexion, Makeup",3. Medium Velocity + Low Stock,7.0,0.21428571428571427,32.7,0.0,2.0,31.354963,31.527292,0.11,0.48,0.0,0.0,1.0,0.575,False
2026-08-19,CASE_11,RIM-BBCREAM-VERYLIGHT,eBay,"BB & CC Cream, Complexion, Makeup",3. Medium Velocity + Low Stock,7.0,0.21428571428571427,32.7,0.0,2.0,31.354963,31.527292,0.1,0.44,0.0,0.0,1.0,0.6,False
2026-08-20,CASE_11,RIM-BBCREAM-VERYLIGHT,eBay,"BB & CC Cream, Complexion, Makeup",3. Medium Velocity + Low Stock,7.0,0.14285714285714285,49.0,0.0,2.0,31.354963,31.527292,0.09,0.41,0.0,0.0,1.0,0.6699999999999999,False
2026-08-21,CASE_11,RIM-BBCREAM-VERYLIGHT,eBay,"BB & CC Cream, Complexion, Makeup",3. Medium Velocity + Low Stock,7.0,0.14285714285714285,49.0,0.0,2.0,31.354963,31.527292,0.09,0.34,0.0,0.0,1.0,0.6950000000000001,False
2026-08-22,CASE_11,RIM-BBCREAM-VERYLIGHT,eBay,"BB & CC Cream, Complexion, Makeup",3. Medium Velocity + Low Stock,7.0,0.14285714285714285,49.0,0.0,2.0,31.354963,31.527292,0.07,0.29,0.0,0.0,1.0,0.77,False
2026-08-23,CASE_11,RIM-BBCREAM-VERYLIGHT,eBay,"BB & CC Cream, Complexion, Makeup",3. Medium Velocity + Low Stock,6.0,0.14285714285714285,42.0,1.0,1.0,31.354963,31.527292,0.08,0.4,0.0,0.0,1.0,0.685,False
2026-08-24,CASE_11,RIM-BBCREAM-VERYLIGHT,eBay,"BB & CC Cream, Complexion, Makeup",3. Medium Velocity + Low Stock,5.0,0.21428571428571427,23.3,1.0,5.0,31.354963,31.527292,0.15,0.66,0.0,0.0,1.0,0.44000000000000006,False
2026-08-25,CASE_11,RIM-BBCREAM-VERYLIGHT,eBay,"BB & CC Cream, Complexion, Makeup",3. Medium Velocity + Low Stock,5.0,0.2857142857142857,17.5,0.0,5.0,31.354963,31.527292,0.18,0.82,0.0,0.0,1.0,0.335,False
2026-08-26,CASE_11,RIM-BBCREAM-VERYLIGHT,eBay,"BB & CC Cream, Complexion, Makeup",3. Medium Velocity + Low Stock,5.0,0.2857142857142857,17.5,0.0,5.0,31.354963,31.527292,0.18,0.82,0.0,0.0,1.0,0.395,False
2026-08-27,CASE_11,RIM-BBCREAM-VERYLIGHT,eBay,"BB & CC Cream, Complexion, Makeup",3. Medium Velocity + Low Stock,5.0,0.2857142857142857,17.5,0.0,5.0,31.354963,31.527292,0.17,0.79,0.0,0.0,1.0,0.4,False
2026-08-28,CASE_11,RIM-BBCREAM-VERYLIGHT,eBay,"BB & CC Cream, Complexion, Makeup",3. Medium Velocity + Low Stock,5.0,0.2857142857142857,17.5,0.0,5.0,31.354963,31.527292,0.2,0.85,0.0,0.0,1.0,0.35,False
2026-08-29,CASE_11,RIM-BBCREAM-VERYLIGHT,eBay,"BB & CC Cream, Complexion, Makeup",3. Medium Velocity + Low Stock,5.0,0.14285714285714285,35.0,0.0,5.0,31.354963,31.527292,0.11,0.63,0.0,0.0,1.0,0.485,False
2026-08-30,CASE_11,RIM-BBCREAM-VERYLIGHT,eBay,"BB & CC Cream, Complexion, Makeup",3. Medium Velocity + Low Stock,5.0,0.14285714285714285,35.0,0.0,5.0,31.354963,31.527292,0.12,0.57,0.0,0.0,1.0,0.45,False
2026-08-31,CASE_11,RIM-BBCREAM-VERYLIGHT,eBay,"BB & CC Cream, Complexion, Makeup",3. Medium Velocity + Low Stock,0.0,0.14285714285714285,0.0,5.0,0.0,33.014744,33.241497,0.74,1.89,1.0,0.0,0.0,0.895,False
2026-07-01,CASE_25,RIM-BTW-F&S-001,Amazon,"Brow Pencils, Brows, Makeup",7. Promotion / Traffic Momentum,12.0,0.2857142857142857,42.0,0.0,0.0,31.208372,31.101866,0.11,0.54,0.0,0.0,1.0,0.45499999999999996,False
2026-07-02,CASE_25,RIM-BTW-F&S-001,Amazon,"Brow Pencils, Brows, Makeup",7. Promotion / Traffic Momentum,12.0,0.21428571428571427,56.0,0.0,0.0,31.208372,31.101866,0.1,0.4,0.0,0.0,1.0,0.605,False
2026-07-03,CASE_25,RIM-BTW-F&S-001,Amazon,"Brow Pencils, Brows, Makeup",7. Promotion / Traffic Momentum,12.0,0.21428571428571427,56.0,0.0,0.0,31.208372,31.101866,0.09,0.45,0.0,0.0,1.0,0.57,False
2026-07-04,CASE_25,RIM-BTW-F&S-001,Amazon,"Brow Pencils, Brows, Makeup",7. Promotion / Traffic Momentum,12.0,0.21428571428571427,56.0,0.0,0.0,31.208372,31.101866,0.1,0.35,0.0,0.0,1.0,0.625,False
2026-07-05,CASE_25,RIM-BTW-F&S-001,Amazon,"Brow Pencils, Brows, Makeup",7. Promotion / Traffic Momentum,12.0,0.21428571428571427,56.0,0.0,0.0,31.208372,31.101866,0.07,0.27,0.0,0.0,1.0,0.79,False
2026-07-06,CASE_25,RIM-BTW-F&S-001,Amazon,"Brow Pencils, Brows, Makeup",7. Promotion / Traffic Momentum,12.0,0.21428571428571427,56.0,0.0,0.0,31.208372,31.101866,0.07,0.24,0.0,0.0,1.0,0.815,False
2026-07-07,CASE_25,RIM-BTW-F&S-001,Amazon,"Brow Pencils, Brows, Makeup",7. Promotion / Traffic Momentum,12.0,0.21428571428571427,56.0,0.0,0.0,31.208372,31.101866,0.07,0.27,0.0,0.0,1.0,0.7949999999999999,False
2026-07-08,CASE_25,RIM-BTW-F&S-001,Amazon,"Brow Pencils, Brows, Makeup",7. Promotion / Traffic Momentum,12.0,0.21428571428571427,56.0,0.0,0.0,31.208372,31.101866,0.07,0.26,0.0,0.0,1.0,0.8,False
2026-07-09,CASE_25,RIM-BTW-F&S-001,Amazon,"Brow Pencils, Brows, Makeup",7. Promotion / Traffic Momentum,12.0,0.21428571428571427,56.0,0.0,0.0,31.208372,31.101866,0.07,0.27,0.0,0.0,1.0,0.79,False
2026-07-10,CASE_25,RIM-BTW-F&S-001,Amazon,"Brow Pencils, Brows, Makeup",7. Promotion / Traffic Momentum,12.0,0.21428571428571427,56.0,0.0,0.0,31.208372,31.101866,0.07,0.27,0.0,0.0,1.0,0.79,False
2026-07-11,CASE_25,RIM-BTW-F&S-001,Amazon,"Brow Pencils, Brows, Makeup",7. Promotion / Traffic Momentum,12.0,0.21428571428571427,56.0,0.0,0.0,31.208372,31.101866,0.07,0.26,0.0,0.0,1.0,0.8049999999999999,False
2026-07-12,CASE_25,RIM-BTW-F&S-001,Amazon,"Brow Pencils, Brows, Makeup",7. Promotion / Traffic Momentum,12.0,0.0,999.0,0.0,1.0,31.533895,31.264872,0.05,0.12,0.0,0.0,1.0,0.9099999999999999,False
2026-07-13,CASE_25,RIM-BTW-F&S-001,Amazon,"Brow Pencils, Brows, Makeup",7. Promotion / Traffic Momentum,12.0,0.0,999.0,0.0,1.0,32.303944,31.46982,0.05,0.1,0.0,0.0,1.0,0.925,False
2026-07-14,CASE_25,RIM-BTW-F&S-001,Amazon,"Brow Pencils, Brows, Makeup",7. Promotion / Traffic Momentum,12.0,0.0,999.0,0.0,1.0,31.533895,31.264872,0.05,0.09,0.0,0.0,1.0,0.9299999999999999,False
2026-07-15,CASE_25,RIM-BTW-F&S-001,Amazon,"Brow Pencils, Brows, Makeup",7. Promotion / Traffic Momentum,12.0,0.0,999.0,0.0,1.0,31.533895,31.264872,0.05,0.12,0.0,0.0,1.0,0.905,False
2026-07-16,CASE_25,RIM-BTW-F&S-001,Amazon,"Brow Pencils, Brows, Makeup",7. Promotion / Traffic Momentum,12.0,0.0,999.0,0.0,1.0,31.533895,31.264872,0.05,0.11,0.0,0.0,1.0,0.9199999999999999,False
2026-07-17,CASE_25,RIM-BTW-F&S-001,Amazon,"Brow Pencils, Brows, Makeup",7. Promotion / Traffic Momentum,12.0,0.0,999.0,0.0,2.0,31.533895,31.264872,0.05,0.12,0.0,0.0,1.0,0.915,False
2026-07-18,CASE_25,RIM-BTW-F&S-001,Amazon,"Brow Pencils, Brows, Makeup",7. Promotion / Traffic Momentum,12.0,0.0,999.0,0.0,2.0,31.612417,31.264872,0.05,0.1,0.0,0.0,1.0,0.9299999999999999,False
2026-07-19,CASE_25,RIM-BTW-F&S-001,Amazon,"Brow Pencils, Brows, Makeup",7. Promotion / Traffic Momentum,2.0,0.0,999.0,1.0,1.0,31.612417,32.05492,0.06,0.22,0.0,0.0,1.0,0.8200000000000001,False
2026-07-20,CASE_25,RIM-BTW-F&S-001,Amazon,"Brow Pencils, Brows, Makeup",7. Promotion / Traffic Momentum,1.0,0.07142857142857142,14.0,0.0,1.0,32.303944,32.25987,0.42,1.39,1.0,0.0,0.0,0.37,False
2026-07-21,CASE_25,RIM-BTW-F&S-001,Amazon,"Brow Pencils, Brows, Makeup",7. Promotion / Traffic Momentum,1.0,0.07142857142857142,14.0,0.0,1.0,31.533895,32.05492,0.34,1.29,1.0,0.0,0.0,0.27,False
2026-07-22,CASE_25,RIM-BTW-F&S-001,Amazon,"Brow Pencils, Brows, Makeup",7. Promotion / Traffic Momentum,1.0,0.07142857142857142,14.0,0.0,1.0,31.533895,32.05492,0.39,1.33,1.0,0.0,0.0,0.29,False
2026-07-23,CASE_25,RIM-BTW-F&S-001,Amazon,"Brow Pencils, Brows, Makeup",7. Promotion / Traffic Momentum,1.0,0.07142857142857142,14.0,0.0,1.0,31.533895,32.05492,0.39,1.35,1.0,0.0,0.0,0.315,False
2026-07-24,CASE_25,RIM-BTW-F&S-001,Amazon,"Brow Pencils, Brows, Makeup",7. Promotion / Traffic Momentum,0.0,0.07142857142857142,0.0,1.0,0.0,32.982147,32.934765,0.74,1.94,1.0,0.0,0.0,0.925,False
2026-07-25,CASE_25,RIM-BTW-F&S-001,Amazon,"Brow Pencils, Brows, Makeup",7. Promotion / Traffic Momentum,0.0,0.14285714285714285,0.0,0.0,0.0,32.24935,32.482517,0.81,1.97,1.0,0.0,0.0,0.97,False
2026-07-26,CASE_25,RIM-BTW-F&S-001,Amazon,"Brow Pencils, Brows, Makeup",7. Promotion / Traffic Momentum,0.0,0.14285714285714285,0.0,0.0,0.0,32.24935,32.482517,0.77,1.95,1.0,0.0,0.0,0.9450000000000001,False
2026-07-27,CASE_25,RIM-BTW-F&S-001,Amazon,"Brow Pencils, Brows, Makeup",7. Promotion / Traffic Momentum,0.0,0.14285714285714285,0.0,0.0,0.0,32.24935,32.482517,0.75,1.95,1.0,0.0,0.0,0.925,False
2026-07-28,CASE_25,RIM-BTW-F&S-001,Amazon,"Brow Pencils, Brows, Makeup",7. Promotion / Traffic Momentum,0.0,0.14285714285714285,0.0,0.0,0.0,32.24935,32.482517,0.76,1.95,1.0,0.0,0.0,0.915,False
2026-07-29,CASE_25,RIM-BTW-F&S-001,Amazon,"Brow Pencils, Brows, Makeup",7. Promotion / Traffic Momentum,0.0,0.14285714285714285,0.0,0.0,0.0,32.24935,32.482517,0.75,1.96,1.0,0.0,0.0,0.905,False
2026-07-30,CASE_25,RIM-BTW-F&S-001,Amazon,"Brow Pencils, Brows, Makeup",7. Promotion / Traffic Momentum,0.0,0.14285714285714285,0.0,0.0,0.0,32.24935,32.482517,0.76,1.95,1.0,0.0,0.0,0.925,False
2026-07-31,CASE_25,RIM-BTW-F&S-001,Amazon,"Brow Pencils, Brows, Makeup",7. Promotion / Traffic Momentum,0.0,0.14285714285714285,0.0,0.0,0.0,32.24935,32.482517,0.78,1.98,1.0,0.0,0.0,0.955,False
2026-08-01,CASE_25,RIM-BTW-F&S-001,Amazon,"Brow Pencils, Brows, Makeup",7. Promotion / Traffic Momentum,0.0,0.14285714285714285,0.0,0.0,0.0,32.460495,32.77917,0.52,1.94,1.0,0.0,0.0,0.88,False
2026-08-02,CASE_25,RIM-BTW-F&S-001,Amazon,"Brow Pencils, Brows, Makeup",7. Promotion / Traffic Momentum,0.0,0.14285714285714285,0.0,0.0,0.0,32.460495,32.77917,0.51,1.94,1.0,0.0,0.0,0.855,False
2026-08-03,CASE_25,RIM-BTW-F&S-001,Amazon,"Brow Pencils, Brows, Makeup",7. Promotion / Traffic Momentum,0.0,0.07142857142857142,0.0,0.0,0.0,32.460495,32.77917,0.54,1.94,1.0,0.0,0.0,0.86,False
2026-08-04,CASE_25,RIM-BTW-F&S-001,Amazon,"Brow Pencils, Brows, Makeup",7. Promotion / Traffic Momentum,0.0,0.07142857142857142,0.0,0.0,0.0,32.460495,32.77917,0.52,1.93,1.0,0.0,0.0,0.8300000000000001,False
2026-08-05,CASE_25,RIM-BTW-F&S-001,Amazon,"Brow Pencils, Brows, Makeup",7. Promotion / Traffic Momentum,0.0,0.07142857142857142,0.0,0.0,0.0,32.460495,32.77917,0.55,1.95,1.0,0.0,0.0,0.88,False
2026-08-06,CASE_25,RIM-BTW-F&S-001,Amazon,"Brow Pencils, Brows, Makeup",7. Promotion / Traffic Momentum,0.0,0.07142857142857142,0.0,0.0,0.0,32.460495,32.77917,0.52,1.94,1.0,0.0,0.0,0.87,False
2026-08-07,CASE_25,RIM-BTW-F&S-001,Amazon,"Brow Pencils, Brows, Makeup",7. Promotion / Traffic Momentum,0.0,0.07142857142857142,0.0,0.0,0.0,32.460495,32.77917,0.51,1.91,1.0,0.0,0.0,0.855,False
2026-08-08,CASE_25,RIM-BTW-F&S-001,Amazon,"Brow Pencils, Brows, Makeup",7. Promotion / Traffic Momentum,0.0,0.0,0.0,0.0,0.0,32.460495,32.77917,0.52,1.93,1.0,0.0,0.0,0.845,False
2026-08-09,CASE_25,RIM-BTW-F&S-001,Amazon,"Brow Pencils, Brows, Makeup",7. Promotion / Traffic Momentum,0.0,0.0,0.0,0.0,0.0,32.460495,32.77917,0.49,1.93,1.0,0.0,0.0,0.8500000000000001,False
2026-08-10,CASE_25,RIM-BTW-F&S-001,Amazon,"Brow Pencils, Brows, Makeup",7. Promotion / Traffic Momentum,0.0,0.0,0.0,0.0,0.0,32.460495,32.77917,0.5,1.94,1.0,0.0,0.0,0.865,False
2026-08-11,CASE_25,RIM-BTW-F&S-001,Amazon,"Brow Pencils, Brows, Makeup",7. Promotion / Traffic Momentum,0.0,0.0,0.0,0.0,0.0,32.460495,32.77917,0.51,1.93,1.0,0.0,0.0,0.825,False
2026-08-12,CASE_25,RIM-BTW-F&S-001,Amazon,"Brow Pencils, Brows, Makeup",7. Promotion / Traffic Momentum,0.0,0.0,0.0,0.0,0.0,32.460495,32.77917,0.54,1.95,1.0,0.0,0.0,0.8600000000000001,False
2026-08-13,CASE_25,RIM-BTW-F&S-001,Amazon,"Brow Pencils, Brows, Makeup",7. Promotion / Traffic Momentum,0.0,0.0,0.0,0.0,0.0,32.460495,32.77917,0.53,1.96,1.0,0.0,0.0,0.89,False
2026-08-14,CASE_25,RIM-BTW-F&S-001,Amazon,"Brow Pencils, Brows, Makeup",7. Promotion / Traffic Momentum,0.0,0.0,0.0,0.0,0.0,32.460495,32.77917,0.52,1.95,1.0,0.0,0.0,0.8700000000000001,False
2026-08-15,CASE_25,RIM-BTW-F&S-001,Amazon,"Brow Pencils, Brows, Makeup",7. Promotion / Traffic Momentum,0.0,0.0,0.0,0.0,0.0,32.460495,32.77917,0.6,1.96,1.0,0.0,0.0,0.8999999999999999,False
2026-08-16,CASE_25,RIM-BTW-F&S-001,Amazon,"Brow Pencils, Brows, Makeup",7. Promotion / Traffic Momentum,0.0,0.0,0.0,0.0,0.0,32.460495,32.77917,0.58,1.96,1.0,0.0,0.0,0.875,False
2026-08-17,CASE_25,RIM-BTW-F&S-001,Amazon,"Brow Pencils, Brows, Makeup",7. Promotion / Traffic Momentum,59.0,0.0,999.0,0.0,0.0,33.71371,33.593456,0.05,0.11,0.0,0.0,1.0,0.915,False
2026-08-18,CASE_25,RIM-BTW-F&S-001,Amazon,"Brow Pencils, Brows, Makeup",7. Promotion / Traffic Momentum,46.0,0.0,999.0,0.0,0.0,33.662514,33.490704,0.04,0.13,0.0,0.0,1.0,0.9,False
2026-08-19,CASE_25,RIM-BTW-F&S-001,Amazon,"Brow Pencils, Brows, Makeup",7. Promotion / Traffic Momentum,46.0,0.0,999.0,0.0,0.0,34.42291,34.48293,0.05,0.16,0.0,0.0,1.0,0.875,False
2026-08-20,CASE_25,RIM-BTW-F&S-001,Amazon,"Brow Pencils, Brows, Makeup",7. Promotion / Traffic Momentum,46.0,0.0,999.0,0.0,0.0,34.329315,34.395664,0.05,0.16,0.0,0.0,1.0,0.885,False
2026-08-21,CASE_25,RIM-BTW-F&S-001,Amazon,"Brow Pencils, Brows, Makeup",7. Promotion / Traffic Momentum,46.0,0.0,999.0,0.0,0.0,32.602753,33.15953,0.04,0.15,0.0,0.0,1.0,0.885,False
2026-08-22,CASE_25,RIM-BTW-F&S-001,Amazon,"Brow Pencils, Brows, Makeup",7. Promotion / Traffic Momentum,46.0,0.0,999.0,0.0,0.0,32.336136,32.357315,0.05,0.11,0.0,0.0,1.0,0.9199999999999999,False
2026-08-23,CASE_25,RIM-BTW-F&S-001,Amazon,"Brow Pencils, Brows, Makeup",7. Promotion / Traffic Momentum,46.0,0.0,999.0,0.0,0.0,32.206417,32.304726,0.04,0.08,0.0,0.0,1.0,0.935,False
2026-08-24,CASE_25,RIM-BTW-F&S-001,Amazon,"Brow Pencils, Brows, Makeup",7. Promotion / Traffic Momentum,45.0,0.0,999.0,0.0,0.0,31.703714,31.568518,0.05,0.06,0.0,0.0,1.0,0.9550000000000001,False
2026-08-25,CASE_25,RIM-BTW-F&S-001,Amazon,"Brow Pencils, Brows, Makeup",7. Promotion / Traffic Momentum,45.0,0.0,999.0,0.0,0.0,31.703714,31.568518,0.04,0.07,0.0,0.0,1.0,0.95,False
2026-08-26,CASE_25,RIM-BTW-F&S-001,Amazon,"Brow Pencils, Brows, Makeup",7. Promotion / Traffic Momentum,45.0,0.0,999.0,0.0,0.0,31.703714,31.556898,0.04,0.05,0.0,0.0,1.0,0.9650000000000001,False
2026-08-27,CASE_25,RIM-BTW-F&S-001,Amazon,"Brow Pencils, Brows, Makeup",7. Promotion / Traffic Momentum,45.0,0.0,999.0,0.0,1.0,31.703714,31.556898,0.04,0.03,0.0,0.0,1.0,0.975,False
2026-08-28,CASE_25,RIM-BTW-F&S-001,Amazon,"Brow Pencils, Brows, Makeup",7. Promotion / Traffic Momentum,45.0,0.0,999.0,0.0,1.0,31.494799,31.529882,0.04,0.03,0.0,0.0,1.0,0.975,False
2026-08-29,CASE_25,RIM-BTW-F&S-001,Amazon,"Brow Pencils, Brows, Makeup",7. Promotion / Traffic Momentum,45.0,0.0,999.0,0.0,1.0,31.494799,31.529882,0.04,0.05,0.0,0.0,1.0,0.9650000000000001,False
2026-08-30,CASE_25,RIM-BTW-F&S-001,Amazon,"Brow Pencils, Brows, Makeup",7. Promotion / Traffic Momentum,45.0,0.0,999.0,0.0,1.0,31.494799,31.529882,0.04,0.06,0.0,0.0,1.0,0.9550000000000001,False
2026-08-31,CASE_25,RIM-BTW-F&S-001,Amazon,"Brow Pencils, Brows, Makeup",7. Promotion / Traffic Momentum,45.0,0.0,999.0,0.0,1.0,31.494799,31.529882,0.04,0.05,0.0,0.0,1.0,0.9650000000000001,False
2026-07-01,CASE_14,RIM-BTW-F&S-002,Amazon,"Brow Pencils, Brows, Makeup",4. Medium Velocity + Healthy Stock,704.0,0.0,999.0,0.0,1.0,27.673937,27.720308,0.03,0.04,0.0,0.0,1.0,0.97,False
2026-07-02,CASE_14,RIM-BTW-F&S-002,Amazon,"Brow Pencils, Brows, Makeup",4. Medium Velocity + Healthy Stock,704.0,0.0,999.0,0.0,1.0,27.673937,27.720308,0.03,0.04,0.0,0.0,1.0,0.97,False
2026-07-03,CASE_14,RIM-BTW-F&S-002,Amazon,"Brow Pencils, Brows, Makeup",4. Medium Velocity + Healthy Stock,702.0,0.0,999.0,1.0,0.0,27.673937,27.720308,0.04,0.04,0.0,0.0,1.0,0.97,False
2026-07-04,CASE_14,RIM-BTW-F&S-002,Amazon,"Brow Pencils, Brows, Makeup",4. Medium Velocity + Healthy Stock,702.0,0.07142857142857142,9828.0,0.0,0.0,28.706789,28.954018,0.04,0.05,0.0,0.0,1.0,0.9550000000000001,False
2026-07-05,CASE_14,RIM-BTW-F&S-002,Amazon,"Brow Pencils, Brows, Makeup",4. Medium Velocity + Healthy Stock,702.0,0.07142857142857142,9828.0,0.0,0.0,28.706789,28.954018,0.04,0.08,0.0,0.0,1.0,0.935,False
2026-07-06,CASE_14,RIM-BTW-F&S-002,Amazon,"Brow Pencils, Brows, Makeup",4. Medium Velocity + Healthy Stock,702.0,0.07142857142857142,9828.0,0.0,0.0,28.706789,28.954018,0.04,0.09,0.0,0.0,1.0,0.935,False
2026-07-07,CASE_14,RIM-BTW-F&S-002,Amazon,"Brow Pencils, Brows, Makeup",4. Medium Velocity + Healthy Stock,701.0,0.07142857142857142,9814.0,0.0,0.0,28.706789,28.954018,0.04,0.12,0.0,0.0,1.0,0.905,False
2026-07-08,CASE_14,RIM-BTW-F&S-002,Amazon,"Brow Pencils, Brows, Makeup",4. Medium Velocity + Healthy Stock,698.0,0.07142857142857142,9772.0,0.0,0.0,28.706789,28.954018,0.04,0.09,0.0,0.0,1.0,0.925,False
2026-07-09,CASE_14,RIM-BTW-F&S-002,Amazon,"Brow Pencils, Brows, Makeup",4. Medium Velocity + Healthy Stock,698.0,0.07142857142857142,9772.0,0.0,1.0,28.706789,28.954018,0.04,0.1,0.0,0.0,1.0,0.925,False
2026-07-10,CASE_14,RIM-BTW-F&S-002,Amazon,"Brow Pencils, Brows, Makeup",4. Medium Velocity + Healthy Stock,698.0,0.07142857142857142,9772.0,0.0,1.0,28.706789,28.954018,0.04,0.07,0.0,0.0,1.0,0.94,False
2026-07-11,CASE_14,RIM-BTW-F&S-002,Amazon,"Brow Pencils, Brows, Makeup",4. Medium Velocity + Healthy Stock,698.0,0.07142857142857142,9772.0,0.0,1.0,28.706789,28.847454,0.03,0.07,0.0,0.0,1.0,0.9450000000000001,False
2026-07-12,CASE_14,RIM-BTW-F&S-002,Amazon,"Brow Pencils, Brows, Makeup",4. Medium Velocity + Healthy Stock,696.0,0.07142857142857142,9744.0,0.0,2.0,28.706789,28.847454,0.03,0.06,0.0,0.0,1.0,0.9550000000000001,False
2026-07-13,CASE_14,RIM-BTW-F&S-002,Amazon,"Brow Pencils, Brows, Makeup",4. Medium Velocity + Healthy Stock,696.0,0.07142857142857142,9744.0,0.0,2.0,28.706789,28.847454,0.03,0.07,0.0,0.0,1.0,0.95,False
2026-07-14,CASE_14,RIM-BTW-F&S-002,Amazon,"Brow Pencils, Brows, Makeup",4. Medium Velocity + Healthy Stock,696.0,0.07142857142857142,9744.0,0.0,2.0,28.706789,28.847454,0.03,0.06,0.0,0.0,1.0,0.9550000000000001,False
2026-07-15,CASE_14,RIM-BTW-F&S-002,Amazon,"Brow Pencils, Brows, Makeup",4. Medium Velocity + Healthy Stock,693.0,0.07142857142857142,9702.0,0.0,2.0,28.706789,28.847454,0.04,0.07,0.0,0.0,1.0,0.95,False
2026-07-16,CASE_14,RIM-BTW-F&S-002,Amazon,"Brow Pencils, Brows, Makeup",4. Medium Velocity + Healthy Stock,693.0,0.07142857142857142,9702.0,1.0,1.0,28.706789,28.847454,0.04,0.08,0.0,0.0,1.0,0.94,False
2026-07-17,CASE_14,RIM-BTW-F&S-002,Amazon,"Brow Pencils, Brows, Makeup",4. Medium Velocity + Healthy Stock,693.0,0.14285714285714285,4851.0,0.0,1.0,27.673937,27.720308,0.04,0.05,0.0,0.0,1.0,0.96,False
2026-07-18,CASE_14,RIM-BTW-F&S-002,Amazon,"Brow Pencils, Brows, Makeup",4. Medium Velocity + Healthy Stock,693.0,0.07142857142857142,9702.0,0.0,1.0,27.673937,27.720308,0.04,0.06,0.0,0.0,1.0,0.95,False
2026-07-19,CASE_14,RIM-BTW-F&S-002,Amazon,"Brow Pencils, Brows, Makeup",4. Medium Velocity + Healthy Stock,693.0,0.07142857142857142,9702.0,1.0,0.0,27.673937,27.720308,0.03,0.08,0.0,0.0,1.0,0.9450000000000001,False
2026-07-20,CASE_14,RIM-BTW-F&S-002,Amazon,"Brow Pencils, Brows, Makeup",4. Medium Velocity + Healthy Stock,693.0,0.14285714285714285,4851.0,0.0,0.0,27.673937,27.720308,0.04,0.07,0.0,0.0,1.0,0.9450000000000001,False
2026-07-21,CASE_14,RIM-BTW-F&S-002,Amazon,"Brow Pencils, Brows, Makeup",4. Medium Velocity + Healthy Stock,693.0,0.14285714285714285,4851.0,0.0,0.0,27.673937,27.720308,0.04,0.08,0.0,0.0,1.0,0.94,False
2026-07-22,CASE_14,RIM-BTW-F&S-002,Amazon,"Brow Pencils, Brows, Makeup",4. Medium Velocity + Healthy Stock,693.0,0.14285714285714285,4851.0,0.0,0.0,27.673937,27.720308,0.04,0.09,0.0,0.0,1.0,0.9299999999999999,False
2026-07-23,CASE_14,RIM-BTW-F&S-002,Amazon,"Brow Pencils, Brows, Makeup",4. Medium Velocity + Healthy Stock,693.0,0.14285714285714285,4851.0,0.0,0.0,27.673937,27.720308,0.04,0.06,0.0,0.0,1.0,0.9550000000000001,False
2026-07-24,CASE_14,RIM-BTW-F&S-002,Amazon,"Brow Pencils, Brows, Makeup",4. Medium Velocity + Healthy Stock,693.0,0.14285714285714285,4851.0,0.0,0.0,27.673937,27.720308,0.04,0.08,0.0,0.0,1.0,0.9450000000000001,False
2026-07-25,CASE_14,RIM-BTW-F&S-002,Amazon,"Brow Pencils, Brows, Makeup",4. Medium Velocity + Healthy Stock,693.0,0.14285714285714285,4851.0,0.0,0.0,27.673937,27.720308,0.04,0.08,0.0,0.0,1.0,0.94,False
2026-07-26,CASE_14,RIM-BTW-F&S-002,Amazon,"Brow Pencils, Brows, Makeup",4. Medium Velocity + Healthy Stock,693.0,0.14285714285714285,4851.0,0.0,0.0,27.673937,27.720308,0.04,0.07,0.0,0.0,1.0,0.95,False
2026-07-27,CASE_14,RIM-BTW-F&S-002,Amazon,"Brow Pencils, Brows, Makeup",4. Medium Velocity + Healthy Stock,693.0,0.14285714285714285,4851.0,0.0,0.0,27.673937,27.720308,0.03,0.07,0.0,0.0,1.0,0.95,False
2026-07-28,CASE_14,RIM-BTW-F&S-002,Amazon,"Brow Pencils, Brows, Makeup",4. Medium Velocity + Healthy Stock,693.0,0.14285714285714285,4851.0,0.0,0.0,27.673937,27.720308,0.04,0.07,0.0,0.0,1.0,0.95,False
2026-07-29,CASE_14,RIM-BTW-F&S-002,Amazon,"Brow Pencils, Brows, Makeup",4. Medium Velocity + Healthy Stock,693.0,0.14285714285714285,4851.0,0.0,0.0,27.673937,27.720308,0.03,0.05,0.0,0.0,1.0,0.9650000000000001,False
2026-07-30,CASE_14,RIM-BTW-F&S-002,Amazon,"Brow Pencils, Brows, Makeup",4. Medium Velocity + Healthy Stock,693.0,0.14285714285714285,4851.0,0.0,0.0,27.673937,27.720308,0.03,0.06,0.0,0.0,1.0,0.9550000000000001,False
2026-07-31,CASE_14,RIM-BTW-F&S-002,Amazon,"Brow Pencils, Brows, Makeup",4. Medium Velocity + Healthy Stock,690.0,0.07142857142857142,9660.0,0.0,0.0,27.673937,27.720308,0.04,0.08,0.0,0.0,1.0,0.94,False
2026-08-01,CASE_14,RIM-BTW-F&S-002,Amazon,"Brow Pencils, Brows, Makeup",4. Medium Velocity + Healthy Stock,690.0,0.07142857142857142,9660.0,0.0,0.0,27.673937,27.720308,0.04,0.07,0.0,0.0,1.0,0.9450000000000001,False
2026-08-02,CASE_14,RIM-BTW-F&S-002,Amazon,"Brow Pencils, Brows, Makeup",4. Medium Velocity + Healthy Stock,690.0,0.07142857142857142,9660.0,0.0,0.0,27.673937,27.720308,0.04,0.07,0.0,0.0,1.0,0.95,False
2026-08-03,CASE_14,RIM-BTW-F&S-002,Amazon,"Brow Pencils, Brows, Makeup",4. Medium Velocity + Healthy Stock,690.0,0.0,999.0,0.0,0.0,27.673937,27.720308,0.04,0.08,0.0,0.0,1.0,0.9450000000000001,False
2026-08-04,CASE_14,RIM-BTW-F&S-002,Amazon,"Brow Pencils, Brows, Makeup",4. Medium Velocity + Healthy Stock,690.0,0.0,999.0,0.0,0.0,27.673937,27.720308,0.04,0.09,0.0,0.0,1.0,0.935,False
2026-08-05,CASE_14,RIM-BTW-F&S-002,Amazon,"Brow Pencils, Brows, Makeup",4. Medium Velocity + Healthy Stock,688.0,0.0,999.0,0.0,0.0,27.673937,27.720308,0.04,0.09,0.0,0.0,1.0,0.935,False
2026-08-06,CASE_14,RIM-BTW-F&S-002,Amazon,"Brow Pencils, Brows, Makeup",4. Medium Velocity + Healthy Stock,688.0,0.0,999.0,0.0,0.0,27.673937,27.720308,0.04,0.07,0.0,0.0,1.0,0.9450000000000001,False
2026-08-07,CASE_14,RIM-BTW-F&S-002,Amazon,"Brow Pencils, Brows, Makeup",4. Medium Velocity + Healthy Stock,688.0,0.0,999.0,0.0,0.0,27.673937,27.720308,0.04,0.07,0.0,0.0,1.0,0.9450000000000001,False
2026-08-08,CASE_14,RIM-BTW-F&S-002,Amazon,"Brow Pencils, Brows, Makeup",4. Medium Velocity + Healthy Stock,687.0,0.0,999.0,0.0,0.0,27.673937,27.720308,0.04,0.06,0.0,0.0,1.0,0.9550000000000001,False
2026-08-09,CASE_14,RIM-BTW-F&S-002,Amazon,"Brow Pencils, Brows, Makeup",4. Medium Velocity + Healthy Stock,687.0,0.0,999.0,0.0,0.0,27.673937,27.720308,0.04,0.1,0.0,0.0,1.0,0.925,False
2026-08-10,CASE_14,RIM-BTW-F&S-002,Amazon,"Brow Pencils, Brows, Makeup",4. Medium Velocity + Healthy Stock,687.0,0.0,999.0,0.0,0.0,27.673937,27.720308,0.04,0.08,0.0,0.0,1.0,0.94,False
2026-08-11,CASE_14,RIM-BTW-F&S-002,Amazon,"Brow Pencils, Brows, Makeup",4. Medium Velocity + Healthy Stock,687.0,0.0,999.0,0.0,0.0,27.673937,27.720308,0.03,0.07,0.0,0.0,1.0,0.95,False
2026-08-12,CASE_14,RIM-BTW-F&S-002,Amazon,"Brow Pencils, Brows, Makeup",4. Medium Velocity + Healthy Stock,687.0,0.0,999.0,0.0,0.0,27.673937,27.720308,0.04,0.08,0.0,0.0,1.0,0.94,False
2026-08-13,CASE_14,RIM-BTW-F&S-002,Amazon,"Brow Pencils, Brows, Makeup",4. Medium Velocity + Healthy Stock,687.0,0.0,999.0,0.0,0.0,27.673937,27.720308,0.04,0.09,0.0,0.0,1.0,0.9299999999999999,False
2026-08-14,CASE_14,RIM-BTW-F&S-002,Amazon,"Brow Pencils, Brows, Makeup",4. Medium Velocity + Healthy Stock,687.0,0.0,999.0,0.0,1.0,27.673937,27.720308,0.03,0.08,0.0,0.0,1.0,0.94,False
2026-08-15,CASE_14,RIM-BTW-F&S-002,Amazon,"Brow Pencils, Brows, Makeup",4. Medium Velocity + Healthy Stock,686.0,0.0,999.0,0.0,2.0,27.673937,27.720308,0.04,0.06,0.0,0.0,1.0,0.9550000000000001,False
2026-08-16,CASE_14,RIM-BTW-F&S-002,Amazon,"Brow Pencils, Brows, Makeup",4. Medium Velocity + Healthy Stock,685.0,0.0,999.0,0.0,2.0,28.706789,28.847454,0.03,0.07,0.0,0.0,1.0,0.9450000000000001,False
2026-08-17,CASE_14,RIM-BTW-F&S-002,Amazon,"Brow Pencils, Brows, Makeup",4. Medium Velocity + Healthy Stock,685.0,0.0,999.0,0.0,4.0,28.706789,28.847454,0.04,0.07,0.0,0.0,1.0,0.95,False
2026-08-18,CASE_14,RIM-BTW-F&S-002,Amazon,"Brow Pencils, Brows, Makeup",4. Medium Velocity + Healthy Stock,685.0,0.0,999.0,0.0,6.0,28.706789,28.847454,0.03,0.06,0.0,0.0,1.0,0.9550000000000001,False
2026-08-19,CASE_14,RIM-BTW-F&S-002,Amazon,"Brow Pencils, Brows, Makeup",4. Medium Velocity + Healthy Stock,685.0,0.0,999.0,0.0,7.0,27.673937,27.720308,0.04,0.04,0.0,0.0,1.0,0.975,False
2026-08-20,CASE_14,RIM-BTW-F&S-002,Amazon,"Brow Pencils, Brows, Makeup",4. Medium Velocity + Healthy Stock,684.0,0.0,999.0,0.0,7.0,27.673937,27.720308,0.03,0.03,0.0,0.0,1.0,0.98,False
2026-08-21,CASE_14,RIM-BTW-F&S-002,Amazon,"Brow Pencils, Brows, Makeup",4. Medium Velocity + Healthy Stock,684.0,0.0,999.0,1.0,6.0,27.673937,27.720308,0.03,0.04,0.0,0.0,1.0,0.97,False
2026-08-22,CASE_14,RIM-BTW-F&S-002,Amazon,"Brow Pencils, Brows, Makeup",4. Medium Velocity + Healthy Stock,683.0,0.07142857142857142,9562.0,1.0,5.0,28.706789,28.954018,0.04,0.06,0.0,0.0,1.0,0.95,False
2026-08-23,CASE_14,RIM-BTW-F&S-002,Amazon,"Brow Pencils, Brows, Makeup",4. Medium Velocity + Healthy Stock,683.0,0.14285714285714285,4781.0,0.0,5.0,27.673937,27.826872,0.04,0.06,0.0,0.0,1.0,0.95,False
2026-08-24,CASE_14,RIM-BTW-F&S-002,Amazon,"Brow Pencils, Brows, Makeup",4. Medium Velocity + Healthy Stock,682.0,0.14285714285714285,4774.0,2.0,3.0,27.673937,27.826872,0.04,0.1,0.0,0.0,1.0,0.9199999999999999,False
2026-08-25,CASE_14,RIM-BTW-F&S-002,Amazon,"Brow Pencils, Brows, Makeup",4. Medium Velocity + Healthy Stock,680.0,0.2857142857142857,2380.0,2.0,4.0,30.083078,30.36699,0.04,0.1,0.0,0.0,1.0,0.9199999999999999,False
2026-08-26,CASE_14,RIM-BTW-F&S-002,Amazon,"Brow Pencils, Brows, Makeup",4. Medium Velocity + Healthy Stock,680.0,0.42857142857142855,1586.7,1.0,3.0,30.324053,30.648949,0.04,0.09,0.0,0.0,1.0,0.9299999999999999,False
2026-08-27,CASE_14,RIM-BTW-F&S-002,Amazon,"Brow Pencils, Brows, Makeup",4. Medium Velocity + Healthy Stock,680.0,0.5,1360.0,0.0,4.0,29.367584,29.224705,0.05,0.09,0.0,0.0,1.0,0.925,False
2026-08-28,CASE_14,RIM-BTW-F&S-002,Amazon,"Brow Pencils, Brows, Makeup",4. Medium Velocity + Healthy Stock,680.0,0.5,1360.0,0.0,5.0,29.367584,29.224705,0.04,0.12,0.0,0.0,1.0,0.9,False
2026-08-29,CASE_14,RIM-BTW-F&S-002,Amazon,"Brow Pencils, Brows, Makeup",4. Medium Velocity + Healthy Stock,680.0,0.5,1360.0,0.0,7.0,28.172499,28.417759,0.05,0.07,0.0,0.0,1.0,0.94,False
2026-08-30,CASE_14,RIM-BTW-F&S-002,Amazon,"Brow Pencils, Brows, Makeup",4. Medium Velocity + Healthy Stock,680.0,0.5,1360.0,0.0,7.0,28.172499,28.417759,0.04,0.08,0.0,0.0,1.0,0.935,False
2026-08-31,CASE_14,RIM-BTW-F&S-002,Amazon,"Brow Pencils, Brows, Makeup",4. Medium Velocity + Healthy Stock,680.0,0.5,1360.0,0.0,7.0,28.172499,28.417759,0.04,0.08,0.0,0.0,1.0,0.935,False
2026-07-01,CASE_26,RIM-ELP-064,eBay,Eyeliner,8. High Volatility / Erratic,4226.0,0.7857142857142857,5378.5,4.0,4.0,28.578436,28.460762,0.03,0.05,0.0,0.0,1.0,0.9650000000000001,False
2026-07-02,CASE_26,RIM-ELP-064,eBay,Eyeliner,8. High Volatility / Erratic,4222.0,1.0714285714285714,3940.5,2.0,2.0,30.817013,30.93754,0.03,0.05,0.0,0.0,1.0,0.9650000000000001,False
2026-07-03,CASE_26,RIM-ELP-064,eBay,Eyeliner,8. High Volatility / Erratic,4222.0,1.0714285714285714,3940.5,0.0,3.0,31.492409,31.569601,0.03,0.04,0.0,0.0,1.0,0.97,False
2026-07-04,CASE_26,RIM-ELP-064,eBay,Eyeliner,8. High Volatility / Erratic,4222.0,1.0714285714285714,3940.5,0.0,3.0,29.379198,29.462254,0.03,0.04,0.0,0.0,1.0,0.97,False
2026-07-05,CASE_26,RIM-ELP-064,eBay,Eyeliner,8. High Volatility / Erratic,4211.0,1.0714285714285714,3930.3,1.0,3.0,29.379198,29.462254,0.03,0.07,0.0,0.0,1.0,0.95,False
2026-07-06,CASE_26,RIM-ELP-064,eBay,Eyeliner,8. High Volatility / Erratic,4211.0,1.1428571428571428,3684.6,0.0,3.0,29.540272,29.634586,0.03,0.03,0.0,0.0,1.0,0.975,False
2026-07-07,CASE_26,RIM-ELP-064,eBay,Eyeliner,8. High Volatility / Erratic,4211.0,1.1428571428571428,3684.6,0.0,3.0,28.739508,28.633093,0.03,0.07,0.0,0.0,1.0,0.9450000000000001,False
2026-07-08,CASE_26,RIM-ELP-064,eBay,Eyeliner,8. High Volatility / Erratic,4194.0,1.0,4194.0,1.0,2.0,28.578436,28.460762,0.03,0.04,0.0,0.0,1.0,0.9650000000000001,False
2026-07-09,CASE_26,RIM-ELP-064,eBay,Eyeliner,8. High Volatility / Erratic,4194.0,1.0,4194.0,0.0,2.0,27.836664,27.838827,0.03,0.03,0.0,0.0,1.0,0.98,False
2026-07-10,CASE_26,RIM-ELP-064,eBay,Eyeliner,8. High Volatility / Erratic,4188.0,1.0,4188.0,1.0,1.0,27.786173,27.814835,0.03,0.06,0.0,0.0,1.0,0.9550000000000001,False
2026-07-11,CASE_26,RIM-ELP-064,eBay,Eyeliner,8. High Volatility / Erratic,4188.0,1.0714285714285714,3908.8,0.0,1.0,27.786173,27.814835,0.03,0.04,0.0,0.0,1.0,0.97,False
2026-07-12,CASE_26,RIM-ELP-064,eBay,Eyeliner,8. High Volatility / Erratic,4179.0,1.0,4179.0,1.0,1.0,27.786173,27.814835,0.03,0.03,0.0,0.0,1.0,0.975,False
2026-07-13,CASE_26,RIM-ELP-064,eBay,Eyeliner,8. High Volatility / Erratic,4175.0,1.0714285714285714,3896.7,0.0,2.0,27.786173,27.814835,0.03,0.04,0.0,0.0,1.0,0.975,False
2026-07-14,CASE_26,RIM-ELP-064,eBay,Eyeliner,8. High Volatility / Erratic,4175.0,0.7142857142857143,5845.0,0.0,3.0,27.786173,27.814835,0.03,0.04,0.0,0.0,1.0,0.97,False
2026-07-15,CASE_26,RIM-ELP-064,eBay,Eyeliner,8. High Volatility / Erratic,4175.0,0.7142857142857143,5845.0,0.0,3.0,27.786173,27.814835,0.03,0.04,0.0,0.0,1.0,0.97,False
2026-07-16,CASE_26,RIM-ELP-064,eBay,Eyeliner,8. High Volatility / Erratic,4175.0,0.42857142857142855,9741.7,0.0,4.0,27.720747,27.783699,0.03,0.04,0.0,0.0,1.0,0.97,False
2026-07-17,CASE_26,RIM-ELP-064,eBay,Eyeliner,8. High Volatility / Erratic,4175.0,0.2857142857142857,14612.5,0.0,4.0,27.720747,27.720308,0.03,0.04,0.0,0.0,1.0,0.97,False
2026-07-18,CASE_26,RIM-ELP-064,eBay,Eyeliner,8. High Volatility / Erratic,4108.0,0.2857142857142857,14378.0,0.0,4.0,27.720747,27.720308,0.03,0.04,0.0,0.0,1.0,0.97,False
2026-07-19,CASE_26,RIM-ELP-064,eBay,Eyeliner,8. High Volatility / Erratic,4100.0,0.2857142857142857,14350.0,1.0,3.0,27.720747,27.720308,0.03,0.06,0.0,0.0,1.0,0.96,False
2026-07-20,CASE_26,RIM-ELP-064,eBay,Eyeliner,8. High Volatility / Erratic,4086.0,0.2857142857142857,14301.0,1.0,2.0,27.720747,27.720308,0.03,0.05,0.0,0.0,1.0,0.9650000000000001,False
2026-07-21,CASE_26,RIM-ELP-064,eBay,Eyeliner,8. High Volatility / Erratic,4071.0,0.35714285714285715,11398.8,1.0,2.0,27.720747,27.720308,0.03,0.05,0.0,0.0,1.0,0.9650000000000001,False
2026-07-22,CASE_26,RIM-ELP-064,eBay,Eyeliner,8. High Volatility / Erratic,4071.0,0.42857142857142855,9499.0,0.0,7.0,27.720747,27.783699,0.03,0.04,0.0,0.0,1.0,0.97,False
2026-07-23,CASE_26,RIM-ELP-064,eBay,Eyeliner,8. High Volatility / Erratic,4049.0,0.35714285714285715,11337.2,1.0,6.0,27.720747,27.720308,0.03,0.03,0.0,0.0,1.0,0.98,False
2026-07-24,CASE_26,RIM-ELP-064,eBay,Eyeliner,8. High Volatility / Erratic,4049.0,0.42857142857142855,9447.7,0.0,9.0,27.771238,27.807692,0.03,0.03,0.0,0.0,1.0,0.98,False
2026-07-25,CASE_26,RIM-ELP-064,eBay,Eyeliner,8. High Volatility / Erratic,4049.0,0.35714285714285715,11337.2,0.0,9.0,27.771238,27.7443,0.03,0.04,0.0,0.0,1.0,0.97,False
2026-07-26,CASE_26,RIM-ELP-064,eBay,Eyeliner,8. High Volatility / Erratic,4049.0,0.35714285714285715,11337.2,0.0,10.0,27.771238,27.7443,0.03,0.02,0.0,0.0,1.0,0.985,False
2026-07-27,CASE_26,RIM-ELP-064,eBay,Eyeliner,8. High Volatility / Erratic,4049.0,0.2857142857142857,14171.5,0.0,10.0,27.720747,27.720308,0.03,0.03,0.0,0.0,1.0,0.975,False
2026-07-28,CASE_26,RIM-ELP-064,eBay,Eyeliner,8. High Volatility / Erratic,4030.0,0.2857142857142857,14105.0,1.0,9.0,27.720747,27.720308,0.03,0.04,0.0,0.0,1.0,0.975,False
2026-07-29,CASE_26,RIM-ELP-064,eBay,Eyeliner,8. High Volatility / Erratic,4021.0,0.35714285714285715,11258.8,5.0,4.0,27.720747,27.720308,0.03,0.03,0.0,0.0,1.0,0.98,False
2026-07-30,CASE_26,RIM-ELP-064,eBay,Eyeliner,8. High Volatility / Erratic,4021.0,0.7142857142857143,5629.4,0.0,4.0,32.354137,31.522867,0.03,0.04,0.0,0.0,1.0,0.97,False
2026-07-31,CASE_26,RIM-ELP-064,eBay,Eyeliner,8. High Volatility / Erratic,4017.0,0.7142857142857143,5623.8,3.0,1.0,28.197294,28.24768,0.03,0.05,0.0,0.0,1.0,0.96,False
2026-08-01,CASE_26,RIM-ELP-064,eBay,Eyeliner,8. High Volatility / Erratic,4017.0,0.9285714285714286,4326.0,0.0,3.0,30.817013,30.8849,0.03,0.05,0.0,0.0,1.0,0.9650000000000001,False
2026-08-02,CASE_26,RIM-ELP-064,eBay,Eyeliner,8. High Volatility / Erratic,4016.0,0.9285714285714286,4324.9,1.0,2.0,28.632835,28.65371,0.03,0.06,0.0,0.0,1.0,0.9550000000000001,False
2026-08-03,CASE_26,RIM-ELP-064,eBay,Eyeliner,8. High Volatility / Erratic,4016.0,0.9285714285714286,4324.9,0.0,2.0,28.632835,28.706348,0.03,0.03,0.0,0.0,1.0,0.975,False
2026-08-04,CASE_26,RIM-ELP-064,eBay,Eyeliner,8. High Volatility / Erratic,4016.0,0.8571428571428571,4685.3,0.0,2.0,28.632835,28.706348,0.03,0.04,0.0,0.0,1.0,0.97,False
2026-08-05,CASE_26,RIM-ELP-064,eBay,Eyeliner,8. High Volatility / Erratic,4016.0,0.7857142857142857,5111.3,0.0,2.0,28.632835,28.65371,0.03,0.05,0.0,0.0,1.0,0.96,False
2026-08-06,CASE_26,RIM-ELP-064,eBay,Eyeliner,8. High Volatility / Erratic,4016.0,0.7857142857142857,5111.3,0.0,2.0,27.836664,27.838827,0.03,0.05,0.0,0.0,1.0,0.96,False
2026-08-07,CASE_26,RIM-ELP-064,eBay,Eyeliner,8. High Volatility / Erratic,3978.0,0.7142857142857143,5569.2,0.0,2.0,27.836664,27.838827,0.03,0.03,0.0,0.0,1.0,0.975,False
2026-08-08,CASE_26,RIM-ELP-064,eBay,Eyeliner,8. High Volatility / Erratic,3974.0,0.7142857142857143,5563.6,2.0,0.0,27.786173,27.814835,0.03,0.04,0.0,0.0,1.0,0.97,False
2026-08-09,CASE_26,RIM-ELP-064,eBay,Eyeliner,8. High Volatility / Erratic,3974.0,0.8571428571428571,4636.3,0.0,0.0,30.020847,30.070019,0.03,0.03,0.0,0.0,1.0,0.98,False
2026-08-10,CASE_26,RIM-ELP-064,eBay,Eyeliner,8. High Volatility / Erratic,3974.0,0.8571428571428571,4636.3,0.0,0.0,27.786173,27.814835,0.03,0.05,0.0,0.0,1.0,0.9650000000000001,False
2026-08-11,CASE_26,RIM-ELP-064,eBay,Eyeliner,8. High Volatility / Erratic,3974.0,0.8571428571428571,4636.3,0.0,0.0,27.786173,27.814835,0.03,0.06,0.0,0.0,1.0,0.95,False
2026-08-12,CASE_26,RIM-ELP-064,eBay,Eyeliner,8. High Volatility / Erratic,3974.0,0.7857142857142857,5057.8,0.0,0.0,27.786173,27.814835,0.03,0.05,0.0,0.0,1.0,0.96,False
2026-08-13,CASE_26,RIM-ELP-064,eBay,Eyeliner,8. High Volatility / Erratic,3974.0,0.42857142857142855,9272.7,0.0,1.0,27.720747,27.783699,0.03,0.04,0.0,0.0,1.0,0.97,False
2026-08-14,CASE_26,RIM-ELP-064,eBay,Eyeliner,8. High Volatility / Erratic,3974.0,0.42857142857142855,9272.7,0.0,1.0,27.720747,27.783699,0.03,0.04,0.0,0.0,1.0,0.9650000000000001,False
2026-08-15,CASE_26,RIM-ELP-064,eBay,Eyeliner,8. High Volatility / Erratic,3974.0,0.21428571428571427,18545.3,0.0,1.0,27.720747,27.720308,0.03,0.03,0.0,0.0,1.0,0.975,False
2026-08-16,CASE_26,RIM-ELP-064,eBay,Eyeliner,8. High Volatility / Erratic,3974.0,0.21428571428571427,18545.3,0.0,1.0,27.720747,27.720308,0.03,0.07,0.0,0.0,1.0,0.95,False
2026-08-17,CASE_26,RIM-ELP-064,eBay,Eyeliner,8. High Volatility / Erratic,3974.0,0.14285714285714285,27818.0,0.0,1.0,27.720747,27.720308,0.03,0.06,0.0,0.0,1.0,0.9550000000000001,False
2026-08-18,CASE_26,RIM-ELP-064,eBay,Eyeliner,8. High Volatility / Erratic,3974.0,0.14285714285714285,27818.0,0.0,1.0,27.720747,27.720308,0.03,0.05,0.0,0.0,1.0,0.9650000000000001,False
2026-08-19,CASE_26,RIM-ELP-064,eBay,Eyeliner,8. High Volatility / Erratic,3974.0,0.14285714285714285,27818.0,0.0,3.0,27.720747,27.720308,0.03,0.04,0.0,0.0,1.0,0.97,False
2026-08-20,CASE_26,RIM-ELP-064,eBay,Eyeliner,8. High Volatility / Erratic,3936.0,0.14285714285714285,27552.0,1.0,2.0,27.720747,27.720308,0.03,0.06,0.0,0.0,1.0,0.9550000000000001,False
2026-08-21,CASE_26,RIM-ELP-064,eBay,Eyeliner,8. High Volatility / Erratic,3936.0,0.21428571428571427,18368.0,0.0,2.0,27.720747,27.720308,0.03,0.06,0.0,0.0,1.0,0.9550000000000001,False
2026-08-22,CASE_26,RIM-ELP-064,eBay,Eyeliner,8. High Volatility / Erratic,3936.0,0.21428571428571427,18368.0,0.0,3.0,27.720747,27.720308,0.03,0.06,0.0,0.0,1.0,0.9550000000000001,False
2026-08-23,CASE_26,RIM-ELP-064,eBay,Eyeliner,8. High Volatility / Erratic,3936.0,0.07142857142857142,55104.0,0.0,3.0,27.720747,27.720308,0.03,0.05,0.0,0.0,1.0,0.96,False
2026-08-24,CASE_26,RIM-ELP-064,eBay,Eyeliner,8. High Volatility / Erratic,3936.0,0.07142857142857142,55104.0,0.0,3.0,27.720747,27.720308,0.03,0.05,0.0,0.0,1.0,0.96,False
2026-08-25,CASE_26,RIM-ELP-064,eBay,Eyeliner,8. High Volatility / Erratic,3936.0,0.07142857142857142,55104.0,0.0,4.0,27.720747,27.720308,0.03,0.06,0.0,0.0,1.0,0.96,False
2026-08-26,CASE_26,RIM-ELP-064,eBay,Eyeliner,8. High Volatility / Erratic,3919.0,0.07142857142857142,54866.0,2.0,2.0,27.720747,27.720308,0.03,0.05,0.0,0.0,1.0,0.96,False
2026-08-27,CASE_26,RIM-ELP-064,eBay,Eyeliner,8. High Volatility / Erratic,3919.0,0.21428571428571427,18288.7,0.0,2.0,29.985435,30.006626,0.03,0.04,0.0,0.0,1.0,0.97,False
2026-08-28,CASE_26,RIM-ELP-064,eBay,Eyeliner,8. High Volatility / Erratic,3919.0,0.21428571428571427,18288.7,0.0,4.0,27.720747,27.720308,0.03,0.07,0.0,0.0,1.0,0.95,False
2026-08-29,CASE_26,RIM-ELP-064,eBay,Eyeliner,8. High Volatility / Erratic,3907.0,0.21428571428571427,18232.7,1.0,3.0,27.720747,27.720308,0.03,0.08,0.0,0.0,1.0,0.94,False
2026-08-30,CASE_26,RIM-ELP-064,eBay,Eyeliner,8. High Volatility / Erratic,3907.0,0.2857142857142857,13674.5,0.0,3.0,27.720747,27.720308,0.03,0.04,0.0,0.0,1.0,0.97,False
2026-08-31,CASE_26,RIM-ELP-064,eBay,Eyeliner,8. High Volatility / Erratic,3907.0,0.2857142857142857,13674.5,0.0,4.0,27.720747,27.720308,0.03,0.05,0.0,0.0,1.0,0.9650000000000001,False
2026-07-01,CASE_18,RIM-KATE-NUDE-LS-048,eBay,Lipstick,5. Low/Zero Velocity + Stockout,0.0,0.0,0.0,0.0,0.0,32.24935,32.482517,0.24,1.42,1.0,0.0,0.0,0.28,False
2026-07-02,CASE_18,RIM-KATE-NUDE-LS-048,eBay,Lipstick,5. Low/Zero Velocity + Stockout,0.0,0.0,0.0,0.0,0.0,32.24935,32.482517,0.25,1.44,1.0,0.0,0.0,0.305,False
2026-07-03,CASE_18,RIM-KATE-NUDE-LS-048,eBay,Lipstick,5. Low/Zero Velocity + Stockout,0.0,0.0,0.0,0.0,0.0,32.24935,32.482517,0.23,1.42,1.0,0.0,0.0,0.30000000000000004,False
2026-07-04,CASE_18,RIM-KATE-NUDE-LS-048,eBay,Lipstick,5. Low/Zero Velocity + Stockout,0.0,0.0,0.0,0.0,0.0,32.24935,32.482517,0.2,1.34,1.0,0.0,0.0,0.17500000000000002,False
2026-07-05,CASE_18,RIM-KATE-NUDE-LS-048,eBay,Lipstick,5. Low/Zero Velocity + Stockout,0.0,0.0,0.0,0.0,0.0,32.24935,32.482517,0.24,1.33,1.0,0.0,0.0,0.205,False
2026-07-06,CASE_18,RIM-KATE-NUDE-LS-048,eBay,Lipstick,5. Low/Zero Velocity + Stockout,0.0,0.0,0.0,0.0,0.0,32.24935,32.482517,0.26,1.35,1.0,0.0,0.0,0.225,False
2026-07-07,CASE_18,RIM-KATE-NUDE-LS-048,eBay,Lipstick,5. Low/Zero Velocity + Stockout,0.0,0.0,0.0,0.0,0.0,32.24935,32.482517,0.24,1.37,1.0,0.0,0.0,0.255,False
2026-07-08,CASE_18,RIM-KATE-NUDE-LS-048,eBay,Lipstick,5. Low/Zero Velocity + Stockout,0.0,0.0,0.0,0.0,0.0,32.24935,32.482517,0.27,1.43,1.0,0.0,0.0,0.33,False
2026-07-09,CASE_18,RIM-KATE-NUDE-LS-048,eBay,Lipstick,5. Low/Zero Velocity + Stockout,0.0,0.0,0.0,0.0,0.0,32.24935,32.482517,0.22,1.37,1.0,0.0,0.0,0.22,False
2026-07-10,CASE_18,RIM-KATE-NUDE-LS-048,eBay,Lipstick,5. Low/Zero Velocity + Stockout,0.0,0.0,0.0,0.0,0.0,32.24935,32.482517,0.23,1.4,1.0,0.0,0.0,0.275,False
2026-07-11,CASE_18,RIM-KATE-NUDE-LS-048,eBay,Lipstick,5. Low/Zero Velocity + Stockout,0.0,0.0,0.0,0.0,0.0,32.24935,32.482517,0.26,1.41,1.0,0.0,0.0,0.33,False
2026-07-12,CASE_18,RIM-KATE-NUDE-LS-048,eBay,Lipstick,5. Low/Zero Velocity + Stockout,0.0,0.0,0.0,0.0,0.0,32.24935,32.482517,0.23,1.36,1.0,0.0,0.0,0.22,False
2026-07-13,CASE_18,RIM-KATE-NUDE-LS-048,eBay,Lipstick,5. Low/Zero Velocity + Stockout,0.0,0.0,0.0,0.0,0.0,32.24935,32.482517,0.23,1.43,1.0,0.0,0.0,0.3,False
2026-07-14,CASE_18,RIM-KATE-NUDE-LS-048,eBay,Lipstick,5. Low/Zero Velocity + Stockout,0.0,0.0,0.0,0.0,0.0,32.24935,32.482517,0.22,1.39,1.0,0.0,0.0,0.27499999999999997,False
2026-07-15,CASE_18,RIM-KATE-NUDE-LS-048,eBay,Lipstick,5. Low/Zero Velocity + Stockout,0.0,0.0,0.0,0.0,0.0,32.24935,32.482517,0.27,1.49,1.0,0.0,0.0,0.35,False
2026-07-16,CASE_18,RIM-KATE-NUDE-LS-048,eBay,Lipstick,5. Low/Zero Velocity + Stockout,0.0,0.0,0.0,0.0,0.0,32.24935,32.482517,0.28,1.46,1.0,0.0,0.0,0.37,False
2026-07-17,CASE_18,RIM-KATE-NUDE-LS-048,eBay,Lipstick,5. Low/Zero Velocity + Stockout,0.0,0.0,0.0,0.0,0.0,32.24935,32.482517,0.23,1.39,1.0,0.0,0.0,0.255,False
2026-07-18,CASE_18,RIM-KATE-NUDE-LS-048,eBay,Lipstick,5. Low/Zero Velocity + Stockout,0.0,0.0,0.0,0.0,0.0,32.24935,32.482517,0.24,1.37,1.0,0.0,0.0,0.25,False
2026-07-19,CASE_18,RIM-KATE-NUDE-LS-048,eBay,Lipstick,5. Low/Zero Velocity + Stockout,0.0,0.0,0.0,0.0,0.0,32.24935,32.482517,0.26,1.42,1.0,0.0,0.0,0.3,False
2026-07-20,CASE_18,RIM-KATE-NUDE-LS-048,eBay,Lipstick,5. Low/Zero Velocity + Stockout,0.0,0.0,0.0,0.0,0.0,32.24935,32.482517,0.25,1.46,1.0,0.0,0.0,0.3,False
2026-07-21,CASE_18,RIM-KATE-NUDE-LS-048,eBay,Lipstick,5. Low/Zero Velocity + Stockout,0.0,0.0,0.0,0.0,0.0,32.24935,32.482517,0.21,1.46,1.0,0.0,0.0,0.33499999999999996,False
2026-07-22,CASE_18,RIM-KATE-NUDE-LS-048,eBay,Lipstick,5. Low/Zero Velocity + Stockout,0.0,0.0,0.0,0.0,0.0,32.24935,32.482517,0.27,1.39,1.0,0.0,0.0,0.27999999999999997,False
2026-07-23,CASE_18,RIM-KATE-NUDE-LS-048,eBay,Lipstick,5. Low/Zero Velocity + Stockout,0.0,0.0,0.0,0.0,0.0,32.24935,32.482517,0.22,1.4,1.0,0.0,0.0,0.3,False
2026-07-24,CASE_18,RIM-KATE-NUDE-LS-048,eBay,Lipstick,5. Low/Zero Velocity + Stockout,0.0,0.0,0.0,0.0,0.0,32.24935,32.482517,0.25,1.44,1.0,0.0,0.0,0.32,False
2026-07-25,CASE_18,RIM-KATE-NUDE-LS-048,eBay,Lipstick,5. Low/Zero Velocity + Stockout,0.0,0.0,0.0,0.0,0.0,32.24935,32.482517,0.22,1.47,1.0,0.0,0.0,0.33,False
2026-07-26,CASE_18,RIM-KATE-NUDE-LS-048,eBay,Lipstick,5. Low/Zero Velocity + Stockout,0.0,0.0,0.0,0.0,0.0,32.24935,32.482517,0.25,1.37,1.0,0.0,0.0,0.255,False
2026-07-27,CASE_18,RIM-KATE-NUDE-LS-048,eBay,Lipstick,5. Low/Zero Velocity + Stockout,0.0,0.0,0.0,0.0,0.0,32.24935,32.482517,0.25,1.44,1.0,0.0,0.0,0.305,False
2026-07-28,CASE_18,RIM-KATE-NUDE-LS-048,eBay,Lipstick,5. Low/Zero Velocity + Stockout,0.0,0.0,0.0,0.0,0.0,32.24935,32.482517,0.22,1.39,1.0,0.0,0.0,0.27999999999999997,False
2026-07-29,CASE_18,RIM-KATE-NUDE-LS-048,eBay,Lipstick,5. Low/Zero Velocity + Stockout,0.0,0.0,0.0,0.0,0.0,32.24935,32.482517,0.24,1.31,1.0,0.0,0.0,0.21,False
2026-07-30,CASE_18,RIM-KATE-NUDE-LS-048,eBay,Lipstick,5. Low/Zero Velocity + Stockout,0.0,0.0,0.0,0.0,0.0,32.24935,32.482517,0.24,1.37,1.0,0.0,0.0,0.255,False
2026-07-31,CASE_18,RIM-KATE-NUDE-LS-048,eBay,Lipstick,5. Low/Zero Velocity + Stockout,0.0,0.0,0.0,0.0,0.0,32.24935,32.482517,0.23,1.4,1.0,0.0,0.0,0.32,False
2026-08-01,CASE_18,RIM-KATE-NUDE-LS-048,eBay,Lipstick,5. Low/Zero Velocity + Stockout,0.0,0.0,0.0,0.0,0.0,32.460495,32.77917,0.26,1.5,1.0,0.0,0.0,0.375,False
2026-08-02,CASE_18,RIM-KATE-NUDE-LS-048,eBay,Lipstick,5. Low/Zero Velocity + Stockout,0.0,0.0,0.0,0.0,0.0,32.460495,32.77917,0.24,1.39,1.0,0.0,0.0,0.27499999999999997,False
2026-08-03,CASE_18,RIM-KATE-NUDE-LS-048,eBay,Lipstick,5. Low/Zero Velocity + Stockout,0.0,0.0,0.0,0.0,0.0,32.460495,32.77917,0.25,1.5,1.0,0.0,0.0,0.33999999999999997,False
2026-08-04,CASE_18,RIM-KATE-NUDE-LS-048,eBay,Lipstick,5. Low/Zero Velocity + Stockout,0.0,0.0,0.0,0.0,0.0,32.460495,32.77917,0.27,1.38,1.0,0.0,0.0,0.29500000000000004,False
2026-08-05,CASE_18,RIM-KATE-NUDE-LS-048,eBay,Lipstick,5. Low/Zero Velocity + Stockout,0.0,0.0,0.0,0.0,0.0,32.460495,32.77917,0.22,1.42,1.0,0.0,0.0,0.315,False
2026-08-06,CASE_18,RIM-KATE-NUDE-LS-048,eBay,Lipstick,5. Low/Zero Velocity + Stockout,0.0,0.0,0.0,0.0,0.0,32.460495,32.77917,0.24,1.36,1.0,0.0,0.0,0.24,False
2026-08-07,CASE_18,RIM-KATE-NUDE-LS-048,eBay,Lipstick,5. Low/Zero Velocity + Stockout,0.0,0.0,0.0,0.0,0.0,32.460495,32.77917,0.25,1.41,1.0,0.0,0.0,0.28500000000000003,False
2026-08-08,CASE_18,RIM-KATE-NUDE-LS-048,eBay,Lipstick,5. Low/Zero Velocity + Stockout,0.0,0.0,0.0,0.0,0.0,32.460495,32.77917,0.25,1.42,1.0,0.0,0.0,0.275,False
2026-08-09,CASE_18,RIM-KATE-NUDE-LS-048,eBay,Lipstick,5. Low/Zero Velocity + Stockout,0.0,0.0,0.0,0.0,0.0,32.460495,32.77917,0.26,1.38,1.0,0.0,0.0,0.28500000000000003,False
2026-08-10,CASE_18,RIM-KATE-NUDE-LS-048,eBay,Lipstick,5. Low/Zero Velocity + Stockout,0.0,0.0,0.0,0.0,0.0,32.460495,32.77917,0.23,1.44,1.0,0.0,0.0,0.275,False
2026-08-11,CASE_18,RIM-KATE-NUDE-LS-048,eBay,Lipstick,5. Low/Zero Velocity + Stockout,0.0,0.0,0.0,0.0,0.0,32.460495,32.77917,0.24,1.38,1.0,0.0,0.0,0.25,False
2026-08-12,CASE_18,RIM-KATE-NUDE-LS-048,eBay,Lipstick,5. Low/Zero Velocity + Stockout,0.0,0.0,0.0,0.0,0.0,32.460495,32.77917,0.22,1.32,1.0,0.0,0.0,0.195,False
2026-08-13,CASE_18,RIM-KATE-NUDE-LS-048,eBay,Lipstick,5. Low/Zero Velocity + Stockout,0.0,0.0,0.0,0.0,0.0,32.460495,32.77917,0.24,1.44,1.0,0.0,0.0,0.315,False
2026-08-14,CASE_18,RIM-KATE-NUDE-LS-048,eBay,Lipstick,5. Low/Zero Velocity + Stockout,0.0,0.0,0.0,0.0,0.0,32.460495,32.77917,0.24,1.4,1.0,0.0,0.0,0.19,False
2026-08-15,CASE_18,RIM-KATE-NUDE-LS-048,eBay,Lipstick,5. Low/Zero Velocity + Stockout,0.0,0.0,0.0,0.0,0.0,32.460495,32.77917,0.3,1.39,1.0,0.0,0.0,0.31,False
2026-08-16,CASE_18,RIM-KATE-NUDE-LS-048,eBay,Lipstick,5. Low/Zero Velocity + Stockout,0.0,0.0,0.0,0.0,0.0,32.460495,32.77917,0.24,1.3,1.0,0.0,0.0,0.195,False
2026-08-17,CASE_18,RIM-KATE-NUDE-LS-048,eBay,Lipstick,5. Low/Zero Velocity + Stockout,0.0,0.0,0.0,0.0,0.0,32.460495,32.77917,0.26,1.5,1.0,0.0,0.0,0.36,False
2026-08-18,CASE_18,RIM-KATE-NUDE-LS-048,eBay,Lipstick,5. Low/Zero Velocity + Stockout,0.0,0.0,0.0,0.0,0.0,32.460495,32.77917,0.25,1.53,1.0,0.0,0.0,0.42999999999999994,False
2026-08-19,CASE_18,RIM-KATE-NUDE-LS-048,eBay,Lipstick,5. Low/Zero Velocity + Stockout,0.0,0.0,0.0,0.0,0.0,32.460495,32.77917,0.22,1.48,1.0,0.0,0.0,0.33,False
2026-08-20,CASE_18,RIM-KATE-NUDE-LS-048,eBay,Lipstick,5. Low/Zero Velocity + Stockout,0.0,0.0,0.0,0.0,0.0,32.460495,32.77917,0.26,1.52,1.0,0.0,0.0,0.405,False
2026-08-21,CASE_18,RIM-KATE-NUDE-LS-048,eBay,Lipstick,5. Low/Zero Velocity + Stockout,0.0,0.0,0.0,0.0,0.0,32.460495,32.77917,0.27,1.47,1.0,0.0,0.0,0.355,False
2026-08-22,CASE_18,RIM-KATE-NUDE-LS-048,eBay,Lipstick,5. Low/Zero Velocity + Stockout,0.0,0.0,0.0,0.0,0.0,32.460495,32.77917,0.23,1.47,1.0,0.0,0.0,0.32,False
2026-08-23,CASE_18,RIM-KATE-NUDE-LS-048,eBay,Lipstick,5. Low/Zero Velocity + Stockout,0.0,0.0,0.0,0.0,0.0,32.460495,32.77917,0.25,1.43,1.0,0.0,0.0,0.30000000000000004,False
2026-08-24,CASE_18,RIM-KATE-NUDE-LS-048,eBay,Lipstick,5. Low/Zero Velocity + Stockout,0.0,0.0,0.0,0.0,0.0,32.460495,32.77917,0.24,1.32,1.0,0.0,0.0,0.22,False
2026-08-25,CASE_18,RIM-KATE-NUDE-LS-048,eBay,Lipstick,5. Low/Zero Velocity + Stockout,0.0,0.0,0.0,0.0,0.0,32.460495,32.77917,0.24,1.45,1.0,0.0,0.0,0.355,False
2026-08-26,CASE_18,RIM-KATE-NUDE-LS-048,eBay,Lipstick,5. Low/Zero Velocity + Stockout,0.0,0.0,0.0,0.0,0.0,32.460495,32.77917,0.25,1.35,1.0,0.0,0.0,0.28,False
2026-08-27,CASE_18,RIM-KATE-NUDE-LS-048,eBay,Lipstick,5. Low/Zero Velocity + Stockout,0.0,0.0,0.0,0.0,0.0,32.460495,32.77917,0.21,1.35,1.0,0.0,0.0,0.215,False
2026-08-28,CASE_18,RIM-KATE-NUDE-LS-048,eBay,Lipstick,5. Low/Zero Velocity + Stockout,0.0,0.0,0.0,0.0,0.0,32.460495,32.77917,0.23,1.4,1.0,0.0,0.0,0.28,False
2026-08-29,CASE_18,RIM-KATE-NUDE-LS-048,eBay,Lipstick,5. Low/Zero Velocity + Stockout,0.0,0.0,0.0,0.0,0.0,32.460495,32.77917,0.26,1.49,1.0,0.0,0.0,0.34500000000000003,False
2026-08-30,CASE_18,RIM-KATE-NUDE-LS-048,eBay,Lipstick,5. Low/Zero Velocity + Stockout,0.0,0.0,0.0,0.0,0.0,32.460495,32.77917,0.23,1.38,1.0,0.0,0.0,0.225,False
2026-08-31,CASE_18,RIM-KATE-NUDE-LS-048,eBay,Lipstick,5. Low/Zero Velocity + Stockout,0.0,0.0,0.0,0.0,0.0,32.460495,32.77917,0.28,1.6,1.0,0.0,0.0,0.465,False
2026-07-01,CASE_09,RIM-KF-PWDR-001,Amazon,"Complexion, Face Powder, Makeup",3. Medium Velocity + Low Stock,73.0,0.14285714285714285,511.0,0.0,0.0,31.208372,31.101866,0.06,0.2,0.0,0.0,1.0,0.835,False
2026-07-02,CASE_09,RIM-KF-PWDR-001,Amazon,"Complexion, Face Powder, Makeup",3. Medium Velocity + Low Stock,73.0,0.14285714285714285,511.0,0.0,0.0,31.208372,31.101866,0.05,0.19,0.0,0.0,1.0,0.85,False
2026-07-03,CASE_09,RIM-KF-PWDR-001,Amazon,"Complexion, Face Powder, Makeup",3. Medium Velocity + Low Stock,73.0,0.14285714285714285,511.0,0.0,0.0,31.208372,31.101866,0.05,0.13,0.0,0.0,1.0,0.9,False
2026-07-04,CASE_09,RIM-KF-PWDR-001,Amazon,"Complexion, Face Powder, Makeup",3. Medium Velocity + Low Stock,73.0,0.14285714285714285,511.0,0.0,0.0,31.208372,31.101866,0.04,0.13,0.0,0.0,1.0,0.905,False
2026-07-05,CASE_09,RIM-KF-PWDR-001,Amazon,"Complexion, Face Powder, Makeup",3. Medium Velocity + Low Stock,56.0,0.14285714285714285,392.0,0.0,0.0,31.208372,31.101866,0.05,0.14,0.0,0.0,1.0,0.895,False
2026-07-06,CASE_09,RIM-KF-PWDR-001,Amazon,"Complexion, Face Powder, Makeup",3. Medium Velocity + Low Stock,56.0,0.14285714285714285,392.0,0.0,0.0,31.208372,31.101866,0.05,0.18,0.0,0.0,1.0,0.865,False
2026-07-07,CASE_09,RIM-KF-PWDR-001,Amazon,"Complexion, Face Powder, Makeup",3. Medium Velocity + Low Stock,56.0,0.14285714285714285,392.0,0.0,0.0,31.208372,31.101866,0.05,0.17,0.0,0.0,1.0,0.875,False
2026-07-08,CASE_09,RIM-KF-PWDR-001,Amazon,"Complexion, Face Powder, Makeup",3. Medium Velocity + Low Stock,56.0,0.14285714285714285,392.0,0.0,0.0,31.208372,31.101866,0.05,0.18,0.0,0.0,1.0,0.865,False
2026-07-09,CASE_09,RIM-KF-PWDR-001,Amazon,"Complexion, Face Powder, Makeup",3. Medium Velocity + Low Stock,56.0,0.14285714285714285,392.0,0.0,0.0,31.208372,31.101866,0.05,0.22,0.0,0.0,1.0,0.835,False
2026-07-10,CASE_09,RIM-KF-PWDR-001,Amazon,"Complexion, Face Powder, Makeup",3. Medium Velocity + Low Stock,56.0,0.0,999.0,0.0,0.0,31.208372,31.101866,0.04,0.08,0.0,0.0,1.0,0.94,False
2026-07-11,CASE_09,RIM-KF-PWDR-001,Amazon,"Complexion, Face Powder, Makeup",3. Medium Velocity + Low Stock,56.0,0.0,999.0,0.0,0.0,31.208372,31.101866,0.04,0.1,0.0,0.0,1.0,0.925,False
2026-07-12,CASE_09,RIM-KF-PWDR-001,Amazon,"Complexion, Face Powder, Makeup",3. Medium Velocity + Low Stock,56.0,0.0,999.0,0.0,0.0,31.208372,31.101866,0.04,0.07,0.0,0.0,1.0,0.95,False
2026-07-13,CASE_09,RIM-KF-PWDR-001,Amazon,"Complexion, Face Powder, Makeup",3. Medium Velocity + Low Stock,56.0,0.0,999.0,0.0,0.0,31.208372,31.101866,0.04,0.06,0.0,0.0,1.0,0.95,False
2026-07-14,CASE_09,RIM-KF-PWDR-001,Amazon,"Complexion, Face Powder, Makeup",3. Medium Velocity + Low Stock,56.0,0.0,999.0,0.0,0.0,31.208372,31.101866,0.04,0.06,0.0,0.0,1.0,0.9550000000000001,False
2026-07-15,CASE_09,RIM-KF-PWDR-001,Amazon,"Complexion, Face Powder, Makeup",3. Medium Velocity + Low Stock,56.0,0.0,999.0,0.0,0.0,31.208372,31.101866,0.04,0.06,0.0,0.0,1.0,0.95,False
2026-07-16,CASE_09,RIM-KF-PWDR-001,Amazon,"Complexion, Face Powder, Makeup",3. Medium Velocity + Low Stock,56.0,0.0,999.0,0.0,0.0,31.208372,31.101866,0.04,0.08,0.0,0.0,1.0,0.9450000000000001,False
2026-07-17,CASE_09,RIM-KF-PWDR-001,Amazon,"Complexion, Face Powder, Makeup",3. Medium Velocity + Low Stock,56.0,0.0,999.0,0.0,0.0,31.612417,31.264872,0.04,0.06,0.0,0.0,1.0,0.95,False
2026-07-18,CASE_09,RIM-KF-PWDR-001,Amazon,"Complexion, Face Powder, Makeup",3. Medium Velocity + Low Stock,56.0,0.0,999.0,0.0,0.0,31.612417,31.264872,0.04,0.07,0.0,0.0,1.0,0.95,False
2026-07-19,CASE_09,RIM-KF-PWDR-001,Amazon,"Complexion, Face Powder, Makeup",3. Medium Velocity + Low Stock,56.0,0.0,999.0,0.0,0.0,31.612417,31.264872,0.04,0.05,0.0,0.0,1.0,0.96,False
2026-07-20,CASE_09,RIM-KF-PWDR-001,Amazon,"Complexion, Face Powder, Makeup",3. Medium Velocity + Low Stock,56.0,0.0,999.0,0.0,0.0,32.382465,31.46982,0.04,0.07,0.0,0.0,1.0,0.9450000000000001,False
2026-07-21,CASE_09,RIM-KF-PWDR-001,Amazon,"Complexion, Face Powder, Makeup",3. Medium Velocity + Low Stock,56.0,0.0,999.0,0.0,0.0,31.612417,31.264872,0.04,0.08,0.0,0.0,1.0,0.94,False
2026-07-22,CASE_09,RIM-KF-PWDR-001,Amazon,"Complexion, Face Powder, Makeup",3. Medium Velocity + Low Stock,56.0,0.0,999.0,0.0,0.0,31.612417,31.264872,0.04,0.08,0.0,0.0,1.0,0.9450000000000001,False
2026-07-23,CASE_09,RIM-KF-PWDR-001,Amazon,"Complexion, Face Powder, Makeup",3. Medium Velocity + Low Stock,56.0,0.0,999.0,0.0,0.0,31.612417,31.264872,0.04,0.07,0.0,0.0,1.0,0.9450000000000001,False
2026-07-24,CASE_09,RIM-KF-PWDR-001,Amazon,"Complexion, Face Powder, Makeup",3. Medium Velocity + Low Stock,56.0,0.0,999.0,0.0,0.0,31.612417,31.264872,0.04,0.07,0.0,0.0,1.0,0.9450000000000001,False
2026-07-25,CASE_09,RIM-KF-PWDR-001,Amazon,"Complexion, Face Powder, Makeup",3. Medium Velocity + Low Stock,56.0,0.0,999.0,0.0,0.0,31.612417,31.264872,0.04,0.08,0.0,0.0,1.0,0.94,False
2026-07-26,CASE_09,RIM-KF-PWDR-001,Amazon,"Complexion, Face Powder, Makeup",3. Medium Velocity + Low Stock,56.0,0.0,999.0,0.0,0.0,31.208372,31.101866,0.04,0.03,0.0,0.0,1.0,0.975,False
2026-07-27,CASE_09,RIM-KF-PWDR-001,Amazon,"Complexion, Face Powder, Makeup",3. Medium Velocity + Low Stock,56.0,0.0,999.0,0.0,0.0,31.208372,31.101866,0.04,0.03,0.0,0.0,1.0,0.975,False
2026-07-28,CASE_09,RIM-KF-PWDR-001,Amazon,"Complexion, Face Powder, Makeup",3. Medium Velocity + Low Stock,56.0,0.0,999.0,0.0,0.0,31.208372,31.101866,0.04,0.03,0.0,0.0,1.0,0.975,False
2026-07-29,CASE_09,RIM-KF-PWDR-001,Amazon,"Complexion, Face Powder, Makeup",3. Medium Velocity + Low Stock,56.0,0.0,999.0,0.0,0.0,31.208372,31.101866,0.04,0.04,0.0,0.0,1.0,0.97,False
2026-07-30,CASE_09,RIM-KF-PWDR-001,Amazon,"Complexion, Face Powder, Makeup",3. Medium Velocity + Low Stock,56.0,0.0,999.0,0.0,0.0,31.208372,31.101866,0.04,0.04,0.0,0.0,1.0,0.97,False
2026-07-31,CASE_09,RIM-KF-PWDR-001,Amazon,"Complexion, Face Powder, Makeup",3. Medium Velocity + Low Stock,56.0,0.0,999.0,0.0,0.0,31.208372,31.101866,0.04,0.05,0.0,0.0,1.0,0.9650000000000001,False
2026-08-01,CASE_09,RIM-KF-PWDR-001,Amazon,"Complexion, Face Powder, Makeup",3. Medium Velocity + Low Stock,56.0,0.0,999.0,0.0,0.0,31.419516,31.39852,0.03,0.03,0.0,0.0,1.0,0.98,False
2026-08-02,CASE_09,RIM-KF-PWDR-001,Amazon,"Complexion, Face Powder, Makeup",3. Medium Velocity + Low Stock,56.0,0.0,999.0,0.0,0.0,31.419516,31.39852,0.04,0.03,0.0,0.0,1.0,0.975,False
2026-08-03,CASE_09,RIM-KF-PWDR-001,Amazon,"Complexion, Face Powder, Makeup",3. Medium Velocity + Low Stock,56.0,0.0,999.0,0.0,0.0,31.419516,31.39852,0.03,0.03,0.0,0.0,1.0,0.975,False
2026-08-04,CASE_09,RIM-KF-PWDR-001,Amazon,"Complexion, Face Powder, Makeup",3. Medium Velocity + Low Stock,56.0,0.0,999.0,0.0,0.0,31.419516,31.39852,0.04,0.03,0.0,0.0,1.0,0.98,False
2026-08-05,CASE_09,RIM-KF-PWDR-001,Amazon,"Complexion, Face Powder, Makeup",3. Medium Velocity + Low Stock,56.0,0.0,999.0,0.0,0.0,31.419516,31.39852,0.04,0.04,0.0,0.0,1.0,0.97,False
2026-08-06,CASE_09,RIM-KF-PWDR-001,Amazon,"Complexion, Face Powder, Makeup",3. Medium Velocity + Low Stock,56.0,0.0,999.0,0.0,0.0,31.419516,31.39852,0.04,0.03,0.0,0.0,1.0,0.975,False
2026-08-07,CASE_09,RIM-KF-PWDR-001,Amazon,"Complexion, Face Powder, Makeup",3. Medium Velocity + Low Stock,56.0,0.0,999.0,0.0,0.0,31.419516,31.39852,0.04,0.03,0.0,0.0,1.0,0.98,False
2026-08-08,CASE_09,RIM-KF-PWDR-001,Amazon,"Complexion, Face Powder, Makeup",3. Medium Velocity + Low Stock,56.0,0.0,999.0,0.0,0.0,31.419516,31.39852,0.04,0.05,0.0,0.0,1.0,0.9650000000000001,False
2026-08-09,CASE_09,RIM-KF-PWDR-001,Amazon,"Complexion, Face Powder, Makeup",3. Medium Velocity + Low Stock,56.0,0.0,999.0,0.0,0.0,31.419516,31.39852,0.04,0.05,0.0,0.0,1.0,0.9650000000000001,False
2026-08-10,CASE_09,RIM-KF-PWDR-001,Amazon,"Complexion, Face Powder, Makeup",3. Medium Velocity + Low Stock,56.0,0.0,999.0,0.0,0.0,31.419516,31.39852,0.03,0.05,0.0,0.0,1.0,0.9650000000000001,False
2026-08-11,CASE_09,RIM-KF-PWDR-001,Amazon,"Complexion, Face Powder, Makeup",3. Medium Velocity + Low Stock,56.0,0.0,999.0,0.0,0.0,31.419516,31.39852,0.04,0.04,0.0,0.0,1.0,0.975,False
2026-08-12,CASE_09,RIM-KF-PWDR-001,Amazon,"Complexion, Face Powder, Makeup",3. Medium Velocity + Low Stock,56.0,0.0,999.0,0.0,0.0,31.419516,31.39852,0.04,0.04,0.0,0.0,1.0,0.97,False
2026-08-13,CASE_09,RIM-KF-PWDR-001,Amazon,"Complexion, Face Powder, Makeup",3. Medium Velocity + Low Stock,56.0,0.0,999.0,0.0,0.0,31.419516,31.39852,0.04,0.04,0.0,0.0,1.0,0.975,False
2026-08-14,CASE_09,RIM-KF-PWDR-001,Amazon,"Complexion, Face Powder, Makeup",3. Medium Velocity + Low Stock,56.0,0.0,999.0,0.0,0.0,31.419516,31.39852,0.04,0.03,0.0,0.0,1.0,0.975,False
2026-08-15,CASE_09,RIM-KF-PWDR-001,Amazon,"Complexion, Face Powder, Makeup",3. Medium Velocity + Low Stock,56.0,0.0,999.0,0.0,0.0,31.419516,31.39852,0.04,0.03,0.0,0.0,1.0,0.975,False
2026-08-16,CASE_09,RIM-KF-PWDR-001,Amazon,"Complexion, Face Powder, Makeup",3. Medium Velocity + Low Stock,56.0,0.0,999.0,0.0,0.0,31.419516,31.39852,0.04,0.04,0.0,0.0,1.0,0.97,False
2026-08-17,CASE_09,RIM-KF-PWDR-001,Amazon,"Complexion, Face Powder, Makeup",3. Medium Velocity + Low Stock,56.0,0.0,999.0,0.0,0.0,31.419516,31.39852,0.04,0.04,0.0,0.0,1.0,0.97,False
2026-08-18,CASE_09,RIM-KF-PWDR-001,Amazon,"Complexion, Face Powder, Makeup",3. Medium Velocity + Low Stock,56.0,0.0,999.0,0.0,0.0,31.419516,31.39852,0.04,0.03,0.0,0.0,1.0,0.98,False
2026-08-19,CASE_09,RIM-KF-PWDR-001,Amazon,"Complexion, Face Powder, Makeup",3. Medium Velocity + Low Stock,56.0,0.0,999.0,0.0,0.0,31.419516,31.39852,0.04,0.03,0.0,0.0,1.0,0.975,False
2026-08-20,CASE_09,RIM-KF-PWDR-001,Amazon,"Complexion, Face Powder, Makeup",3. Medium Velocity + Low Stock,56.0,0.0,999.0,0.0,0.0,31.419516,31.39852,0.03,0.03,0.0,0.0,1.0,0.98,False
2026-08-21,CASE_09,RIM-KF-PWDR-001,Amazon,"Complexion, Face Powder, Makeup",3. Medium Velocity + Low Stock,56.0,0.0,999.0,0.0,0.0,31.419516,31.39852,0.04,0.03,0.0,0.0,1.0,0.975,False
2026-08-22,CASE_09,RIM-KF-PWDR-001,Amazon,"Complexion, Face Powder, Makeup",3. Medium Velocity + Low Stock,56.0,0.0,999.0,0.0,0.0,31.419516,31.39852,0.03,0.03,0.0,0.0,1.0,0.975,False
2026-08-23,CASE_09,RIM-KF-PWDR-001,Amazon,"Complexion, Face Powder, Makeup",3. Medium Velocity + Low Stock,56.0,0.0,999.0,0.0,0.0,31.419516,31.39852,0.04,0.03,0.0,0.0,1.0,0.975,False
2026-08-24,CASE_09,RIM-KF-PWDR-001,Amazon,"Complexion, Face Powder, Makeup",3. Medium Velocity + Low Stock,56.0,0.0,999.0,0.0,0.0,31.419516,31.39852,0.04,0.03,0.0,0.0,1.0,0.975,False
2026-08-25,CASE_09,RIM-KF-PWDR-001,Amazon,"Complexion, Face Powder, Makeup",3. Medium Velocity + Low Stock,56.0,0.0,999.0,0.0,0.0,31.419516,31.39852,0.04,0.04,0.0,0.0,1.0,0.975,False
2026-08-26,CASE_09,RIM-KF-PWDR-001,Amazon,"Complexion, Face Powder, Makeup",3. Medium Velocity + Low Stock,31.0,0.0,999.0,0.0,0.0,31.419516,31.39852,0.04,0.03,0.0,0.0,1.0,0.975,False
2026-08-27,CASE_09,RIM-KF-PWDR-001,Amazon,"Complexion, Face Powder, Makeup",3. Medium Velocity + Low Stock,31.0,0.0,999.0,0.0,0.0,31.419516,31.39852,0.04,0.03,0.0,0.0,1.0,0.98,False
2026-08-28,CASE_09,RIM-KF-PWDR-001,Amazon,"Complexion, Face Powder, Makeup",3. Medium Velocity + Low Stock,31.0,0.0,999.0,0.0,0.0,31.419516,31.39852,0.04,0.04,0.0,0.0,1.0,0.975,False
2026-08-29,CASE_09,RIM-KF-PWDR-001,Amazon,"Complexion, Face Powder, Makeup",3. Medium Velocity + Low Stock,31.0,0.0,999.0,0.0,0.0,31.419516,31.39852,0.04,0.03,0.0,0.0,1.0,0.98,False
2026-08-30,CASE_09,RIM-KF-PWDR-001,Amazon,"Complexion, Face Powder, Makeup",3. Medium Velocity + Low Stock,31.0,0.0,999.0,0.0,1.0,31.419516,31.39852,0.04,0.04,0.0,0.0,1.0,0.97,False
2026-08-31,CASE_09,RIM-KF-PWDR-001,Amazon,"Complexion, Face Powder, Makeup",3. Medium Velocity + Low Stock,31.0,0.0,999.0,0.0,1.0,31.419516,31.39852,0.04,0.03,0.0,0.0,1.0,0.98,False
2026-07-01,CASE_28,RIM-LASTLIP-125,Amazon,"Lip Pencil, Lips, Makeup",8. High Volatility / Erratic,1007.0,0.07142857142857142,14098.0,0.0,2.0,18.822834,18.870914,0.03,0.08,0.0,0.0,1.0,0.9450000000000001,False
2026-07-02,CASE_28,RIM-LASTLIP-125,Amazon,"Lip Pencil, Lips, Makeup",8. High Volatility / Erratic,1007.0,0.07142857142857142,14098.0,0.0,3.0,18.822834,18.870914,0.04,0.06,0.0,0.0,1.0,0.96,False
2026-07-03,CASE_28,RIM-LASTLIP-125,Amazon,"Lip Pencil, Lips, Makeup",8. High Volatility / Erratic,1007.0,0.07142857142857142,14098.0,0.0,3.0,18.822834,18.870914,0.04,0.07,0.0,0.0,1.0,0.95,False
2026-07-04,CASE_28,RIM-LASTLIP-125,Amazon,"Lip Pencil, Lips, Makeup",8. High Volatility / Erratic,1007.0,0.07142857142857142,14098.0,0.0,3.0,18.822834,18.870914,0.03,0.06,0.0,0.0,1.0,0.95,False
2026-07-05,CASE_28,RIM-LASTLIP-125,Amazon,"Lip Pencil, Lips, Makeup",8. High Volatility / Erratic,1007.0,0.07142857142857142,14098.0,0.0,4.0,18.822834,18.870914,0.03,0.07,0.0,0.0,1.0,0.9450000000000001,False
2026-07-06,CASE_28,RIM-LASTLIP-125,Amazon,"Lip Pencil, Lips, Makeup",8. High Volatility / Erratic,1007.0,0.0,999.0,0.0,4.0,18.822834,18.870914,0.04,0.1,0.0,0.0,1.0,0.925,False
2026-07-07,CASE_28,RIM-LASTLIP-125,Amazon,"Lip Pencil, Lips, Makeup",8. High Volatility / Erratic,1007.0,0.0,999.0,0.0,4.0,18.822834,18.870914,0.04,0.08,0.0,0.0,1.0,0.94,False
2026-07-08,CASE_28,RIM-LASTLIP-125,Amazon,"Lip Pencil, Lips, Makeup",8. High Volatility / Erratic,1007.0,0.0,999.0,2.0,2.0,18.822834,18.870914,0.04,0.09,0.0,0.0,1.0,0.935,False
2026-07-09,CASE_28,RIM-LASTLIP-125,Amazon,"Lip Pencil, Lips, Makeup",8. High Volatility / Erratic,1007.0,0.14285714285714285,7049.0,1.0,1.0,23.988577,21.671568,0.04,0.07,0.0,0.0,1.0,0.9450000000000001,False
2026-07-10,CASE_28,RIM-LASTLIP-125,Amazon,"Lip Pencil, Lips, Makeup",8. High Volatility / Erratic,1007.0,0.21428571428571427,4699.3,0.0,1.0,19.636566,20.611174,0.04,0.05,0.0,0.0,1.0,0.96,False
2026-07-11,CASE_28,RIM-LASTLIP-125,Amazon,"Lip Pencil, Lips, Makeup",8. High Volatility / Erratic,1007.0,0.21428571428571427,4699.3,0.0,1.0,19.636566,20.611174,0.04,0.06,0.0,0.0,1.0,0.95,False
2026-07-12,CASE_28,RIM-LASTLIP-125,Amazon,"Lip Pencil, Lips, Makeup",8. High Volatility / Erratic,1002.0,0.21428571428571427,4676.0,1.0,0.0,19.636566,20.611174,0.04,0.09,0.0,0.0,1.0,0.9299999999999999,False
2026-07-13,CASE_28,RIM-LASTLIP-125,Amazon,"Lip Pencil, Lips, Makeup",8. High Volatility / Erratic,1002.0,0.2857142857142857,3507.0,0.0,0.0,19.636566,20.611174,0.04,0.06,0.0,0.0,1.0,0.9550000000000001,False
2026-07-14,CASE_28,RIM-LASTLIP-125,Amazon,"Lip Pencil, Lips, Makeup",8. High Volatility / Erratic,1002.0,0.2857142857142857,3507.0,0.0,0.0,19.636566,20.611174,0.04,0.06,0.0,0.0,1.0,0.9550000000000001,False
2026-07-15,CASE_28,RIM-LASTLIP-125,Amazon,"Lip Pencil, Lips, Makeup",8. High Volatility / Erratic,1001.0,0.2857142857142857,3503.5,0.0,0.0,19.636566,20.611174,0.04,0.08,0.0,0.0,1.0,0.94,False
2026-07-16,CASE_28,RIM-LASTLIP-125,Amazon,"Lip Pencil, Lips, Makeup",8. High Volatility / Erratic,1001.0,0.2857142857142857,3503.5,0.0,0.0,19.636566,20.611174,0.04,0.1,0.0,0.0,1.0,0.925,False
2026-07-17,CASE_28,RIM-LASTLIP-125,Amazon,"Lip Pencil, Lips, Makeup",8. High Volatility / Erratic,999.0,0.2857142857142857,3496.5,0.0,0.0,18.822834,18.870914,0.03,0.1,0.0,0.0,1.0,0.925,False
2026-07-18,CASE_28,RIM-LASTLIP-125,Amazon,"Lip Pencil, Lips, Makeup",8. High Volatility / Erratic,999.0,0.2857142857142857,3496.5,0.0,4.0,18.822834,18.870914,0.04,0.1,0.0,0.0,1.0,0.9299999999999999,False
2026-07-19,CASE_28,RIM-LASTLIP-125,Amazon,"Lip Pencil, Lips, Makeup",8. High Volatility / Erratic,996.0,0.2857142857142857,3486.0,0.0,4.0,18.822834,18.870914,0.03,0.06,0.0,0.0,1.0,0.9550000000000001,False
2026-07-20,CASE_28,RIM-LASTLIP-125,Amazon,"Lip Pencil, Lips, Makeup",8. High Volatility / Erratic,996.0,0.2857142857142857,3486.0,0.0,4.0,18.822834,18.870914,0.03,0.06,0.0,0.0,1.0,0.9550000000000001,False
2026-07-21,CASE_28,RIM-LASTLIP-125,Amazon,"Lip Pencil, Lips, Makeup",8. High Volatility / Erratic,996.0,0.2857142857142857,3486.0,0.0,5.0,18.822834,18.870914,0.03,0.07,0.0,0.0,1.0,0.9450000000000001,False
2026-07-22,CASE_28,RIM-LASTLIP-125,Amazon,"Lip Pencil, Lips, Makeup",8. High Volatility / Erratic,995.0,0.2857142857142857,3482.5,0.0,5.0,18.822834,18.870914,0.04,0.06,0.0,0.0,1.0,0.95,False
2026-07-23,CASE_28,RIM-LASTLIP-125,Amazon,"Lip Pencil, Lips, Makeup",8. High Volatility / Erratic,994.0,0.14285714285714285,6958.0,0.0,5.0,18.822834,18.870914,0.04,0.06,0.0,0.0,1.0,0.9550000000000001,False
2026-07-24,CASE_28,RIM-LASTLIP-125,Amazon,"Lip Pencil, Lips, Makeup",8. High Volatility / Erratic,994.0,0.07142857142857142,13916.0,0.0,5.0,18.822834,18.870914,0.04,0.07,0.0,0.0,1.0,0.95,False
2026-07-25,CASE_28,RIM-LASTLIP-125,Amazon,"Lip Pencil, Lips, Makeup",8. High Volatility / Erratic,989.0,0.07142857142857142,13846.0,4.0,1.0,18.822834,18.870914,0.03,0.07,0.0,0.0,1.0,0.95,False
2026-07-26,CASE_28,RIM-LASTLIP-125,Amazon,"Lip Pencil, Lips, Makeup",8. High Volatility / Erratic,989.0,0.35714285714285715,2769.2,0.0,1.0,24.802309,23.416412,0.04,0.09,0.0,0.0,1.0,0.9299999999999999,False
2026-07-27,CASE_28,RIM-LASTLIP-125,Amazon,"Lip Pencil, Lips, Makeup",8. High Volatility / Erratic,989.0,0.2857142857142857,3461.5,0.0,1.0,19.636566,20.594748,0.04,0.12,0.0,0.0,1.0,0.915,False
2026-07-28,CASE_28,RIM-LASTLIP-125,Amazon,"Lip Pencil, Lips, Makeup",8. High Volatility / Erratic,988.0,0.2857142857142857,3458.0,1.0,1.0,19.636566,20.594748,0.04,0.12,0.0,0.0,1.0,0.905,False
2026-07-29,CASE_28,RIM-LASTLIP-125,Amazon,"Lip Pencil, Lips, Makeup",8. High Volatility / Erratic,988.0,0.35714285714285715,2766.4,0.0,1.0,19.636566,20.632185,0.04,0.04,0.0,0.0,1.0,0.9650000000000001,False
2026-07-30,CASE_28,RIM-LASTLIP-125,Amazon,"Lip Pencil, Lips, Makeup",8. High Volatility / Erratic,988.0,0.35714285714285715,2766.4,0.0,1.0,19.636566,20.632185,0.04,0.07,0.0,0.0,1.0,0.95,False
2026-07-31,CASE_28,RIM-LASTLIP-125,Amazon,"Lip Pencil, Lips, Makeup",8. High Volatility / Erratic,988.0,0.35714285714285715,2766.4,0.0,1.0,19.636566,20.632185,0.04,0.1,0.0,0.0,1.0,0.925,False
2026-08-01,CASE_28,RIM-LASTLIP-125,Amazon,"Lip Pencil, Lips, Makeup",8. High Volatility / Erratic,987.0,0.35714285714285715,2763.6,0.0,1.0,20.795914,21.63213,0.04,0.1,0.0,0.0,1.0,0.925,False
2026-08-02,CASE_28,RIM-LASTLIP-125,Amazon,"Lip Pencil, Lips, Makeup",8. High Volatility / Erratic,987.0,0.35714285714285715,2763.6,0.0,1.0,19.982182,19.89187,0.04,0.09,0.0,0.0,1.0,0.9299999999999999,False
2026-08-03,CASE_28,RIM-LASTLIP-125,Amazon,"Lip Pencil, Lips, Makeup",8. High Volatility / Erratic,985.0,0.35714285714285715,2758.0,0.0,1.0,19.982182,19.89187,0.03,0.06,0.0,0.0,1.0,0.95,False
2026-08-04,CASE_28,RIM-LASTLIP-125,Amazon,"Lip Pencil, Lips, Makeup",8. High Volatility / Erratic,985.0,0.35714285714285715,2758.0,1.0,0.0,19.982182,19.89187,0.03,0.05,0.0,0.0,1.0,0.96,False
2026-08-05,CASE_28,RIM-LASTLIP-125,Amazon,"Lip Pencil, Lips, Makeup",8. High Volatility / Erratic,985.0,0.42857142857142855,2298.3,0.0,0.0,19.982182,19.89187,0.03,0.05,0.0,0.0,1.0,0.9650000000000001,False
2026-08-06,CASE_28,RIM-LASTLIP-125,Amazon,"Lip Pencil, Lips, Makeup",8. High Volatility / Erratic,985.0,0.42857142857142855,2298.3,0.0,0.0,19.982182,19.89187,0.04,0.07,0.0,0.0,1.0,0.9450000000000001,False
2026-08-07,CASE_28,RIM-LASTLIP-125,Amazon,"Lip Pencil, Lips, Makeup",8. High Volatility / Erratic,985.0,0.42857142857142855,2298.3,0.0,0.0,19.982182,19.89187,0.04,0.06,0.0,0.0,1.0,0.9550000000000001,False
2026-08-08,CASE_28,RIM-LASTLIP-125,Amazon,"Lip Pencil, Lips, Makeup",8. High Volatility / Erratic,983.0,0.42857142857142855,2293.7,0.0,0.0,19.982182,19.89187,0.04,0.08,0.0,0.0,1.0,0.935,False
2026-08-09,CASE_28,RIM-LASTLIP-125,Amazon,"Lip Pencil, Lips, Makeup",8. High Volatility / Erratic,983.0,0.14285714285714285,6881.0,0.0,0.0,19.982182,19.89187,0.04,0.08,0.0,0.0,1.0,0.94,False
2026-08-10,CASE_28,RIM-LASTLIP-125,Amazon,"Lip Pencil, Lips, Makeup",8. High Volatility / Erratic,983.0,0.14285714285714285,6881.0,0.0,0.0,19.982182,19.89187,0.04,0.08,0.0,0.0,1.0,0.94,False
2026-08-11,CASE_28,RIM-LASTLIP-125,Amazon,"Lip Pencil, Lips, Makeup",8. High Volatility / Erratic,983.0,0.14285714285714285,6881.0,0.0,0.0,19.982182,19.89187,0.04,0.07,0.0,0.0,1.0,0.9450000000000001,False
2026-08-12,CASE_28,RIM-LASTLIP-125,Amazon,"Lip Pencil, Lips, Makeup",8. High Volatility / Erratic,983.0,0.07142857142857142,13762.0,0.0,0.0,19.982182,19.89187,0.04,0.08,0.0,0.0,1.0,0.94,False
2026-08-13,CASE_28,RIM-LASTLIP-125,Amazon,"Lip Pencil, Lips, Makeup",8. High Volatility / Erratic,983.0,0.07142857142857142,13762.0,0.0,2.0,19.982182,19.89187,0.03,0.08,0.0,0.0,1.0,0.94,False
2026-08-14,CASE_28,RIM-LASTLIP-125,Amazon,"Lip Pencil, Lips, Makeup",8. High Volatility / Erratic,983.0,0.07142857142857142,13762.0,0.0,2.0,19.982182,19.89187,0.04,0.07,0.0,0.0,1.0,0.9450000000000001,False
2026-08-15,CASE_28,RIM-LASTLIP-125,Amazon,"Lip Pencil, Lips, Makeup",8. High Volatility / Erratic,983.0,0.07142857142857142,13762.0,0.0,2.0,19.982182,19.89187,0.04,0.11,0.0,0.0,1.0,0.915,False
2026-08-16,CASE_28,RIM-LASTLIP-125,Amazon,"Lip Pencil, Lips, Makeup",8. High Volatility / Erratic,981.0,0.07142857142857142,13734.0,0.0,2.0,19.982182,19.89187,0.03,0.07,0.0,0.0,1.0,0.9450000000000001,False
2026-08-17,CASE_28,RIM-LASTLIP-125,Amazon,"Lip Pencil, Lips, Makeup",8. High Volatility / Erratic,981.0,0.07142857142857142,13734.0,0.0,3.0,19.982182,19.89187,0.03,0.06,0.0,0.0,1.0,0.9550000000000001,False
2026-08-18,CASE_28,RIM-LASTLIP-125,Amazon,"Lip Pencil, Lips, Makeup",8. High Volatility / Erratic,981.0,0.07142857142857142,13734.0,0.0,4.0,19.982182,19.89187,0.04,0.06,0.0,0.0,1.0,0.9550000000000001,False
2026-08-19,CASE_28,RIM-LASTLIP-125,Amazon,"Lip Pencil, Lips, Makeup",8. High Volatility / Erratic,981.0,0.0,999.0,0.0,6.0,19.982182,19.89187,0.04,0.1,0.0,0.0,1.0,0.925,False
2026-08-20,CASE_28,RIM-LASTLIP-125,Amazon,"Lip Pencil, Lips, Makeup",8. High Volatility / Erratic,979.0,0.0,999.0,2.0,4.0,19.982182,19.89187,0.03,0.09,0.0,0.0,1.0,0.9299999999999999,False
2026-08-21,CASE_28,RIM-LASTLIP-125,Amazon,"Lip Pencil, Lips, Makeup",8. High Volatility / Erratic,979.0,0.14285714285714285,6853.0,0.0,4.0,25.785284,24.323952,0.03,0.08,0.0,0.0,1.0,0.94,False
2026-08-22,CASE_28,RIM-LASTLIP-125,Amazon,"Lip Pencil, Lips, Makeup",8. High Volatility / Erratic,979.0,0.14285714285714285,6853.0,0.0,4.0,20.795914,21.615704,0.03,0.09,0.0,0.0,1.0,0.935,False
2026-08-23,CASE_28,RIM-LASTLIP-125,Amazon,"Lip Pencil, Lips, Makeup",8. High Volatility / Erratic,979.0,0.14285714285714285,6853.0,0.0,5.0,20.795914,21.615704,0.03,0.06,0.0,0.0,1.0,0.96,False
2026-08-24,CASE_28,RIM-LASTLIP-125,Amazon,"Lip Pencil, Lips, Makeup",8. High Volatility / Erratic,977.0,0.14285714285714285,6839.0,1.0,4.0,20.795914,21.615704,0.03,0.06,0.0,0.0,1.0,0.95,False
2026-08-25,CASE_28,RIM-LASTLIP-125,Amazon,"Lip Pencil, Lips, Makeup",8. High Volatility / Erratic,976.0,0.21428571428571427,4554.7,1.0,3.0,20.795914,21.63213,0.04,0.06,0.0,0.0,1.0,0.9550000000000001,False
2026-08-26,CASE_28,RIM-LASTLIP-125,Amazon,"Lip Pencil, Lips, Makeup",8. High Volatility / Erratic,974.0,0.2857142857142857,3409.0,2.0,1.0,20.795914,21.63213,0.04,0.06,0.0,0.0,1.0,0.9550000000000001,False
2026-08-27,CASE_28,RIM-LASTLIP-125,Amazon,"Lip Pencil, Lips, Makeup",8. High Volatility / Erratic,974.0,0.42857142857142855,2272.7,0.0,2.0,21.483204,22.665108,0.04,0.06,0.0,0.0,1.0,0.95,False
2026-08-28,CASE_28,RIM-LASTLIP-125,Amazon,"Lip Pencil, Lips, Makeup",8. High Volatility / Erratic,974.0,0.42857142857142855,2272.7,0.0,7.0,20.795914,21.63213,0.04,0.1,0.0,0.0,1.0,0.9199999999999999,False
2026-08-29,CASE_28,RIM-LASTLIP-125,Amazon,"Lip Pencil, Lips, Makeup",8. High Volatility / Erratic,974.0,0.42857142857142855,2272.7,0.0,7.0,20.795914,21.63213,0.04,0.07,0.0,0.0,1.0,0.94,False
2026-08-30,CASE_28,RIM-LASTLIP-125,Amazon,"Lip Pencil, Lips, Makeup",8. High Volatility / Erratic,973.0,0.42857142857142855,2270.3,1.0,6.0,20.795914,21.63213,0.04,0.07,0.0,0.0,1.0,0.9450000000000001,False
2026-08-31,CASE_28,RIM-LASTLIP-125,Amazon,"Lip Pencil, Lips, Makeup",8. High Volatility / Erratic,973.0,0.5,1946.0,0.0,6.0,20.795914,21.63213,0.04,0.05,0.0,0.0,1.0,0.9550000000000001,False
2026-07-01,CASE_08,RIM-LF-LS-206,eBay,Lipstick,2. High Velocity + Healthy Stock,0.0,1.8571428571428572,0.0,8.0,0.0,28.428127,32.08266,0.93,2.0,1.0,0.0,0.0,0.995,False
2026-07-02,CASE_08,RIM-LF-LS-206,eBay,Lipstick,2. High Velocity + Healthy Stock,0.0,2.0714285714285716,0.0,0.0,0.0,41.95212,43.06593,0.95,2.0,1.0,0.0,0.0,1.0,False
2026-07-03,CASE_08,RIM-LF-LS-206,eBay,Lipstick,2. High Velocity + Healthy Stock,0.0,2.0714285714285716,0.0,0.0,0.0,36.422714,37.492188,0.94,2.0,1.0,0.0,0.0,1.0,False
2026-07-04,CASE_08,RIM-LF-LS-206,eBay,Lipstick,2. High Velocity + Healthy Stock,0.0,2.0714285714285716,0.0,0.0,0.0,28.428127,32.191406,0.93,2.0,1.0,0.0,0.0,0.995,False
2026-07-05,CASE_08,RIM-LF-LS-206,eBay,Lipstick,2. High Velocity + Healthy Stock,0.0,2.0714285714285716,0.0,0.0,0.0,28.469574,32.191406,0.93,1.99,1.0,0.0,0.0,0.995,False
2026-07-06,CASE_08,RIM-LF-LS-206,eBay,Lipstick,2. High Velocity + Healthy Stock,0.0,2.0714285714285716,0.0,0.0,0.0,28.469574,32.191406,0.93,2.0,1.0,0.0,0.0,0.995,False
2026-07-07,CASE_08,RIM-LF-LS-206,eBay,Lipstick,2. High Velocity + Healthy Stock,0.0,1.6428571428571428,0.0,0.0,0.0,18.814827,20.42749,0.93,2.0,1.0,0.0,0.0,0.995,False
2026-07-08,CASE_08,RIM-LF-LS-206,eBay,Lipstick,2. High Velocity + Healthy Stock,0.0,1.1428571428571428,0.0,0.0,0.0,18.677116,20.165398,0.93,1.99,1.0,0.0,0.0,0.995,False
2026-07-09,CASE_08,RIM-LF-LS-206,eBay,Lipstick,2. High Velocity + Healthy Stock,0.0,1.1428571428571428,0.0,0.0,0.0,18.527199,19.503227,0.69,1.98,1.0,0.0,0.0,0.97,False
2026-07-10,CASE_08,RIM-LF-LS-206,eBay,Lipstick,2. High Velocity + Healthy Stock,0.0,0.9285714285714286,0.0,0.0,0.0,18.527199,19.436956,0.69,1.96,1.0,0.0,0.0,0.95,False
2026-07-11,CASE_08,RIM-LF-LS-206,eBay,Lipstick,2. High Velocity + Healthy Stock,0.0,0.6428571428571429,0.0,0.0,0.0,18.426899,19.383497,0.62,1.95,1.0,0.0,0.0,0.9550000000000001,False
2026-07-12,CASE_08,RIM-LF-LS-206,eBay,Lipstick,2. High Velocity + Healthy Stock,0.0,0.5714285714285714,0.0,0.0,0.0,18.566803,21.084982,0.66,1.97,1.0,0.0,0.0,0.96,False
2026-07-13,CASE_08,RIM-LF-LS-206,eBay,Lipstick,2. High Velocity + Healthy Stock,0.0,0.5714285714285714,0.0,0.0,0.0,18.566803,21.084982,0.59,1.95,1.0,0.0,0.0,0.935,False
2026-07-14,CASE_08,RIM-LF-LS-206,eBay,Lipstick,2. High Velocity + Healthy Stock,0.0,0.5714285714285714,0.0,0.0,0.0,18.313335,18.71589,0.69,1.95,1.0,0.0,0.0,0.9450000000000001,False
2026-07-15,CASE_08,RIM-LF-LS-206,eBay,Lipstick,2. High Velocity + Healthy Stock,0.0,0.5714285714285714,0.0,0.0,0.0,18.313335,18.71589,0.64,1.95,1.0,0.0,0.0,0.9450000000000001,False
2026-07-16,CASE_08,RIM-LF-LS-206,eBay,Lipstick,2. High Velocity + Healthy Stock,0.0,0.0,0.0,0.0,0.0,18.313335,18.69488,0.69,1.96,1.0,0.0,0.0,0.95,False
2026-07-17,CASE_08,RIM-LF-LS-206,eBay,Lipstick,2. High Velocity + Healthy Stock,0.0,0.0,0.0,0.0,0.0,18.313335,18.69488,0.63,1.94,1.0,0.0,0.0,0.94,False
2026-07-18,CASE_08,RIM-LF-LS-206,eBay,Lipstick,2. High Velocity + Healthy Stock,0.0,0.0,0.0,0.0,0.0,18.313335,18.69488,0.61,1.93,1.0,0.0,0.0,0.925,False
2026-07-19,CASE_08,RIM-LF-LS-206,eBay,Lipstick,2. High Velocity + Healthy Stock,0.0,0.0,0.0,0.0,0.0,18.313335,18.69488,0.62,1.96,1.0,0.0,0.0,0.95,False
2026-07-20,CASE_08,RIM-LF-LS-206,eBay,Lipstick,2. High Velocity + Healthy Stock,0.0,0.0,0.0,0.0,0.0,18.313335,18.69488,0.63,1.96,1.0,0.0,0.0,0.94,False
2026-07-21,CASE_08,RIM-LF-LS-206,eBay,Lipstick,2. High Velocity + Healthy Stock,0.0,0.0,0.0,0.0,0.0,18.313335,18.69488,0.65,1.95,1.0,0.0,0.0,0.935,False
2026-07-22,CASE_08,RIM-LF-LS-206,eBay,Lipstick,2. High Velocity + Healthy Stock,0.0,0.0,0.0,0.0,0.0,18.313335,18.69488,0.6,1.95,1.0,0.0,0.0,0.9450000000000001,False
2026-07-23,CASE_08,RIM-LF-LS-206,eBay,Lipstick,2. High Velocity + Healthy Stock,0.0,0.0,0.0,0.0,0.0,18.207096,18.505703,0.6,1.95,1.0,0.0,0.0,0.9299999999999999,False
2026-07-24,CASE_08,RIM-LF-LS-206,eBay,Lipstick,2. High Velocity + Healthy Stock,0.0,0.0,0.0,0.0,0.0,18.207096,18.505703,0.61,1.94,1.0,0.0,0.0,0.9299999999999999,False
2026-07-25,CASE_08,RIM-LF-LS-206,eBay,Lipstick,2. High Velocity + Healthy Stock,0.0,0.0,0.0,0.0,2.0,18.207096,18.505703,0.6,1.96,1.0,0.0,0.0,0.94,False
2026-07-26,CASE_08,RIM-LF-LS-206,eBay,Lipstick,2. High Velocity + Healthy Stock,0.0,0.0,0.0,0.0,2.0,18.207096,18.505703,0.62,1.96,1.0,0.0,0.0,0.94,False
2026-07-27,CASE_08,RIM-LF-LS-206,eBay,Lipstick,2. High Velocity + Healthy Stock,0.0,0.0,0.0,0.0,2.0,18.207096,18.43005,0.49,1.93,1.0,0.0,0.0,0.9,False
2026-07-28,CASE_08,RIM-LF-LS-206,eBay,Lipstick,2. High Velocity + Healthy Stock,0.0,0.0,0.0,0.0,2.0,18.207096,18.505703,0.59,1.94,1.0,0.0,0.0,0.905,False
2026-07-29,CASE_08,RIM-LF-LS-206,eBay,Lipstick,2. High Velocity + Healthy Stock,0.0,0.0,0.0,0.0,2.0,18.207096,18.505703,0.55,1.95,1.0,0.0,0.0,0.925,False
2026-07-30,CASE_08,RIM-LF-LS-206,eBay,Lipstick,2. High Velocity + Healthy Stock,0.0,0.0,0.0,0.0,2.0,18.207096,18.505703,0.56,1.95,1.0,0.0,0.0,0.91,False
2026-07-31,CASE_08,RIM-LF-LS-206,eBay,Lipstick,2. High Velocity + Healthy Stock,0.0,0.0,0.0,0.0,2.0,18.207096,18.505703,0.58,1.94,1.0,0.0,0.0,0.915,False
2026-08-01,CASE_08,RIM-LF-LS-206,eBay,Lipstick,2. High Velocity + Healthy Stock,0.0,0.0,0.0,2.0,0.0,19.041477,19.58764,0.52,1.89,1.0,0.0,0.0,0.86,False
2026-08-02,CASE_08,RIM-LF-LS-206,eBay,Lipstick,2. High Velocity + Healthy Stock,0.0,0.14285714285714285,0.0,0.0,0.0,23.437561,23.449757,0.66,1.97,1.0,0.0,0.0,0.965,False
2026-08-03,CASE_08,RIM-LF-LS-206,eBay,Lipstick,2. High Velocity + Healthy Stock,0.0,0.14285714285714285,0.0,0.0,0.0,19.041477,19.58764,0.6,1.93,1.0,0.0,0.0,0.925,False
2026-08-04,CASE_08,RIM-LF-LS-206,eBay,Lipstick,2. High Velocity + Healthy Stock,0.0,0.14285714285714285,0.0,0.0,0.0,19.041477,19.58764,0.63,1.94,1.0,0.0,0.0,0.925,False
2026-08-05,CASE_08,RIM-LF-LS-206,eBay,Lipstick,2. High Velocity + Healthy Stock,0.0,0.14285714285714285,0.0,0.0,0.0,19.041477,19.58764,0.61,1.95,1.0,0.0,0.0,0.93,False
2026-08-06,CASE_08,RIM-LF-LS-206,eBay,Lipstick,2. High Velocity + Healthy Stock,0.0,0.14285714285714285,0.0,0.0,0.0,19.041477,19.58764,0.65,1.92,1.0,0.0,0.0,0.9099999999999999,False
2026-08-07,CASE_08,RIM-LF-LS-206,eBay,Lipstick,2. High Velocity + Healthy Stock,0.0,0.14285714285714285,0.0,0.0,0.0,19.041477,19.58764,0.61,1.94,1.0,0.0,0.0,0.92,False
2026-08-08,CASE_08,RIM-LF-LS-206,eBay,Lipstick,2. High Velocity + Healthy Stock,0.0,0.14285714285714285,0.0,0.0,0.0,19.041477,19.58764,0.61,1.95,1.0,0.0,0.0,0.9450000000000001,False
2026-08-09,CASE_08,RIM-LF-LS-206,eBay,Lipstick,2. High Velocity + Healthy Stock,0.0,0.14285714285714285,0.0,0.0,0.0,19.041477,19.58764,0.53,1.9,1.0,0.0,0.0,0.87,False
2026-08-10,CASE_08,RIM-LF-LS-206,eBay,Lipstick,2. High Velocity + Healthy Stock,0.0,0.14285714285714285,0.0,0.0,5.0,19.041477,19.58764,0.52,1.93,1.0,0.0,0.0,0.9,False
2026-08-11,CASE_08,RIM-LF-LS-206,eBay,Lipstick,2. High Velocity + Healthy Stock,0.0,0.14285714285714285,0.0,0.0,7.0,19.041477,19.58764,0.52,1.92,1.0,0.0,0.0,0.89,False
2026-08-12,CASE_08,RIM-LF-LS-206,eBay,Lipstick,2. High Velocity + Healthy Stock,0.0,0.14285714285714285,0.0,0.0,9.0,19.041477,19.58764,0.5,1.92,1.0,0.0,0.0,0.895,False
2026-08-13,CASE_08,RIM-LF-LS-206,eBay,Lipstick,2. High Velocity + Healthy Stock,0.0,0.14285714285714285,0.0,0.0,17.0,19.041477,19.58764,0.53,1.95,1.0,0.0,0.0,0.92,False
2026-08-14,CASE_08,RIM-LF-LS-206,eBay,Lipstick,2. High Velocity + Healthy Stock,0.0,0.14285714285714285,0.0,0.0,17.0,19.041477,19.58764,0.5,1.92,1.0,0.0,0.0,0.885,False
2026-08-15,CASE_08,RIM-LF-LS-206,eBay,Lipstick,2. High Velocity + Healthy Stock,0.0,0.14285714285714285,0.0,0.0,23.0,19.041477,19.58764,0.52,1.91,1.0,0.0,0.0,0.88,False
2026-08-16,CASE_08,RIM-LF-LS-206,eBay,Lipstick,2. High Velocity + Healthy Stock,0.0,0.0,0.0,0.0,24.0,19.041477,19.58764,0.52,1.93,1.0,0.0,0.0,0.9,False
2026-08-17,CASE_08,RIM-LF-LS-206,eBay,Lipstick,2. High Velocity + Healthy Stock,557.0,0.0,999.0,5.0,43.0,19.85117,19.777664,0.04,0.14,0.0,0.0,1.0,0.895,False
2026-08-18,CASE_08,RIM-LF-LS-206,eBay,Lipstick,2. High Velocity + Healthy Stock,520.0,0.35714285714285715,1456.0,2.0,45.0,37.491108,37.63709,0.04,0.17,0.0,0.0,1.0,0.87,False
2026-08-19,CASE_08,RIM-LF-LS-206,eBay,Lipstick,2. High Velocity + Healthy Stock,518.0,0.5,1036.0,2.0,45.0,22.753817,23.181154,0.04,0.21,0.0,0.0,1.0,0.8400000000000001,False
2026-08-20,CASE_08,RIM-LF-LS-206,eBay,Lipstick,2. High Velocity + Healthy Stock,514.0,0.6428571428571429,799.6,8.0,39.0,22.284945,23.111032,0.05,0.17,0.0,0.0,1.0,0.87,False
2026-08-21,CASE_08,RIM-LF-LS-206,eBay,Lipstick,2. High Velocity + Healthy Stock,514.0,1.2142857142857142,423.3,0.0,39.0,41.63275,40.98062,0.05,0.25,0.0,0.0,1.0,0.8049999999999999,False
2026-08-22,CASE_08,RIM-LF-LS-206,eBay,Lipstick,2. High Velocity + Healthy Stock,511.0,1.2142857142857142,420.8,6.0,35.0,37.210506,35.037888,0.06,0.3,0.0,0.0,1.0,0.77,False
2026-08-23,CASE_08,RIM-LF-LS-206,eBay,Lipstick,2. High Velocity + Healthy Stock,510.0,1.6428571428571428,310.4,1.0,36.0,41.344658,42.353207,0.06,0.18,0.0,0.0,1.0,0.855,False
2026-08-24,CASE_08,RIM-LF-LS-206,eBay,Lipstick,2. High Velocity + Healthy Stock,495.0,1.7142857142857142,288.8,24.0,12.0,50.47964,51.899097,0.06,0.2,0.0,0.0,1.0,0.835,False
2026-08-25,CASE_08,RIM-LF-LS-206,eBay,Lipstick,2. High Velocity + Healthy Stock,486.0,3.4285714285714284,141.8,4.0,10.0,59.78245,64.189156,0.08,0.39,0.0,0.0,1.0,0.645,False
2026-08-26,CASE_08,RIM-LF-LS-206,eBay,Lipstick,2. High Velocity + Healthy Stock,485.0,3.7142857142857144,130.6,2.0,12.0,57.6537,61.162533,0.07,0.27,0.0,0.0,1.0,0.74,False
2026-08-27,CASE_08,RIM-LF-LS-206,eBay,Lipstick,2. High Velocity + Healthy Stock,484.0,3.857142857142857,125.5,2.0,10.0,60.84569,65.12694,0.07,0.26,0.0,0.0,1.0,0.765,False
2026-08-28,CASE_08,RIM-LF-LS-206,eBay,Lipstick,2. High Velocity + Healthy Stock,483.0,4.0,120.8,0.0,10.0,52.94247,62.247356,0.07,0.22,0.0,0.0,1.0,0.81,False
2026-08-29,CASE_08,RIM-LF-LS-206,eBay,Lipstick,2. High Velocity + Healthy Stock,479.0,4.0,119.8,2.0,8.0,57.504856,63.314106,0.07,0.3,0.0,0.0,1.0,0.71,False
2026-08-30,CASE_08,RIM-LF-LS-206,eBay,Lipstick,2. High Velocity + Healthy Stock,478.0,4.142857142857143,115.4,2.0,8.0,52.998566,60.719967,0.07,0.26,0.0,0.0,1.0,0.77,False
2026-08-31,CASE_08,RIM-LF-LS-206,eBay,Lipstick,2. High Velocity + Healthy Stock,478.0,4.285714285714286,111.5,0.0,8.0,49.0009,55.877472,0.07,0.3,0.0,0.0,1.0,0.7250000000000001,False
2026-07-01,CASE_17,RIM-LR-CCLR-EYEILLUM-010,Amazon,"Complexion, Concealer, Makeup",5. Low/Zero Velocity + Stockout,0.0,0.0,0.0,0.0,0.0,33.165268,33.863922,0.42,1.74,1.0,0.0,0.0,0.685,False
2026-07-02,CASE_17,RIM-LR-CCLR-EYEILLUM-010,Amazon,"Complexion, Concealer, Makeup",5. Low/Zero Velocity + Stockout,0.0,0.0,0.0,0.0,0.0,33.165268,33.863922,0.43,1.77,1.0,0.0,0.0,0.7050000000000001,False
2026-07-03,CASE_17,RIM-LR-CCLR-EYEILLUM-010,Amazon,"Complexion, Concealer, Makeup",5. Low/Zero Velocity + Stockout,0.0,0.0,0.0,0.0,0.0,33.165268,33.863922,0.44,1.81,1.0,0.0,0.0,0.73,False
2026-07-04,CASE_17,RIM-LR-CCLR-EYEILLUM-010,Amazon,"Complexion, Concealer, Makeup",5. Low/Zero Velocity + Stockout,0.0,0.0,0.0,0.0,0.0,33.165268,33.863922,0.43,1.71,1.0,0.0,0.0,0.645,False
2026-07-05,CASE_17,RIM-LR-CCLR-EYEILLUM-010,Amazon,"Complexion, Concealer, Makeup",5. Low/Zero Velocity + Stockout,0.0,0.0,0.0,0.0,0.0,33.165268,33.863922,0.4,1.77,1.0,0.0,0.0,0.685,False
2026-07-06,CASE_17,RIM-LR-CCLR-EYEILLUM-010,Amazon,"Complexion, Concealer, Makeup",5. Low/Zero Velocity + Stockout,0.0,0.0,0.0,0.0,0.0,33.165268,33.863922,0.37,1.75,1.0,0.0,0.0,0.635,False
2026-07-07,CASE_17,RIM-LR-CCLR-EYEILLUM-010,Amazon,"Complexion, Concealer, Makeup",5. Low/Zero Velocity + Stockout,0.0,0.0,0.0,0.0,0.0,33.165268,33.863922,0.34,1.67,1.0,0.0,0.0,0.595,False
2026-07-08,CASE_17,RIM-LR-CCLR-EYEILLUM-010,Amazon,"Complexion, Concealer, Makeup",5. Low/Zero Velocity + Stockout,0.0,0.0,0.0,0.0,0.0,33.165268,33.863922,0.43,1.82,1.0,0.0,0.0,0.715,False
2026-07-09,CASE_17,RIM-LR-CCLR-EYEILLUM-010,Amazon,"Complexion, Concealer, Makeup",5. Low/Zero Velocity + Stockout,0.0,0.0,0.0,0.0,0.0,33.165268,33.863922,0.35,1.68,1.0,0.0,0.0,0.585,False
2026-07-10,CASE_17,RIM-LR-CCLR-EYEILLUM-010,Amazon,"Complexion, Concealer, Makeup",5. Low/Zero Velocity + Stockout,0.0,0.0,0.0,0.0,0.0,33.165268,33.863922,0.42,1.63,1.0,0.0,0.0,0.58,False
2026-07-11,CASE_17,RIM-LR-CCLR-EYEILLUM-010,Amazon,"Complexion, Concealer, Makeup",5. Low/Zero Velocity + Stockout,0.0,0.0,0.0,0.0,0.0,33.165268,33.863922,0.41,1.79,1.0,0.0,0.0,0.73,False
2026-07-12,CASE_17,RIM-LR-CCLR-EYEILLUM-010,Amazon,"Complexion, Concealer, Makeup",5. Low/Zero Velocity + Stockout,0.0,0.0,0.0,0.0,0.0,33.165268,33.863922,0.37,1.65,1.0,0.0,0.0,0.6,False
2026-07-13,CASE_17,RIM-LR-CCLR-EYEILLUM-010,Amazon,"Complexion, Concealer, Makeup",5. Low/Zero Velocity + Stockout,0.0,0.0,0.0,0.0,0.0,33.165268,33.863922,0.42,1.7,1.0,0.0,0.0,0.63,False
2026-07-14,CASE_17,RIM-LR-CCLR-EYEILLUM-010,Amazon,"Complexion, Concealer, Makeup",5. Low/Zero Velocity + Stockout,0.0,0.0,0.0,0.0,0.0,33.165268,33.863922,0.41,1.65,1.0,0.0,0.0,0.58,False
2026-07-15,CASE_17,RIM-LR-CCLR-EYEILLUM-010,Amazon,"Complexion, Concealer, Makeup",5. Low/Zero Velocity + Stockout,0.0,0.0,0.0,0.0,0.0,33.165268,33.863922,0.4,1.75,1.0,0.0,0.0,0.645,False
2026-07-16,CASE_17,RIM-LR-CCLR-EYEILLUM-010,Amazon,"Complexion, Concealer, Makeup",5. Low/Zero Velocity + Stockout,0.0,0.0,0.0,0.0,0.0,33.165268,33.863922,0.38,1.72,1.0,0.0,0.0,0.6299999999999999,False
2026-07-17,CASE_17,RIM-LR-CCLR-EYEILLUM-010,Amazon,"Complexion, Concealer, Makeup",5. Low/Zero Velocity + Stockout,0.0,0.0,0.0,0.0,0.0,33.165268,33.863922,0.39,1.79,1.0,0.0,0.0,0.67,False
2026-07-18,CASE_17,RIM-LR-CCLR-EYEILLUM-010,Amazon,"Complexion, Concealer, Makeup",5. Low/Zero Velocity + Stockout,0.0,0.0,0.0,0.0,0.0,33.165268,33.863922,0.35,1.57,1.0,0.0,0.0,0.5,False
2026-07-19,CASE_17,RIM-LR-CCLR-EYEILLUM-010,Amazon,"Complexion, Concealer, Makeup",5. Low/Zero Velocity + Stockout,0.0,0.0,0.0,0.0,0.0,33.165268,33.863922,0.37,1.66,1.0,0.0,0.0,0.59,False
2026-07-20,CASE_17,RIM-LR-CCLR-EYEILLUM-010,Amazon,"Complexion, Concealer, Makeup",5. Low/Zero Velocity + Stockout,0.0,0.0,0.0,0.0,0.0,33.165268,33.863922,0.37,1.68,1.0,0.0,0.0,0.5900000000000001,False
2026-07-21,CASE_17,RIM-LR-CCLR-EYEILLUM-010,Amazon,"Complexion, Concealer, Makeup",5. Low/Zero Velocity + Stockout,0.0,0.0,0.0,0.0,0.0,33.165268,33.863922,0.39,1.75,1.0,0.0,0.0,0.665,False
2026-07-22,CASE_17,RIM-LR-CCLR-EYEILLUM-010,Amazon,"Complexion, Concealer, Makeup",5. Low/Zero Velocity + Stockout,0.0,0.0,0.0,0.0,0.0,33.165268,33.863922,0.47,1.77,1.0,0.0,0.0,0.7,False
2026-07-23,CASE_17,RIM-LR-CCLR-EYEILLUM-010,Amazon,"Complexion, Concealer, Makeup",5. Low/Zero Velocity + Stockout,0.0,0.0,0.0,0.0,0.0,33.165268,33.863922,0.44,1.65,1.0,0.0,0.0,0.615,False
2026-07-24,CASE_17,RIM-LR-CCLR-EYEILLUM-010,Amazon,"Complexion, Concealer, Makeup",5. Low/Zero Velocity + Stockout,0.0,0.0,0.0,0.0,0.0,33.165268,33.863922,0.44,1.8,1.0,0.0,0.0,0.725,False
2026-07-25,CASE_17,RIM-LR-CCLR-EYEILLUM-010,Amazon,"Complexion, Concealer, Makeup",5. Low/Zero Velocity + Stockout,0.0,0.0,0.0,0.0,0.0,33.165268,33.863922,0.4,1.65,1.0,0.0,0.0,0.6,False
2026-07-26,CASE_17,RIM-LR-CCLR-EYEILLUM-010,Amazon,"Complexion, Concealer, Makeup",5. Low/Zero Velocity + Stockout,0.0,0.0,0.0,0.0,0.0,33.165268,33.863922,0.38,1.63,1.0,0.0,0.0,0.57,False
2026-07-27,CASE_17,RIM-LR-CCLR-EYEILLUM-010,Amazon,"Complexion, Concealer, Makeup",5. Low/Zero Velocity + Stockout,0.0,0.0,0.0,0.0,0.0,33.165268,33.863922,0.41,1.83,1.0,0.0,0.0,0.74,False
2026-07-28,CASE_17,RIM-LR-CCLR-EYEILLUM-010,Amazon,"Complexion, Concealer, Makeup",5. Low/Zero Velocity + Stockout,0.0,0.0,0.0,0.0,0.0,33.165268,33.863922,0.4,1.67,1.0,0.0,0.0,0.6,False
2026-07-29,CASE_17,RIM-LR-CCLR-EYEILLUM-010,Amazon,"Complexion, Concealer, Makeup",5. Low/Zero Velocity + Stockout,0.0,0.0,0.0,0.0,0.0,33.165268,33.863922,0.4,1.68,1.0,0.0,0.0,0.64,False
2026-07-30,CASE_17,RIM-LR-CCLR-EYEILLUM-010,Amazon,"Complexion, Concealer, Makeup",5. Low/Zero Velocity + Stockout,0.0,0.0,0.0,0.0,0.0,33.165268,33.863922,0.42,1.71,1.0,0.0,0.0,0.6299999999999999,False
2026-07-31,CASE_17,RIM-LR-CCLR-EYEILLUM-010,Amazon,"Complexion, Concealer, Makeup",5. Low/Zero Velocity + Stockout,0.0,0.0,0.0,0.0,0.0,33.165268,33.863922,0.48,1.79,1.0,0.0,0.0,0.715,False
2026-08-01,CASE_17,RIM-LR-CCLR-EYEILLUM-010,Amazon,"Complexion, Concealer, Makeup",5. Low/Zero Velocity + Stockout,0.0,0.0,0.0,0.0,0.0,33.438705,34.207253,0.4,1.72,1.0,0.0,0.0,0.655,False
2026-08-02,CASE_17,RIM-LR-CCLR-EYEILLUM-010,Amazon,"Complexion, Concealer, Makeup",5. Low/Zero Velocity + Stockout,0.0,0.0,0.0,0.0,0.0,33.438705,34.207253,0.37,1.66,1.0,0.0,0.0,0.585,False
2026-08-03,CASE_17,RIM-LR-CCLR-EYEILLUM-010,Amazon,"Complexion, Concealer, Makeup",5. Low/Zero Velocity + Stockout,0.0,0.0,0.0,0.0,0.0,33.438705,34.207253,0.37,1.58,1.0,0.0,0.0,0.55,False
2026-08-04,CASE_17,RIM-LR-CCLR-EYEILLUM-010,Amazon,"Complexion, Concealer, Makeup",5. Low/Zero Velocity + Stockout,0.0,0.0,0.0,0.0,0.0,33.438705,34.207253,0.4,1.63,1.0,0.0,0.0,0.58,False
2026-08-05,CASE_17,RIM-LR-CCLR-EYEILLUM-010,Amazon,"Complexion, Concealer, Makeup",5. Low/Zero Velocity + Stockout,0.0,0.0,0.0,0.0,0.0,33.438705,34.207253,0.42,1.62,1.0,0.0,0.0,0.575,False
2026-08-06,CASE_17,RIM-LR-CCLR-EYEILLUM-010,Amazon,"Complexion, Concealer, Makeup",5. Low/Zero Velocity + Stockout,0.0,0.0,0.0,0.0,0.0,33.438705,34.207253,0.39,1.7,1.0,0.0,0.0,0.595,False
2026-08-07,CASE_17,RIM-LR-CCLR-EYEILLUM-010,Amazon,"Complexion, Concealer, Makeup",5. Low/Zero Velocity + Stockout,0.0,0.0,0.0,0.0,0.0,33.438705,34.207253,0.36,1.65,1.0,0.0,0.0,0.575,False
2026-08-08,CASE_17,RIM-LR-CCLR-EYEILLUM-010,Amazon,"Complexion, Concealer, Makeup",5. Low/Zero Velocity + Stockout,0.0,0.0,0.0,0.0,0.0,33.438705,34.207253,0.33,1.63,1.0,0.0,0.0,0.525,False
2026-08-09,CASE_17,RIM-LR-CCLR-EYEILLUM-010,Amazon,"Complexion, Concealer, Makeup",5. Low/Zero Velocity + Stockout,0.0,0.0,0.0,0.0,0.0,33.438705,34.207253,0.37,1.71,1.0,0.0,0.0,0.635,False
2026-08-10,CASE_17,RIM-LR-CCLR-EYEILLUM-010,Amazon,"Complexion, Concealer, Makeup",5. Low/Zero Velocity + Stockout,0.0,0.0,0.0,0.0,0.0,33.438705,34.207253,0.37,1.61,1.0,0.0,0.0,0.5549999999999999,False
2026-08-11,CASE_17,RIM-LR-CCLR-EYEILLUM-010,Amazon,"Complexion, Concealer, Makeup",5. Low/Zero Velocity + Stockout,0.0,0.0,0.0,0.0,0.0,33.438705,34.207253,0.41,1.64,1.0,0.0,0.0,0.595,False
2026-08-12,CASE_17,RIM-LR-CCLR-EYEILLUM-010,Amazon,"Complexion, Concealer, Makeup",5. Low/Zero Velocity + Stockout,0.0,0.0,0.0,0.0,0.0,33.438705,34.207253,0.38,1.68,1.0,0.0,0.0,0.61,False
2026-08-13,CASE_17,RIM-LR-CCLR-EYEILLUM-010,Amazon,"Complexion, Concealer, Makeup",5. Low/Zero Velocity + Stockout,0.0,0.0,0.0,0.0,0.0,33.438705,34.207253,0.39,1.72,1.0,0.0,0.0,0.615,False
2026-08-14,CASE_17,RIM-LR-CCLR-EYEILLUM-010,Amazon,"Complexion, Concealer, Makeup",5. Low/Zero Velocity + Stockout,0.0,0.0,0.0,0.0,0.0,33.438705,34.207253,0.38,1.64,1.0,0.0,0.0,0.595,False
2026-08-15,CASE_17,RIM-LR-CCLR-EYEILLUM-010,Amazon,"Complexion, Concealer, Makeup",5. Low/Zero Velocity + Stockout,0.0,0.0,0.0,0.0,0.0,33.438705,34.207253,0.4,1.65,1.0,0.0,0.0,0.6,False
2026-08-16,CASE_17,RIM-LR-CCLR-EYEILLUM-010,Amazon,"Complexion, Concealer, Makeup",5. Low/Zero Velocity + Stockout,0.0,0.0,0.0,0.0,0.0,33.438705,34.207253,0.38,1.74,1.0,0.0,0.0,0.64,False
2026-08-17,CASE_17,RIM-LR-CCLR-EYEILLUM-010,Amazon,"Complexion, Concealer, Makeup",5. Low/Zero Velocity + Stockout,0.0,0.0,0.0,0.0,0.0,33.438705,34.207253,0.35,1.61,1.0,0.0,0.0,0.54,False
2026-08-18,CASE_17,RIM-LR-CCLR-EYEILLUM-010,Amazon,"Complexion, Concealer, Makeup",5. Low/Zero Velocity + Stockout,0.0,0.0,0.0,0.0,0.0,33.438705,34.207253,0.38,1.59,1.0,0.0,0.0,0.525,False
2026-08-19,CASE_17,RIM-LR-CCLR-EYEILLUM-010,Amazon,"Complexion, Concealer, Makeup",5. Low/Zero Velocity + Stockout,0.0,0.0,0.0,0.0,0.0,33.438705,34.207253,0.41,1.62,1.0,0.0,0.0,0.59,False
2026-08-20,CASE_17,RIM-LR-CCLR-EYEILLUM-010,Amazon,"Complexion, Concealer, Makeup",5. Low/Zero Velocity + Stockout,0.0,0.0,0.0,0.0,0.0,33.438705,34.207253,0.39,1.7,1.0,0.0,0.0,0.62,False
2026-08-21,CASE_17,RIM-LR-CCLR-EYEILLUM-010,Amazon,"Complexion, Concealer, Makeup",5. Low/Zero Velocity + Stockout,0.0,0.0,0.0,0.0,0.0,33.438705,34.207253,0.36,1.73,1.0,0.0,0.0,0.6499999999999999,False
2026-08-22,CASE_17,RIM-LR-CCLR-EYEILLUM-010,Amazon,"Complexion, Concealer, Makeup",5. Low/Zero Velocity + Stockout,0.0,0.0,0.0,0.0,0.0,33.438705,34.207253,0.39,1.69,1.0,0.0,0.0,0.625,False
2026-08-23,CASE_17,RIM-LR-CCLR-EYEILLUM-010,Amazon,"Complexion, Concealer, Makeup",5. Low/Zero Velocity + Stockout,0.0,0.0,0.0,0.0,0.0,33.438705,34.207253,0.38,1.59,1.0,0.0,0.0,0.54,False
2026-08-24,CASE_17,RIM-LR-CCLR-EYEILLUM-010,Amazon,"Complexion, Concealer, Makeup",5. Low/Zero Velocity + Stockout,0.0,0.0,0.0,0.0,0.0,33.438705,34.207253,0.38,1.67,1.0,0.0,0.0,0.6,False
2026-08-25,CASE_17,RIM-LR-CCLR-EYEILLUM-010,Amazon,"Complexion, Concealer, Makeup",5. Low/Zero Velocity + Stockout,0.0,0.0,0.0,0.0,0.0,33.438705,34.207253,0.41,1.74,1.0,0.0,0.0,0.6599999999999999,False
2026-08-26,CASE_17,RIM-LR-CCLR-EYEILLUM-010,Amazon,"Complexion, Concealer, Makeup",5. Low/Zero Velocity + Stockout,0.0,0.0,0.0,0.0,0.0,33.438705,34.207253,0.38,1.71,1.0,0.0,0.0,0.615,False
2026-08-27,CASE_17,RIM-LR-CCLR-EYEILLUM-010,Amazon,"Complexion, Concealer, Makeup",5. Low/Zero Velocity + Stockout,0.0,0.0,0.0,0.0,0.0,33.438705,34.207253,0.38,1.76,1.0,0.0,0.0,0.665,False
2026-08-28,CASE_17,RIM-LR-CCLR-EYEILLUM-010,Amazon,"Complexion, Concealer, Makeup",5. Low/Zero Velocity + Stockout,0.0,0.0,0.0,0.0,0.0,33.438705,34.207253,0.36,1.81,1.0,0.0,0.0,0.71,False
2026-08-29,CASE_17,RIM-LR-CCLR-EYEILLUM-010,Amazon,"Complexion, Concealer, Makeup",5. Low/Zero Velocity + Stockout,0.0,0.0,0.0,0.0,0.0,33.438705,34.207253,0.37,1.63,1.0,0.0,0.0,0.56,False
2026-08-30,CASE_17,RIM-LR-CCLR-EYEILLUM-010,Amazon,"Complexion, Concealer, Makeup",5. Low/Zero Velocity + Stockout,0.0,0.0,0.0,0.0,0.0,33.438705,34.207253,0.43,1.64,1.0,0.0,0.0,0.59,False
2026-08-31,CASE_17,RIM-LR-CCLR-EYEILLUM-010,Amazon,"Complexion, Concealer, Makeup",5. Low/Zero Velocity + Stockout,0.0,0.0,0.0,0.0,0.0,33.438705,34.207253,0.37,1.81,1.0,0.0,0.0,0.685,False
2026-07-01,CASE_10,RIM-MAGNIF-PAL-009,Amazon,"Eyeshadow Palettes, Makeup, Palettes",3. Medium Velocity + Low Stock,12.0,0.0,999.0,0.0,0.0,31.662386,32.05934,0.04,0.02,0.0,0.0,1.0,0.98,False
2026-07-02,CASE_10,RIM-MAGNIF-PAL-009,Amazon,"Eyeshadow Palettes, Makeup, Palettes",3. Medium Velocity + Low Stock,12.0,0.0,999.0,0.0,0.0,31.662386,32.05934,0.04,0.03,0.0,0.0,1.0,0.98,False
2026-07-03,CASE_10,RIM-MAGNIF-PAL-009,Amazon,"Eyeshadow Palettes, Makeup, Palettes",3. Medium Velocity + Low Stock,12.0,0.0,999.0,0.0,0.0,31.662386,32.05934,0.04,0.02,0.0,0.0,1.0,0.985,False
2026-07-04,CASE_10,RIM-MAGNIF-PAL-009,Amazon,"Eyeshadow Palettes, Makeup, Palettes",3. Medium Velocity + Low Stock,12.0,0.0,999.0,0.0,0.0,31.662386,32.05934,0.04,0.03,0.0,0.0,1.0,0.98,False
2026-07-05,CASE_10,RIM-MAGNIF-PAL-009,Amazon,"Eyeshadow Palettes, Makeup, Palettes",3. Medium Velocity + Low Stock,12.0,0.0,999.0,0.0,0.0,31.662386,32.05934,0.04,0.03,0.0,0.0,1.0,0.98,False
2026-07-06,CASE_10,RIM-MAGNIF-PAL-009,Amazon,"Eyeshadow Palettes, Makeup, Palettes",3. Medium Velocity + Low Stock,11.0,0.0,999.0,0.0,0.0,31.662386,32.05934,0.04,0.02,0.0,0.0,1.0,0.985,False
2026-07-07,CASE_10,RIM-MAGNIF-PAL-009,Amazon,"Eyeshadow Palettes, Makeup, Palettes",3. Medium Velocity + Low Stock,11.0,0.0,999.0,0.0,0.0,31.662386,32.05934,0.04,0.02,0.0,0.0,1.0,0.985,False
2026-07-08,CASE_10,RIM-MAGNIF-PAL-009,Amazon,"Eyeshadow Palettes, Makeup, Palettes",3. Medium Velocity + Low Stock,11.0,0.0,999.0,0.0,0.0,31.662386,32.05934,0.04,0.03,0.0,0.0,1.0,0.975,False
2026-07-09,CASE_10,RIM-MAGNIF-PAL-009,Amazon,"Eyeshadow Palettes, Makeup, Palettes",3. Medium Velocity + Low Stock,11.0,0.0,999.0,0.0,0.0,31.662386,32.05934,0.04,0.02,0.0,0.0,1.0,0.98,False
2026-07-10,CASE_10,RIM-MAGNIF-PAL-009,Amazon,"Eyeshadow Palettes, Makeup, Palettes",3. Medium Velocity + Low Stock,11.0,0.0,999.0,0.0,0.0,31.662386,32.05934,0.04,0.04,0.0,0.0,1.0,0.975,False
2026-07-11,CASE_10,RIM-MAGNIF-PAL-009,Amazon,"Eyeshadow Palettes, Makeup, Palettes",3. Medium Velocity + Low Stock,11.0,0.0,999.0,0.0,0.0,31.662386,32.05934,0.03,0.03,0.0,0.0,1.0,0.98,False
2026-07-12,CASE_10,RIM-MAGNIF-PAL-009,Amazon,"Eyeshadow Palettes, Makeup, Palettes",3. Medium Velocity + Low Stock,11.0,0.0,999.0,0.0,0.0,31.662386,32.05934,0.04,0.03,0.0,0.0,1.0,0.98,False
2026-07-13,CASE_10,RIM-MAGNIF-PAL-009,Amazon,"Eyeshadow Palettes, Makeup, Palettes",3. Medium Velocity + Low Stock,11.0,0.0,999.0,0.0,0.0,31.662386,32.05934,0.03,0.02,0.0,0.0,1.0,0.98,False
2026-07-14,CASE_10,RIM-MAGNIF-PAL-009,Amazon,"Eyeshadow Palettes, Makeup, Palettes",3. Medium Velocity + Low Stock,11.0,0.0,999.0,0.0,0.0,31.662386,32.05934,0.04,0.03,0.0,0.0,1.0,0.98,False
2026-07-15,CASE_10,RIM-MAGNIF-PAL-009,Amazon,"Eyeshadow Palettes, Makeup, Palettes",3. Medium Velocity + Low Stock,11.0,0.0,999.0,0.0,0.0,31.662386,32.05934,0.04,0.04,0.0,0.0,1.0,0.975,False
2026-07-16,CASE_10,RIM-MAGNIF-PAL-009,Amazon,"Eyeshadow Palettes, Makeup, Palettes",3. Medium Velocity + Low Stock,11.0,0.0,999.0,0.0,0.0,31.662386,32.05934,0.04,0.03,0.0,0.0,1.0,0.975,False
2026-07-17,CASE_10,RIM-MAGNIF-PAL-009,Amazon,"Eyeshadow Palettes, Makeup, Palettes",3. Medium Velocity + Low Stock,11.0,0.0,999.0,0.0,0.0,31.662386,32.05934,0.04,0.03,0.0,0.0,1.0,0.975,False
2026-07-18,CASE_10,RIM-MAGNIF-PAL-009,Amazon,"Eyeshadow Palettes, Makeup, Palettes",3. Medium Velocity + Low Stock,11.0,0.0,999.0,0.0,0.0,31.662386,32.05934,0.04,0.02,0.0,0.0,1.0,0.98,False
2026-07-19,CASE_10,RIM-MAGNIF-PAL-009,Amazon,"Eyeshadow Palettes, Makeup, Palettes",3. Medium Velocity + Low Stock,11.0,0.0,999.0,0.0,0.0,31.662386,32.05934,0.04,0.04,0.0,0.0,1.0,0.97,False
2026-07-20,CASE_10,RIM-MAGNIF-PAL-009,Amazon,"Eyeshadow Palettes, Makeup, Palettes",3. Medium Velocity + Low Stock,11.0,0.0,999.0,0.0,0.0,31.662386,32.05934,0.03,0.02,0.0,0.0,1.0,0.98,False
2026-07-21,CASE_10,RIM-MAGNIF-PAL-009,Amazon,"Eyeshadow Palettes, Makeup, Palettes",3. Medium Velocity + Low Stock,11.0,0.0,999.0,0.0,0.0,31.662386,32.05934,0.04,0.03,0.0,0.0,1.0,0.98,False
2026-07-22,CASE_10,RIM-MAGNIF-PAL-009,Amazon,"Eyeshadow Palettes, Makeup, Palettes",3. Medium Velocity + Low Stock,11.0,0.0,999.0,0.0,0.0,31.662386,32.05934,0.04,0.03,0.0,0.0,1.0,0.975,False
2026-07-23,CASE_10,RIM-MAGNIF-PAL-009,Amazon,"Eyeshadow Palettes, Makeup, Palettes",3. Medium Velocity + Low Stock,11.0,0.0,999.0,0.0,0.0,31.662386,32.05934,0.04,0.02,0.0,0.0,1.0,0.98,False
2026-07-24,CASE_10,RIM-MAGNIF-PAL-009,Amazon,"Eyeshadow Palettes, Makeup, Palettes",3. Medium Velocity + Low Stock,11.0,0.0,999.0,0.0,0.0,31.662386,32.05934,0.04,0.02,0.0,0.0,1.0,0.98,False
2026-07-25,CASE_10,RIM-MAGNIF-PAL-009,Amazon,"Eyeshadow Palettes, Makeup, Palettes",3. Medium Velocity + Low Stock,11.0,0.0,999.0,0.0,0.0,31.662386,32.05934,0.03,0.02,0.0,0.0,1.0,0.98,False
2026-07-26,CASE_10,RIM-MAGNIF-PAL-009,Amazon,"Eyeshadow Palettes, Makeup, Palettes",3. Medium Velocity + Low Stock,11.0,0.0,999.0,0.0,0.0,31.662386,32.05934,0.04,0.03,0.0,0.0,1.0,0.975,False
2026-07-27,CASE_10,RIM-MAGNIF-PAL-009,Amazon,"Eyeshadow Palettes, Makeup, Palettes",3. Medium Velocity + Low Stock,11.0,0.0,999.0,0.0,0.0,31.662386,32.05934,0.04,0.03,0.0,0.0,1.0,0.98,False
2026-07-28,CASE_10,RIM-MAGNIF-PAL-009,Amazon,"Eyeshadow Palettes, Makeup, Palettes",3. Medium Velocity + Low Stock,11.0,0.0,999.0,0.0,0.0,31.662386,32.05934,0.04,0.03,0.0,0.0,1.0,0.98,False
2026-07-29,CASE_10,RIM-MAGNIF-PAL-009,Amazon,"Eyeshadow Palettes, Makeup, Palettes",3. Medium Velocity + Low Stock,11.0,0.0,999.0,0.0,0.0,31.662386,32.05934,0.04,0.02,0.0,0.0,1.0,0.985,False
2026-07-30,CASE_10,RIM-MAGNIF-PAL-009,Amazon,"Eyeshadow Palettes, Makeup, Palettes",3. Medium Velocity + Low Stock,11.0,0.0,999.0,0.0,0.0,31.662386,32.05934,0.04,0.03,0.0,0.0,1.0,0.98,False
2026-07-31,CASE_10,RIM-MAGNIF-PAL-009,Amazon,"Eyeshadow Palettes, Makeup, Palettes",3. Medium Velocity + Low Stock,11.0,0.0,999.0,0.0,0.0,31.662386,32.05934,0.04,0.03,0.0,0.0,1.0,0.98,False
2026-08-01,CASE_10,RIM-MAGNIF-PAL-009,Amazon,"Eyeshadow Palettes, Makeup, Palettes",3. Medium Velocity + Low Stock,11.0,0.0,999.0,0.0,0.0,31.778929,32.40267,0.04,0.02,0.0,0.0,1.0,0.985,False
2026-08-02,CASE_10,RIM-MAGNIF-PAL-009,Amazon,"Eyeshadow Palettes, Makeup, Palettes",3. Medium Velocity + Low Stock,11.0,0.0,999.0,0.0,0.0,31.778929,32.40267,0.03,0.02,0.0,0.0,1.0,0.98,False
2026-08-03,CASE_10,RIM-MAGNIF-PAL-009,Amazon,"Eyeshadow Palettes, Makeup, Palettes",3. Medium Velocity + Low Stock,11.0,0.0,999.0,0.0,0.0,31.778929,32.40267,0.03,0.02,0.0,0.0,1.0,0.985,False
2026-08-04,CASE_10,RIM-MAGNIF-PAL-009,Amazon,"Eyeshadow Palettes, Makeup, Palettes",3. Medium Velocity + Low Stock,11.0,0.0,999.0,0.0,0.0,31.778929,32.40267,0.04,0.03,0.0,0.0,1.0,0.975,False
2026-08-05,CASE_10,RIM-MAGNIF-PAL-009,Amazon,"Eyeshadow Palettes, Makeup, Palettes",3. Medium Velocity + Low Stock,11.0,0.0,999.0,0.0,0.0,31.778929,32.40267,0.04,0.03,0.0,0.0,1.0,0.98,False
2026-08-06,CASE_10,RIM-MAGNIF-PAL-009,Amazon,"Eyeshadow Palettes, Makeup, Palettes",3. Medium Velocity + Low Stock,11.0,0.0,999.0,0.0,0.0,31.778929,32.40267,0.04,0.03,0.0,0.0,1.0,0.98,False
2026-08-07,CASE_10,RIM-MAGNIF-PAL-009,Amazon,"Eyeshadow Palettes, Makeup, Palettes",3. Medium Velocity + Low Stock,11.0,0.0,999.0,0.0,0.0,31.778929,32.40267,0.04,0.03,0.0,0.0,1.0,0.98,False
2026-08-08,CASE_10,RIM-MAGNIF-PAL-009,Amazon,"Eyeshadow Palettes, Makeup, Palettes",3. Medium Velocity + Low Stock,11.0,0.0,999.0,0.0,0.0,31.778929,32.40267,0.03,0.03,0.0,0.0,1.0,0.975,False
2026-08-09,CASE_10,RIM-MAGNIF-PAL-009,Amazon,"Eyeshadow Palettes, Makeup, Palettes",3. Medium Velocity + Low Stock,11.0,0.0,999.0,0.0,0.0,31.778929,32.40267,0.04,0.03,0.0,0.0,1.0,0.98,False
2026-08-10,CASE_10,RIM-MAGNIF-PAL-009,Amazon,"Eyeshadow Palettes, Makeup, Palettes",3. Medium Velocity + Low Stock,11.0,0.0,999.0,0.0,0.0,31.778929,32.40267,0.04,0.03,0.0,0.0,1.0,0.975,False
2026-08-11,CASE_10,RIM-MAGNIF-PAL-009,Amazon,"Eyeshadow Palettes, Makeup, Palettes",3. Medium Velocity + Low Stock,11.0,0.0,999.0,0.0,0.0,31.778929,32.40267,0.04,0.02,0.0,0.0,1.0,0.99,False
2026-08-12,CASE_10,RIM-MAGNIF-PAL-009,Amazon,"Eyeshadow Palettes, Makeup, Palettes",3. Medium Velocity + Low Stock,11.0,0.0,999.0,0.0,0.0,31.778929,32.40267,0.04,0.03,0.0,0.0,1.0,0.98,False
2026-08-13,CASE_10,RIM-MAGNIF-PAL-009,Amazon,"Eyeshadow Palettes, Makeup, Palettes",3. Medium Velocity + Low Stock,11.0,0.0,999.0,0.0,1.0,31.778929,32.40267,0.04,0.02,0.0,0.0,1.0,0.98,False
2026-08-14,CASE_10,RIM-MAGNIF-PAL-009,Amazon,"Eyeshadow Palettes, Makeup, Palettes",3. Medium Velocity + Low Stock,11.0,0.0,999.0,0.0,2.0,31.778929,32.40267,0.04,0.03,0.0,0.0,1.0,0.975,False
2026-08-15,CASE_10,RIM-MAGNIF-PAL-009,Amazon,"Eyeshadow Palettes, Makeup, Palettes",3. Medium Velocity + Low Stock,11.0,0.0,999.0,0.0,2.0,31.778929,32.40267,0.03,0.02,0.0,0.0,1.0,0.985,False
2026-08-16,CASE_10,RIM-MAGNIF-PAL-009,Amazon,"Eyeshadow Palettes, Makeup, Palettes",3. Medium Velocity + Low Stock,11.0,0.0,999.0,0.0,3.0,31.778929,32.40267,0.04,0.03,0.0,0.0,1.0,0.98,False
2026-08-17,CASE_10,RIM-MAGNIF-PAL-009,Amazon,"Eyeshadow Palettes, Makeup, Palettes",3. Medium Velocity + Low Stock,11.0,0.0,999.0,0.0,3.0,31.778929,32.40267,0.04,0.03,0.0,0.0,1.0,0.98,False
2026-08-18,CASE_10,RIM-MAGNIF-PAL-009,Amazon,"Eyeshadow Palettes, Makeup, Palettes",3. Medium Velocity + Low Stock,11.0,0.0,999.0,0.0,4.0,31.778929,32.40267,0.04,0.03,0.0,0.0,1.0,0.98,False
2026-08-19,CASE_10,RIM-MAGNIF-PAL-009,Amazon,"Eyeshadow Palettes, Makeup, Palettes",3. Medium Velocity + Low Stock,11.0,0.0,999.0,0.0,4.0,31.778929,32.40267,0.04,0.03,0.0,0.0,1.0,0.98,False
2026-08-20,CASE_10,RIM-MAGNIF-PAL-009,Amazon,"Eyeshadow Palettes, Makeup, Palettes",3. Medium Velocity + Low Stock,10.0,0.0,999.0,1.0,4.0,31.778929,32.40267,0.04,0.03,0.0,0.0,1.0,0.98,False
2026-08-21,CASE_10,RIM-MAGNIF-PAL-009,Amazon,"Eyeshadow Palettes, Makeup, Palettes",3. Medium Velocity + Low Stock,9.0,0.07142857142857142,126.0,1.0,3.0,31.509775,32.1223,0.08,0.32,0.0,0.0,1.0,0.675,False
2026-08-22,CASE_10,RIM-MAGNIF-PAL-009,Amazon,"Eyeshadow Palettes, Makeup, Palettes",3. Medium Velocity + Low Stock,9.0,0.14285714285714285,63.0,0.0,3.0,31.472506,31.9728,0.1,0.31,0.0,0.0,1.0,0.615,False
2026-08-23,CASE_10,RIM-MAGNIF-PAL-009,Amazon,"Eyeshadow Palettes, Makeup, Palettes",3. Medium Velocity + Low Stock,8.0,0.14285714285714285,56.0,1.0,2.0,31.472506,31.9728,0.12,0.42,0.0,0.0,1.0,0.5449999999999999,False
2026-08-24,CASE_10,RIM-MAGNIF-PAL-009,Amazon,"Eyeshadow Palettes, Makeup, Palettes",3. Medium Velocity + Low Stock,8.0,0.21428571428571427,37.3,0.0,2.0,31.373102,31.791607,0.15,0.73,0.0,0.0,1.0,0.33,False
2026-08-25,CASE_10,RIM-MAGNIF-PAL-009,Amazon,"Eyeshadow Palettes, Makeup, Palettes",3. Medium Velocity + Low Stock,7.0,0.21428571428571427,32.7,1.0,1.0,31.373102,31.791607,0.15,0.62,0.0,0.0,1.0,0.28,False
2026-08-26,CASE_10,RIM-MAGNIF-PAL-009,Amazon,"Eyeshadow Palettes, Makeup, Palettes",3. Medium Velocity + Low Stock,7.0,0.2857142857142857,24.5,0.0,1.0,31.373102,31.939985,0.2,0.8,0.0,1.0,0.0,0.315,False
2026-08-27,CASE_10,RIM-MAGNIF-PAL-009,Amazon,"Eyeshadow Palettes, Makeup, Palettes",3. Medium Velocity + Low Stock,6.0,0.2857142857142857,21.0,1.0,1.0,31.373102,31.939985,0.2,0.83,0.0,1.0,0.0,0.305,False
2026-08-28,CASE_10,RIM-MAGNIF-PAL-009,Amazon,"Eyeshadow Palettes, Makeup, Palettes",3. Medium Velocity + Low Stock,6.0,0.35714285714285715,16.8,0.0,3.0,31.354963,31.939985,0.27,0.97,0.0,1.0,0.0,0.475,False
2026-08-29,CASE_10,RIM-MAGNIF-PAL-009,Amazon,"Eyeshadow Palettes, Makeup, Palettes",3. Medium Velocity + Low Stock,6.0,0.35714285714285715,16.8,0.0,4.0,31.354963,31.939985,0.3,1.09,0.0,1.0,0.0,0.4,False
2026-08-30,CASE_10,RIM-MAGNIF-PAL-009,Amazon,"Eyeshadow Palettes, Makeup, Palettes",3. Medium Velocity + Low Stock,6.0,0.35714285714285715,16.8,0.0,5.0,31.354963,31.939985,0.26,1.0,0.0,1.0,0.0,0.42500000000000004,False
2026-08-31,CASE_10,RIM-MAGNIF-PAL-009,Amazon,"Eyeshadow Palettes, Makeup, Palettes",3. Medium Velocity + Low Stock,6.0,0.35714285714285715,16.8,0.0,6.0,31.354963,31.939985,0.22,0.88,0.0,1.0,0.0,0.38,False
2026-07-01,CASE_22,RIM-MBP-003,eBay,"Brow Pencils, Brows, Makeup",6. Low Velocity + High Stock,1497.0,0.0,999.0,0.0,0.0,18.960625,18.721468,0.03,0.03,0.0,0.0,1.0,0.98,False
2026-07-02,CASE_22,RIM-MBP-003,eBay,"Brow Pencils, Brows, Makeup",6. Low Velocity + High Stock,1497.0,0.0,999.0,0.0,0.0,18.960625,18.721468,0.03,0.03,0.0,0.0,1.0,0.98,False
2026-07-03,CASE_22,RIM-MBP-003,eBay,"Brow Pencils, Brows, Makeup",6. Low Velocity + High Stock,1497.0,0.0,999.0,0.0,0.0,18.960625,18.721468,0.03,0.02,0.0,0.0,1.0,0.985,False
2026-07-04,CASE_22,RIM-MBP-003,eBay,"Brow Pencils, Brows, Makeup",6. Low Velocity + High Stock,1497.0,0.0,999.0,0.0,0.0,18.960625,18.721468,0.03,0.03,0.0,0.0,1.0,0.975,False
2026-07-05,CASE_22,RIM-MBP-003,eBay,"Brow Pencils, Brows, Makeup",6. Low Velocity + High Stock,1497.0,0.0,999.0,0.0,1.0,18.960625,18.721468,0.03,0.03,0.0,0.0,1.0,0.975,False
2026-07-06,CASE_22,RIM-MBP-003,eBay,"Brow Pencils, Brows, Makeup",6. Low Velocity + High Stock,1497.0,0.0,999.0,0.0,1.0,18.960625,18.721468,0.03,0.02,0.0,0.0,1.0,0.985,False
2026-07-07,CASE_22,RIM-MBP-003,eBay,"Brow Pencils, Brows, Makeup",6. Low Velocity + High Stock,1497.0,0.0,999.0,0.0,1.0,18.960625,18.721468,0.03,0.03,0.0,0.0,1.0,0.98,False
2026-07-08,CASE_22,RIM-MBP-003,eBay,"Brow Pencils, Brows, Makeup",6. Low Velocity + High Stock,1497.0,0.0,999.0,0.0,1.0,18.960625,18.721468,0.03,0.03,0.0,0.0,1.0,0.975,False
2026-07-09,CASE_22,RIM-MBP-003,eBay,"Brow Pencils, Brows, Makeup",6. Low Velocity + High Stock,1497.0,0.0,999.0,0.0,2.0,18.960625,18.721468,0.03,0.02,0.0,0.0,1.0,0.985,False
2026-07-10,CASE_22,RIM-MBP-003,eBay,"Brow Pencils, Brows, Makeup",6. Low Velocity + High Stock,1497.0,0.0,999.0,0.0,2.0,18.960625,18.721468,0.03,0.02,0.0,0.0,1.0,0.985,False
2026-07-11,CASE_22,RIM-MBP-003,eBay,"Brow Pencils, Brows, Makeup",6. Low Velocity + High Stock,1497.0,0.0,999.0,0.0,2.0,18.960625,18.721468,0.03,0.03,0.0,0.0,1.0,0.98,False
2026-07-12,CASE_22,RIM-MBP-003,eBay,"Brow Pencils, Brows, Makeup",6. Low Velocity + High Stock,1375.0,0.0,999.0,1.0,1.0,18.960625,18.721468,0.03,0.03,0.0,0.0,1.0,0.98,False
2026-07-13,CASE_22,RIM-MBP-003,eBay,"Brow Pencils, Brows, Makeup",6. Low Velocity + High Stock,1375.0,0.07142857142857142,19250.0,0.0,1.0,18.960625,18.46261,0.03,0.07,0.0,0.0,1.0,0.9450000000000001,False
2026-07-14,CASE_22,RIM-MBP-003,eBay,"Brow Pencils, Brows, Makeup",6. Low Velocity + High Stock,1375.0,0.07142857142857142,19250.0,0.0,1.0,18.960625,18.46261,0.03,0.08,0.0,0.0,1.0,0.94,False
2026-07-15,CASE_22,RIM-MBP-003,eBay,"Brow Pencils, Brows, Makeup",6. Low Velocity + High Stock,1375.0,0.07142857142857142,19250.0,0.0,2.0,18.960625,18.46261,0.03,0.1,0.0,0.0,1.0,0.925,False
2026-07-16,CASE_22,RIM-MBP-003,eBay,"Brow Pencils, Brows, Makeup",6. Low Velocity + High Stock,1254.0,0.07142857142857142,17556.0,1.0,1.0,18.960625,18.46261,0.03,0.1,0.0,0.0,1.0,0.925,False
2026-07-17,CASE_22,RIM-MBP-003,eBay,"Brow Pencils, Brows, Makeup",6. Low Velocity + High Stock,1254.0,0.14285714285714285,8778.0,0.0,1.0,18.45347,18.46261,0.03,0.08,0.0,0.0,1.0,0.94,False
2026-07-18,CASE_22,RIM-MBP-003,eBay,"Brow Pencils, Brows, Makeup",6. Low Velocity + High Stock,1254.0,0.14285714285714285,8778.0,0.0,1.0,18.45347,18.46261,0.03,0.11,0.0,0.0,1.0,0.915,False
2026-07-19,CASE_22,RIM-MBP-003,eBay,"Brow Pencils, Brows, Makeup",6. Low Velocity + High Stock,1254.0,0.14285714285714285,8778.0,0.0,1.0,18.45347,18.46261,0.03,0.07,0.0,0.0,1.0,0.95,False
2026-07-20,CASE_22,RIM-MBP-003,eBay,"Brow Pencils, Brows, Makeup",6. Low Velocity + High Stock,1254.0,0.14285714285714285,8778.0,0.0,1.0,18.45347,18.46261,0.03,0.1,0.0,0.0,1.0,0.925,False
2026-07-21,CASE_22,RIM-MBP-003,eBay,"Brow Pencils, Brows, Makeup",6. Low Velocity + High Stock,1254.0,0.14285714285714285,8778.0,0.0,1.0,18.960625,18.46261,0.03,0.09,0.0,0.0,1.0,0.935,False
2026-07-22,CASE_22,RIM-MBP-003,eBay,"Brow Pencils, Brows, Makeup",6. Low Velocity + High Stock,1253.0,0.14285714285714285,8771.0,1.0,0.0,18.960625,18.46261,0.03,0.07,0.0,0.0,1.0,0.9450000000000001,False
2026-07-23,CASE_22,RIM-MBP-003,eBay,"Brow Pencils, Brows, Makeup",6. Low Velocity + High Stock,1253.0,0.21428571428571427,5847.3,0.0,0.0,18.45347,18.46261,0.03,0.09,0.0,0.0,1.0,0.935,False
2026-07-24,CASE_22,RIM-MBP-003,eBay,"Brow Pencils, Brows, Makeup",6. Low Velocity + High Stock,1253.0,0.21428571428571427,5847.3,0.0,0.0,18.45347,18.46261,0.03,0.07,0.0,0.0,1.0,0.9450000000000001,False
2026-07-25,CASE_22,RIM-MBP-003,eBay,"Brow Pencils, Brows, Makeup",6. Low Velocity + High Stock,1253.0,0.21428571428571427,5847.3,0.0,0.0,18.45347,18.46261,0.03,0.1,0.0,0.0,1.0,0.925,False
2026-07-26,CASE_22,RIM-MBP-003,eBay,"Brow Pencils, Brows, Makeup",6. Low Velocity + High Stock,1253.0,0.21428571428571427,5847.3,0.0,0.0,18.45347,18.46261,0.03,0.1,0.0,0.0,1.0,0.925,False
2026-07-27,CASE_22,RIM-MBP-003,eBay,"Brow Pencils, Brows, Makeup",6. Low Velocity + High Stock,1253.0,0.14285714285714285,8771.0,0.0,0.0,18.45347,18.46261,0.03,0.11,0.0,0.0,1.0,0.915,False
2026-07-28,CASE_22,RIM-MBP-003,eBay,"Brow Pencils, Brows, Makeup",6. Low Velocity + High Stock,1253.0,0.14285714285714285,8771.0,0.0,0.0,18.45347,18.46261,0.03,0.06,0.0,0.0,1.0,0.9550000000000001,False
2026-07-29,CASE_22,RIM-MBP-003,eBay,"Brow Pencils, Brows, Makeup",6. Low Velocity + High Stock,1011.0,0.14285714285714285,7077.0,0.0,0.0,18.45347,18.46261,0.04,0.08,0.0,0.0,1.0,0.94,False
2026-07-30,CASE_22,RIM-MBP-003,eBay,"Brow Pencils, Brows, Makeup",6. Low Velocity + High Stock,1011.0,0.14285714285714285,7077.0,0.0,0.0,18.45347,18.46261,0.03,0.05,0.0,0.0,1.0,0.96,False
2026-07-31,CASE_22,RIM-MBP-003,eBay,"Brow Pencils, Brows, Makeup",6. Low Velocity + High Stock,1011.0,0.07142857142857142,14154.0,0.0,0.0,18.45347,18.46261,0.03,0.07,0.0,0.0,1.0,0.9450000000000001,False
2026-08-01,CASE_22,RIM-MBP-003,eBay,"Brow Pencils, Brows, Makeup",6. Low Velocity + High Stock,1011.0,0.07142857142857142,14154.0,0.0,0.0,19.28785,19.198242,0.03,0.07,0.0,0.0,1.0,0.9450000000000001,False
2026-08-02,CASE_22,RIM-MBP-003,eBay,"Brow Pencils, Brows, Makeup",6. Low Velocity + High Stock,1009.0,0.07142857142857142,14126.0,0.0,0.0,19.28785,19.198242,0.04,0.06,0.0,0.0,1.0,0.9550000000000001,False
2026-08-03,CASE_22,RIM-MBP-003,eBay,"Brow Pencils, Brows, Makeup",6. Low Velocity + High Stock,1009.0,0.07142857142857142,14126.0,0.0,0.0,19.28785,19.198242,0.03,0.06,0.0,0.0,1.0,0.96,False
2026-08-04,CASE_22,RIM-MBP-003,eBay,"Brow Pencils, Brows, Makeup",6. Low Velocity + High Stock,1009.0,0.07142857142857142,14126.0,0.0,0.0,19.28785,19.198242,0.03,0.07,0.0,0.0,1.0,0.95,False
2026-08-05,CASE_22,RIM-MBP-003,eBay,"Brow Pencils, Brows, Makeup",6. Low Velocity + High Stock,889.0,0.07142857142857142,12446.0,0.0,0.0,19.28785,19.198242,0.03,0.07,0.0,0.0,1.0,0.9450000000000001,False
2026-08-06,CASE_22,RIM-MBP-003,eBay,"Brow Pencils, Brows, Makeup",6. Low Velocity + High Stock,889.0,0.0,999.0,0.0,0.0,19.28785,19.198242,0.03,0.06,0.0,0.0,1.0,0.9550000000000001,False
2026-08-07,CASE_22,RIM-MBP-003,eBay,"Brow Pencils, Brows, Makeup",6. Low Velocity + High Stock,889.0,0.0,999.0,0.0,0.0,19.28785,19.198242,0.04,0.06,0.0,0.0,1.0,0.9550000000000001,False
2026-08-08,CASE_22,RIM-MBP-003,eBay,"Brow Pencils, Brows, Makeup",6. Low Velocity + High Stock,889.0,0.0,999.0,0.0,0.0,19.28785,19.198242,0.04,0.07,0.0,0.0,1.0,0.95,False
2026-08-09,CASE_22,RIM-MBP-003,eBay,"Brow Pencils, Brows, Makeup",6. Low Velocity + High Stock,889.0,0.0,999.0,0.0,0.0,19.28785,19.198242,0.03,0.06,0.0,0.0,1.0,0.95,False
2026-08-10,CASE_22,RIM-MBP-003,eBay,"Brow Pencils, Brows, Makeup",6. Low Velocity + High Stock,889.0,0.0,999.0,0.0,0.0,19.28785,19.198242,0.04,0.07,0.0,0.0,1.0,0.9450000000000001,False
2026-08-11,CASE_22,RIM-MBP-003,eBay,"Brow Pencils, Brows, Makeup",6. Low Velocity + High Stock,885.0,0.0,999.0,0.0,0.0,19.795004,19.198242,0.04,0.08,0.0,0.0,1.0,0.94,False
2026-08-12,CASE_22,RIM-MBP-003,eBay,"Brow Pencils, Brows, Makeup",6. Low Velocity + High Stock,884.0,0.0,999.0,0.0,0.0,19.795004,19.198242,0.03,0.06,0.0,0.0,1.0,0.9550000000000001,False
2026-08-13,CASE_22,RIM-MBP-003,eBay,"Brow Pencils, Brows, Makeup",6. Low Velocity + High Stock,884.0,0.0,999.0,0.0,0.0,19.795004,19.198242,0.03,0.06,0.0,0.0,1.0,0.96,False
2026-08-14,CASE_22,RIM-MBP-003,eBay,"Brow Pencils, Brows, Makeup",6. Low Velocity + High Stock,884.0,0.0,999.0,0.0,0.0,19.795004,19.198242,0.03,0.06,0.0,0.0,1.0,0.9550000000000001,False
2026-08-15,CASE_22,RIM-MBP-003,eBay,"Brow Pencils, Brows, Makeup",6. Low Velocity + High Stock,882.0,0.0,999.0,0.0,1.0,19.795004,19.198242,0.03,0.07,0.0,0.0,1.0,0.95,False
2026-08-16,CASE_22,RIM-MBP-003,eBay,"Brow Pencils, Brows, Makeup",6. Low Velocity + High Stock,882.0,0.0,999.0,0.0,1.0,19.795004,19.198242,0.03,0.07,0.0,0.0,1.0,0.9450000000000001,False
2026-08-17,CASE_22,RIM-MBP-003,eBay,"Brow Pencils, Brows, Makeup",6. Low Velocity + High Stock,869.0,0.0,999.0,0.0,1.0,19.795004,19.198242,0.03,0.08,0.0,0.0,1.0,0.94,False
2026-08-18,CASE_22,RIM-MBP-003,eBay,"Brow Pencils, Brows, Makeup",6. Low Velocity + High Stock,868.0,0.0,999.0,0.0,1.0,19.795004,19.198242,0.03,0.07,0.0,0.0,1.0,0.9450000000000001,False
2026-08-19,CASE_22,RIM-MBP-003,eBay,"Brow Pencils, Brows, Makeup",6. Low Velocity + High Stock,867.0,0.0,999.0,0.0,1.0,19.795004,19.198242,0.03,0.06,0.0,0.0,1.0,0.96,False
2026-08-20,CASE_22,RIM-MBP-003,eBay,"Brow Pencils, Brows, Makeup",6. Low Velocity + High Stock,865.0,0.0,999.0,0.0,1.0,19.795004,19.198242,0.03,0.06,0.0,0.0,1.0,0.95,False
2026-08-21,CASE_22,RIM-MBP-003,eBay,"Brow Pencils, Brows, Makeup",6. Low Velocity + High Stock,865.0,0.0,999.0,0.0,1.0,19.795004,19.198242,0.03,0.08,0.0,0.0,1.0,0.94,False
2026-08-22,CASE_22,RIM-MBP-003,eBay,"Brow Pencils, Brows, Makeup",6. Low Velocity + High Stock,861.0,0.0,999.0,1.0,0.0,19.795004,19.198242,0.03,0.03,0.0,0.0,1.0,0.975,False
2026-08-23,CASE_22,RIM-MBP-003,eBay,"Brow Pencils, Brows, Makeup",6. Low Velocity + High Stock,861.0,0.07142857142857142,12054.0,0.0,0.0,19.28785,19.198242,0.03,0.09,0.0,0.0,1.0,0.9299999999999999,False
2026-08-24,CASE_22,RIM-MBP-003,eBay,"Brow Pencils, Brows, Makeup",6. Low Velocity + High Stock,859.0,0.07142857142857142,12026.0,0.0,0.0,19.28785,19.198242,0.03,0.1,0.0,0.0,1.0,0.9199999999999999,False
2026-08-25,CASE_22,RIM-MBP-003,eBay,"Brow Pencils, Brows, Makeup",6. Low Velocity + High Stock,858.0,0.07142857142857142,12012.0,0.0,0.0,19.28785,19.198242,0.03,0.11,0.0,0.0,1.0,0.9199999999999999,False
2026-08-26,CASE_22,RIM-MBP-003,eBay,"Brow Pencils, Brows, Makeup",6. Low Velocity + High Stock,858.0,0.07142857142857142,12012.0,0.0,0.0,19.28785,19.198242,0.03,0.08,0.0,0.0,1.0,0.94,False
2026-08-27,CASE_22,RIM-MBP-003,eBay,"Brow Pencils, Brows, Makeup",6. Low Velocity + High Stock,850.0,0.07142857142857142,11900.0,0.0,0.0,19.28785,19.198242,0.03,0.08,0.0,0.0,1.0,0.94,False
2026-08-28,CASE_22,RIM-MBP-003,eBay,"Brow Pencils, Brows, Makeup",6. Low Velocity + High Stock,840.0,0.07142857142857142,11760.0,0.0,1.0,19.28785,19.198242,0.03,0.09,0.0,0.0,1.0,0.9299999999999999,False
2026-08-29,CASE_22,RIM-MBP-003,eBay,"Brow Pencils, Brows, Makeup",6. Low Velocity + High Stock,825.0,0.07142857142857142,11550.0,0.0,1.0,19.28785,19.198242,0.03,0.07,0.0,0.0,1.0,0.95,False
2026-08-30,CASE_22,RIM-MBP-003,eBay,"Brow Pencils, Brows, Makeup",6. Low Velocity + High Stock,822.0,0.07142857142857142,11508.0,0.0,1.0,19.28785,19.198242,0.03,0.07,0.0,0.0,1.0,0.95,False
2026-08-31,CASE_22,RIM-MBP-003,eBay,"Brow Pencils, Brows, Makeup",6. Low Velocity + High Stock,799.0,0.07142857142857142,11186.0,0.0,1.0,19.28785,19.198242,0.03,0.06,0.0,0.0,1.0,0.9550000000000001,False
2026-07-01,CASE_01,RIM-MSC-ACCEL-BLK,Amazon,Mascara,1. High Velocity + Low Stock,5.0,0.21428571428571427,23.3,0.0,0.0,32.48686,32.5034,0.19,0.92,0.0,0.0,1.0,0.475,False
2026-07-02,CASE_01,RIM-MSC-ACCEL-BLK,Amazon,Mascara,1. High Velocity + Low Stock,5.0,0.21428571428571427,23.3,0.0,0.0,32.48686,32.5034,0.15,0.72,0.0,0.0,1.0,0.48500000000000004,False
2026-07-03,CASE_01,RIM-MSC-ACCEL-BLK,Amazon,Mascara,1. High Velocity + Low Stock,5.0,0.14285714285714285,35.0,0.0,0.0,32.48686,32.5034,0.13,0.76,0.0,0.0,1.0,0.48,False
2026-07-04,CASE_01,RIM-MSC-ACCEL-BLK,Amazon,Mascara,1. High Velocity + Low Stock,5.0,0.14285714285714285,35.0,0.0,0.0,32.48686,32.5034,0.13,0.82,0.0,0.0,1.0,0.515,False
2026-07-05,CASE_01,RIM-MSC-ACCEL-BLK,Amazon,Mascara,1. High Velocity + Low Stock,5.0,0.07142857142857142,70.0,0.0,0.0,32.48686,32.5034,0.09,0.47,0.0,0.0,1.0,0.62,False
2026-07-06,CASE_01,RIM-MSC-ACCEL-BLK,Amazon,Mascara,1. High Velocity + Low Stock,5.0,0.0,999.0,0.0,0.0,32.48686,32.5034,0.06,0.25,0.0,0.0,1.0,0.8049999999999999,False
2026-07-07,CASE_01,RIM-MSC-ACCEL-BLK,Amazon,Mascara,1. High Velocity + Low Stock,5.0,0.0,999.0,0.0,0.0,32.48686,32.5034,0.05,0.21,0.0,0.0,1.0,0.835,False
2026-07-08,CASE_01,RIM-MSC-ACCEL-BLK,Amazon,Mascara,1. High Velocity + Low Stock,5.0,0.0,999.0,0.0,0.0,32.48686,32.5034,0.07,0.27,0.0,0.0,1.0,0.7849999999999999,False
2026-07-09,CASE_01,RIM-MSC-ACCEL-BLK,Amazon,Mascara,1. High Velocity + Low Stock,5.0,0.0,999.0,0.0,0.0,32.48686,32.5034,0.05,0.2,0.0,0.0,1.0,0.845,False
2026-07-10,CASE_01,RIM-MSC-ACCEL-BLK,Amazon,Mascara,1. High Velocity + Low Stock,5.0,0.0,999.0,0.0,0.0,32.48686,32.5034,0.06,0.25,0.0,0.0,1.0,0.81,False
2026-07-11,CASE_01,RIM-MSC-ACCEL-BLK,Amazon,Mascara,1. High Velocity + Low Stock,5.0,0.0,999.0,0.0,0.0,32.48686,32.5034,0.07,0.26,0.0,0.0,1.0,0.8,False
2026-07-12,CASE_01,RIM-MSC-ACCEL-BLK,Amazon,Mascara,1. High Velocity + Low Stock,5.0,0.0,999.0,0.0,0.0,32.48686,32.5034,0.06,0.25,0.0,0.0,1.0,0.8049999999999999,False
2026-07-13,CASE_01,RIM-MSC-ACCEL-BLK,Amazon,Mascara,1. High Velocity + Low Stock,5.0,0.0,999.0,0.0,0.0,32.48686,32.5034,0.06,0.23,0.0,0.0,1.0,0.8200000000000001,False
2026-07-14,CASE_01,RIM-MSC-ACCEL-BLK,Amazon,Mascara,1. High Velocity + Low Stock,5.0,0.0,999.0,0.0,0.0,32.48686,32.5034,0.06,0.22,0.0,0.0,1.0,0.825,False
2026-07-15,CASE_01,RIM-MSC-ACCEL-BLK,Amazon,Mascara,1. High Velocity + Low Stock,5.0,0.0,999.0,0.0,0.0,32.48686,32.5034,0.06,0.21,0.0,0.0,1.0,0.84,False
2026-07-16,CASE_01,RIM-MSC-ACCEL-BLK,Amazon,Mascara,1. High Velocity + Low Stock,5.0,0.0,999.0,0.0,0.0,32.48686,32.5034,0.06,0.21,0.0,0.0,1.0,0.84,False
2026-07-17,CASE_01,RIM-MSC-ACCEL-BLK,Amazon,Mascara,1. High Velocity + Low Stock,5.0,0.0,999.0,0.0,0.0,32.48686,32.5034,0.06,0.32,0.0,0.0,1.0,0.75,False
2026-07-18,CASE_01,RIM-MSC-ACCEL-BLK,Amazon,Mascara,1. High Velocity + Low Stock,5.0,0.0,999.0,0.0,0.0,32.48686,32.5034,0.05,0.2,0.0,0.0,1.0,0.85,False
2026-07-19,CASE_01,RIM-MSC-ACCEL-BLK,Amazon,Mascara,1. High Velocity + Low Stock,5.0,0.0,999.0,0.0,0.0,32.48686,32.5034,0.06,0.21,0.0,0.0,1.0,0.84,False
2026-07-20,CASE_01,RIM-MSC-ACCEL-BLK,Amazon,Mascara,1. High Velocity + Low Stock,5.0,0.0,999.0,0.0,0.0,32.48686,32.5034,0.05,0.22,0.0,0.0,1.0,0.835,False
2026-07-21,CASE_01,RIM-MSC-ACCEL-BLK,Amazon,Mascara,1. High Velocity + Low Stock,5.0,0.0,999.0,0.0,1.0,32.890903,33.45645,0.06,0.22,0.0,0.0,1.0,0.825,False
2026-07-22,CASE_01,RIM-MSC-ACCEL-BLK,Amazon,Mascara,1. High Velocity + Low Stock,5.0,0.0,999.0,0.0,1.0,32.48686,32.5034,0.05,0.13,0.0,0.0,1.0,0.895,False
2026-07-23,CASE_01,RIM-MSC-ACCEL-BLK,Amazon,Mascara,1. High Velocity + Low Stock,5.0,0.0,999.0,0.0,1.0,32.48686,32.5034,0.05,0.15,0.0,0.0,1.0,0.885,False
2026-07-24,CASE_01,RIM-MSC-ACCEL-BLK,Amazon,Mascara,1. High Velocity + Low Stock,5.0,0.0,999.0,0.0,2.0,32.48686,32.39893,0.05,0.2,0.0,0.0,1.0,0.845,False
2026-07-25,CASE_01,RIM-MSC-ACCEL-BLK,Amazon,Mascara,1. High Velocity + Low Stock,5.0,0.0,999.0,0.0,2.0,31.208372,31.101866,0.05,0.12,0.0,0.0,1.0,0.9,False
2026-07-26,CASE_01,RIM-MSC-ACCEL-BLK,Amazon,Mascara,1. High Velocity + Low Stock,5.0,0.0,999.0,0.0,2.0,31.208372,31.101866,0.05,0.17,0.0,0.0,1.0,0.865,False
2026-07-27,CASE_01,RIM-MSC-ACCEL-BLK,Amazon,Mascara,1. High Velocity + Low Stock,5.0,0.0,999.0,0.0,3.0,31.208372,31.101866,0.05,0.13,0.0,0.0,1.0,0.9,False
2026-07-28,CASE_01,RIM-MSC-ACCEL-BLK,Amazon,Mascara,1. High Velocity + Low Stock,125.0,0.0,999.0,1.0,2.0,31.208372,31.101866,0.04,0.07,0.0,0.0,1.0,0.95,False
2026-07-29,CASE_01,RIM-MSC-ACCEL-BLK,Amazon,Mascara,1. High Velocity + Low Stock,124.0,0.07142857142857142,1736.0,0.0,2.0,31.699636,32.181744,0.05,0.19,0.0,0.0,1.0,0.84,False
2026-07-30,CASE_01,RIM-MSC-ACCEL-BLK,Amazon,Mascara,1. High Velocity + Low Stock,124.0,0.07142857142857142,1736.0,0.0,2.0,31.699636,32.181744,0.05,0.2,0.0,0.0,1.0,0.845,False
2026-07-31,CASE_01,RIM-MSC-ACCEL-BLK,Amazon,Mascara,1. High Velocity + Low Stock,116.0,0.07142857142857142,1624.0,1.0,1.0,31.699636,32.181744,0.05,0.21,0.0,0.0,1.0,0.8300000000000001,False
2026-08-01,CASE_01,RIM-MSC-ACCEL-BLK,Amazon,Mascara,1. High Velocity + Low Stock,116.0,0.14285714285714285,812.0,0.0,1.0,31.506735,31.525343,0.06,0.21,0.0,0.0,1.0,0.83,False
2026-08-02,CASE_01,RIM-MSC-ACCEL-BLK,Amazon,Mascara,1. High Velocity + Low Stock,116.0,0.14285714285714285,812.0,0.0,1.0,31.506735,31.525343,0.06,0.26,0.0,0.0,1.0,0.79,False
2026-08-03,CASE_01,RIM-MSC-ACCEL-BLK,Amazon,Mascara,1. High Velocity + Low Stock,110.0,0.14285714285714285,770.0,1.0,0.0,31.506735,31.525343,0.06,0.26,0.0,0.0,1.0,0.78,False
2026-08-04,CASE_01,RIM-MSC-ACCEL-BLK,Amazon,Mascara,1. High Velocity + Low Stock,110.0,0.21428571428571427,513.3,0.0,0.0,31.506735,31.525343,0.06,0.2,0.0,0.0,1.0,0.835,False
2026-08-05,CASE_01,RIM-MSC-ACCEL-BLK,Amazon,Mascara,1. High Velocity + Low Stock,109.0,0.21428571428571427,508.7,0.0,0.0,31.419516,31.39852,0.06,0.23,0.0,0.0,1.0,0.815,False
2026-08-06,CASE_01,RIM-MSC-ACCEL-BLK,Amazon,Mascara,1. High Velocity + Low Stock,104.0,0.21428571428571427,485.3,0.0,0.0,31.419516,31.39852,0.06,0.28,0.0,0.0,1.0,0.77,False
2026-08-07,CASE_01,RIM-MSC-ACCEL-BLK,Amazon,Mascara,1. High Velocity + Low Stock,104.0,0.21428571428571427,485.3,0.0,1.0,31.419516,31.39852,0.05,0.2,0.0,0.0,1.0,0.84,False
2026-08-08,CASE_01,RIM-MSC-ACCEL-BLK,Amazon,Mascara,1. High Velocity + Low Stock,104.0,0.21428571428571427,485.3,0.0,1.0,31.419516,31.39852,0.06,0.19,0.0,0.0,1.0,0.86,False
2026-08-09,CASE_01,RIM-MSC-ACCEL-BLK,Amazon,Mascara,1. High Velocity + Low Stock,100.0,0.21428571428571427,466.7,0.0,1.0,31.419516,31.39852,0.05,0.2,0.0,0.0,1.0,0.855,False
2026-08-10,CASE_01,RIM-MSC-ACCEL-BLK,Amazon,Mascara,1. High Velocity + Low Stock,92.0,0.21428571428571427,429.3,0.0,1.0,31.419516,31.39852,0.06,0.15,0.0,0.0,1.0,0.88,False
2026-08-11,CASE_01,RIM-MSC-ACCEL-BLK,Amazon,Mascara,1. High Velocity + Low Stock,92.0,0.21428571428571427,429.3,0.0,1.0,31.419516,31.39852,0.05,0.22,0.0,0.0,1.0,0.8400000000000001,False
2026-08-12,CASE_01,RIM-MSC-ACCEL-BLK,Amazon,Mascara,1. High Velocity + Low Stock,79.0,0.14285714285714285,553.0,0.0,2.0,31.419516,31.39852,0.05,0.18,0.0,0.0,1.0,0.87,False
2026-08-13,CASE_01,RIM-MSC-ACCEL-BLK,Amazon,Mascara,1. High Velocity + Low Stock,77.0,0.14285714285714285,539.0,0.0,2.0,31.419516,31.39852,0.05,0.13,0.0,0.0,1.0,0.9,False
2026-08-14,CASE_01,RIM-MSC-ACCEL-BLK,Amazon,Mascara,1. High Velocity + Low Stock,195.0,0.14285714285714285,1365.0,1.0,1.0,31.419516,31.39852,0.04,0.09,0.0,0.0,1.0,0.935,False
2026-08-15,CASE_01,RIM-MSC-ACCEL-BLK,Amazon,Mascara,1. High Velocity + Low Stock,193.0,0.14285714285714285,1351.0,0.0,1.0,31.419516,31.39852,0.04,0.12,0.0,0.0,1.0,0.9099999999999999,False
2026-08-16,CASE_01,RIM-MSC-ACCEL-BLK,Amazon,Mascara,1. High Velocity + Low Stock,193.0,0.14285714285714285,1351.0,0.0,5.0,31.419516,31.39852,0.04,0.1,0.0,0.0,1.0,0.9299999999999999,False
2026-08-17,CASE_01,RIM-MSC-ACCEL-BLK,Amazon,Mascara,1. High Velocity + Low Stock,175.0,0.14285714285714285,1225.0,0.0,7.0,31.419516,31.39852,0.04,0.09,0.0,0.0,1.0,0.935,False
2026-08-18,CASE_01,RIM-MSC-ACCEL-BLK,Amazon,Mascara,1. High Velocity + Low Stock,171.0,0.07142857142857142,2394.0,0.0,11.0,31.419516,31.39852,0.04,0.09,0.0,0.0,1.0,0.935,False
2026-08-19,CASE_01,RIM-MSC-ACCEL-BLK,Amazon,Mascara,1. High Velocity + Low Stock,135.0,0.07142857142857142,1890.0,1.0,11.0,31.419516,31.39852,0.04,0.09,0.0,0.0,1.0,0.9299999999999999,False
2026-08-20,CASE_01,RIM-MSC-ACCEL-BLK,Amazon,Mascara,1. High Velocity + Low Stock,135.0,0.14285714285714285,945.0,0.0,14.0,31.419516,31.39852,0.05,0.08,0.0,0.0,1.0,0.94,False
2026-08-21,CASE_01,RIM-MSC-ACCEL-BLK,Amazon,Mascara,1. High Velocity + Low Stock,128.0,0.14285714285714285,896.0,0.0,15.0,31.419516,31.39852,0.06,0.14,0.0,0.0,1.0,0.89,False
2026-08-22,CASE_01,RIM-MSC-ACCEL-BLK,Amazon,Mascara,1. High Velocity + Low Stock,121.0,0.14285714285714285,847.0,0.0,19.0,31.419516,31.39852,0.05,0.13,0.0,0.0,1.0,0.9,False
2026-08-23,CASE_01,RIM-MSC-ACCEL-BLK,Amazon,Mascara,1. High Velocity + Low Stock,116.0,0.14285714285714285,812.0,4.0,19.0,31.419516,31.39852,0.05,0.15,0.0,0.0,1.0,0.885,False
2026-08-24,CASE_01,RIM-MSC-ACCEL-BLK,Amazon,Mascara,1. High Velocity + Low Stock,106.0,0.42857142857142855,247.3,2.0,19.0,35.546318,35.512493,0.07,0.23,0.0,0.0,1.0,0.8049999999999999,False
2026-08-25,CASE_01,RIM-MSC-ACCEL-BLK,Amazon,Mascara,1. High Velocity + Low Stock,99.0,0.5714285714285714,173.2,4.0,15.0,35.159737,35.555935,0.08,0.22,0.0,0.0,1.0,0.795,False
2026-08-26,CASE_01,RIM-MSC-ACCEL-BLK,Amazon,Mascara,1. High Velocity + Low Stock,96.0,0.8571428571428571,112.0,1.0,19.0,35.739044,35.782604,0.09,0.33,0.0,0.0,1.0,0.62,False
2026-08-27,CASE_01,RIM-MSC-ACCEL-BLK,Amazon,Mascara,1. High Velocity + Low Stock,89.0,0.9285714285714286,95.8,3.0,22.0,31.730858,32.316647,0.09,0.35,0.0,0.0,1.0,0.635,False
2026-08-28,CASE_01,RIM-MSC-ACCEL-BLK,Amazon,Mascara,1. High Velocity + Low Stock,84.0,1.1428571428571428,73.5,1.0,24.0,45.269787,43.700993,0.11,0.37,0.0,0.0,1.0,0.525,False
2026-08-29,CASE_01,RIM-MSC-ACCEL-BLK,Amazon,Mascara,1. High Velocity + Low Stock,64.0,1.1428571428571428,56.0,4.0,22.0,42.259678,41.31996,0.13,0.53,0.0,0.0,1.0,0.35,False
2026-08-30,CASE_01,RIM-MSC-ACCEL-BLK,Amazon,Mascara,1. High Velocity + Low Stock,52.0,1.4285714285714286,36.4,4.0,18.0,46.804874,45.961185,0.19,0.77,0.0,1.0,0.0,0.44500000000000006,False
2026-08-31,CASE_01,RIM-MSC-ACCEL-BLK,Amazon,Mascara,1. High Velocity + Low Stock,52.0,1.7142857142857142,30.3,2.0,17.0,47.371822,49.89738,0.22,0.83,0.0,1.0,0.0,0.515,False
2026-07-01,CASE_03,RIM-MSC-ACCEL-BLK,eBay,Mascara,1. High Velocity + Low Stock,5.0,0.35714285714285715,14.0,0.0,0.0,31.799648,32.158176,0.2,1.03,0.0,1.0,0.0,0.28,False
2026-07-02,CASE_03,RIM-MSC-ACCEL-BLK,eBay,Mascara,1. High Velocity + Low Stock,5.0,0.35714285714285715,14.0,0.0,0.0,31.799648,31.745483,0.18,0.91,0.0,0.0,1.0,0.44,False
2026-07-03,CASE_03,RIM-MSC-ACCEL-BLK,eBay,Mascara,1. High Velocity + Low Stock,5.0,0.2857142857142857,17.5,0.0,0.0,31.570337,31.717579,0.16,0.85,0.0,0.0,1.0,0.455,False
2026-07-04,CASE_03,RIM-MSC-ACCEL-BLK,eBay,Mascara,1. High Velocity + Low Stock,5.0,0.2857142857142857,17.5,0.0,0.0,31.542257,31.717579,0.13,0.74,0.0,0.0,1.0,0.485,False
2026-07-05,CASE_03,RIM-MSC-ACCEL-BLK,eBay,Mascara,1. High Velocity + Low Stock,5.0,0.21428571428571427,23.3,0.0,0.0,31.542257,31.717579,0.12,0.76,0.0,0.0,1.0,0.52,False
2026-07-06,CASE_03,RIM-MSC-ACCEL-BLK,eBay,Mascara,1. High Velocity + Low Stock,5.0,0.14285714285714285,35.0,0.0,0.0,31.542257,31.717579,0.1,0.61,0.0,0.0,1.0,0.47,False
2026-07-07,CASE_03,RIM-MSC-ACCEL-BLK,eBay,Mascara,1. High Velocity + Low Stock,5.0,0.14285714285714285,35.0,0.0,0.0,31.542257,31.717579,0.11,0.57,0.0,0.0,1.0,0.49,False
2026-07-08,CASE_03,RIM-MSC-ACCEL-BLK,eBay,Mascara,1. High Velocity + Low Stock,5.0,0.07142857142857142,70.0,0.0,0.0,31.542257,31.717579,0.07,0.33,0.0,0.0,1.0,0.735,False
2026-07-09,CASE_03,RIM-MSC-ACCEL-BLK,eBay,Mascara,1. High Velocity + Low Stock,5.0,0.0,999.0,0.0,0.0,31.542257,31.717579,0.06,0.32,0.0,0.0,1.0,0.75,False
2026-07-10,CASE_03,RIM-MSC-ACCEL-BLK,eBay,Mascara,1. High Velocity + Low Stock,5.0,0.0,999.0,0.0,0.0,31.520575,31.717579,0.05,0.27,0.0,0.0,1.0,0.7949999999999999,False
2026-07-11,CASE_03,RIM-MSC-ACCEL-BLK,eBay,Mascara,1. High Velocity + Low Stock,5.0,0.0,999.0,0.0,0.0,31.520575,31.717579,0.05,0.24,0.0,0.0,1.0,0.815,False
2026-07-12,CASE_03,RIM-MSC-ACCEL-BLK,eBay,Mascara,1. High Velocity + Low Stock,5.0,0.0,999.0,0.0,0.0,31.520575,31.717579,0.05,0.23,0.0,0.0,1.0,0.825,False
2026-07-13,CASE_03,RIM-MSC-ACCEL-BLK,eBay,Mascara,1. High Velocity + Low Stock,5.0,0.0,999.0,0.0,0.0,31.520575,31.717579,0.05,0.22,0.0,0.0,1.0,0.835,False
2026-07-14,CASE_03,RIM-MSC-ACCEL-BLK,eBay,Mascara,1. High Velocity + Low Stock,5.0,0.0,999.0,0.0,0.0,31.520575,31.717579,0.06,0.22,0.0,0.0,1.0,0.8300000000000001,False
2026-07-15,CASE_03,RIM-MSC-ACCEL-BLK,eBay,Mascara,1. High Velocity + Low Stock,5.0,0.0,999.0,0.0,0.0,31.520575,31.717579,0.05,0.2,0.0,0.0,1.0,0.845,False
2026-07-16,CASE_03,RIM-MSC-ACCEL-BLK,eBay,Mascara,1. High Velocity + Low Stock,5.0,0.0,999.0,0.0,0.0,31.373869,31.474573,0.05,0.25,0.0,0.0,1.0,0.8049999999999999,False
2026-07-17,CASE_03,RIM-MSC-ACCEL-BLK,eBay,Mascara,1. High Velocity + Low Stock,5.0,0.0,999.0,0.0,0.0,31.373869,31.474573,0.05,0.25,0.0,0.0,1.0,0.8049999999999999,False
2026-07-18,CASE_03,RIM-MSC-ACCEL-BLK,eBay,Mascara,1. High Velocity + Low Stock,5.0,0.0,999.0,0.0,0.0,31.373869,31.474573,0.05,0.28,0.0,0.0,1.0,0.78,False
2026-07-19,CASE_03,RIM-MSC-ACCEL-BLK,eBay,Mascara,1. High Velocity + Low Stock,5.0,0.0,999.0,0.0,0.0,31.373869,31.474573,0.05,0.24,0.0,0.0,1.0,0.81,False
2026-07-20,CASE_03,RIM-MSC-ACCEL-BLK,eBay,Mascara,1. High Velocity + Low Stock,5.0,0.0,999.0,0.0,0.0,31.373869,31.474573,0.05,0.27,0.0,0.0,1.0,0.7949999999999999,False
2026-07-21,CASE_03,RIM-MSC-ACCEL-BLK,eBay,Mascara,1. High Velocity + Low Stock,5.0,0.0,999.0,0.0,0.0,31.373869,31.560787,0.05,0.2,0.0,0.0,1.0,0.845,False
2026-07-22,CASE_03,RIM-MSC-ACCEL-BLK,eBay,Mascara,1. High Velocity + Low Stock,5.0,0.0,999.0,0.0,1.0,31.373869,31.560787,0.05,0.25,0.0,0.0,1.0,0.8049999999999999,False
2026-07-23,CASE_03,RIM-MSC-ACCEL-BLK,eBay,Mascara,1. High Velocity + Low Stock,5.0,0.0,999.0,0.0,1.0,31.373869,31.560787,0.05,0.26,0.0,0.0,1.0,0.8049999999999999,False
2026-07-24,CASE_03,RIM-MSC-ACCEL-BLK,eBay,Mascara,1. High Velocity + Low Stock,5.0,0.0,999.0,0.0,2.0,31.411139,31.710285,0.05,0.28,0.0,0.0,1.0,0.78,False
2026-07-25,CASE_03,RIM-MSC-ACCEL-BLK,eBay,Mascara,1. High Velocity + Low Stock,5.0,0.0,999.0,0.0,2.0,31.373869,31.560787,0.04,0.17,0.0,0.0,1.0,0.87,False
2026-07-26,CASE_03,RIM-MSC-ACCEL-BLK,eBay,Mascara,1. High Velocity + Low Stock,5.0,0.0,999.0,0.0,2.0,31.373869,31.560787,0.04,0.14,0.0,0.0,1.0,0.89,False
2026-07-27,CASE_03,RIM-MSC-ACCEL-BLK,eBay,Mascara,1. High Velocity + Low Stock,5.0,0.0,999.0,0.0,2.0,31.373869,31.560787,0.04,0.15,0.0,0.0,1.0,0.89,False
2026-07-28,CASE_03,RIM-MSC-ACCEL-BLK,eBay,Mascara,1. High Velocity + Low Stock,125.0,0.0,999.0,0.0,2.0,31.373869,31.47041,0.04,0.1,0.0,0.0,1.0,0.925,False
2026-07-29,CASE_03,RIM-MSC-ACCEL-BLK,eBay,Mascara,1. High Velocity + Low Stock,124.0,0.0,999.0,1.0,2.0,31.373869,31.47041,0.04,0.11,0.0,0.0,1.0,0.9199999999999999,False
2026-07-30,CASE_03,RIM-MSC-ACCEL-BLK,eBay,Mascara,1. High Velocity + Low Stock,124.0,0.07142857142857142,1736.0,0.0,7.0,31.411139,31.710285,0.04,0.23,0.0,0.0,1.0,0.8200000000000001,False
2026-07-31,CASE_03,RIM-MSC-ACCEL-BLK,eBay,Mascara,1. High Velocity + Low Stock,116.0,0.07142857142857142,1624.0,1.0,6.0,31.27569,31.631466,0.04,0.23,0.0,0.0,1.0,0.825,False
2026-08-01,CASE_03,RIM-MSC-ACCEL-BLK,eBay,Mascara,1. High Velocity + Low Stock,116.0,0.14285714285714285,812.0,0.0,6.0,31.354963,31.613506,0.05,0.35,0.0,0.0,1.0,0.735,False
2026-08-02,CASE_03,RIM-MSC-ACCEL-BLK,eBay,Mascara,1. High Velocity + Low Stock,116.0,0.14285714285714285,812.0,0.0,7.0,31.354963,31.613506,0.05,0.36,0.0,0.0,1.0,0.72,False
2026-08-03,CASE_03,RIM-MSC-ACCEL-BLK,eBay,Mascara,1. High Velocity + Low Stock,110.0,0.14285714285714285,770.0,0.0,10.0,31.354963,31.613506,0.05,0.34,0.0,0.0,1.0,0.735,False
2026-08-04,CASE_03,RIM-MSC-ACCEL-BLK,eBay,Mascara,1. High Velocity + Low Stock,110.0,0.14285714285714285,770.0,0.0,10.0,31.354963,31.613506,0.05,0.36,0.0,0.0,1.0,0.73,False
2026-08-05,CASE_03,RIM-MSC-ACCEL-BLK,eBay,Mascara,1. High Velocity + Low Stock,109.0,0.14285714285714285,763.0,1.0,10.0,31.354963,31.613506,0.05,0.28,0.0,0.0,1.0,0.78,False
2026-08-06,CASE_03,RIM-MSC-ACCEL-BLK,eBay,Mascara,1. High Velocity + Low Stock,104.0,0.21428571428571427,485.3,5.0,7.0,31.354963,31.613506,0.05,0.32,0.0,0.0,1.0,0.755,False
2026-08-07,CASE_03,RIM-MSC-ACCEL-BLK,eBay,Mascara,1. High Velocity + Low Stock,104.0,0.5714285714285714,182.0,0.0,8.0,39.102966,40.269363,0.06,0.2,0.0,0.0,1.0,0.845,False
2026-08-08,CASE_03,RIM-MSC-ACCEL-BLK,eBay,Mascara,1. High Velocity + Low Stock,104.0,0.5714285714285714,182.0,0.0,10.0,31.354963,32.358093,0.05,0.28,0.0,0.0,1.0,0.7849999999999999,False
2026-08-09,CASE_03,RIM-MSC-ACCEL-BLK,eBay,Mascara,1. High Velocity + Low Stock,100.0,0.5714285714285714,175.0,1.0,9.0,31.354963,32.358093,0.06,0.29,0.0,0.0,1.0,0.775,False
2026-08-10,CASE_03,RIM-MSC-ACCEL-BLK,eBay,Mascara,1. High Velocity + Low Stock,92.0,0.6428571428571429,143.1,3.0,10.0,31.733889,32.522125,0.06,0.3,0.0,0.0,1.0,0.77,False
2026-08-11,CASE_03,RIM-MSC-ACCEL-BLK,eBay,Mascara,1. High Velocity + Low Stock,92.0,0.8571428571428571,107.3,0.0,11.0,34.88688,36.119034,0.06,0.23,0.0,0.0,1.0,0.815,False
2026-08-12,CASE_03,RIM-MSC-ACCEL-BLK,eBay,Mascara,1. High Velocity + Low Stock,79.0,0.8571428571428571,92.2,1.0,12.0,31.488752,32.2242,0.07,0.27,0.0,0.0,1.0,0.7849999999999999,False
2026-08-13,CASE_03,RIM-MSC-ACCEL-BLK,eBay,Mascara,1. High Velocity + Low Stock,77.0,0.8571428571428571,89.8,2.0,10.0,31.488752,32.2242,0.07,0.24,0.0,0.0,1.0,0.785,False
2026-08-14,CASE_03,RIM-MSC-ACCEL-BLK,eBay,Mascara,1. High Velocity + Low Stock,195.0,1.0,195.0,1.0,10.0,34.88688,36.108788,0.05,0.16,0.0,0.0,1.0,0.88,False
2026-08-15,CASE_03,RIM-MSC-ACCEL-BLK,eBay,Mascara,1. High Velocity + Low Stock,193.0,1.0,193.0,2.0,9.0,31.510435,32.2242,0.05,0.14,0.0,0.0,1.0,0.89,False
2026-08-16,CASE_03,RIM-MSC-ACCEL-BLK,eBay,Mascara,1. High Velocity + Low Stock,193.0,1.1428571428571428,168.9,0.0,10.0,34.90856,36.108788,0.05,0.16,0.0,0.0,1.0,0.875,False
2026-08-17,CASE_03,RIM-MSC-ACCEL-BLK,eBay,Mascara,1. High Velocity + Low Stock,175.0,1.1428571428571428,153.1,4.0,11.0,31.510435,32.2242,0.06,0.2,0.0,0.0,1.0,0.845,False
2026-08-18,CASE_03,RIM-MSC-ACCEL-BLK,eBay,Mascara,1. High Velocity + Low Stock,171.0,1.4285714285714286,119.7,1.0,10.0,34.90856,36.119034,0.07,0.18,0.0,0.0,1.0,0.845,False
2026-08-19,CASE_03,RIM-MSC-ACCEL-BLK,eBay,Mascara,1. High Velocity + Low Stock,135.0,1.5,90.0,2.0,11.0,31.510435,32.2242,0.07,0.17,0.0,0.0,1.0,0.85,False
2026-08-20,CASE_03,RIM-MSC-ACCEL-BLK,eBay,Mascara,1. High Velocity + Low Stock,135.0,1.5714285714285714,85.9,0.0,11.0,34.90856,36.108788,0.07,0.13,0.0,0.0,1.0,0.875,False
2026-08-21,CASE_03,RIM-MSC-ACCEL-BLK,eBay,Mascara,1. High Velocity + Low Stock,128.0,1.2142857142857142,105.4,1.0,11.0,31.510435,32.2242,0.07,0.16,0.0,0.0,1.0,0.855,False
2026-08-22,CASE_03,RIM-MSC-ACCEL-BLK,eBay,Mascara,1. High Velocity + Low Stock,121.0,1.2857142857142858,94.1,1.0,14.0,31.596039,32.252106,0.07,0.13,0.0,0.0,1.0,0.88,False
2026-08-23,CASE_03,RIM-MSC-ACCEL-BLK,eBay,Mascara,1. High Velocity + Low Stock,116.0,1.3571428571428572,85.5,1.0,14.0,31.625023,32.252106,0.07,0.19,0.0,0.0,1.0,0.84,False
2026-08-24,CASE_03,RIM-MSC-ACCEL-BLK,eBay,Mascara,1. High Velocity + Low Stock,106.0,1.3571428571428572,78.1,5.0,11.0,31.653103,32.252106,0.08,0.2,0.0,0.0,1.0,0.8049999999999999,False
2026-08-25,CASE_03,RIM-MSC-ACCEL-BLK,eBay,Mascara,1. High Velocity + Low Stock,99.0,1.5,66.0,0.0,12.0,37.37472,37.21989,0.08,0.22,0.0,0.0,1.0,0.74,False
2026-08-26,CASE_03,RIM-MSC-ACCEL-BLK,eBay,Mascara,1. High Velocity + Low Stock,96.0,1.5,64.0,3.0,11.0,31.79681,32.252106,0.08,0.21,0.0,0.0,1.0,0.8049999999999999,False
2026-08-27,CASE_03,RIM-MSC-ACCEL-BLK,eBay,Mascara,1. High Velocity + Low Stock,89.0,1.6428571428571428,54.2,0.0,11.0,35.19494,36.31726,0.08,0.28,0.0,0.0,1.0,0.69,False
2026-08-28,CASE_03,RIM-MSC-ACCEL-BLK,eBay,Mascara,1. High Velocity + Low Stock,84.0,1.5,56.0,1.0,12.0,31.79681,32.252106,0.09,0.25,0.0,0.0,1.0,0.72,False
2026-08-29,CASE_03,RIM-MSC-ACCEL-BLK,eBay,Mascara,1. High Velocity + Low Stock,64.0,1.5,42.7,4.0,9.0,31.79681,32.252106,0.1,0.25,0.0,0.0,1.0,0.645,False
2026-08-30,CASE_03,RIM-MSC-ACCEL-BLK,eBay,Mascara,1. High Velocity + Low Stock,52.0,1.6428571428571428,31.7,1.0,9.0,44.47893,46.407024,0.12,0.45,0.0,0.0,1.0,0.44999999999999996,False
2026-08-31,CASE_03,RIM-MSC-ACCEL-BLK,eBay,Mascara,1. High Velocity + Low Stock,52.0,1.7142857142857142,30.3,2.0,8.0,43.633327,52.287823,0.14,0.51,0.0,0.0,1.0,0.275,False
2026-07-01,CASE_21,RIM-MSC-ELL-003,Website,Mascara,6. Low Velocity + High Stock,687.0,0.0,999.0,0.0,2.0,32.509064,32.234547,0.03,0.08,0.0,0.0,1.0,0.94,False
2026-07-02,CASE_21,RIM-MSC-ELL-003,Website,Mascara,6. Low Velocity + High Stock,677.0,0.0,999.0,0.0,2.0,32.509064,32.234547,0.03,0.07,0.0,0.0,1.0,0.9450000000000001,False
2026-07-03,CASE_21,RIM-MSC-ELL-003,Website,Mascara,6. Low Velocity + High Stock,672.0,0.0,999.0,0.0,2.0,32.509064,32.234547,0.03,0.08,0.0,0.0,1.0,0.94,False
2026-07-04,CASE_21,RIM-MSC-ELL-003,Website,Mascara,6. Low Velocity + High Stock,666.0,0.0,999.0,0.0,2.0,32.509064,32.234547,0.03,0.08,0.0,0.0,1.0,0.935,False
2026-07-05,CASE_21,RIM-MSC-ELL-003,Website,Mascara,6. Low Velocity + High Stock,658.0,0.0,999.0,0.0,2.0,32.509064,32.234547,0.03,0.08,0.0,0.0,1.0,0.9450000000000001,False
2026-07-06,CASE_21,RIM-MSC-ELL-003,Website,Mascara,6. Low Velocity + High Stock,646.0,0.0,999.0,1.0,1.0,33.279118,32.439495,0.03,0.08,0.0,0.0,1.0,0.94,False
2026-07-07,CASE_21,RIM-MSC-ELL-003,Website,Mascara,6. Low Velocity + High Stock,633.0,0.07142857142857142,8862.0,1.0,0.0,32.16004,32.10667,0.03,0.1,0.0,0.0,1.0,0.925,False
2026-07-08,CASE_21,RIM-MSC-ELL-003,Website,Mascara,6. Low Velocity + High Stock,268.0,0.14285714285714285,1876.0,0.0,0.0,32.16004,32.10667,0.03,0.08,0.0,0.0,1.0,0.94,False
2026-07-09,CASE_21,RIM-MSC-ELL-003,Website,Mascara,6. Low Velocity + High Stock,254.0,0.14285714285714285,1778.0,0.0,0.0,32.16004,32.10667,0.04,0.09,0.0,0.0,1.0,0.9299999999999999,False
2026-07-10,CASE_21,RIM-MSC-ELL-003,Website,Mascara,6. Low Velocity + High Stock,241.0,0.14285714285714285,1687.0,0.0,0.0,32.16004,32.10667,0.04,0.11,0.0,0.0,1.0,0.915,False
2026-07-11,CASE_21,RIM-MSC-ELL-003,Website,Mascara,6. Low Velocity + High Stock,232.0,0.14285714285714285,1624.0,0.0,0.0,32.16004,32.10667,0.03,0.14,0.0,0.0,1.0,0.895,False
2026-07-12,CASE_21,RIM-MSC-ELL-003,Website,Mascara,6. Low Velocity + High Stock,227.0,0.14285714285714285,1589.0,0.0,0.0,32.16004,32.10667,0.03,0.1,0.0,0.0,1.0,0.925,False
2026-07-13,CASE_21,RIM-MSC-ELL-003,Website,Mascara,6. Low Velocity + High Stock,220.0,0.14285714285714285,1540.0,0.0,0.0,32.16004,32.10667,0.03,0.09,0.0,0.0,1.0,0.9299999999999999,False
2026-07-14,CASE_21,RIM-MSC-ELL-003,Website,Mascara,6. Low Velocity + High Stock,205.0,0.14285714285714285,1435.0,0.0,0.0,32.16004,32.10667,0.03,0.08,0.0,0.0,1.0,0.94,False
2026-07-15,CASE_21,RIM-MSC-ELL-003,Website,Mascara,6. Low Velocity + High Stock,4087.0,0.14285714285714285,28609.0,0.0,0.0,32.16004,32.10667,0.03,0.06,0.0,0.0,1.0,0.9550000000000001,False
2026-07-16,CASE_21,RIM-MSC-ELL-003,Website,Mascara,6. Low Velocity + High Stock,3727.0,0.14285714285714285,26089.0,0.0,0.0,32.16004,32.10667,0.03,0.07,0.0,0.0,1.0,0.95,False
2026-07-17,CASE_21,RIM-MSC-ELL-003,Website,Mascara,6. Low Velocity + High Stock,3716.0,0.14285714285714285,26012.0,0.0,0.0,32.16004,32.10667,0.03,0.05,0.0,0.0,1.0,0.96,False
2026-07-18,CASE_21,RIM-MSC-ELL-003,Website,Mascara,6. Low Velocity + High Stock,3709.0,0.14285714285714285,25963.0,0.0,0.0,32.16004,32.10667,0.03,0.09,0.0,0.0,1.0,0.935,False
2026-07-19,CASE_21,RIM-MSC-ELL-003,Website,Mascara,6. Low Velocity + High Stock,3697.0,0.14285714285714285,25879.0,0.0,0.0,32.16004,32.10667,0.03,0.11,0.0,0.0,1.0,0.9199999999999999,False
2026-07-20,CASE_21,RIM-MSC-ELL-003,Website,Mascara,6. Low Velocity + High Stock,3690.0,0.14285714285714285,25830.0,0.0,0.0,32.16004,32.10667,0.03,0.08,0.0,0.0,1.0,0.94,False
2026-07-21,CASE_21,RIM-MSC-ELL-003,Website,Mascara,6. Low Velocity + High Stock,3684.0,0.07142857142857142,51576.0,0.0,0.0,32.16004,32.10667,0.03,0.09,0.0,0.0,1.0,0.9299999999999999,False
2026-07-22,CASE_21,RIM-MSC-ELL-003,Website,Mascara,6. Low Velocity + High Stock,3669.0,0.0,999.0,0.0,0.0,32.16004,32.10667,0.03,0.1,0.0,0.0,1.0,0.9299999999999999,False
2026-07-23,CASE_21,RIM-MSC-ELL-003,Website,Mascara,6. Low Velocity + High Stock,3304.0,0.0,999.0,0.0,0.0,32.16004,32.10667,0.04,0.1,0.0,0.0,1.0,0.925,False
2026-07-24,CASE_21,RIM-MSC-ELL-003,Website,Mascara,6. Low Velocity + High Stock,3290.0,0.0,999.0,0.0,0.0,32.16004,32.10667,0.04,0.1,0.0,0.0,1.0,0.925,False
2026-07-25,CASE_21,RIM-MSC-ELL-003,Website,Mascara,6. Low Velocity + High Stock,3287.0,0.0,999.0,0.0,0.0,32.16004,32.10667,0.03,0.1,0.0,0.0,1.0,0.9299999999999999,False
2026-07-26,CASE_21,RIM-MSC-ELL-003,Website,Mascara,6. Low Velocity + High Stock,3273.0,0.0,999.0,0.0,0.0,32.16004,32.10667,0.03,0.07,0.0,0.0,1.0,0.9450000000000001,False
2026-07-27,CASE_21,RIM-MSC-ELL-003,Website,Mascara,6. Low Velocity + High Stock,3259.0,0.0,999.0,0.0,0.0,32.16004,32.10667,0.03,0.08,0.0,0.0,1.0,0.94,False
2026-07-28,CASE_21,RIM-MSC-ELL-003,Website,Mascara,6. Low Velocity + High Stock,2548.0,0.0,999.0,0.0,0.0,32.16004,32.10667,0.03,0.11,0.0,0.0,1.0,0.915,False
2026-07-29,CASE_21,RIM-MSC-ELL-003,Website,Mascara,6. Low Velocity + High Stock,2536.0,0.0,999.0,0.0,0.0,32.16004,32.10667,0.03,0.09,0.0,0.0,1.0,0.935,False
2026-07-30,CASE_21,RIM-MSC-ELL-003,Website,Mascara,6. Low Velocity + High Stock,2533.0,0.0,999.0,0.0,0.0,32.16004,32.10667,0.03,0.07,0.0,0.0,1.0,0.9450000000000001,False
2026-07-31,CASE_21,RIM-MSC-ELL-003,Website,Mascara,6. Low Velocity + High Stock,2515.0,0.0,999.0,0.0,0.0,32.16004,32.10667,0.03,0.1,0.0,0.0,1.0,0.925,False
2026-08-01,CASE_21,RIM-MSC-ELL-003,Website,Mascara,6. Low Velocity + High Stock,2506.0,0.0,999.0,0.0,0.0,32.371185,32.403324,0.03,0.14,0.0,0.0,1.0,0.9,False
2026-08-02,CASE_21,RIM-MSC-ELL-003,Website,Mascara,6. Low Velocity + High Stock,2494.0,0.0,999.0,0.0,0.0,32.371185,32.403324,0.03,0.08,0.0,0.0,1.0,0.94,False
2026-08-03,CASE_21,RIM-MSC-ELL-003,Website,Mascara,6. Low Velocity + High Stock,2488.0,0.0,999.0,0.0,0.0,32.371185,32.403324,0.03,0.12,0.0,0.0,1.0,0.9099999999999999,False
2026-08-04,CASE_21,RIM-MSC-ELL-003,Website,Mascara,6. Low Velocity + High Stock,2474.0,0.0,999.0,0.0,0.0,32.371185,32.403324,0.03,0.09,0.0,0.0,1.0,0.9299999999999999,False
2026-08-05,CASE_21,RIM-MSC-ELL-003,Website,Mascara,6. Low Velocity + High Stock,2120.0,0.0,999.0,0.0,0.0,32.371185,32.403324,0.03,0.12,0.0,0.0,1.0,0.905,False
2026-08-06,CASE_21,RIM-MSC-ELL-003,Website,Mascara,6. Low Velocity + High Stock,2115.0,0.0,999.0,0.0,0.0,32.669285,32.345455,0.03,0.08,0.0,0.0,1.0,0.94,False
2026-08-07,CASE_21,RIM-MSC-ELL-003,Website,Mascara,6. Low Velocity + High Stock,2103.0,0.0,999.0,0.0,0.0,32.371185,32.403324,0.03,0.07,0.0,0.0,1.0,0.9450000000000001,False
2026-08-08,CASE_21,RIM-MSC-ELL-003,Website,Mascara,6. Low Velocity + High Stock,2098.0,0.0,999.0,0.0,0.0,32.371185,32.403324,0.03,0.05,0.0,0.0,1.0,0.9650000000000001,False
2026-08-09,CASE_21,RIM-MSC-ELL-003,Website,Mascara,6. Low Velocity + High Stock,2088.0,0.0,999.0,0.0,0.0,32.371185,32.403324,0.03,0.03,0.0,0.0,1.0,0.975,False
2026-08-10,CASE_21,RIM-MSC-ELL-003,Website,Mascara,6. Low Velocity + High Stock,2075.0,0.0,999.0,0.0,1.0,32.371185,32.403324,0.03,0.04,0.0,0.0,1.0,0.97,False
2026-08-11,CASE_21,RIM-MSC-ELL-003,Website,Mascara,6. Low Velocity + High Stock,2066.0,0.0,999.0,0.0,1.0,32.371185,32.403324,0.03,0.05,0.0,0.0,1.0,0.96,False
2026-08-12,CASE_21,RIM-MSC-ELL-003,Website,Mascara,6. Low Velocity + High Stock,2057.0,0.0,999.0,0.0,1.0,32.371185,32.403324,0.03,0.06,0.0,0.0,1.0,0.9550000000000001,False
2026-08-13,CASE_21,RIM-MSC-ELL-003,Website,Mascara,6. Low Velocity + High Stock,2046.0,0.0,999.0,0.0,1.0,32.371185,32.403324,0.03,0.04,0.0,0.0,1.0,0.97,False
2026-08-14,CASE_21,RIM-MSC-ELL-003,Website,Mascara,6. Low Velocity + High Stock,3416.0,0.0,999.0,0.0,1.0,32.371185,32.403324,0.03,0.04,0.0,0.0,1.0,0.975,False
2026-08-15,CASE_21,RIM-MSC-ELL-003,Website,Mascara,6. Low Velocity + High Stock,3399.0,0.0,999.0,0.0,1.0,32.371185,32.403324,0.03,0.03,0.0,0.0,1.0,0.975,False
2026-08-16,CASE_21,RIM-MSC-ELL-003,Website,Mascara,6. Low Velocity + High Stock,3390.0,0.0,999.0,0.0,1.0,32.371185,32.403324,0.03,0.04,0.0,0.0,1.0,0.97,False
2026-08-17,CASE_21,RIM-MSC-ELL-003,Website,Mascara,6. Low Velocity + High Stock,3375.0,0.0,999.0,1.0,0.0,32.371185,32.403324,0.03,0.06,0.0,0.0,1.0,0.9550000000000001,False
2026-08-18,CASE_21,RIM-MSC-ELL-003,Website,Mascara,6. Low Velocity + High Stock,3367.0,0.07142857142857142,47138.0,0.0,0.0,32.669285,32.345455,0.03,0.1,0.0,0.0,1.0,0.925,False
2026-08-19,CASE_21,RIM-MSC-ELL-003,Website,Mascara,6. Low Velocity + High Stock,3343.0,0.07142857142857142,46802.0,0.0,0.0,32.669285,32.345455,0.03,0.11,0.0,0.0,1.0,0.9199999999999999,False
2026-08-20,CASE_21,RIM-MSC-ELL-003,Website,Mascara,6. Low Velocity + High Stock,3333.0,0.07142857142857142,46662.0,0.0,0.0,32.669285,32.345455,0.03,0.1,0.0,0.0,1.0,0.925,False
2026-08-21,CASE_21,RIM-MSC-ELL-003,Website,Mascara,6. Low Velocity + High Stock,3324.0,0.07142857142857142,46536.0,0.0,0.0,32.669285,32.345455,0.03,0.1,0.0,0.0,1.0,0.9299999999999999,False
2026-08-22,CASE_21,RIM-MSC-ELL-003,Website,Mascara,6. Low Velocity + High Stock,3313.0,0.07142857142857142,46382.0,0.0,0.0,32.669285,32.345455,0.03,0.09,0.0,0.0,1.0,0.9299999999999999,False
2026-08-23,CASE_21,RIM-MSC-ELL-003,Website,Mascara,6. Low Velocity + High Stock,3292.0,0.07142857142857142,46088.0,0.0,0.0,32.669285,32.345455,0.03,0.09,0.0,0.0,1.0,0.9299999999999999,False
2026-08-24,CASE_21,RIM-MSC-ELL-003,Website,Mascara,6. Low Velocity + High Stock,3273.0,0.07142857142857142,45822.0,0.0,0.0,33.43934,32.550404,0.03,0.09,0.0,0.0,1.0,0.9299999999999999,False
2026-08-25,CASE_21,RIM-MSC-ELL-003,Website,Mascara,6. Low Velocity + High Stock,2916.0,0.07142857142857142,40824.0,0.0,0.0,32.669285,32.345455,0.03,0.07,0.0,0.0,1.0,0.9450000000000001,False
2026-08-26,CASE_21,RIM-MSC-ELL-003,Website,Mascara,6. Low Velocity + High Stock,2908.0,0.07142857142857142,40712.0,0.0,0.0,32.669285,32.345455,0.03,0.07,0.0,0.0,1.0,0.95,False
2026-08-27,CASE_21,RIM-MSC-ELL-003,Website,Mascara,6. Low Velocity + High Stock,2893.0,0.07142857142857142,40502.0,0.0,0.0,32.669285,32.345455,0.03,0.1,0.0,0.0,1.0,0.9299999999999999,False
2026-08-28,CASE_21,RIM-MSC-ELL-003,Website,Mascara,6. Low Velocity + High Stock,2882.0,0.07142857142857142,40348.0,0.0,0.0,32.669285,32.345455,0.03,0.1,0.0,0.0,1.0,0.925,False
2026-08-29,CASE_21,RIM-MSC-ELL-003,Website,Mascara,6. Low Velocity + High Stock,2862.0,0.07142857142857142,40068.0,0.0,0.0,32.669285,32.345455,0.03,0.1,0.0,0.0,1.0,0.9199999999999999,False
2026-08-30,CASE_21,RIM-MSC-ELL-003,Website,Mascara,6. Low Velocity + High Stock,2855.0,0.07142857142857142,39970.0,0.0,0.0,32.669285,32.345455,0.03,0.08,0.0,0.0,1.0,0.9450000000000001,False
2026-08-31,CASE_21,RIM-MSC-ELL-003,Website,Mascara,6. Low Velocity + High Stock,2851.0,0.07142857142857142,39914.0,0.0,0.0,33.43934,32.550404,0.03,0.08,0.0,0.0,1.0,0.94,False
2026-07-01,CASE_07,RIM-MSC-ESL-101,eBay,Mascara,2. High Velocity + Healthy Stock,2736.0,6.857142857142857,399.0,7.0,42.0,45.867283,42.758644,0.05,0.02,0.0,0.0,1.0,0.985,False
2026-07-02,CASE_07,RIM-MSC-ESL-101,eBay,Mascara,2. High Velocity + Healthy Stock,2713.0,7.071428571428571,383.7,6.0,47.0,44.1515,42.275322,0.05,0.02,0.0,0.0,1.0,0.985,False
2026-07-03,CASE_07,RIM-MSC-ESL-101,eBay,Mascara,2. High Velocity + Healthy Stock,2695.0,7.214285714285714,373.6,2.0,51.0,44.1515,42.05058,0.05,0.03,0.0,0.0,1.0,0.98,False
2026-07-04,CASE_07,RIM-MSC-ESL-101,eBay,Mascara,2. High Velocity + Healthy Stock,2676.0,6.714285714285714,398.6,5.0,49.0,41.442326,42.159325,0.05,0.03,0.0,0.0,1.0,0.98,False
2026-07-05,CASE_07,RIM-MSC-ESL-101,eBay,Mascara,2. High Velocity + Healthy Stock,2646.0,6.5,407.1,9.0,44.0,32.075718,32.581245,0.04,0.03,0.0,0.0,1.0,0.98,False
2026-07-06,CASE_07,RIM-MSC-ESL-101,eBay,Mascara,2. High Velocity + Healthy Stock,2612.0,6.642857142857143,393.2,6.0,46.0,32.075718,32.472496,0.05,0.03,0.0,0.0,1.0,0.98,False
2026-07-07,CASE_07,RIM-MSC-ESL-101,eBay,Mascara,2. High Velocity + Healthy Stock,2591.0,6.714285714285714,385.9,8.0,47.0,32.075718,32.472496,0.05,0.03,0.0,0.0,1.0,0.98,False
2026-07-08,CASE_07,RIM-MSC-ESL-101,eBay,Mascara,2. High Velocity + Healthy Stock,2171.0,7.142857142857143,303.9,6.0,44.0,32.075718,32.241592,0.05,0.03,0.0,0.0,1.0,0.98,False
2026-07-09,CASE_07,RIM-MSC-ESL-101,eBay,Mascara,2. High Velocity + Healthy Stock,2146.0,7.071428571428571,303.5,11.0,34.0,32.075718,32.241592,0.05,0.03,0.0,0.0,1.0,0.98,False
2026-07-10,CASE_07,RIM-MSC-ESL-101,eBay,Mascara,2. High Velocity + Healthy Stock,2135.0,7.5,284.7,6.0,35.0,33.24509,32.955822,0.05,0.03,0.0,0.0,1.0,0.975,False
2026-07-11,CASE_07,RIM-MSC-ESL-101,eBay,Mascara,2. High Velocity + Healthy Stock,2130.0,7.714285714285714,276.1,3.0,43.0,44.1515,42.05058,0.05,0.03,0.0,0.0,1.0,0.98,False
2026-07-12,CASE_07,RIM-MSC-ESL-101,eBay,Mascara,2. High Velocity + Healthy Stock,2125.0,6.857142857142857,309.9,4.0,49.0,44.1515,42.05058,0.05,0.03,0.0,0.0,1.0,0.98,False
2026-07-13,CASE_07,RIM-MSC-ESL-101,eBay,Mascara,2. High Velocity + Healthy Stock,2107.0,6.428571428571429,327.8,8.0,44.0,32.075718,32.241592,0.05,0.03,0.0,0.0,1.0,0.975,False
2026-07-14,CASE_07,RIM-MSC-ESL-101,eBay,Mascara,2. High Velocity + Healthy Stock,2097.0,6.642857142857143,315.7,9.0,42.0,32.075718,32.472496,0.05,0.03,0.0,0.0,1.0,0.975,False
2026-07-15,CASE_07,RIM-MSC-ESL-101,eBay,Mascara,2. High Velocity + Healthy Stock,9051.0,6.428571428571429,1407.9,3.0,51.0,32.075718,32.472496,0.03,0.01,0.0,0.0,1.0,0.995,False
2026-07-16,CASE_07,RIM-MSC-ESL-101,eBay,Mascara,2. High Velocity + Healthy Stock,8233.0,6.142857142857143,1340.3,1.0,55.0,32.075718,32.241592,0.03,0.01,0.0,0.0,1.0,0.99,False
2026-07-17,CASE_07,RIM-MSC-ESL-101,eBay,Mascara,2. High Velocity + Healthy Stock,8223.0,5.785714285714286,1421.3,7.0,55.0,31.864412,31.933273,0.03,0.01,0.0,0.0,1.0,0.99,False
2026-07-18,CASE_07,RIM-MSC-ESL-101,eBay,Mascara,2. High Velocity + Healthy Stock,8212.0,6.142857142857143,1336.8,11.0,53.0,32.075718,32.06591,0.03,0.01,0.0,0.0,1.0,0.995,False
2026-07-19,CASE_07,RIM-MSC-ESL-101,eBay,Mascara,2. High Velocity + Healthy Stock,8202.0,6.571428571428571,1248.1,10.0,46.0,33.24509,32.724926,0.03,0.01,0.0,0.0,1.0,0.995,False
2026-07-20,CASE_07,RIM-MSC-ESL-101,eBay,Mascara,2. High Velocity + Healthy Stock,8195.0,6.642857142857143,1233.7,3.0,57.0,45.320873,42.758644,0.03,0.01,0.0,0.0,1.0,0.995,False
2026-07-21,CASE_07,RIM-MSC-ESL-101,eBay,Mascara,2. High Velocity + Healthy Stock,8177.0,6.428571428571429,1272.0,7.0,53.0,32.075718,32.10441,0.03,0.01,0.0,0.0,1.0,0.995,False
2026-07-22,CASE_07,RIM-MSC-ESL-101,eBay,Mascara,2. High Velocity + Healthy Stock,8155.0,6.357142857142857,1282.8,12.0,51.0,32.075718,32.10441,0.03,0.01,0.0,0.0,1.0,0.99,False
2026-07-23,CASE_07,RIM-MSC-ESL-101,eBay,Mascara,2. High Velocity + Healthy Stock,8081.0,6.785714285714286,1190.9,5.0,53.0,45.867283,42.86739,0.03,0.01,0.0,0.0,1.0,0.99,False
2026-07-24,CASE_07,RIM-MSC-ESL-101,eBay,Mascara,2. High Velocity + Healthy Stock,8067.0,6.357142857142857,1269.0,7.0,56.0,44.1515,42.05058,0.03,0.01,0.0,0.0,1.0,0.995,False
2026-07-25,CASE_07,RIM-MSC-ESL-101,eBay,Mascara,2. High Velocity + Healthy Stock,8057.0,6.428571428571429,1253.3,9.0,49.0,41.442326,42.05058,0.03,0.01,0.0,0.0,1.0,0.995,False
2026-07-26,CASE_07,RIM-MSC-ESL-101,eBay,Mascara,2. High Velocity + Healthy Stock,8053.0,6.857142857142857,1174.4,3.0,54.0,44.1515,42.159325,0.03,0.01,0.0,0.0,1.0,0.995,False
2026-07-27,CASE_07,RIM-MSC-ESL-101,eBay,Mascara,2. High Velocity + Healthy Stock,8039.0,6.785714285714286,1184.7,14.0,40.0,32.075718,32.472496,0.03,0.01,0.0,0.0,1.0,0.995,False
2026-07-28,CASE_07,RIM-MSC-ESL-101,eBay,Mascara,2. High Velocity + Healthy Stock,6524.0,7.214285714285714,904.3,3.0,44.0,47.175022,45.02454,0.03,0.01,0.0,0.0,1.0,0.995,False
2026-07-29,CASE_07,RIM-MSC-ESL-101,eBay,Mascara,2. High Velocity + Healthy Stock,6507.0,6.785714285714286,958.9,10.0,38.0,41.442326,42.275322,0.03,0.01,0.0,0.0,1.0,0.995,False
2026-07-30,CASE_07,RIM-MSC-ESL-101,eBay,Mascara,2. High Velocity + Healthy Stock,6493.0,7.285714285714286,891.2,7.0,43.0,49.929142,52.03029,0.04,0.02,0.0,0.0,1.0,0.985,False
2026-07-31,CASE_07,RIM-MSC-ESL-101,eBay,Mascara,2. High Velocity + Healthy Stock,6479.0,7.714285714285714,839.9,10.0,42.0,44.0925,42.05058,0.04,0.02,0.0,0.0,1.0,0.985,False
2026-08-01,CASE_07,RIM-MSC-ESL-101,eBay,Mascara,2. High Velocity + Healthy Stock,6471.0,7.928571428571429,816.2,2.0,48.0,45.26187,42.5339,0.04,0.02,0.0,0.0,1.0,0.985,False
2026-08-02,CASE_07,RIM-MSC-ESL-101,eBay,Mascara,2. High Velocity + Healthy Stock,6464.0,7.285714285714286,887.2,8.0,46.0,44.1515,42.159325,0.04,0.01,0.0,0.0,1.0,0.99,False
2026-08-03,CASE_07,RIM-MSC-ESL-101,eBay,Mascara,2. High Velocity + Healthy Stock,6460.0,7.142857142857143,904.4,0.0,50.0,41.442326,42.275322,0.03,0.01,0.0,0.0,1.0,0.995,False
2026-08-04,CASE_07,RIM-MSC-ESL-101,eBay,Mascara,2. High Velocity + Healthy Stock,6445.0,6.928571428571429,930.2,7.0,49.0,32.92408,32.714024,0.03,0.01,0.0,0.0,1.0,0.99,False
2026-08-05,CASE_07,RIM-MSC-ESL-101,eBay,Mascara,2. High Velocity + Healthy Stock,5592.0,6.928571428571429,807.1,4.0,50.0,32.075718,32.10441,0.04,0.02,0.0,0.0,1.0,0.985,False
2026-08-06,CASE_07,RIM-MSC-ESL-101,eBay,Mascara,2. High Velocity + Healthy Stock,5580.0,6.357142857142857,877.8,12.0,39.0,32.075718,32.203094,0.04,0.01,0.0,0.0,1.0,0.99,False
2026-08-07,CASE_07,RIM-MSC-ESL-101,eBay,Mascara,2. High Velocity + Healthy Stock,5567.0,6.857142857142857,811.9,9.0,34.0,33.7915,32.587738,0.04,0.02,0.0,0.0,1.0,0.98,False
2026-08-08,CASE_07,RIM-MSC-ESL-101,eBay,Mascara,2. High Velocity + Healthy Stock,5557.0,7.0,793.9,8.0,30.0,32.075718,32.241592,0.04,0.02,0.0,0.0,1.0,0.98,False
2026-08-09,CASE_07,RIM-MSC-ESL-101,eBay,Mascara,2. High Velocity + Healthy Stock,5544.0,6.928571428571429,800.2,6.0,40.0,44.1515,42.05058,0.04,0.02,0.0,0.0,1.0,0.985,False
2026-08-10,CASE_07,RIM-MSC-ESL-101,eBay,Mascara,2. High Velocity + Healthy Stock,5535.0,7.142857142857143,774.9,4.0,44.0,32.075718,32.581245,0.04,0.04,0.0,0.0,1.0,0.97,False
2026-08-11,CASE_07,RIM-MSC-ESL-101,eBay,Mascara,2. High Velocity + Healthy Stock,5524.0,6.428571428571429,859.3,6.0,45.0,44.1515,42.275322,0.04,0.02,0.0,0.0,1.0,0.985,False
2026-08-12,CASE_07,RIM-MSC-ESL-101,eBay,Mascara,2. High Velocity + Healthy Stock,5523.0,6.642857142857143,831.4,5.0,49.0,44.1515,42.275322,0.04,0.02,0.0,0.0,1.0,0.99,False
2026-08-13,CASE_07,RIM-MSC-ESL-101,eBay,Mascara,2. High Velocity + Healthy Stock,5522.0,6.285714285714286,878.5,1.0,52.0,41.442326,42.275322,0.04,0.02,0.0,0.0,1.0,0.985,False
2026-08-14,CASE_07,RIM-MSC-ESL-101,eBay,Mascara,2. High Velocity + Healthy Stock,5507.0,5.857142857142857,940.2,4.0,52.0,32.075718,32.213154,0.03,0.01,0.0,0.0,1.0,0.99,False
2026-08-15,CASE_07,RIM-MSC-ESL-101,eBay,Mascara,2. High Velocity + Healthy Stock,5498.0,5.428571428571429,1012.8,4.0,52.0,31.864412,32.042023,0.03,0.01,0.0,0.0,1.0,0.99,False
2026-08-16,CASE_07,RIM-MSC-ESL-101,eBay,Mascara,2. High Velocity + Healthy Stock,5482.0,5.571428571428571,983.9,16.0,39.0,31.83237,31.871569,0.03,0.01,0.0,0.0,1.0,0.99,False
2026-08-17,CASE_07,RIM-MSC-ESL-101,eBay,Mascara,2. High Velocity + Healthy Stock,5464.0,6.142857142857143,889.5,8.0,36.0,38.155674,36.901485,0.04,0.02,0.0,0.0,1.0,0.985,False
2026-08-18,CASE_07,RIM-MSC-ESL-101,eBay,Mascara,2. High Velocity + Healthy Stock,4983.0,6.714285714285714,742.1,7.0,37.0,32.075718,32.241592,0.04,0.02,0.0,0.0,1.0,0.985,False
2026-08-19,CASE_07,RIM-MSC-ESL-101,eBay,Mascara,2. High Velocity + Healthy Stock,4956.0,6.714285714285714,738.1,9.0,33.0,32.075718,32.581245,0.04,0.04,0.0,0.0,1.0,0.975,False
2026-08-20,CASE_07,RIM-MSC-ESL-101,eBay,Mascara,2. High Velocity + Healthy Stock,4947.0,7.071428571428571,699.6,4.0,34.0,44.1515,42.275322,0.04,0.03,0.0,0.0,1.0,0.975,False
2026-08-21,CASE_07,RIM-MSC-ESL-101,eBay,Mascara,2. High Velocity + Healthy Stock,4936.0,6.5,759.4,4.0,36.0,44.1515,42.05058,0.04,0.02,0.0,0.0,1.0,0.985,False
2026-08-22,CASE_07,RIM-MSC-ESL-101,eBay,Mascara,2. High Velocity + Healthy Stock,4927.0,6.142857142857143,802.1,4.0,40.0,44.1515,42.05058,0.04,0.02,0.0,0.0,1.0,0.98,False
2026-08-23,CASE_07,RIM-MSC-ESL-101,eBay,Mascara,2. High Velocity + Healthy Stock,4924.0,5.857142857142857,840.7,3.0,41.0,41.442326,42.05058,0.04,0.02,0.0,0.0,1.0,0.985,False
2026-08-24,CASE_07,RIM-MSC-ESL-101,eBay,Mascara,2. High Velocity + Healthy Stock,4913.0,5.642857142857143,870.7,5.0,40.0,31.85807,32.136856,0.04,0.02,0.0,0.0,1.0,0.98,False
2026-08-25,CASE_07,RIM-MSC-ESL-101,eBay,Mascara,2. High Velocity + Healthy Stock,3736.0,5.714285714285714,653.8,8.0,39.0,31.85807,32.06992,0.04,0.03,0.0,0.0,1.0,0.98,False
2026-08-26,CASE_07,RIM-MSC-ESL-101,eBay,Mascara,2. High Velocity + Healthy Stock,3731.0,5.857142857142857,637.0,5.0,49.0,32.075718,32.203094,0.04,0.02,0.0,0.0,1.0,0.985,False
2026-08-27,CASE_07,RIM-MSC-ESL-101,eBay,Mascara,2. High Velocity + Healthy Stock,3723.0,5.857142857142857,635.6,5.0,54.0,31.864412,32.042023,0.04,0.03,0.0,0.0,1.0,0.98,False
2026-08-28,CASE_07,RIM-MSC-ESL-101,eBay,Mascara,2. High Velocity + Healthy Stock,3713.0,6.142857142857143,604.4,6.0,51.0,31.864412,32.07046,0.04,0.02,0.0,0.0,1.0,0.985,False
2026-08-29,CASE_07,RIM-MSC-ESL-101,eBay,Mascara,2. High Velocity + Healthy Stock,3700.0,6.285714285714286,588.6,8.0,52.0,32.075718,32.06591,0.04,0.02,0.0,0.0,1.0,0.98,False
2026-08-30,CASE_07,RIM-MSC-ESL-101,eBay,Mascara,2. High Velocity + Healthy Stock,3695.0,6.571428571428571,562.3,4.0,54.0,32.075718,32.241592,0.04,0.02,0.0,0.0,1.0,0.985,False
2026-08-31,CASE_07,RIM-MSC-ESL-101,eBay,Mascara,2. High Velocity + Healthy Stock,3692.0,5.714285714285714,646.1,4.0,52.0,32.075718,32.213154,0.04,0.03,0.0,0.0,1.0,0.98,False
2026-07-01,CASE_05,RIM-MSC-SCAND-RL-001,eBay,Mascara,2. High Velocity + Healthy Stock,766.0,0.7857142857142857,974.9,1.0,5.0,32.95683,33.964344,0.04,0.03,0.0,0.0,1.0,0.975,False
2026-07-02,CASE_05,RIM-MSC-SCAND-RL-001,eBay,Mascara,2. High Velocity + Healthy Stock,757.0,0.8571428571428571,883.2,2.0,5.0,32.764103,33.834503,0.04,0.08,0.0,0.0,1.0,0.94,False
2026-07-03,CASE_05,RIM-MSC-SCAND-RL-001,eBay,Mascara,2. High Velocity + Healthy Stock,757.0,0.9285714285714286,815.2,0.0,5.0,35.71175,36.496876,0.04,0.04,0.0,0.0,1.0,0.97,False
2026-07-04,CASE_05,RIM-MSC-SCAND-RL-001,eBay,Mascara,2. High Velocity + Healthy Stock,753.0,0.8571428571428571,878.5,1.0,6.0,32.95683,33.964344,0.04,0.08,0.0,0.0,1.0,0.935,False
2026-07-05,CASE_05,RIM-MSC-SCAND-RL-001,eBay,Mascara,2. High Velocity + Healthy Stock,752.0,0.9285714285714286,809.8,0.0,7.0,32.95683,33.964344,0.04,0.1,0.0,0.0,1.0,0.9299999999999999,False
2026-07-06,CASE_05,RIM-MSC-SCAND-RL-001,eBay,Mascara,2. High Velocity + Healthy Stock,748.0,0.9285714285714286,805.5,0.0,7.0,32.95683,33.964344,0.04,0.07,0.0,0.0,1.0,0.95,False
2026-07-07,CASE_05,RIM-MSC-SCAND-RL-001,eBay,Mascara,2. High Velocity + Healthy Stock,743.0,0.8571428571428571,866.8,1.0,7.0,32.764103,33.834503,0.04,0.11,0.0,0.0,1.0,0.9199999999999999,False
2026-07-08,CASE_05,RIM-MSC-SCAND-RL-001,eBay,Mascara,2. High Velocity + Healthy Stock,735.0,0.8571428571428571,857.5,1.0,7.0,32.764103,33.834503,0.04,0.09,0.0,0.0,1.0,0.935,False
2026-07-09,CASE_05,RIM-MSC-SCAND-RL-001,eBay,Mascara,2. High Velocity + Healthy Stock,731.0,0.7857142857142857,930.4,2.0,5.0,32.764103,33.834503,0.04,0.05,0.0,0.0,1.0,0.96,False
2026-07-10,CASE_05,RIM-MSC-SCAND-RL-001,eBay,Mascara,2. High Velocity + Healthy Stock,726.0,0.9285714285714286,781.8,0.0,10.0,35.519024,36.62208,0.04,0.13,0.0,0.0,1.0,0.9,False
2026-07-11,CASE_05,RIM-MSC-SCAND-RL-001,eBay,Mascara,2. High Velocity + Healthy Stock,724.0,0.8571428571428571,844.7,2.0,8.0,32.764103,33.834503,0.04,0.1,0.0,0.0,1.0,0.925,False
2026-07-12,CASE_05,RIM-MSC-SCAND-RL-001,eBay,Mascara,2. High Velocity + Healthy Stock,722.0,1.0,722.0,1.0,8.0,35.519024,36.62208,0.04,0.13,0.0,0.0,1.0,0.9,False
2026-07-13,CASE_05,RIM-MSC-SCAND-RL-001,eBay,Mascara,2. High Velocity + Healthy Stock,719.0,1.0714285714285714,671.1,0.0,9.0,32.95683,33.755226,0.05,0.15,0.0,0.0,1.0,0.885,False
2026-07-14,CASE_05,RIM-MSC-SCAND-RL-001,eBay,Mascara,2. High Velocity + Healthy Stock,710.0,0.8571428571428571,828.3,1.0,8.0,32.95683,33.755226,0.05,0.1,0.0,0.0,1.0,0.9199999999999999,False
2026-07-15,CASE_05,RIM-MSC-SCAND-RL-001,eBay,Mascara,2. High Velocity + Healthy Stock,707.0,0.8571428571428571,824.8,1.0,7.0,33.08175,33.755226,0.05,0.08,0.0,0.0,1.0,0.935,False
2026-07-16,CASE_05,RIM-MSC-SCAND-RL-001,eBay,Mascara,2. High Velocity + Healthy Stock,703.0,0.8571428571428571,820.2,0.0,7.0,32.95683,33.755226,0.05,0.09,0.0,0.0,1.0,0.935,False
2026-07-17,CASE_05,RIM-MSC-SCAND-RL-001,eBay,Mascara,2. High Velocity + Healthy Stock,697.0,0.7142857142857143,975.8,5.0,6.0,32.764103,33.834503,0.04,0.11,0.0,0.0,1.0,0.915,False
2026-07-18,CASE_05,RIM-MSC-SCAND-RL-001,eBay,Mascara,2. High Velocity + Healthy Stock,693.0,1.0714285714285714,646.8,0.0,6.0,36.51723,37.640556,0.05,0.11,0.0,0.0,1.0,0.915,False
2026-07-19,CASE_05,RIM-MSC-SCAND-RL-001,eBay,Mascara,2. High Velocity + Healthy Stock,691.0,1.0,691.0,1.0,5.0,32.95683,33.755226,0.05,0.12,0.0,0.0,1.0,0.9099999999999999,False
2026-07-20,CASE_05,RIM-MSC-SCAND-RL-001,eBay,Mascara,2. High Velocity + Healthy Stock,683.0,1.0714285714285714,637.5,1.0,5.0,32.95683,33.964344,0.04,0.13,0.0,0.0,1.0,0.9,False
2026-07-21,CASE_05,RIM-MSC-SCAND-RL-001,eBay,Mascara,2. High Velocity + Healthy Stock,677.0,1.1428571428571428,592.4,0.0,8.0,32.95683,33.964344,0.04,0.11,0.0,0.0,1.0,0.915,False
2026-07-22,CASE_05,RIM-MSC-SCAND-RL-001,eBay,Mascara,2. High Velocity + Healthy Stock,671.0,1.0714285714285714,626.3,0.0,11.0,32.95683,33.964344,0.04,0.11,0.0,0.0,1.0,0.915,False
2026-07-23,CASE_05,RIM-MSC-SCAND-RL-001,eBay,Mascara,2. High Velocity + Healthy Stock,542.0,1.0,542.0,0.0,12.0,32.95683,33.964344,0.04,0.15,0.0,0.0,1.0,0.885,False
2026-07-24,CASE_05,RIM-MSC-SCAND-RL-001,eBay,Mascara,2. High Velocity + Healthy Stock,530.0,0.8571428571428571,618.3,4.0,10.0,32.95683,33.755226,0.05,0.1,0.0,0.0,1.0,0.925,False
2026-07-25,CASE_05,RIM-MSC-SCAND-RL-001,eBay,Mascara,2. High Velocity + Healthy Stock,530.0,1.1428571428571428,463.8,0.0,12.0,35.52072,36.351532,0.05,0.17,0.0,0.0,1.0,0.875,False
2026-07-26,CASE_05,RIM-MSC-SCAND-RL-001,eBay,Mascara,2. High Velocity + Healthy Stock,530.0,1.0,530.0,0.0,12.0,32.764103,33.834503,0.04,0.09,0.0,0.0,1.0,0.935,False
2026-07-27,CASE_05,RIM-MSC-SCAND-RL-001,eBay,Mascara,2. High Velocity + Healthy Stock,526.0,0.9285714285714286,566.5,1.0,13.0,32.764103,33.625385,0.05,0.11,0.0,0.0,1.0,0.915,False
2026-07-28,CASE_05,RIM-MSC-SCAND-RL-001,eBay,Mascara,2. High Velocity + Healthy Stock,462.0,1.0,462.0,3.0,10.0,32.605476,33.291683,0.05,0.1,0.0,0.0,1.0,0.925,False
2026-07-29,CASE_05,RIM-MSC-SCAND-RL-001,eBay,Mascara,2. High Velocity + Healthy Stock,458.0,1.1428571428571428,400.8,3.0,10.0,35.713448,36.29877,0.05,0.11,0.0,0.0,1.0,0.9199999999999999,False
2026-07-30,CASE_05,RIM-MSC-SCAND-RL-001,eBay,Mascara,2. High Velocity + Healthy Stock,454.0,1.2857142857142858,353.1,1.0,11.0,36.710674,37.258602,0.05,0.13,0.0,0.0,1.0,0.9,False
2026-07-31,CASE_05,RIM-MSC-SCAND-RL-001,eBay,Mascara,2. High Velocity + Healthy Stock,444.0,1.3571428571428572,327.2,2.0,9.0,33.79543,34.381355,0.05,0.09,0.0,0.0,1.0,0.9299999999999999,False
2026-08-01,CASE_05,RIM-MSC-SCAND-RL-001,eBay,Mascara,2. High Velocity + Healthy Stock,442.0,1.1428571428571428,386.8,2.0,7.0,35.705837,36.445587,0.05,0.15,0.0,0.0,1.0,0.885,False
2026-08-02,CASE_05,RIM-MSC-SCAND-RL-001,eBay,Mascara,2. High Velocity + Healthy Stock,439.0,1.2857142857142858,341.4,0.0,8.0,36.703064,37.40542,0.05,0.13,0.0,0.0,1.0,0.905,False
2026-08-03,CASE_05,RIM-MSC-SCAND-RL-001,eBay,Mascara,2. High Velocity + Healthy Stock,437.0,1.2142857142857142,359.9,2.0,7.0,33.40054,33.93909,0.05,0.09,0.0,0.0,1.0,0.9299999999999999,False
2026-08-04,CASE_05,RIM-MSC-SCAND-RL-001,eBay,Mascara,2. High Velocity + Healthy Stock,433.0,1.2857142857142858,336.8,0.0,9.0,37.39102,37.681343,0.05,0.07,0.0,0.0,1.0,0.9450000000000001,False
2026-08-05,CASE_05,RIM-MSC-SCAND-RL-001,eBay,Mascara,2. High Velocity + Healthy Stock,309.0,1.2857142857142858,240.3,3.0,6.0,34.006573,34.67801,0.05,0.11,0.0,0.0,1.0,0.9099999999999999,False
2026-08-06,CASE_05,RIM-MSC-SCAND-RL-001,eBay,Mascara,2. High Velocity + Healthy Stock,306.0,1.5,204.0,2.0,5.0,36.863388,37.495087,0.05,0.11,0.0,0.0,1.0,0.9199999999999999,False
2026-08-07,CASE_05,RIM-MSC-SCAND-RL-001,eBay,Mascara,2. High Velocity + Healthy Stock,301.0,1.6428571428571428,183.2,0.0,5.0,36.703064,37.40542,0.05,0.09,0.0,0.0,1.0,0.935,False
2026-08-08,CASE_05,RIM-MSC-SCAND-RL-001,eBay,Mascara,2. High Velocity + Healthy Stock,295.0,1.3571428571428572,217.4,0.0,6.0,34.006573,34.67801,0.05,0.14,0.0,0.0,1.0,0.895,False
2026-08-09,CASE_05,RIM-MSC-SCAND-RL-001,eBay,Mascara,2. High Velocity + Healthy Stock,290.0,1.3571428571428572,213.7,1.0,6.0,34.006573,34.67801,0.05,0.11,0.0,0.0,1.0,0.915,False
2026-08-10,CASE_05,RIM-MSC-SCAND-RL-001,eBay,Mascara,2. High Velocity + Healthy Stock,285.0,1.4285714285714286,199.5,1.0,5.0,34.006573,34.67801,0.05,0.08,0.0,0.0,1.0,0.9450000000000001,False
2026-08-11,CASE_05,RIM-MSC-SCAND-RL-001,eBay,Mascara,2. High Velocity + Healthy Stock,281.0,1.4285714285714286,196.7,2.0,3.0,34.006573,34.67801,0.05,0.11,0.0,0.0,1.0,0.9199999999999999,False
2026-08-12,CASE_05,RIM-MSC-SCAND-RL-001,eBay,Mascara,2. High Velocity + Healthy Stock,279.0,1.3571428571428572,205.6,0.0,4.0,36.703064,37.40542,0.05,0.11,0.0,0.0,1.0,0.915,False
2026-08-13,CASE_05,RIM-MSC-SCAND-RL-001,eBay,Mascara,2. High Velocity + Healthy Stock,275.0,1.1428571428571428,240.6,1.0,5.0,32.81662,33.588333,0.05,0.1,0.0,0.0,1.0,0.925,False
2026-08-14,CASE_05,RIM-MSC-SCAND-RL-001,eBay,Mascara,2. High Velocity + Healthy Stock,275.0,1.1428571428571428,240.6,0.0,6.0,32.81662,33.588333,0.05,0.13,0.0,0.0,1.0,0.9,False
2026-08-15,CASE_05,RIM-MSC-SCAND-RL-001,eBay,Mascara,2. High Velocity + Healthy Stock,511.0,1.0,511.0,1.0,6.0,32.975246,33.922035,0.05,0.1,0.0,0.0,1.0,0.9299999999999999,False
2026-08-16,CASE_05,RIM-MSC-SCAND-RL-001,eBay,Mascara,2. High Velocity + Healthy Stock,504.0,0.9285714285714286,542.8,1.0,5.0,32.81662,33.588333,0.05,0.11,0.0,0.0,1.0,0.915,False
2026-08-17,CASE_05,RIM-MSC-SCAND-RL-001,eBay,Mascara,2. High Velocity + Healthy Stock,502.0,1.0,502.0,0.0,5.0,32.81662,33.79745,0.04,0.08,0.0,0.0,1.0,0.94,False
2026-08-18,CASE_05,RIM-MSC-SCAND-RL-001,eBay,Mascara,2. High Velocity + Healthy Stock,502.0,0.8571428571428571,585.7,0.0,5.0,32.81662,33.79745,0.04,0.09,0.0,0.0,1.0,0.935,False
2026-08-19,CASE_05,RIM-MSC-SCAND-RL-001,eBay,Mascara,2. High Velocity + Healthy Stock,498.0,0.8571428571428571,581.0,1.0,4.0,32.698,32.80005,0.05,0.13,0.0,0.0,1.0,0.905,False
2026-08-20,CASE_05,RIM-MSC-SCAND-RL-001,eBay,Mascara,2. High Velocity + Healthy Stock,496.0,0.7142857142857143,694.4,2.0,4.0,32.698,32.80005,0.05,0.08,0.0,0.0,1.0,0.9450000000000001,False
2026-08-21,CASE_05,RIM-MSC-SCAND-RL-001,eBay,Mascara,2. High Velocity + Healthy Stock,494.0,0.7142857142857143,691.6,1.0,5.0,35.51311,36.52486,0.04,0.11,0.0,0.0,1.0,0.9199999999999999,False
2026-08-22,CASE_05,RIM-MSC-SCAND-RL-001,eBay,Mascara,2. High Velocity + Healthy Stock,490.0,0.7857142857142857,623.6,1.0,4.0,32.81662,33.79745,0.04,0.06,0.0,0.0,1.0,0.96,False
2026-08-23,CASE_05,RIM-MSC-SCAND-RL-001,eBay,Mascara,2. High Velocity + Healthy Stock,488.0,0.8571428571428571,569.3,0.0,5.0,32.81662,33.79745,0.04,0.09,0.0,0.0,1.0,0.9299999999999999,False
2026-08-24,CASE_05,RIM-MSC-SCAND-RL-001,eBay,Mascara,2. High Velocity + Healthy Stock,488.0,0.7857142857142857,621.1,0.0,8.0,32.81662,33.79745,0.04,0.1,0.0,0.0,1.0,0.9299999999999999,False
2026-08-25,CASE_05,RIM-MSC-SCAND-RL-001,eBay,Mascara,2. High Velocity + Healthy Stock,365.0,0.7142857142857143,511.0,0.0,12.0,32.81662,33.483864,0.05,0.12,0.0,0.0,1.0,0.9099999999999999,False
2026-08-26,CASE_05,RIM-MSC-SCAND-RL-001,eBay,Mascara,2. High Velocity + Healthy Stock,365.0,0.5714285714285714,638.8,0.0,13.0,32.81662,33.69298,0.04,0.07,0.0,0.0,1.0,0.9450000000000001,False
2026-08-27,CASE_05,RIM-MSC-SCAND-RL-001,eBay,Mascara,2. High Velocity + Healthy Stock,359.0,0.5714285714285714,628.2,2.0,14.0,32.698,32.69558,0.05,0.09,0.0,0.0,1.0,0.935,False
2026-08-28,CASE_05,RIM-MSC-SCAND-RL-001,eBay,Mascara,2. High Velocity + Healthy Stock,353.0,0.6428571428571429,549.1,2.0,14.0,35.394493,35.42299,0.05,0.06,0.0,0.0,1.0,0.95,False
2026-08-29,CASE_05,RIM-MSC-SCAND-RL-001,eBay,Mascara,2. High Velocity + Healthy Stock,350.0,0.7857142857142857,445.5,0.0,15.0,35.51311,36.211273,0.05,0.09,0.0,0.0,1.0,0.9299999999999999,False
2026-08-30,CASE_05,RIM-MSC-SCAND-RL-001,eBay,Mascara,2. High Velocity + Healthy Stock,349.0,0.7142857142857143,488.6,1.0,14.0,32.698,32.904697,0.04,0.11,0.0,0.0,1.0,0.915,False
2026-08-31,CASE_05,RIM-MSC-SCAND-RL-001,eBay,Mascara,2. High Velocity + Healthy Stock,344.0,0.7142857142857143,481.6,3.0,11.0,32.81662,33.483864,0.05,0.13,0.0,0.0,1.0,0.905,False
2026-07-01,CASE_27,RIM-NAIL-60S-271,eBay,Nail Polish,8. High Volatility / Erratic,715.0,0.07142857142857142,10010.0,0.0,1.0,27.673937,27.720308,0.03,0.06,0.0,0.0,1.0,0.9550000000000001,False
2026-07-02,CASE_27,RIM-NAIL-60S-271,eBay,Nail Polish,8. High Volatility / Erratic,714.0,0.0,999.0,0.0,1.0,27.673937,27.720308,0.03,0.05,0.0,0.0,1.0,0.9650000000000001,False
2026-07-03,CASE_27,RIM-NAIL-60S-271,eBay,Nail Polish,8. High Volatility / Erratic,713.0,0.0,999.0,0.0,1.0,27.673937,27.720308,0.03,0.06,0.0,0.0,1.0,0.9550000000000001,False
2026-07-04,CASE_27,RIM-NAIL-60S-271,eBay,Nail Polish,8. High Volatility / Erratic,712.0,0.0,999.0,0.0,1.0,27.673937,27.720308,0.03,0.04,0.0,0.0,1.0,0.9650000000000001,False
2026-07-05,CASE_27,RIM-NAIL-60S-271,eBay,Nail Polish,8. High Volatility / Erratic,712.0,0.0,999.0,0.0,1.0,27.673937,27.720308,0.03,0.05,0.0,0.0,1.0,0.9650000000000001,False
2026-07-06,CASE_27,RIM-NAIL-60S-271,eBay,Nail Polish,8. High Volatility / Erratic,711.0,0.0,999.0,1.0,0.0,27.673937,27.720308,0.03,0.05,0.0,0.0,1.0,0.96,False
2026-07-07,CASE_27,RIM-NAIL-60S-271,eBay,Nail Polish,8. High Volatility / Erratic,711.0,0.07142857142857142,9954.0,0.0,2.0,27.673937,27.720308,0.03,0.05,0.0,0.0,1.0,0.96,False
2026-07-08,CASE_27,RIM-NAIL-60S-271,eBay,Nail Polish,8. High Volatility / Erratic,711.0,0.07142857142857142,9954.0,0.0,3.0,27.673937,27.720308,0.03,0.05,0.0,0.0,1.0,0.96,False
2026-07-09,CASE_27,RIM-NAIL-60S-271,eBay,Nail Polish,8. High Volatility / Erratic,711.0,0.07142857142857142,9954.0,0.0,4.0,27.673937,27.720308,0.03,0.05,0.0,0.0,1.0,0.96,False
2026-07-10,CASE_27,RIM-NAIL-60S-271,eBay,Nail Polish,8. High Volatility / Erratic,711.0,0.07142857142857142,9954.0,0.0,5.0,27.673937,27.720308,0.03,0.06,0.0,0.0,1.0,0.96,False
2026-07-11,CASE_27,RIM-NAIL-60S-271,eBay,Nail Polish,8. High Volatility / Erratic,711.0,0.07142857142857142,9954.0,0.0,5.0,27.673937,27.720308,0.03,0.06,0.0,0.0,1.0,0.9550000000000001,False
2026-07-12,CASE_27,RIM-NAIL-60S-271,eBay,Nail Polish,8. High Volatility / Erratic,711.0,0.07142857142857142,9954.0,0.0,6.0,27.673937,27.720308,0.03,0.06,0.0,0.0,1.0,0.9550000000000001,False
2026-07-13,CASE_27,RIM-NAIL-60S-271,eBay,Nail Polish,8. High Volatility / Erratic,711.0,0.07142857142857142,9954.0,0.0,6.0,27.673937,27.720308,0.03,0.05,0.0,0.0,1.0,0.9650000000000001,False
2026-07-14,CASE_27,RIM-NAIL-60S-271,eBay,Nail Polish,8. High Volatility / Erratic,707.0,0.07142857142857142,9898.0,2.0,4.0,27.673937,27.720308,0.03,0.05,0.0,0.0,1.0,0.96,False
2026-07-15,CASE_27,RIM-NAIL-60S-271,eBay,Nail Polish,8. High Volatility / Erratic,704.0,0.21428571428571427,3285.3,1.0,3.0,31.416399,30.794834,0.03,0.07,0.0,0.0,1.0,0.9450000000000001,False
2026-07-16,CASE_27,RIM-NAIL-60S-271,eBay,Nail Polish,8. High Volatility / Erratic,703.0,0.2857142857142857,2460.5,1.0,3.0,27.673937,27.720308,0.03,0.05,0.0,0.0,1.0,0.96,False
2026-07-17,CASE_27,RIM-NAIL-60S-271,eBay,Nail Polish,8. High Volatility / Erratic,701.0,0.35714285714285715,1962.8,1.0,2.0,27.746443,27.7443,0.03,0.04,0.0,0.0,1.0,0.9650000000000001,False
2026-07-18,CASE_27,RIM-NAIL-60S-271,eBay,Nail Polish,8. High Volatility / Erratic,701.0,0.42857142857142855,1635.7,0.0,2.0,28.107073,28.386623,0.03,0.05,0.0,0.0,1.0,0.96,False
2026-07-19,CASE_27,RIM-NAIL-60S-271,eBay,Nail Polish,8. High Volatility / Erratic,700.0,0.42857142857142855,1633.3,1.0,1.0,28.107073,28.386623,0.04,0.06,0.0,0.0,1.0,0.9550000000000001,False
2026-07-20,CASE_27,RIM-NAIL-60S-271,eBay,Nail Polish,8. High Volatility / Erratic,700.0,0.5,1400.0,0.0,1.0,28.172499,28.24768,0.03,0.04,0.0,0.0,1.0,0.97,False
2026-07-21,CASE_27,RIM-NAIL-60S-271,eBay,Nail Polish,8. High Volatility / Erratic,700.0,0.42857142857142855,1633.3,0.0,1.0,28.107073,28.216545,0.03,0.07,0.0,0.0,1.0,0.95,False
2026-07-22,CASE_27,RIM-NAIL-60S-271,eBay,Nail Polish,8. High Volatility / Erratic,700.0,0.42857142857142855,1633.3,0.0,4.0,27.746443,27.807692,0.03,0.07,0.0,0.0,1.0,0.9450000000000001,False
2026-07-23,CASE_27,RIM-NAIL-60S-271,eBay,Nail Polish,8. High Volatility / Erratic,698.0,0.42857142857142855,1628.7,1.0,3.0,27.695951,27.783699,0.03,0.07,0.0,0.0,1.0,0.95,False
2026-07-24,CASE_27,RIM-NAIL-60S-271,eBay,Nail Polish,8. High Volatility / Erratic,698.0,0.5,1396.0,0.0,4.0,27.761377,27.814835,0.04,0.07,0.0,0.0,1.0,0.9450000000000001,False
2026-07-25,CASE_27,RIM-NAIL-60S-271,eBay,Nail Polish,8. High Volatility / Erratic,698.0,0.5,1396.0,0.0,5.0,27.761377,27.814835,0.03,0.06,0.0,0.0,1.0,0.95,False
2026-07-26,CASE_27,RIM-NAIL-60S-271,eBay,Nail Polish,8. High Volatility / Erratic,698.0,0.5,1396.0,0.0,6.0,27.761377,27.814835,0.03,0.04,0.0,0.0,1.0,0.97,False
2026-07-27,CASE_27,RIM-NAIL-60S-271,eBay,Nail Polish,8. High Volatility / Erratic,698.0,0.5,1396.0,0.0,6.0,27.761377,27.814835,0.03,0.06,0.0,0.0,1.0,0.96,False
2026-07-28,CASE_27,RIM-NAIL-60S-271,eBay,Nail Polish,8. High Volatility / Erratic,698.0,0.5,1396.0,0.0,6.0,27.761377,27.814835,0.03,0.04,0.0,0.0,1.0,0.97,False
2026-07-29,CASE_27,RIM-NAIL-60S-271,eBay,Nail Polish,8. High Volatility / Erratic,696.0,0.35714285714285715,1948.8,3.0,3.0,27.695951,27.720308,0.03,0.05,0.0,0.0,1.0,0.9650000000000001,False
2026-07-30,CASE_27,RIM-NAIL-60S-271,eBay,Nail Polish,8. High Volatility / Erratic,693.0,0.5,1386.0,0.0,3.0,30.020847,30.070019,0.04,0.05,0.0,0.0,1.0,0.96,False
2026-07-31,CASE_27,RIM-NAIL-60S-271,eBay,Nail Polish,8. High Volatility / Erratic,692.0,0.42857142857142855,1614.7,1.0,2.0,27.695951,27.783699,0.04,0.07,0.0,0.0,1.0,0.9450000000000001,False
2026-08-01,CASE_27,RIM-NAIL-60S-271,eBay,Nail Polish,8. High Volatility / Erratic,690.0,0.42857142857142855,1610.0,1.0,1.0,27.746443,27.807692,0.03,0.05,0.0,0.0,1.0,0.9650000000000001,False
2026-08-02,CASE_27,RIM-NAIL-60S-271,eBay,Nail Polish,8. High Volatility / Erratic,689.0,0.5,1378.0,1.0,0.0,28.172499,28.24768,0.03,0.04,0.0,0.0,1.0,0.97,False
2026-08-03,CASE_27,RIM-NAIL-60S-271,eBay,Nail Polish,8. High Volatility / Erratic,688.0,0.5,1376.0,0.0,0.0,28.172499,28.24768,0.03,0.05,0.0,0.0,1.0,0.9650000000000001,False
2026-08-04,CASE_27,RIM-NAIL-60S-271,eBay,Nail Polish,8. High Volatility / Erratic,688.0,0.5,1376.0,0.0,0.0,28.172499,28.24768,0.03,0.07,0.0,0.0,1.0,0.9450000000000001,False
2026-08-05,CASE_27,RIM-NAIL-60S-271,eBay,Nail Polish,8. High Volatility / Erratic,688.0,0.5,1376.0,0.0,0.0,28.172499,28.24768,0.03,0.04,0.0,0.0,1.0,0.97,False
2026-08-06,CASE_27,RIM-NAIL-60S-271,eBay,Nail Polish,8. High Volatility / Erratic,688.0,0.5,1376.0,0.0,0.0,27.761377,27.814835,0.04,0.1,0.0,0.0,1.0,0.9299999999999999,False
2026-08-07,CASE_27,RIM-NAIL-60S-271,eBay,Nail Polish,8. High Volatility / Erratic,688.0,0.42857142857142855,1605.3,0.0,1.0,27.695951,27.783699,0.03,0.06,0.0,0.0,1.0,0.9550000000000001,False
2026-08-08,CASE_27,RIM-NAIL-60S-271,eBay,Nail Polish,8. High Volatility / Erratic,688.0,0.42857142857142855,1605.3,0.0,1.0,27.695951,27.783699,0.03,0.06,0.0,0.0,1.0,0.96,False
2026-08-09,CASE_27,RIM-NAIL-60S-271,eBay,Nail Polish,8. High Volatility / Erratic,687.0,0.42857142857142855,1603.0,0.0,2.0,27.695951,27.783699,0.03,0.05,0.0,0.0,1.0,0.9650000000000001,False
2026-08-10,CASE_27,RIM-NAIL-60S-271,eBay,Nail Polish,8. High Volatility / Erratic,687.0,0.42857142857142855,1603.0,0.0,2.0,27.695951,27.783699,0.03,0.04,0.0,0.0,1.0,0.97,False
2026-08-11,CASE_27,RIM-NAIL-60S-271,eBay,Nail Polish,8. High Volatility / Erratic,687.0,0.42857142857142855,1603.0,0.0,3.0,27.695951,27.783699,0.03,0.05,0.0,0.0,1.0,0.9650000000000001,False
2026-08-12,CASE_27,RIM-NAIL-60S-271,eBay,Nail Polish,8. High Volatility / Erratic,687.0,0.42857142857142855,1603.0,0.0,3.0,27.695951,27.783699,0.03,0.04,0.0,0.0,1.0,0.97,False
2026-08-13,CASE_27,RIM-NAIL-60S-271,eBay,Nail Polish,8. High Volatility / Erratic,687.0,0.21428571428571427,3206.0,0.0,3.0,27.695951,27.720308,0.04,0.04,0.0,0.0,1.0,0.9650000000000001,False
2026-08-14,CASE_27,RIM-NAIL-60S-271,eBay,Nail Polish,8. High Volatility / Erratic,687.0,0.21428571428571427,3206.0,1.0,2.0,27.695951,27.720308,0.03,0.04,0.0,0.0,1.0,0.975,False
2026-08-15,CASE_27,RIM-NAIL-60S-271,eBay,Nail Polish,8. High Volatility / Erratic,686.0,0.21428571428571427,3201.3,0.0,2.0,27.695951,27.720308,0.04,0.05,0.0,0.0,1.0,0.9650000000000001,False
2026-08-16,CASE_27,RIM-NAIL-60S-271,eBay,Nail Polish,8. High Volatility / Erratic,685.0,0.14285714285714285,4795.0,1.0,2.0,27.695951,27.720308,0.03,0.08,0.0,0.0,1.0,0.94,False
2026-08-17,CASE_27,RIM-NAIL-60S-271,eBay,Nail Polish,8. High Volatility / Erratic,685.0,0.14285714285714285,4795.0,0.0,2.0,27.695951,27.720308,0.04,0.05,0.0,0.0,1.0,0.9650000000000001,False
2026-08-18,CASE_27,RIM-NAIL-60S-271,eBay,Nail Polish,8. High Volatility / Erratic,683.0,0.14285714285714285,4781.0,1.0,1.0,27.695951,27.720308,0.04,0.06,0.0,0.0,1.0,0.9550000000000001,False
2026-08-19,CASE_27,RIM-NAIL-60S-271,eBay,Nail Polish,8. High Volatility / Erratic,683.0,0.21428571428571427,3187.3,0.0,1.0,27.695951,27.720308,0.03,0.03,0.0,0.0,1.0,0.975,False
2026-08-20,CASE_27,RIM-NAIL-60S-271,eBay,Nail Polish,8. High Volatility / Erratic,683.0,0.21428571428571427,3187.3,0.0,1.0,27.695951,27.720308,0.03,0.05,0.0,0.0,1.0,0.96,False
2026-08-21,CASE_27,RIM-NAIL-60S-271,eBay,Nail Polish,8. High Volatility / Erratic,683.0,0.21428571428571427,3187.3,0.0,1.0,27.695951,27.720308,0.03,0.04,0.0,0.0,1.0,0.97,False
2026-08-22,CASE_27,RIM-NAIL-60S-271,eBay,Nail Polish,8. High Volatility / Erratic,683.0,0.21428571428571427,3187.3,0.0,1.0,27.695951,27.720308,0.04,0.05,0.0,0.0,1.0,0.96,False
2026-08-23,CASE_27,RIM-NAIL-60S-271,eBay,Nail Polish,8. High Volatility / Erratic,680.0,0.21428571428571427,3173.3,1.0,0.0,27.695951,27.720308,0.03,0.04,0.0,0.0,1.0,0.97,False
2026-08-24,CASE_27,RIM-NAIL-60S-271,eBay,Nail Polish,8. High Volatility / Erratic,680.0,0.2857142857142857,2380.0,0.0,1.0,27.695951,27.720308,0.03,0.04,0.0,0.0,1.0,0.97,False
2026-08-25,CASE_27,RIM-NAIL-60S-271,eBay,Nail Polish,8. High Volatility / Erratic,680.0,0.2857142857142857,2380.0,0.0,2.0,27.695951,27.720308,0.03,0.06,0.0,0.0,1.0,0.9550000000000001,False
2026-08-26,CASE_27,RIM-NAIL-60S-271,eBay,Nail Polish,8. High Volatility / Erratic,680.0,0.2857142857142857,2380.0,0.0,2.0,27.695951,27.720308,0.03,0.06,0.0,0.0,1.0,0.96,False
2026-08-27,CASE_27,RIM-NAIL-60S-271,eBay,Nail Polish,8. High Volatility / Erratic,680.0,0.2857142857142857,2380.0,0.0,2.0,27.695951,27.720308,0.03,0.04,0.0,0.0,1.0,0.9650000000000001,False
2026-08-28,CASE_27,RIM-NAIL-60S-271,eBay,Nail Polish,8. High Volatility / Erratic,680.0,0.2857142857142857,2380.0,0.0,3.0,27.695951,27.720308,0.03,0.06,0.0,0.0,1.0,0.9550000000000001,False
2026-08-29,CASE_27,RIM-NAIL-60S-271,eBay,Nail Polish,8. High Volatility / Erratic,680.0,0.21428571428571427,3173.3,0.0,3.0,27.695951,27.720308,0.04,0.05,0.0,0.0,1.0,0.96,False
2026-08-30,CASE_27,RIM-NAIL-60S-271,eBay,Nail Polish,8. High Volatility / Erratic,680.0,0.21428571428571427,3173.3,0.0,4.0,27.695951,27.720308,0.03,0.04,0.0,0.0,1.0,0.9650000000000001,False
2026-08-31,CASE_27,RIM-NAIL-60S-271,eBay,Nail Polish,8. High Volatility / Erratic,679.0,0.14285714285714285,4753.0,1.0,3.0,27.695951,27.720308,0.03,0.05,0.0,0.0,1.0,0.9650000000000001,False
2026-07-01,CASE_23,RIM-NAIL-60S-312,eBay,Nail Polish,7. Promotion / Traffic Momentum,56.0,0.14285714285714285,392.0,0.0,0.0,31.23842,31.395754,0.04,0.18,0.0,0.0,1.0,0.865,False
2026-07-02,CASE_23,RIM-NAIL-60S-312,eBay,Nail Polish,7. Promotion / Traffic Momentum,54.0,0.14285714285714285,378.0,0.0,0.0,31.23842,31.395754,0.05,0.19,0.0,0.0,1.0,0.855,False
2026-07-03,CASE_23,RIM-NAIL-60S-312,eBay,Nail Polish,7. Promotion / Traffic Momentum,54.0,0.14285714285714285,378.0,0.0,0.0,31.23842,31.481968,0.05,0.22,0.0,0.0,1.0,0.835,False
2026-07-04,CASE_23,RIM-NAIL-60S-312,eBay,Nail Polish,7. Promotion / Traffic Momentum,54.0,0.07142857142857142,756.0,0.0,0.0,31.23842,31.481968,0.05,0.19,0.0,0.0,1.0,0.86,False
2026-07-05,CASE_23,RIM-NAIL-60S-312,eBay,Nail Polish,7. Promotion / Traffic Momentum,54.0,0.07142857142857142,756.0,0.0,0.0,31.23842,31.481968,0.04,0.18,0.0,0.0,1.0,0.86,False
2026-07-06,CASE_23,RIM-NAIL-60S-312,eBay,Nail Polish,7. Promotion / Traffic Momentum,54.0,0.07142857142857142,756.0,0.0,0.0,31.23842,31.481968,0.05,0.18,0.0,0.0,1.0,0.865,False
2026-07-07,CASE_23,RIM-NAIL-60S-312,eBay,Nail Polish,7. Promotion / Traffic Momentum,54.0,0.07142857142857142,756.0,0.0,0.0,31.23842,31.39159,0.04,0.11,0.0,0.0,1.0,0.9199999999999999,False
2026-07-08,CASE_23,RIM-NAIL-60S-312,eBay,Nail Polish,7. Promotion / Traffic Momentum,53.0,0.07142857142857142,742.0,0.0,0.0,31.23842,31.39159,0.04,0.12,0.0,0.0,1.0,0.9099999999999999,False
2026-07-09,CASE_23,RIM-NAIL-60S-312,eBay,Nail Polish,7. Promotion / Traffic Momentum,53.0,0.07142857142857142,742.0,0.0,0.0,31.23842,31.39159,0.04,0.13,0.0,0.0,1.0,0.9,False
2026-07-10,CASE_23,RIM-NAIL-60S-312,eBay,Nail Polish,7. Promotion / Traffic Momentum,53.0,0.07142857142857142,742.0,0.0,0.0,31.23842,31.39159,0.04,0.11,0.0,0.0,1.0,0.915,False
2026-07-11,CASE_23,RIM-NAIL-60S-312,eBay,Nail Polish,7. Promotion / Traffic Momentum,53.0,0.07142857142857142,742.0,0.0,0.0,31.23842,31.39159,0.04,0.13,0.0,0.0,1.0,0.9,False
2026-07-12,CASE_23,RIM-NAIL-60S-312,eBay,Nail Polish,7. Promotion / Traffic Momentum,53.0,0.07142857142857142,742.0,0.0,0.0,31.23842,31.39159,0.04,0.13,0.0,0.0,1.0,0.9,False
2026-07-13,CASE_23,RIM-NAIL-60S-312,eBay,Nail Polish,7. Promotion / Traffic Momentum,53.0,0.07142857142857142,742.0,0.0,0.0,31.23842,31.481968,0.04,0.2,0.0,0.0,1.0,0.845,False
2026-07-14,CASE_23,RIM-NAIL-60S-312,eBay,Nail Polish,7. Promotion / Traffic Momentum,53.0,0.0,999.0,0.0,0.0,31.23842,31.39159,0.04,0.08,0.0,0.0,1.0,0.9450000000000001,False
2026-07-15,CASE_23,RIM-NAIL-60S-312,eBay,Nail Polish,7. Promotion / Traffic Momentum,53.0,0.0,999.0,0.0,0.0,31.23842,31.39159,0.04,0.1,0.0,0.0,1.0,0.925,False
2026-07-16,CASE_23,RIM-NAIL-60S-312,eBay,Nail Polish,7. Promotion / Traffic Momentum,53.0,0.0,999.0,0.0,0.0,31.23842,31.39159,0.04,0.09,0.0,0.0,1.0,0.935,False
2026-07-17,CASE_23,RIM-NAIL-60S-312,eBay,Nail Polish,7. Promotion / Traffic Momentum,53.0,0.0,999.0,0.0,2.0,31.23842,31.39159,0.04,0.07,0.0,0.0,1.0,0.9450000000000001,False
2026-07-18,CASE_23,RIM-NAIL-60S-312,eBay,Nail Polish,7. Promotion / Traffic Momentum,53.0,0.0,999.0,0.0,2.0,31.23842,31.39159,0.04,0.07,0.0,0.0,1.0,0.9450000000000001,False
2026-07-19,CASE_23,RIM-NAIL-60S-312,eBay,Nail Polish,7. Promotion / Traffic Momentum,53.0,0.0,999.0,0.0,4.0,31.23842,31.39159,0.04,0.11,0.0,0.0,1.0,0.9199999999999999,False
2026-07-20,CASE_23,RIM-NAIL-60S-312,eBay,Nail Polish,7. Promotion / Traffic Momentum,53.0,0.0,999.0,0.0,4.0,31.453127,31.541088,0.04,0.07,0.0,0.0,1.0,0.9450000000000001,False
2026-07-21,CASE_23,RIM-NAIL-60S-312,eBay,Nail Polish,7. Promotion / Traffic Momentum,53.0,0.0,999.0,0.0,4.0,31.27569,31.541088,0.04,0.12,0.0,0.0,1.0,0.905,False
2026-07-22,CASE_23,RIM-NAIL-60S-312,eBay,Nail Polish,7. Promotion / Traffic Momentum,53.0,0.0,999.0,0.0,4.0,31.27569,31.541088,0.04,0.08,0.0,0.0,1.0,0.94,False
2026-07-23,CASE_23,RIM-NAIL-60S-312,eBay,Nail Polish,7. Promotion / Traffic Momentum,53.0,0.0,999.0,0.0,4.0,31.27569,31.541088,0.04,0.1,0.0,0.0,1.0,0.925,False
2026-07-24,CASE_23,RIM-NAIL-60S-312,eBay,Nail Polish,7. Promotion / Traffic Momentum,50.0,0.0,999.0,2.0,2.0,31.27569,31.541088,0.04,0.09,0.0,0.0,1.0,0.9299999999999999,False
2026-07-25,CASE_23,RIM-NAIL-60S-312,eBay,Nail Polish,7. Promotion / Traffic Momentum,50.0,0.14285714285714285,350.0,0.0,2.0,39.262802,39.708046,0.05,0.17,0.0,0.0,1.0,0.865,False
2026-07-26,CASE_23,RIM-NAIL-60S-312,eBay,Nail Polish,7. Promotion / Traffic Momentum,48.0,0.14285714285714285,336.0,2.0,0.0,31.23842,31.481968,0.05,0.21,0.0,0.0,1.0,0.845,False
2026-07-27,CASE_23,RIM-NAIL-60S-312,eBay,Nail Polish,7. Promotion / Traffic Momentum,48.0,0.2857142857142857,168.0,0.0,0.0,38.871334,38.143314,0.06,0.19,0.0,0.0,1.0,0.85,False
2026-07-28,CASE_23,RIM-NAIL-60S-312,eBay,Nail Polish,7. Promotion / Traffic Momentum,48.0,0.2857142857142857,168.0,0.0,0.0,31.23842,31.481968,0.06,0.25,0.0,0.0,1.0,0.81,False
2026-07-29,CASE_23,RIM-NAIL-60S-312,eBay,Nail Polish,7. Promotion / Traffic Momentum,48.0,0.2857142857142857,168.0,0.0,0.0,31.23842,31.481968,0.06,0.19,0.0,0.0,1.0,0.855,False
2026-07-30,CASE_23,RIM-NAIL-60S-312,eBay,Nail Polish,7. Promotion / Traffic Momentum,48.0,0.2857142857142857,168.0,0.0,0.0,31.23842,31.481968,0.06,0.27,0.0,0.0,1.0,0.7949999999999999,False
2026-07-31,CASE_23,RIM-NAIL-60S-312,eBay,Nail Polish,7. Promotion / Traffic Momentum,48.0,0.2857142857142857,168.0,0.0,0.0,31.23842,31.481968,0.06,0.28,0.0,0.0,1.0,0.79,False
2026-08-01,CASE_23,RIM-NAIL-60S-312,eBay,Nail Polish,7. Promotion / Traffic Momentum,48.0,0.2857142857142857,168.0,0.0,0.0,31.354963,31.613506,0.06,0.27,0.0,0.0,1.0,0.79,False
2026-08-02,CASE_23,RIM-NAIL-60S-312,eBay,Nail Polish,7. Promotion / Traffic Momentum,48.0,0.2857142857142857,168.0,0.0,0.0,31.354963,31.613506,0.06,0.22,0.0,0.0,1.0,0.8400000000000001,False
2026-08-03,CASE_23,RIM-NAIL-60S-312,eBay,Nail Polish,7. Promotion / Traffic Momentum,48.0,0.2857142857142857,168.0,0.0,0.0,31.354963,31.613506,0.05,0.17,0.0,0.0,1.0,0.875,False
2026-08-04,CASE_23,RIM-NAIL-60S-312,eBay,Nail Polish,7. Promotion / Traffic Momentum,48.0,0.2857142857142857,168.0,0.0,0.0,31.354963,31.613506,0.05,0.24,0.0,0.0,1.0,0.8200000000000001,False
2026-08-05,CASE_23,RIM-NAIL-60S-312,eBay,Nail Polish,7. Promotion / Traffic Momentum,48.0,0.2857142857142857,168.0,0.0,1.0,31.354963,31.613506,0.05,0.19,0.0,0.0,1.0,0.855,False
2026-08-06,CASE_23,RIM-NAIL-60S-312,eBay,Nail Polish,7. Promotion / Traffic Momentum,48.0,0.2857142857142857,168.0,0.0,1.0,31.354963,31.613506,0.05,0.19,0.0,0.0,1.0,0.86,False
2026-08-07,CASE_23,RIM-NAIL-60S-312,eBay,Nail Polish,7. Promotion / Traffic Momentum,48.0,0.2857142857142857,168.0,0.0,1.0,31.354963,31.613506,0.05,0.16,0.0,0.0,1.0,0.88,False
2026-08-08,CASE_23,RIM-NAIL-60S-312,eBay,Nail Polish,7. Promotion / Traffic Momentum,48.0,0.14285714285714285,336.0,0.0,1.0,31.354963,31.523129,0.05,0.13,0.0,0.0,1.0,0.9,False
2026-08-09,CASE_23,RIM-NAIL-60S-312,eBay,Nail Polish,7. Promotion / Traffic Momentum,48.0,0.14285714285714285,336.0,0.0,1.0,31.354963,31.613506,0.05,0.15,0.0,0.0,1.0,0.89,False
2026-08-10,CASE_23,RIM-NAIL-60S-312,eBay,Nail Polish,7. Promotion / Traffic Momentum,48.0,0.0,999.0,0.0,1.0,31.354963,31.523129,0.04,0.07,0.0,0.0,1.0,0.95,False
2026-08-11,CASE_23,RIM-NAIL-60S-312,eBay,Nail Polish,7. Promotion / Traffic Momentum,48.0,0.0,999.0,0.0,2.0,31.354963,31.523129,0.03,0.08,0.0,0.0,1.0,0.94,False
2026-08-12,CASE_23,RIM-NAIL-60S-312,eBay,Nail Polish,7. Promotion / Traffic Momentum,47.0,0.0,999.0,1.0,1.0,31.354963,31.523129,0.04,0.08,0.0,0.0,1.0,0.9450000000000001,False
2026-08-13,CASE_23,RIM-NAIL-60S-312,eBay,Nail Polish,7. Promotion / Traffic Momentum,47.0,0.07142857142857142,658.0,0.0,1.0,31.354963,31.523129,0.04,0.13,0.0,0.0,1.0,0.905,False
2026-08-14,CASE_23,RIM-NAIL-60S-312,eBay,Nail Polish,7. Promotion / Traffic Momentum,47.0,0.07142857142857142,658.0,0.0,1.0,31.354963,31.613506,0.05,0.2,0.0,0.0,1.0,0.85,False
2026-08-15,CASE_23,RIM-NAIL-60S-312,eBay,Nail Polish,7. Promotion / Traffic Momentum,47.0,0.07142857142857142,658.0,0.0,2.0,31.354963,31.613506,0.05,0.2,0.0,0.0,1.0,0.85,False
2026-08-16,CASE_23,RIM-NAIL-60S-312,eBay,Nail Polish,7. Promotion / Traffic Momentum,47.0,0.07142857142857142,658.0,0.0,2.0,31.354963,31.613506,0.05,0.18,0.0,0.0,1.0,0.87,False
2026-08-17,CASE_23,RIM-NAIL-60S-312,eBay,Nail Polish,7. Promotion / Traffic Momentum,46.0,0.07142857142857142,644.0,0.0,2.0,31.354963,31.613506,0.04,0.19,0.0,0.0,1.0,0.86,False
2026-08-18,CASE_23,RIM-NAIL-60S-312,eBay,Nail Polish,7. Promotion / Traffic Momentum,45.0,0.07142857142857142,630.0,1.0,1.0,31.354963,31.613506,0.05,0.21,0.0,0.0,1.0,0.845,False
2026-08-19,CASE_23,RIM-NAIL-60S-312,eBay,Nail Polish,7. Promotion / Traffic Momentum,45.0,0.14285714285714285,315.0,0.0,2.0,31.354963,31.613506,0.05,0.18,0.0,0.0,1.0,0.865,False
2026-08-20,CASE_23,RIM-NAIL-60S-312,eBay,Nail Polish,7. Promotion / Traffic Momentum,45.0,0.14285714285714285,315.0,0.0,2.0,31.354963,31.613506,0.05,0.15,0.0,0.0,1.0,0.885,False
2026-08-21,CASE_23,RIM-NAIL-60S-312,eBay,Nail Polish,7. Promotion / Traffic Momentum,45.0,0.14285714285714285,315.0,0.0,2.0,31.354963,31.613506,0.05,0.2,0.0,0.0,1.0,0.85,False
2026-08-22,CASE_23,RIM-NAIL-60S-312,eBay,Nail Polish,7. Promotion / Traffic Momentum,44.0,0.14285714285714285,308.0,1.0,1.0,31.354963,31.613506,0.05,0.18,0.0,0.0,1.0,0.865,False
2026-08-23,CASE_23,RIM-NAIL-60S-312,eBay,Nail Polish,7. Promotion / Traffic Momentum,44.0,0.21428571428571427,205.3,0.0,1.0,31.354963,31.613506,0.05,0.17,0.0,0.0,1.0,0.875,False
2026-08-24,CASE_23,RIM-NAIL-60S-312,eBay,Nail Polish,7. Promotion / Traffic Momentum,44.0,0.21428571428571427,205.3,0.0,1.0,31.354963,31.613506,0.05,0.15,0.0,0.0,1.0,0.89,False
2026-08-25,CASE_23,RIM-NAIL-60S-312,eBay,Nail Polish,7. Promotion / Traffic Momentum,44.0,0.21428571428571427,205.3,0.0,1.0,31.354963,31.613506,0.05,0.18,0.0,0.0,1.0,0.865,False
2026-08-26,CASE_23,RIM-NAIL-60S-312,eBay,Nail Polish,7. Promotion / Traffic Momentum,43.0,0.21428571428571427,200.7,1.0,0.0,31.354963,31.613506,0.05,0.23,0.0,0.0,1.0,0.8300000000000001,False
2026-08-27,CASE_23,RIM-NAIL-60S-312,eBay,Nail Polish,7. Promotion / Traffic Momentum,43.0,0.21428571428571427,200.7,0.0,0.0,31.354963,31.613506,0.06,0.23,0.0,0.0,1.0,0.825,False
2026-08-28,CASE_23,RIM-NAIL-60S-312,eBay,Nail Polish,7. Promotion / Traffic Momentum,43.0,0.21428571428571427,200.7,0.0,0.0,31.354963,31.613506,0.05,0.25,0.0,0.0,1.0,0.815,False
2026-08-29,CASE_23,RIM-NAIL-60S-312,eBay,Nail Polish,7. Promotion / Traffic Momentum,43.0,0.21428571428571427,200.7,0.0,0.0,31.354963,31.613506,0.05,0.16,0.0,0.0,1.0,0.88,False
2026-08-30,CASE_23,RIM-NAIL-60S-312,eBay,Nail Polish,7. Promotion / Traffic Momentum,43.0,0.21428571428571427,200.7,0.0,0.0,31.354963,31.613506,0.05,0.18,0.0,0.0,1.0,0.865,False
2026-08-31,CASE_23,RIM-NAIL-60S-312,eBay,Nail Polish,7. Promotion / Traffic Momentum,43.0,0.21428571428571427,200.7,0.0,0.0,31.354963,31.613506,0.05,0.19,0.0,0.0,1.0,0.86,False
2026-07-01,CASE_16,RIM-NAIL-60S-900,Amazon,Nail Polish,4. Medium Velocity + Healthy Stock,1882.0,0.07142857142857142,26348.0,0.0,7.0,27.673937,27.720308,0.04,0.08,0.0,0.0,1.0,0.94,False
2026-07-02,CASE_16,RIM-NAIL-60S-900,Amazon,Nail Polish,4. Medium Velocity + Healthy Stock,1882.0,0.07142857142857142,26348.0,0.0,9.0,27.673937,27.720308,0.04,0.11,0.0,0.0,1.0,0.9199999999999999,False
2026-07-03,CASE_16,RIM-NAIL-60S-900,Amazon,Nail Polish,4. Medium Velocity + Healthy Stock,1881.0,0.07142857142857142,26334.0,0.0,10.0,27.673937,27.720308,0.04,0.09,0.0,0.0,1.0,0.9299999999999999,False
2026-07-04,CASE_16,RIM-NAIL-60S-900,Amazon,Nail Polish,4. Medium Velocity + Healthy Stock,1880.0,0.07142857142857142,26320.0,1.0,9.0,28.706789,28.847454,0.03,0.08,0.0,0.0,1.0,0.94,False
2026-07-05,CASE_16,RIM-NAIL-60S-900,Amazon,Nail Polish,4. Medium Velocity + Healthy Stock,1877.0,0.14285714285714285,13139.0,1.0,8.0,27.673937,27.720308,0.04,0.08,0.0,0.0,1.0,0.94,False
2026-07-06,CASE_16,RIM-NAIL-60S-900,Amazon,Nail Polish,4. Medium Velocity + Healthy Stock,1876.0,0.21428571428571427,8754.7,2.0,6.0,27.673937,27.720308,0.04,0.11,0.0,0.0,1.0,0.9099999999999999,False
2026-07-07,CASE_16,RIM-NAIL-60S-900,Amazon,Nail Polish,4. Medium Velocity + Healthy Stock,1871.0,0.35714285714285715,5238.8,2.0,5.0,29.96342,30.006626,0.05,0.08,0.0,0.0,1.0,0.9299999999999999,False
2026-07-08,CASE_16,RIM-NAIL-60S-900,Amazon,Nail Polish,4. Medium Velocity + Healthy Stock,1870.0,0.5,3740.0,1.0,4.0,30.38148,30.648949,0.05,0.1,0.0,0.0,1.0,0.9199999999999999,False
2026-07-09,CASE_16,RIM-NAIL-60S-900,Amazon,Nail Polish,4. Medium Velocity + Healthy Stock,1868.0,0.5714285714285714,3269.0,2.0,2.0,28.679226,28.460762,0.04,0.07,0.0,0.0,1.0,0.94,False
2026-07-10,CASE_16,RIM-NAIL-60S-900,Amazon,Nail Polish,4. Medium Velocity + Healthy Stock,1868.0,0.7142857142857143,2615.2,1.0,1.0,30.942598,30.8849,0.05,0.1,0.0,0.0,1.0,0.915,False
2026-07-11,CASE_16,RIM-NAIL-60S-900,Amazon,Nail Polish,4. Medium Velocity + Healthy Stock,1866.0,0.7142857142857143,2612.4,0.0,1.0,28.60804,28.706348,0.05,0.08,0.0,0.0,1.0,0.935,False
2026-07-12,CASE_16,RIM-NAIL-60S-900,Amazon,Nail Polish,4. Medium Velocity + Healthy Stock,1866.0,0.7142857142857143,2612.4,0.0,2.0,28.60804,28.65371,0.05,0.11,0.0,0.0,1.0,0.915,False
2026-07-13,CASE_16,RIM-NAIL-60S-900,Amazon,Nail Polish,4. Medium Velocity + Healthy Stock,1864.0,0.7142857142857143,2609.6,0.0,2.0,28.55364,28.460762,0.05,0.09,0.0,0.0,1.0,0.9299999999999999,False
2026-07-14,CASE_16,RIM-NAIL-60S-900,Amazon,Nail Polish,4. Medium Velocity + Healthy Stock,1864.0,0.7142857142857143,2609.6,1.0,1.0,28.172499,28.24768,0.04,0.08,0.0,0.0,1.0,0.935,False
2026-07-15,CASE_16,RIM-NAIL-60S-900,Amazon,Nail Polish,4. Medium Velocity + Healthy Stock,1864.0,0.7857142857142857,2372.4,0.0,2.0,28.172499,28.24768,0.04,0.08,0.0,0.0,1.0,0.94,False
2026-07-16,CASE_16,RIM-NAIL-60S-900,Amazon,Nail Polish,4. Medium Velocity + Healthy Stock,1864.0,0.7857142857142857,2372.4,0.0,2.0,27.811869,27.838827,0.04,0.07,0.0,0.0,1.0,0.95,False
2026-07-17,CASE_16,RIM-NAIL-60S-900,Amazon,Nail Polish,4. Medium Velocity + Healthy Stock,1857.0,0.7857142857142857,2363.5,0.0,3.0,27.761377,27.814835,0.04,0.05,0.0,0.0,1.0,0.9650000000000001,False
2026-07-18,CASE_16,RIM-NAIL-60S-900,Amazon,Nail Polish,4. Medium Velocity + Healthy Stock,1857.0,0.7857142857142857,2363.5,0.0,3.0,27.761377,27.814835,0.04,0.08,0.0,0.0,1.0,0.94,False
2026-07-19,CASE_16,RIM-NAIL-60S-900,Amazon,Nail Polish,4. Medium Velocity + Healthy Stock,1857.0,0.7142857142857143,2599.8,1.0,2.0,27.761377,27.814835,0.04,0.06,0.0,0.0,1.0,0.95,False
2026-07-20,CASE_16,RIM-NAIL-60S-900,Amazon,Nail Polish,4. Medium Velocity + Healthy Stock,1854.0,0.7142857142857143,2595.6,0.0,2.0,27.761377,27.814835,0.04,0.06,0.0,0.0,1.0,0.96,False
2026-07-21,CASE_16,RIM-NAIL-60S-900,Amazon,Nail Polish,4. Medium Velocity + Healthy Stock,1854.0,0.5714285714285714,3244.5,0.0,2.0,27.761377,27.814835,0.04,0.04,0.0,0.0,1.0,0.97,False
2026-07-22,CASE_16,RIM-NAIL-60S-900,Amazon,Nail Polish,4. Medium Velocity + Healthy Stock,1854.0,0.42857142857142855,4326.0,1.0,2.0,27.695951,27.783699,0.04,0.08,0.0,0.0,1.0,0.94,False
2026-07-23,CASE_16,RIM-NAIL-60S-900,Amazon,Nail Polish,4. Medium Velocity + Healthy Stock,1854.0,0.42857142857142855,4326.0,0.0,2.0,27.695951,27.783699,0.04,0.06,0.0,0.0,1.0,0.9550000000000001,False
2026-07-24,CASE_16,RIM-NAIL-60S-900,Amazon,Nail Polish,4. Medium Velocity + Healthy Stock,1854.0,0.2857142857142857,6489.0,1.0,1.0,27.695951,27.720308,0.04,0.07,0.0,0.0,1.0,0.9450000000000001,False
2026-07-25,CASE_16,RIM-NAIL-60S-900,Amazon,Nail Polish,4. Medium Velocity + Healthy Stock,1854.0,0.2857142857142857,6489.0,0.0,1.0,27.695951,27.720308,0.04,0.05,0.0,0.0,1.0,0.96,False
2026-07-26,CASE_16,RIM-NAIL-60S-900,Amazon,Nail Polish,4. Medium Velocity + Healthy Stock,1850.0,0.2857142857142857,6475.0,0.0,1.0,27.695951,27.720308,0.04,0.06,0.0,0.0,1.0,0.9550000000000001,False
2026-07-27,CASE_16,RIM-NAIL-60S-900,Amazon,Nail Polish,4. Medium Velocity + Healthy Stock,1849.0,0.2857142857142857,6471.5,0.0,1.0,27.695951,27.720308,0.04,0.06,0.0,0.0,1.0,0.96,False
2026-07-28,CASE_16,RIM-NAIL-60S-900,Amazon,Nail Polish,4. Medium Velocity + Healthy Stock,1848.0,0.2857142857142857,6468.0,0.0,1.0,27.695951,27.720308,0.04,0.06,0.0,0.0,1.0,0.9550000000000001,False
2026-07-29,CASE_16,RIM-NAIL-60S-900,Amazon,Nail Polish,4. Medium Velocity + Healthy Stock,1846.0,0.21428571428571427,8614.7,1.0,0.0,27.695951,27.720308,0.04,0.06,0.0,0.0,1.0,0.96,False
2026-07-30,CASE_16,RIM-NAIL-60S-900,Amazon,Nail Polish,4. Medium Velocity + Healthy Stock,1846.0,0.2857142857142857,6461.0,0.0,0.0,27.695951,27.720308,0.04,0.04,0.0,0.0,1.0,0.97,False
2026-07-31,CASE_16,RIM-NAIL-60S-900,Amazon,Nail Polish,4. Medium Velocity + Healthy Stock,1845.0,0.2857142857142857,6457.5,0.0,0.0,27.695951,27.720308,0.04,0.07,0.0,0.0,1.0,0.95,False
2026-08-01,CASE_16,RIM-NAIL-60S-900,Amazon,Nail Polish,4. Medium Velocity + Healthy Stock,1843.0,0.2857142857142857,6450.5,0.0,0.0,27.695951,27.720308,0.04,0.1,0.0,0.0,1.0,0.925,False
2026-08-02,CASE_16,RIM-NAIL-60S-900,Amazon,Nail Polish,4. Medium Velocity + Healthy Stock,1842.0,0.2857142857142857,6447.0,0.0,1.0,27.695951,27.720308,0.04,0.08,0.0,0.0,1.0,0.935,False
2026-08-03,CASE_16,RIM-NAIL-60S-900,Amazon,Nail Polish,4. Medium Velocity + Healthy Stock,1842.0,0.21428571428571427,8596.0,0.0,1.0,27.695951,27.720308,0.04,0.07,0.0,0.0,1.0,0.95,False
2026-08-04,CASE_16,RIM-NAIL-60S-900,Amazon,Nail Polish,4. Medium Velocity + Healthy Stock,1842.0,0.21428571428571427,8596.0,0.0,1.0,27.695951,27.720308,0.04,0.07,0.0,0.0,1.0,0.95,False
2026-08-05,CASE_16,RIM-NAIL-60S-900,Amazon,Nail Polish,4. Medium Velocity + Healthy Stock,1842.0,0.21428571428571427,8596.0,0.0,1.0,27.695951,27.720308,0.04,0.06,0.0,0.0,1.0,0.9550000000000001,False
2026-08-06,CASE_16,RIM-NAIL-60S-900,Amazon,Nail Polish,4. Medium Velocity + Healthy Stock,1841.0,0.14285714285714285,12887.0,0.0,1.0,27.695951,27.720308,0.04,0.07,0.0,0.0,1.0,0.9450000000000001,False
2026-08-07,CASE_16,RIM-NAIL-60S-900,Amazon,Nail Polish,4. Medium Velocity + Healthy Stock,1841.0,0.14285714285714285,12887.0,0.0,1.0,27.695951,27.720308,0.04,0.07,0.0,0.0,1.0,0.95,False
2026-08-08,CASE_16,RIM-NAIL-60S-900,Amazon,Nail Polish,4. Medium Velocity + Healthy Stock,1841.0,0.07142857142857142,25774.0,0.0,1.0,27.695951,27.720308,0.04,0.09,0.0,0.0,1.0,0.9299999999999999,False
2026-08-09,CASE_16,RIM-NAIL-60S-900,Amazon,Nail Polish,4. Medium Velocity + Healthy Stock,1840.0,0.07142857142857142,25760.0,1.0,1.0,27.695951,27.720308,0.04,0.09,0.0,0.0,1.0,0.935,False
2026-08-10,CASE_16,RIM-NAIL-60S-900,Amazon,Nail Polish,4. Medium Velocity + Healthy Stock,1840.0,0.14285714285714285,12880.0,0.0,1.0,27.695951,27.720308,0.04,0.09,0.0,0.0,1.0,0.935,False
2026-08-11,CASE_16,RIM-NAIL-60S-900,Amazon,Nail Polish,4. Medium Velocity + Healthy Stock,1840.0,0.14285714285714285,12880.0,0.0,1.0,27.695951,27.720308,0.04,0.1,0.0,0.0,1.0,0.925,False
2026-08-12,CASE_16,RIM-NAIL-60S-900,Amazon,Nail Polish,4. Medium Velocity + Healthy Stock,1840.0,0.14285714285714285,12880.0,0.0,1.0,27.695951,27.720308,0.04,0.08,0.0,0.0,1.0,0.94,False
2026-08-13,CASE_16,RIM-NAIL-60S-900,Amazon,Nail Polish,4. Medium Velocity + Healthy Stock,1840.0,0.07142857142857142,25760.0,0.0,1.0,27.695951,27.720308,0.04,0.07,0.0,0.0,1.0,0.95,False
2026-08-14,CASE_16,RIM-NAIL-60S-900,Amazon,Nail Polish,4. Medium Velocity + Healthy Stock,1839.0,0.07142857142857142,25746.0,0.0,1.0,27.695951,27.720308,0.03,0.08,0.0,0.0,1.0,0.935,False
2026-08-15,CASE_16,RIM-NAIL-60S-900,Amazon,Nail Polish,4. Medium Velocity + Healthy Stock,1839.0,0.07142857142857142,25746.0,0.0,1.0,27.695951,27.720308,0.04,0.07,0.0,0.0,1.0,0.9450000000000001,False
2026-08-16,CASE_16,RIM-NAIL-60S-900,Amazon,Nail Polish,4. Medium Velocity + Healthy Stock,1837.0,0.07142857142857142,25718.0,1.0,0.0,27.695951,27.720308,0.04,0.06,0.0,0.0,1.0,0.9550000000000001,False
2026-08-17,CASE_16,RIM-NAIL-60S-900,Amazon,Nail Polish,4. Medium Velocity + Healthy Stock,1835.0,0.14285714285714285,12845.0,0.0,1.0,27.695951,27.720308,0.04,0.05,0.0,0.0,1.0,0.96,False
2026-08-18,CASE_16,RIM-NAIL-60S-900,Amazon,Nail Polish,4. Medium Velocity + Healthy Stock,1833.0,0.14285714285714285,12831.0,0.0,1.0,27.695951,27.720308,0.04,0.09,0.0,0.0,1.0,0.935,False
2026-08-19,CASE_16,RIM-NAIL-60S-900,Amazon,Nail Polish,4. Medium Velocity + Healthy Stock,1833.0,0.14285714285714285,12831.0,0.0,1.0,27.695951,27.720308,0.04,0.08,0.0,0.0,1.0,0.94,False
2026-08-20,CASE_16,RIM-NAIL-60S-900,Amazon,Nail Polish,4. Medium Velocity + Healthy Stock,1832.0,0.14285714285714285,12824.0,0.0,3.0,27.695951,27.720308,0.04,0.08,0.0,0.0,1.0,0.94,False
2026-08-21,CASE_16,RIM-NAIL-60S-900,Amazon,Nail Polish,4. Medium Velocity + Healthy Stock,1832.0,0.14285714285714285,12824.0,0.0,3.0,27.695951,27.720308,0.03,0.07,0.0,0.0,1.0,0.9450000000000001,False
2026-08-22,CASE_16,RIM-NAIL-60S-900,Amazon,Nail Polish,4. Medium Velocity + Healthy Stock,1829.0,0.14285714285714285,12803.0,0.0,3.0,27.673937,27.720308,0.04,0.08,0.0,0.0,1.0,0.9450000000000001,False
2026-08-23,CASE_16,RIM-NAIL-60S-900,Amazon,Nail Polish,4. Medium Velocity + Healthy Stock,1828.0,0.14285714285714285,12796.0,0.0,3.0,27.673937,27.720308,0.04,0.08,0.0,0.0,1.0,0.94,False
2026-08-24,CASE_16,RIM-NAIL-60S-900,Amazon,Nail Polish,4. Medium Velocity + Healthy Stock,1827.0,0.07142857142857142,25578.0,1.0,2.0,27.673937,27.720308,0.03,0.1,0.0,0.0,1.0,0.925,False
2026-08-25,CASE_16,RIM-NAIL-60S-900,Amazon,Nail Polish,4. Medium Velocity + Healthy Stock,1826.0,0.14285714285714285,12782.0,0.0,3.0,27.673937,27.720308,0.04,0.08,0.0,0.0,1.0,0.94,False
2026-08-26,CASE_16,RIM-NAIL-60S-900,Amazon,Nail Polish,4. Medium Velocity + Healthy Stock,1826.0,0.14285714285714285,12782.0,0.0,4.0,27.673937,27.720308,0.04,0.09,0.0,0.0,1.0,0.9299999999999999,False
2026-08-27,CASE_16,RIM-NAIL-60S-900,Amazon,Nail Polish,4. Medium Velocity + Healthy Stock,1824.0,0.14285714285714285,12768.0,2.0,2.0,27.673937,27.720308,0.04,0.08,0.0,0.0,1.0,0.94,False
2026-08-28,CASE_16,RIM-NAIL-60S-900,Amazon,Nail Polish,4. Medium Velocity + Healthy Stock,1824.0,0.2857142857142857,6384.0,0.0,2.0,29.985435,30.006626,0.04,0.07,0.0,0.0,1.0,0.9450000000000001,False
2026-08-29,CASE_16,RIM-NAIL-60S-900,Amazon,Nail Polish,4. Medium Velocity + Healthy Stock,1822.0,0.2857142857142857,6377.0,0.0,2.0,27.673937,27.720308,0.04,0.07,0.0,0.0,1.0,0.9450000000000001,False
2026-08-30,CASE_16,RIM-NAIL-60S-900,Amazon,Nail Polish,4. Medium Velocity + Healthy Stock,1822.0,0.2857142857142857,6377.0,0.0,2.0,27.673937,27.720308,0.04,0.07,0.0,0.0,1.0,0.9450000000000001,False
2026-08-31,CASE_16,RIM-NAIL-60S-900,Amazon,Nail Polish,4. Medium Velocity + Healthy Stock,1822.0,0.21428571428571427,8502.7,0.0,2.0,27.673937,27.720308,0.04,0.07,0.0,0.0,1.0,0.95,False
2026-07-01,CASE_13,RIM-NAIL-60S-902,eBay,Nail Polish,4. Medium Velocity + Healthy Stock,633.0,0.42857142857142855,1477.0,0.0,3.0,18.45347,18.483622,0.03,0.03,0.0,0.0,1.0,0.975,False
2026-07-02,CASE_13,RIM-NAIL-60S-902,eBay,Nail Polish,4. Medium Velocity + Healthy Stock,633.0,0.35714285714285715,1772.4,0.0,4.0,18.45347,18.483622,0.03,0.06,0.0,0.0,1.0,0.95,False
2026-07-03,CASE_13,RIM-NAIL-60S-902,eBay,Nail Polish,4. Medium Velocity + Healthy Stock,630.0,0.35714285714285715,1764.0,1.0,3.0,18.45347,18.483622,0.03,0.04,0.0,0.0,1.0,0.975,False
2026-07-04,CASE_13,RIM-NAIL-60S-902,eBay,Nail Polish,4. Medium Velocity + Healthy Stock,627.0,0.42857142857142855,1463.0,1.0,2.0,18.45347,18.483622,0.04,0.03,0.0,0.0,1.0,0.975,False
2026-07-05,CASE_13,RIM-NAIL-60S-902,eBay,Nail Polish,4. Medium Velocity + Healthy Stock,625.0,0.42857142857142855,1458.3,0.0,2.0,18.45347,18.483622,0.03,0.02,0.0,0.0,1.0,0.98,False
2026-07-06,CASE_13,RIM-NAIL-60S-902,eBay,Nail Polish,4. Medium Velocity + Healthy Stock,624.0,0.42857142857142855,1456.0,1.0,1.0,18.45347,18.483622,0.03,0.05,0.0,0.0,1.0,0.9650000000000001,False
2026-07-07,CASE_13,RIM-NAIL-60S-902,eBay,Nail Polish,4. Medium Velocity + Healthy Stock,624.0,0.42857142857142855,1456.0,0.0,1.0,18.45347,18.483622,0.03,0.03,0.0,0.0,1.0,0.98,False
2026-07-08,CASE_13,RIM-NAIL-60S-902,eBay,Nail Polish,4. Medium Velocity + Healthy Stock,624.0,0.42857142857142855,1456.0,0.0,1.0,18.45347,18.483622,0.03,0.04,0.0,0.0,1.0,0.97,False
2026-07-09,CASE_13,RIM-NAIL-60S-902,eBay,Nail Polish,4. Medium Velocity + Healthy Stock,623.0,0.35714285714285715,1744.4,1.0,0.0,18.45347,18.483622,0.03,0.03,0.0,0.0,1.0,0.98,False
2026-07-10,CASE_13,RIM-NAIL-60S-902,eBay,Nail Polish,4. Medium Velocity + Healthy Stock,610.0,0.42857142857142855,1423.3,0.0,1.0,18.558361,18.557562,0.03,0.04,0.0,0.0,1.0,0.97,False
2026-07-11,CASE_13,RIM-NAIL-60S-902,eBay,Nail Polish,4. Medium Velocity + Healthy Stock,610.0,0.35714285714285715,1708.0,0.0,1.0,18.45347,18.483622,0.03,0.04,0.0,0.0,1.0,0.97,False
2026-07-12,CASE_13,RIM-NAIL-60S-902,eBay,Nail Polish,4. Medium Velocity + Healthy Stock,608.0,0.35714285714285715,1702.4,0.0,5.0,18.45347,18.483622,0.03,0.05,0.0,0.0,1.0,0.9650000000000001,False
2026-07-13,CASE_13,RIM-NAIL-60S-902,eBay,Nail Polish,4. Medium Velocity + Healthy Stock,607.0,0.2857142857142857,2124.5,0.0,5.0,18.45347,18.46261,0.03,0.05,0.0,0.0,1.0,0.9650000000000001,False
2026-07-14,CASE_13,RIM-NAIL-60S-902,eBay,Nail Polish,4. Medium Velocity + Healthy Stock,607.0,0.2857142857142857,2124.5,0.0,5.0,18.45347,18.46261,0.03,0.09,0.0,0.0,1.0,0.935,False
2026-07-15,CASE_13,RIM-NAIL-60S-902,eBay,Nail Polish,4. Medium Velocity + Healthy Stock,606.0,0.2857142857142857,2121.0,0.0,5.0,18.45347,18.46261,0.03,0.08,0.0,0.0,1.0,0.94,False
2026-07-16,CASE_13,RIM-NAIL-60S-902,eBay,Nail Polish,4. Medium Velocity + Healthy Stock,606.0,0.2857142857142857,2121.0,0.0,5.0,18.45347,18.46261,0.03,0.06,0.0,0.0,1.0,0.9550000000000001,False
2026-07-17,CASE_13,RIM-NAIL-60S-902,eBay,Nail Polish,4. Medium Velocity + Healthy Stock,603.0,0.2857142857142857,2110.5,1.0,4.0,18.45347,18.46261,0.04,0.07,0.0,0.0,1.0,0.9450000000000001,False
2026-07-18,CASE_13,RIM-NAIL-60S-902,eBay,Nail Polish,4. Medium Velocity + Healthy Stock,603.0,0.2857142857142857,2110.5,0.0,7.0,18.45347,18.46261,0.03,0.06,0.0,0.0,1.0,0.9550000000000001,False
2026-07-19,CASE_13,RIM-NAIL-60S-902,eBay,Nail Polish,4. Medium Velocity + Healthy Stock,599.0,0.21428571428571427,2795.3,4.0,5.0,18.45347,18.46261,0.03,0.06,0.0,0.0,1.0,0.9550000000000001,False
2026-07-20,CASE_13,RIM-NAIL-60S-902,eBay,Nail Polish,4. Medium Velocity + Healthy Stock,598.0,0.5,1196.0,0.0,6.0,19.487244,19.76451,0.03,0.05,0.0,0.0,1.0,0.96,False
2026-07-21,CASE_13,RIM-NAIL-60S-902,eBay,Nail Polish,4. Medium Velocity + Healthy Stock,598.0,0.42857142857142855,1395.3,0.0,7.0,18.558361,18.599567,0.04,0.06,0.0,0.0,1.0,0.9550000000000001,False
2026-07-22,CASE_13,RIM-NAIL-60S-902,eBay,Nail Polish,4. Medium Velocity + Healthy Stock,598.0,0.42857142857142855,1395.3,0.0,10.0,18.558361,18.599567,0.04,0.08,0.0,0.0,1.0,0.94,False
2026-07-23,CASE_13,RIM-NAIL-60S-902,eBay,Nail Polish,4. Medium Velocity + Healthy Stock,598.0,0.42857142857142855,1395.3,0.0,10.0,18.558361,18.599567,0.03,0.05,0.0,0.0,1.0,0.96,False
2026-07-24,CASE_13,RIM-NAIL-60S-902,eBay,Nail Polish,4. Medium Velocity + Healthy Stock,598.0,0.35714285714285715,1674.4,0.0,10.0,18.558361,18.599567,0.04,0.05,0.0,0.0,1.0,0.96,False
2026-07-25,CASE_13,RIM-NAIL-60S-902,eBay,Nail Polish,4. Medium Velocity + Healthy Stock,595.0,0.35714285714285715,1666.0,3.0,7.0,18.558361,18.557562,0.03,0.07,0.0,0.0,1.0,0.9450000000000001,False
2026-07-26,CASE_13,RIM-NAIL-60S-902,eBay,Nail Polish,4. Medium Velocity + Healthy Stock,593.0,0.5714285714285714,1037.8,2.0,5.0,19.532269,19.941109,0.04,0.05,0.0,0.0,1.0,0.9650000000000001,False
2026-07-27,CASE_13,RIM-NAIL-60S-902,eBay,Nail Polish,4. Medium Velocity + Healthy Stock,592.0,0.7142857142857143,828.8,1.0,4.0,19.487244,19.76451,0.04,0.06,0.0,0.0,1.0,0.95,False
2026-07-28,CASE_13,RIM-NAIL-60S-902,eBay,Nail Polish,4. Medium Velocity + Healthy Stock,590.0,0.7857142857142857,750.9,1.0,3.0,18.558361,18.599567,0.04,0.11,0.0,0.0,1.0,0.915,False
2026-07-29,CASE_13,RIM-NAIL-60S-902,eBay,Nail Polish,4. Medium Velocity + Healthy Stock,587.0,0.8571428571428571,684.8,3.0,0.0,18.643383,18.776167,0.05,0.11,0.0,0.0,1.0,0.915,False
2026-07-30,CASE_13,RIM-NAIL-60S-902,eBay,Nail Polish,4. Medium Velocity + Healthy Stock,587.0,1.0714285714285714,547.9,0.0,1.0,19.632568,19.994568,0.05,0.1,0.0,0.0,1.0,0.9299999999999999,False
2026-07-31,CASE_13,RIM-NAIL-60S-902,eBay,Nail Polish,4. Medium Velocity + Healthy Stock,587.0,1.0714285714285714,547.9,0.0,1.0,18.703686,18.829626,0.05,0.14,0.0,0.0,1.0,0.89,False
2026-08-01,CASE_13,RIM-NAIL-60S-902,eBay,Nail Polish,4. Medium Velocity + Healthy Stock,586.0,1.0,586.0,0.0,6.0,19.538065,19.544247,0.05,0.12,0.0,0.0,1.0,0.905,False
2026-08-02,CASE_13,RIM-NAIL-60S-902,eBay,Nail Polish,4. Medium Velocity + Healthy Stock,586.0,1.0,586.0,0.0,6.0,19.538065,19.544247,0.04,0.08,0.0,0.0,1.0,0.94,False
2026-08-03,CASE_13,RIM-NAIL-60S-902,eBay,Nail Polish,4. Medium Velocity + Healthy Stock,586.0,0.7142857142857143,820.4,0.0,7.0,19.39274,19.314188,0.04,0.06,0.0,0.0,1.0,0.96,False
2026-08-04,CASE_13,RIM-NAIL-60S-902,eBay,Nail Polish,4. Medium Velocity + Healthy Stock,585.0,0.7142857142857143,819.0,0.0,8.0,19.39274,19.272182,0.04,0.07,0.0,0.0,1.0,0.9450000000000001,False
2026-08-05,CASE_13,RIM-NAIL-60S-902,eBay,Nail Polish,4. Medium Velocity + Healthy Stock,585.0,0.7142857142857143,819.0,0.0,8.0,19.28785,19.198242,0.04,0.07,0.0,0.0,1.0,0.95,False
2026-08-06,CASE_13,RIM-NAIL-60S-902,eBay,Nail Polish,4. Medium Velocity + Healthy Stock,584.0,0.7142857142857143,817.6,1.0,8.0,19.28785,19.198242,0.04,0.09,0.0,0.0,1.0,0.9299999999999999,False
2026-08-07,CASE_13,RIM-NAIL-60S-902,eBay,Nail Polish,4. Medium Velocity + Healthy Stock,584.0,0.7857142857142857,743.3,0.0,9.0,19.28785,19.198242,0.04,0.09,0.0,0.0,1.0,0.9299999999999999,False
2026-08-08,CASE_13,RIM-NAIL-60S-902,eBay,Nail Polish,4. Medium Velocity + Healthy Stock,577.0,0.7857142857142857,734.4,5.0,5.0,19.28785,19.198242,0.04,0.15,0.0,0.0,1.0,0.89,False
2026-08-09,CASE_13,RIM-NAIL-60S-902,eBay,Nail Polish,4. Medium Velocity + Healthy Stock,577.0,0.9285714285714286,621.4,0.0,8.0,32.294277,29.819336,0.05,0.14,0.0,0.0,1.0,0.895,False
2026-08-10,CASE_13,RIM-NAIL-60S-902,eBay,Nail Polish,4. Medium Velocity + Healthy Stock,575.0,0.7857142857142857,731.8,1.0,8.0,19.39274,19.314188,0.04,0.13,0.0,0.0,1.0,0.9,False
2026-08-11,CASE_13,RIM-NAIL-60S-902,eBay,Nail Polish,4. Medium Velocity + Healthy Stock,574.0,0.7857142857142857,730.5,1.0,7.0,19.437765,19.490788,0.04,0.12,0.0,0.0,1.0,0.9099999999999999,False
2026-08-12,CASE_13,RIM-NAIL-60S-902,eBay,Nail Polish,4. Medium Velocity + Healthy Stock,574.0,0.7857142857142857,730.5,0.0,7.0,19.437765,19.490788,0.04,0.09,0.0,0.0,1.0,0.935,False
2026-08-13,CASE_13,RIM-NAIL-60S-902,eBay,Nail Polish,4. Medium Velocity + Healthy Stock,574.0,0.5714285714285714,1004.5,1.0,6.0,19.437765,19.490788,0.04,0.04,0.0,0.0,1.0,0.97,False
2026-08-14,CASE_13,RIM-NAIL-60S-902,eBay,Nail Polish,4. Medium Velocity + Healthy Stock,573.0,0.6428571428571429,891.3,1.0,6.0,19.437765,19.490788,0.04,0.07,0.0,0.0,1.0,0.9450000000000001,False
2026-08-15,CASE_13,RIM-NAIL-60S-902,eBay,Nail Polish,4. Medium Velocity + Healthy Stock,572.0,0.7142857142857143,800.8,1.0,5.0,19.469383,19.490788,0.04,0.05,0.0,0.0,1.0,0.9650000000000001,False
2026-08-16,CASE_13,RIM-NAIL-60S-902,eBay,Nail Polish,4. Medium Velocity + Healthy Stock,569.0,0.7857142857142857,724.2,3.0,2.0,19.424358,19.314188,0.04,0.09,0.0,0.0,1.0,0.935,False
2026-08-17,CASE_13,RIM-NAIL-60S-902,eBay,Nail Polish,4. Medium Velocity + Healthy Stock,568.0,1.0,568.0,1.0,1.0,20.322195,20.616785,0.05,0.1,0.0,0.0,1.0,0.915,False
2026-08-18,CASE_13,RIM-NAIL-60S-902,eBay,Nail Polish,4. Medium Velocity + Healthy Stock,568.0,1.0714285714285714,530.1,0.0,2.0,19.569683,19.544247,0.05,0.11,0.0,0.0,1.0,0.9099999999999999,False
2026-08-19,CASE_13,RIM-NAIL-60S-902,eBay,Nail Polish,4. Medium Velocity + Healthy Stock,566.0,1.0714285714285714,528.3,0.0,3.0,19.569683,19.544247,0.04,0.11,0.0,0.0,1.0,0.915,False
2026-08-20,CASE_13,RIM-NAIL-60S-902,eBay,Nail Polish,4. Medium Velocity + Healthy Stock,564.0,1.0714285714285714,526.4,0.0,3.0,19.569683,19.544247,0.05,0.12,0.0,0.0,1.0,0.9099999999999999,False
2026-08-21,CASE_13,RIM-NAIL-60S-902,eBay,Nail Polish,4. Medium Velocity + Healthy Stock,563.0,1.0,563.0,1.0,2.0,19.524658,19.367647,0.04,0.1,0.0,0.0,1.0,0.9299999999999999,False
2026-08-22,CASE_13,RIM-NAIL-60S-902,eBay,Nail Polish,4. Medium Velocity + Healthy Stock,563.0,1.0714285714285714,525.5,0.0,2.0,19.524658,19.367647,0.04,0.09,0.0,0.0,1.0,0.935,False
2026-08-23,CASE_13,RIM-NAIL-60S-902,eBay,Nail Polish,4. Medium Velocity + Healthy Stock,563.0,0.7142857142857143,788.2,0.0,4.0,19.424358,19.314188,0.04,0.05,0.0,0.0,1.0,0.96,False
2026-08-24,CASE_13,RIM-NAIL-60S-902,eBay,Nail Polish,4. Medium Velocity + Healthy Stock,563.0,0.7142857142857143,788.2,0.0,5.0,19.319468,19.198242,0.04,0.07,0.0,0.0,1.0,0.9450000000000001,False
2026-08-25,CASE_13,RIM-NAIL-60S-902,eBay,Nail Polish,4. Medium Velocity + Healthy Stock,559.0,0.6428571428571429,869.6,1.0,4.0,19.28785,19.198242,0.04,0.09,0.0,0.0,1.0,0.9299999999999999,False
2026-08-26,CASE_13,RIM-NAIL-60S-902,eBay,Nail Polish,4. Medium Velocity + Healthy Stock,557.0,0.6428571428571429,866.4,1.0,4.0,19.28785,19.198242,0.04,0.06,0.0,0.0,1.0,0.9550000000000001,False
2026-08-27,CASE_13,RIM-NAIL-60S-902,eBay,Nail Polish,4. Medium Velocity + Healthy Stock,557.0,0.7142857142857143,779.8,0.0,4.0,19.28785,19.198242,0.04,0.07,0.0,0.0,1.0,0.9450000000000001,False
2026-08-28,CASE_13,RIM-NAIL-60S-902,eBay,Nail Polish,4. Medium Velocity + Healthy Stock,557.0,0.6428571428571429,866.4,0.0,4.0,19.28785,19.198242,0.04,0.07,0.0,0.0,1.0,0.9450000000000001,False
2026-08-29,CASE_13,RIM-NAIL-60S-902,eBay,Nail Polish,4. Medium Velocity + Healthy Stock,557.0,0.5714285714285714,974.8,0.0,5.0,19.28785,19.198242,0.03,0.05,0.0,0.0,1.0,0.9650000000000001,False
2026-08-30,CASE_13,RIM-NAIL-60S-902,eBay,Nail Polish,4. Medium Velocity + Healthy Stock,553.0,0.5,1106.0,2.0,3.0,19.28785,19.198242,0.03,0.06,0.0,0.0,1.0,0.9550000000000001,False
2026-08-31,CASE_13,RIM-NAIL-60S-902,eBay,Nail Polish,4. Medium Velocity + Healthy Stock,552.0,0.42857142857142855,1288.0,1.0,3.0,20.145252,20.34472,0.04,0.03,0.0,0.0,1.0,0.975,False
2026-07-01,CASE_15,RIM-NAIL-SUPERGEL-042,Amazon,Gel Nail Polish,4. Medium Velocity + Healthy Stock,21.0,1.3571428571428572,15.5,0.0,10.0,18.484333,18.802197,0.39,1.17,0.0,1.0,0.0,0.495,False
2026-07-02,CASE_15,RIM-NAIL-SUPERGEL-042,Amazon,Gel Nail Polish,4. Medium Velocity + Healthy Stock,19.0,1.2857142857142858,14.8,2.0,10.0,18.484333,18.802197,0.42,1.32,0.0,1.0,0.0,0.365,False
2026-07-03,CASE_15,RIM-NAIL-SUPERGEL-042,Amazon,Gel Nail Polish,4. Medium Velocity + Healthy Stock,19.0,1.3571428571428572,14.0,0.0,12.0,23.698303,21.647123,0.49,1.4,0.0,1.0,0.0,0.32,False
2026-07-04,CASE_15,RIM-NAIL-SUPERGEL-042,Amazon,Gel Nail Polish,4. Medium Velocity + Healthy Stock,17.0,1.3571428571428572,12.5,2.0,13.0,18.33442,18.537918,0.43,1.17,0.0,1.0,0.0,0.26,False
2026-07-05,CASE_15,RIM-NAIL-SUPERGEL-042,Amazon,Gel Nail Polish,4. Medium Velocity + Healthy Stock,17.0,1.4285714285714286,11.9,0.0,16.0,23.698303,21.605118,0.52,1.33,0.0,1.0,0.0,0.33,False
2026-07-06,CASE_15,RIM-NAIL-SUPERGEL-042,Amazon,Gel Nail Polish,4. Medium Velocity + Healthy Stock,14.0,1.0,14.0,2.0,14.0,18.439308,18.545588,0.42,1.22,0.0,1.0,0.0,0.29000000000000004,False
2026-07-07,CASE_15,RIM-NAIL-SUPERGEL-042,Amazon,Gel Nail Polish,4. Medium Velocity + Healthy Stock,12.0,1.1428571428571428,10.5,2.0,12.0,23.786892,22.130638,0.61,1.42,1.0,0.0,0.0,0.33499999999999996,False
2026-07-08,CASE_15,RIM-NAIL-SUPERGEL-042,Amazon,Gel Nail Polish,4. Medium Velocity + Healthy Stock,10.0,1.1428571428571428,8.8,2.0,10.0,23.831917,22.27897,0.73,1.54,1.0,0.0,0.0,0.51,False
2026-07-09,CASE_15,RIM-NAIL-SUPERGEL-042,Amazon,Gel Nail Polish,4. Medium Velocity + Healthy Stock,8.0,1.2142857142857142,6.6,2.0,8.0,23.934856,22.764864,0.78,1.67,1.0,0.0,0.0,0.6699999999999999,False
2026-07-10,CASE_15,RIM-NAIL-SUPERGEL-042,Amazon,Gel Nail Polish,4. Medium Velocity + Healthy Stock,6.0,1.1428571428571428,5.2,2.0,6.0,23.934856,22.27897,0.83,1.81,1.0,0.0,0.0,0.825,False
2026-07-11,CASE_15,RIM-NAIL-SUPERGEL-042,Amazon,Gel Nail Polish,4. Medium Velocity + Healthy Stock,3.0,1.0,3.0,3.0,3.0,26.490301,25.080753,0.9,1.94,1.0,0.0,0.0,0.9450000000000001,False
2026-07-12,CASE_15,RIM-NAIL-SUPERGEL-042,Amazon,Gel Nail Polish,4. Medium Velocity + Healthy Stock,0.0,1.2142857142857142,0.0,3.0,0.0,31.77716,29.858948,0.95,2.0,1.0,0.0,0.0,1.0,False
2026-07-13,CASE_15,RIM-NAIL-SUPERGEL-042,Amazon,Gel Nail Polish,4. Medium Velocity + Healthy Stock,0.0,1.4285714285714286,0.0,0.0,0.0,33.215485,31.16372,0.96,2.0,1.0,0.0,0.0,1.0,False
2026-07-14,CASE_15,RIM-NAIL-SUPERGEL-042,Amazon,Gel Nail Polish,4. Medium Velocity + Healthy Stock,0.0,1.4285714285714286,0.0,0.0,0.0,31.317411,29.13042,0.95,2.0,1.0,0.0,0.0,1.0,False
2026-07-15,CASE_15,RIM-NAIL-SUPERGEL-042,Amazon,Gel Nail Polish,4. Medium Velocity + Healthy Stock,0.0,1.4285714285714286,0.0,0.0,0.0,21.620104,23.022793,0.95,2.0,1.0,0.0,0.0,1.0,False
2026-07-16,CASE_15,RIM-NAIL-SUPERGEL-042,Amazon,Gel Nail Polish,4. Medium Velocity + Healthy Stock,0.0,1.4285714285714286,0.0,0.0,0.0,18.563549,19.497791,0.95,2.0,1.0,0.0,0.0,1.0,False
2026-07-17,CASE_15,RIM-NAIL-SUPERGEL-042,Amazon,Gel Nail Polish,4. Medium Velocity + Healthy Stock,0.0,1.2857142857142858,0.0,0.0,0.0,18.563549,19.497791,0.95,2.0,1.0,0.0,0.0,1.0,False
2026-07-18,CASE_15,RIM-NAIL-SUPERGEL-042,Amazon,Gel Nail Polish,4. Medium Velocity + Healthy Stock,0.0,1.2857142857142858,0.0,0.0,0.0,18.518524,18.979834,0.94,2.0,1.0,0.0,0.0,0.995,False
2026-07-19,CASE_15,RIM-NAIL-SUPERGEL-042,Amazon,Gel Nail Polish,4. Medium Velocity + Healthy Stock,0.0,1.1428571428571428,0.0,0.0,0.0,18.413635,18.863888,0.92,2.0,1.0,0.0,0.0,0.995,False
2026-07-20,CASE_15,RIM-NAIL-SUPERGEL-042,Amazon,Gel Nail Polish,4. Medium Velocity + Healthy Stock,0.0,1.1428571428571428,0.0,0.0,0.0,18.413635,18.863888,0.79,1.99,1.0,0.0,0.0,0.98,False
2026-07-21,CASE_15,RIM-NAIL-SUPERGEL-042,Amazon,Gel Nail Polish,4. Medium Velocity + Healthy Stock,0.0,1.0,0.0,0.0,0.0,18.413635,18.797617,0.69,1.99,1.0,0.0,0.0,0.98,False
2026-07-22,CASE_15,RIM-NAIL-SUPERGEL-042,Amazon,Gel Nail Polish,4. Medium Velocity + Healthy Stock,0.0,0.8571428571428571,0.0,0.0,0.0,18.353333,18.744158,0.71,1.98,1.0,0.0,0.0,0.965,False
2026-07-23,CASE_15,RIM-NAIL-SUPERGEL-042,Amazon,Gel Nail Polish,4. Medium Velocity + Healthy Stock,0.0,0.7142857142857143,0.0,0.0,0.0,18.313335,18.744158,0.63,1.99,1.0,0.0,0.0,0.975,False
2026-07-24,CASE_15,RIM-NAIL-SUPERGEL-042,Amazon,Gel Nail Polish,4. Medium Velocity + Healthy Stock,0.0,0.5714285714285714,0.0,0.0,0.0,18.313335,18.744158,0.71,1.98,1.0,0.0,0.0,0.97,False
2026-07-25,CASE_15,RIM-NAIL-SUPERGEL-042,Amazon,Gel Nail Polish,4. Medium Velocity + Healthy Stock,0.0,0.42857142857142855,0.0,0.0,0.0,18.313335,18.744158,0.63,1.98,1.0,0.0,0.0,0.965,False
2026-07-26,CASE_15,RIM-NAIL-SUPERGEL-042,Amazon,Gel Nail Polish,4. Medium Velocity + Healthy Stock,0.0,0.21428571428571427,0.0,0.0,0.0,18.207096,18.53397,0.69,1.98,1.0,0.0,0.0,0.96,False
2026-07-27,CASE_15,RIM-NAIL-SUPERGEL-042,Amazon,Gel Nail Polish,4. Medium Velocity + Healthy Stock,0.0,0.0,0.0,0.0,0.0,18.207096,18.53397,0.69,1.99,1.0,0.0,0.0,0.97,False
2026-07-28,CASE_15,RIM-NAIL-SUPERGEL-042,Amazon,Gel Nail Polish,4. Medium Velocity + Healthy Stock,0.0,0.0,0.0,0.0,0.0,18.207096,18.53397,0.71,1.99,1.0,0.0,0.0,0.97,False
2026-07-29,CASE_15,RIM-NAIL-SUPERGEL-042,Amazon,Gel Nail Polish,4. Medium Velocity + Healthy Stock,0.0,0.0,0.0,0.0,0.0,18.207096,18.53397,0.65,1.98,1.0,0.0,0.0,0.965,False
2026-07-30,CASE_15,RIM-NAIL-SUPERGEL-042,Amazon,Gel Nail Polish,4. Medium Velocity + Healthy Stock,0.0,0.0,0.0,0.0,0.0,18.207096,18.53397,0.78,1.99,1.0,0.0,0.0,0.98,False
2026-07-31,CASE_15,RIM-NAIL-SUPERGEL-042,Amazon,Gel Nail Polish,4. Medium Velocity + Healthy Stock,0.0,0.0,0.0,0.0,0.0,18.207096,18.53397,0.69,1.99,1.0,0.0,0.0,0.98,False
2026-08-01,CASE_15,RIM-NAIL-SUPERGEL-042,Amazon,Gel Nail Polish,4. Medium Velocity + Healthy Stock,0.0,0.0,0.0,0.0,0.0,19.092228,19.615908,0.69,1.98,1.0,0.0,0.0,0.97,False
2026-08-02,CASE_15,RIM-NAIL-SUPERGEL-042,Amazon,Gel Nail Polish,4. Medium Velocity + Healthy Stock,0.0,0.0,0.0,0.0,0.0,19.092228,19.615908,0.66,1.97,1.0,0.0,0.0,0.96,False
2026-08-03,CASE_15,RIM-NAIL-SUPERGEL-042,Amazon,Gel Nail Polish,4. Medium Velocity + Healthy Stock,0.0,0.0,0.0,0.0,0.0,19.092228,19.615908,0.64,1.97,1.0,0.0,0.0,0.955,False
2026-08-04,CASE_15,RIM-NAIL-SUPERGEL-042,Amazon,Gel Nail Polish,4. Medium Velocity + Healthy Stock,0.0,0.0,0.0,0.0,0.0,19.092228,19.615908,0.63,1.98,1.0,0.0,0.0,0.97,False
2026-08-05,CASE_15,RIM-NAIL-SUPERGEL-042,Amazon,Gel Nail Polish,4. Medium Velocity + Healthy Stock,0.0,0.0,0.0,0.0,0.0,19.092228,19.615908,0.6,1.97,1.0,0.0,0.0,0.955,False
2026-08-06,CASE_15,RIM-NAIL-SUPERGEL-042,Amazon,Gel Nail Polish,4. Medium Velocity + Healthy Stock,0.0,0.0,0.0,0.0,0.0,19.092228,19.615908,0.67,1.98,1.0,0.0,0.0,0.97,False
2026-08-07,CASE_15,RIM-NAIL-SUPERGEL-042,Amazon,Gel Nail Polish,4. Medium Velocity + Healthy Stock,0.0,0.0,0.0,0.0,0.0,19.092228,19.615908,0.6,1.97,1.0,0.0,0.0,0.95,False
2026-08-08,CASE_15,RIM-NAIL-SUPERGEL-042,Amazon,Gel Nail Polish,4. Medium Velocity + Healthy Stock,0.0,0.0,0.0,0.0,0.0,19.092228,19.615908,0.62,1.98,1.0,0.0,0.0,0.96,False
2026-08-09,CASE_15,RIM-NAIL-SUPERGEL-042,Amazon,Gel Nail Polish,4. Medium Velocity + Healthy Stock,0.0,0.0,0.0,0.0,0.0,19.092228,19.615908,0.64,1.97,1.0,0.0,0.0,0.955,False
2026-08-10,CASE_15,RIM-NAIL-SUPERGEL-042,Amazon,Gel Nail Polish,4. Medium Velocity + Healthy Stock,0.0,0.0,0.0,0.0,0.0,19.092228,19.615908,0.57,1.96,1.0,0.0,0.0,0.9199999999999999,False
2026-08-11,CASE_15,RIM-NAIL-SUPERGEL-042,Amazon,Gel Nail Polish,4. Medium Velocity + Healthy Stock,0.0,0.0,0.0,0.0,0.0,19.092228,19.615908,0.6,1.96,1.0,0.0,0.0,0.9299999999999999,False
2026-08-12,CASE_15,RIM-NAIL-SUPERGEL-042,Amazon,Gel Nail Polish,4. Medium Velocity + Healthy Stock,0.0,0.0,0.0,0.0,2.0,19.092228,19.615908,0.62,1.92,1.0,0.0,0.0,0.915,False
2026-08-13,CASE_15,RIM-NAIL-SUPERGEL-042,Amazon,Gel Nail Polish,4. Medium Velocity + Healthy Stock,0.0,0.0,0.0,0.0,2.0,19.092228,19.615908,0.62,1.93,1.0,0.0,0.0,0.925,False
2026-08-14,CASE_15,RIM-NAIL-SUPERGEL-042,Amazon,Gel Nail Polish,4. Medium Velocity + Healthy Stock,0.0,0.0,0.0,0.0,2.0,19.092228,19.615908,0.57,1.91,1.0,0.0,0.0,0.905,False
2026-08-15,CASE_15,RIM-NAIL-SUPERGEL-042,Amazon,Gel Nail Polish,4. Medium Velocity + Healthy Stock,0.0,0.0,0.0,0.0,2.0,19.092228,19.615908,0.61,1.93,1.0,0.0,0.0,0.915,False
2026-08-16,CASE_15,RIM-NAIL-SUPERGEL-042,Amazon,Gel Nail Polish,4. Medium Velocity + Healthy Stock,0.0,0.0,0.0,0.0,3.0,19.092228,19.615908,0.54,1.94,1.0,0.0,0.0,0.925,False
2026-08-17,CASE_15,RIM-NAIL-SUPERGEL-042,Amazon,Gel Nail Polish,4. Medium Velocity + Healthy Stock,0.0,0.0,0.0,0.0,3.0,19.092228,19.615908,0.59,1.95,1.0,0.0,0.0,0.925,False
2026-08-18,CASE_15,RIM-NAIL-SUPERGEL-042,Amazon,Gel Nail Polish,4. Medium Velocity + Healthy Stock,0.0,0.0,0.0,0.0,3.0,19.092228,19.615908,0.55,1.91,1.0,0.0,0.0,0.885,False
2026-08-19,CASE_15,RIM-NAIL-SUPERGEL-042,Amazon,Gel Nail Polish,4. Medium Velocity + Healthy Stock,110.0,0.0,999.0,2.0,1.0,19.90192,19.805931,0.05,0.12,0.0,0.0,1.0,0.9099999999999999,False
2026-08-20,CASE_15,RIM-NAIL-SUPERGEL-042,Amazon,Gel Nail Polish,4. Medium Velocity + Healthy Stock,108.0,0.14285714285714285,756.0,0.0,2.0,34.568924,32.40961,0.07,0.48,0.0,0.0,1.0,0.595,False
2026-08-21,CASE_15,RIM-NAIL-SUPERGEL-042,Amazon,Gel Nail Polish,4. Medium Velocity + Healthy Stock,108.0,0.14285714285714285,756.0,0.0,2.0,25.414661,25.664835,0.07,0.52,0.0,0.0,1.0,0.58,False
2026-08-22,CASE_15,RIM-NAIL-SUPERGEL-042,Amazon,Gel Nail Polish,4. Medium Velocity + Healthy Stock,108.0,0.14285714285714285,756.0,0.0,3.0,25.414661,25.594713,0.07,0.44,0.0,0.0,1.0,0.64,False
2026-08-23,CASE_15,RIM-NAIL-SUPERGEL-042,Amazon,Gel Nail Polish,4. Medium Velocity + Healthy Stock,107.0,0.14285714285714285,749.0,1.0,2.0,20.935806,22.397577,0.08,0.53,0.0,0.0,1.0,0.5650000000000001,False
2026-08-24,CASE_15,RIM-NAIL-SUPERGEL-042,Amazon,Gel Nail Polish,4. Medium Velocity + Healthy Stock,107.0,0.21428571428571427,499.3,0.0,3.0,19.456177,20.194147,0.07,0.32,0.0,0.0,1.0,0.735,False
2026-08-25,CASE_15,RIM-NAIL-SUPERGEL-042,Amazon,Gel Nail Polish,4. Medium Velocity + Healthy Stock,107.0,0.21428571428571427,499.3,0.0,3.0,19.420258,20.1612,0.07,0.39,0.0,0.0,1.0,0.6749999999999999,False
2026-08-26,CASE_15,RIM-NAIL-SUPERGEL-042,Amazon,Gel Nail Polish,4. Medium Velocity + Healthy Stock,107.0,0.21428571428571427,499.3,0.0,3.0,19.420258,20.1612,0.07,0.36,0.0,0.0,1.0,0.705,False
2026-08-27,CASE_15,RIM-NAIL-SUPERGEL-042,Amazon,Gel Nail Polish,4. Medium Velocity + Healthy Stock,106.0,0.21428571428571427,494.7,1.0,2.0,19.381897,19.242935,0.07,0.38,0.0,0.0,1.0,0.6849999999999999,False
2026-08-28,CASE_15,RIM-NAIL-SUPERGEL-042,Amazon,Gel Nail Polish,4. Medium Velocity + Healthy Stock,106.0,0.2857142857142857,371.0,0.0,2.0,19.381897,19.242935,0.07,0.38,0.0,0.0,1.0,0.675,False
2026-08-29,CASE_15,RIM-NAIL-SUPERGEL-042,Amazon,Gel Nail Polish,4. Medium Velocity + Healthy Stock,105.0,0.2857142857142857,367.5,1.0,1.0,19.381897,19.242935,0.08,0.39,0.0,0.0,1.0,0.67,False
2026-08-30,CASE_15,RIM-NAIL-SUPERGEL-042,Amazon,Gel Nail Polish,4. Medium Velocity + Healthy Stock,105.0,0.35714285714285715,294.0,0.0,1.0,19.381897,19.242935,0.08,0.33,0.0,0.0,1.0,0.72,False
2026-08-31,CASE_15,RIM-NAIL-SUPERGEL-042,Amazon,Gel Nail Polish,4. Medium Velocity + Healthy Stock,104.0,0.35714285714285715,291.2,1.0,0.0,19.381897,19.242935,0.07,0.39,0.0,0.0,1.0,0.6799999999999999,False
2026-07-01,CASE_12,RIM-NAIL-SUPERGEL-043,Amazon,Gel Nail Polish,3. Medium Velocity + Low Stock,51.0,0.07142857142857142,714.0,0.0,4.0,31.27231,31.395754,0.06,0.24,0.0,0.0,1.0,0.815,False
2026-07-02,CASE_12,RIM-NAIL-SUPERGEL-043,Amazon,Gel Nail Polish,3. Medium Velocity + Low Stock,50.0,0.07142857142857142,700.0,1.0,3.0,31.27231,31.395754,0.06,0.18,0.0,0.0,1.0,0.855,False
2026-07-03,CASE_12,RIM-NAIL-SUPERGEL-043,Amazon,Gel Nail Polish,3. Medium Velocity + Low Stock,49.0,0.14285714285714285,343.0,1.0,3.0,31.23842,31.395754,0.06,0.17,0.0,0.0,1.0,0.86,False
2026-07-04,CASE_12,RIM-NAIL-SUPERGEL-043,Amazon,Gel Nail Polish,3. Medium Velocity + Low Stock,48.0,0.21428571428571427,224.0,1.0,2.0,31.23842,31.395754,0.06,0.22,0.0,0.0,1.0,0.805,False
2026-07-05,CASE_12,RIM-NAIL-SUPERGEL-043,Amazon,Gel Nail Polish,3. Medium Velocity + Low Stock,48.0,0.2857142857142857,168.0,0.0,2.0,31.23842,31.395754,0.07,0.2,0.0,0.0,1.0,0.815,False
2026-07-06,CASE_12,RIM-NAIL-SUPERGEL-043,Amazon,Gel Nail Polish,3. Medium Velocity + Low Stock,47.0,0.2857142857142857,164.5,1.0,1.0,31.23842,31.395754,0.07,0.25,0.0,0.0,1.0,0.78,False
2026-07-07,CASE_12,RIM-NAIL-SUPERGEL-043,Amazon,Gel Nail Polish,3. Medium Velocity + Low Stock,47.0,0.35714285714285715,131.6,0.0,2.0,31.23842,31.395754,0.08,0.18,0.0,0.0,1.0,0.7949999999999999,False
2026-07-08,CASE_12,RIM-NAIL-SUPERGEL-043,Amazon,Gel Nail Polish,3. Medium Velocity + Low Stock,47.0,0.35714285714285715,131.6,0.0,4.0,31.23842,31.395754,0.08,0.3,0.0,0.0,1.0,0.73,False
2026-07-09,CASE_12,RIM-NAIL-SUPERGEL-043,Amazon,Gel Nail Polish,3. Medium Velocity + Low Stock,47.0,0.35714285714285715,131.6,0.0,4.0,31.23842,31.395754,0.07,0.25,0.0,0.0,1.0,0.77,False
2026-07-10,CASE_12,RIM-NAIL-SUPERGEL-043,Amazon,Gel Nail Polish,3. Medium Velocity + Low Stock,46.0,0.35714285714285715,128.8,1.0,3.0,31.23842,31.395754,0.07,0.23,0.0,0.0,1.0,0.79,False
2026-07-11,CASE_12,RIM-NAIL-SUPERGEL-043,Amazon,Gel Nail Polish,3. Medium Velocity + Low Stock,46.0,0.42857142857142855,107.3,0.0,4.0,31.23842,31.395754,0.08,0.19,0.0,0.0,1.0,0.815,False
2026-07-12,CASE_12,RIM-NAIL-SUPERGEL-043,Amazon,Gel Nail Polish,3. Medium Velocity + Low Stock,46.0,0.35714285714285715,128.8,0.0,7.0,31.23842,31.395754,0.07,0.26,0.0,0.0,1.0,0.8049999999999999,False
2026-07-13,CASE_12,RIM-NAIL-SUPERGEL-043,Amazon,Gel Nail Polish,3. Medium Velocity + Low Stock,46.0,0.35714285714285715,128.8,0.0,8.0,31.23842,31.395754,0.07,0.22,0.0,0.0,1.0,0.835,False
2026-07-14,CASE_12,RIM-NAIL-SUPERGEL-043,Amazon,Gel Nail Polish,3. Medium Velocity + Low Stock,45.0,0.35714285714285715,126.0,1.0,7.0,31.27231,31.395754,0.07,0.2,0.0,0.0,1.0,0.845,False
2026-07-15,CASE_12,RIM-NAIL-SUPERGEL-043,Amazon,Gel Nail Polish,3. Medium Velocity + Low Stock,42.0,0.42857142857142855,98.0,2.0,9.0,31.23842,31.395754,0.07,0.26,0.0,0.0,1.0,0.7949999999999999,False
2026-07-16,CASE_12,RIM-NAIL-SUPERGEL-043,Amazon,Gel Nail Polish,3. Medium Velocity + Low Stock,42.0,0.5714285714285714,73.5,0.0,10.0,38.878387,38.64988,0.09,0.25,0.0,0.0,1.0,0.74,False
2026-07-17,CASE_12,RIM-NAIL-SUPERGEL-043,Amazon,Gel Nail Polish,3. Medium Velocity + Low Stock,42.0,0.5,84.0,0.0,10.0,31.23842,31.395754,0.08,0.27,0.0,0.0,1.0,0.75,False
2026-07-18,CASE_12,RIM-NAIL-SUPERGEL-043,Amazon,Gel Nail Polish,3. Medium Velocity + Low Stock,41.0,0.42857142857142855,95.7,1.0,9.0,31.23842,31.395754,0.07,0.22,0.0,0.0,1.0,0.825,False
2026-07-19,CASE_12,RIM-NAIL-SUPERGEL-043,Amazon,Gel Nail Polish,3. Medium Velocity + Low Stock,38.0,0.42857142857142855,88.7,3.0,6.0,31.23842,31.395754,0.08,0.2,0.0,0.0,1.0,0.8049999999999999,False
2026-07-20,CASE_12,RIM-NAIL-SUPERGEL-043,Amazon,Gel Nail Polish,3. Medium Velocity + Low Stock,35.0,0.6428571428571429,54.4,1.0,6.0,39.012177,40.583923,0.1,0.31,0.0,0.0,1.0,0.5900000000000001,False
2026-07-21,CASE_12,RIM-NAIL-SUPERGEL-043,Amazon,Gel Nail Polish,3. Medium Velocity + Low Stock,35.0,0.6428571428571429,54.4,0.0,6.0,31.37221,32.165295,0.11,0.33,0.0,0.0,1.0,0.505,False
2026-07-22,CASE_12,RIM-NAIL-SUPERGEL-043,Amazon,Gel Nail Polish,3. Medium Velocity + Low Stock,31.0,0.6428571428571429,48.2,4.0,2.0,31.37221,32.165295,0.12,0.43,0.0,0.0,1.0,0.5,False
2026-07-23,CASE_12,RIM-NAIL-SUPERGEL-043,Amazon,Gel Nail Polish,3. Medium Velocity + Low Stock,29.0,0.9285714285714286,31.2,1.0,1.0,37.579323,42.42144,0.18,0.79,0.0,1.0,0.0,0.42000000000000004,False
2026-07-24,CASE_12,RIM-NAIL-SUPERGEL-043,Amazon,Gel Nail Polish,3. Medium Velocity + Low Stock,29.0,1.0,29.0,0.0,1.0,31.393892,37.212635,0.21,0.84,0.0,1.0,0.0,0.435,False
2026-07-25,CASE_12,RIM-NAIL-SUPERGEL-043,Amazon,Gel Nail Polish,3. Medium Velocity + Low Stock,29.0,0.9285714285714286,31.2,0.0,1.0,31.393892,37.212635,0.17,0.6,0.0,1.0,0.0,0.245,False
2026-07-26,CASE_12,RIM-NAIL-SUPERGEL-043,Amazon,Gel Nail Polish,3. Medium Velocity + Low Stock,29.0,0.9285714285714286,31.2,0.0,1.0,31.393892,37.212635,0.15,0.61,0.0,1.0,0.0,0.26,False
2026-07-27,CASE_12,RIM-NAIL-SUPERGEL-043,Amazon,Gel Nail Polish,3. Medium Velocity + Low Stock,27.0,0.9285714285714286,29.1,1.0,0.0,31.260103,31.75565,0.16,0.72,0.0,0.0,1.0,0.42000000000000004,False
2026-07-28,CASE_12,RIM-NAIL-SUPERGEL-043,Amazon,Gel Nail Polish,3. Medium Velocity + Low Stock,26.0,1.0,26.0,0.0,0.0,31.260103,31.75565,0.2,0.82,0.0,0.0,1.0,0.44,False
2026-07-29,CASE_12,RIM-NAIL-SUPERGEL-043,Amazon,Gel Nail Polish,3. Medium Velocity + Low Stock,25.0,0.9285714285714286,26.9,0.0,0.0,31.260103,31.75565,0.16,0.74,0.0,0.0,1.0,0.42000000000000004,False
2026-07-30,CASE_12,RIM-NAIL-SUPERGEL-043,Amazon,Gel Nail Polish,3. Medium Velocity + Low Stock,25.0,0.7857142857142857,31.8,0.0,0.0,31.260103,31.395754,0.14,0.53,0.0,0.0,1.0,0.48,False
2026-07-31,CASE_12,RIM-NAIL-SUPERGEL-043,Amazon,Gel Nail Polish,3. Medium Velocity + Low Stock,24.0,0.7857142857142857,30.5,0.0,0.0,31.260103,31.395754,0.14,0.58,0.0,0.0,1.0,0.465,False
2026-08-01,CASE_12,RIM-NAIL-SUPERGEL-043,Amazon,Gel Nail Polish,3. Medium Velocity + Low Stock,24.0,0.7857142857142857,30.5,0.0,0.0,31.376646,31.527292,0.14,0.53,0.0,0.0,1.0,0.5,False
2026-08-02,CASE_12,RIM-NAIL-SUPERGEL-043,Amazon,Gel Nail Polish,3. Medium Velocity + Low Stock,24.0,0.7142857142857143,33.6,0.0,0.0,31.376646,31.527292,0.13,0.43,0.0,0.0,1.0,0.6,False
2026-08-03,CASE_12,RIM-NAIL-SUPERGEL-043,Amazon,Gel Nail Polish,3. Medium Velocity + Low Stock,24.0,0.5,48.0,0.0,0.0,31.376646,31.527292,0.09,0.32,0.0,0.0,1.0,0.73,False
2026-08-04,CASE_12,RIM-NAIL-SUPERGEL-043,Amazon,Gel Nail Polish,3. Medium Velocity + Low Stock,24.0,0.42857142857142855,56.0,0.0,0.0,31.410536,31.585499,0.08,0.28,0.0,0.0,1.0,0.7849999999999999,False
2026-08-05,CASE_12,RIM-NAIL-SUPERGEL-043,Amazon,Gel Nail Polish,3. Medium Velocity + Low Stock,23.0,0.42857142857142855,53.7,0.0,0.0,31.410536,31.585499,0.08,0.29,0.0,0.0,1.0,0.78,False
2026-08-06,CASE_12,RIM-NAIL-SUPERGEL-043,Amazon,Gel Nail Polish,3. Medium Velocity + Low Stock,23.0,0.14285714285714285,161.0,0.0,0.0,31.388853,31.585499,0.06,0.17,0.0,0.0,1.0,0.87,False
2026-08-07,CASE_12,RIM-NAIL-SUPERGEL-043,Amazon,Gel Nail Polish,3. Medium Velocity + Low Stock,23.0,0.07142857142857142,322.0,0.0,0.0,31.388853,31.585499,0.05,0.16,0.0,0.0,1.0,0.875,False
2026-08-08,CASE_12,RIM-NAIL-SUPERGEL-043,Amazon,Gel Nail Polish,3. Medium Velocity + Low Stock,23.0,0.07142857142857142,322.0,0.0,0.0,31.388853,31.585499,0.06,0.15,0.0,0.0,1.0,0.885,False
2026-08-09,CASE_12,RIM-NAIL-SUPERGEL-043,Amazon,Gel Nail Polish,3. Medium Velocity + Low Stock,22.0,0.07142857142857142,308.0,0.0,0.0,31.388853,31.585499,0.06,0.18,0.0,0.0,1.0,0.87,False
2026-08-10,CASE_12,RIM-NAIL-SUPERGEL-043,Amazon,Gel Nail Polish,3. Medium Velocity + Low Stock,22.0,0.07142857142857142,308.0,0.0,0.0,31.388853,31.585499,0.06,0.17,0.0,0.0,1.0,0.87,False
2026-08-11,CASE_12,RIM-NAIL-SUPERGEL-043,Amazon,Gel Nail Polish,3. Medium Velocity + Low Stock,22.0,0.0,999.0,0.0,0.0,31.388853,31.49512,0.04,0.09,0.0,0.0,1.0,0.9299999999999999,False
2026-08-12,CASE_12,RIM-NAIL-SUPERGEL-043,Amazon,Gel Nail Polish,3. Medium Velocity + Low Stock,22.0,0.0,999.0,0.0,0.0,31.388853,31.49512,0.05,0.09,0.0,0.0,1.0,0.9299999999999999,False
2026-08-13,CASE_12,RIM-NAIL-SUPERGEL-043,Amazon,Gel Nail Polish,3. Medium Velocity + Low Stock,22.0,0.0,999.0,0.0,0.0,31.388853,31.49512,0.05,0.09,0.0,0.0,1.0,0.9299999999999999,False
2026-08-14,CASE_12,RIM-NAIL-SUPERGEL-043,Amazon,Gel Nail Polish,3. Medium Velocity + Low Stock,22.0,0.0,999.0,0.0,0.0,31.388853,31.49512,0.04,0.1,0.0,0.0,1.0,0.9299999999999999,False
2026-08-15,CASE_12,RIM-NAIL-SUPERGEL-043,Amazon,Gel Nail Polish,3. Medium Velocity + Low Stock,22.0,0.0,999.0,0.0,0.0,31.388853,31.49512,0.04,0.08,0.0,0.0,1.0,0.94,False
2026-08-16,CASE_12,RIM-NAIL-SUPERGEL-043,Amazon,Gel Nail Polish,3. Medium Velocity + Low Stock,22.0,0.0,999.0,0.0,0.0,31.388853,31.49512,0.04,0.09,0.0,0.0,1.0,0.935,False
2026-08-17,CASE_12,RIM-NAIL-SUPERGEL-043,Amazon,Gel Nail Polish,3. Medium Velocity + Low Stock,22.0,0.0,999.0,0.0,0.0,31.388853,31.49512,0.05,0.08,0.0,0.0,1.0,0.94,False
2026-08-18,CASE_12,RIM-NAIL-SUPERGEL-043,Amazon,Gel Nail Polish,3. Medium Velocity + Low Stock,22.0,0.0,999.0,0.0,0.0,31.388853,31.49512,0.04,0.06,0.0,0.0,1.0,0.9550000000000001,False
2026-08-19,CASE_12,RIM-NAIL-SUPERGEL-043,Amazon,Gel Nail Polish,3. Medium Velocity + Low Stock,22.0,0.0,999.0,0.0,0.0,31.388853,31.49512,0.04,0.09,0.0,0.0,1.0,0.9299999999999999,False
2026-08-20,CASE_12,RIM-NAIL-SUPERGEL-043,Amazon,Gel Nail Polish,3. Medium Velocity + Low Stock,22.0,0.0,999.0,0.0,0.0,31.388853,31.49512,0.04,0.08,0.0,0.0,1.0,0.935,False
2026-08-21,CASE_12,RIM-NAIL-SUPERGEL-043,Amazon,Gel Nail Polish,3. Medium Velocity + Low Stock,22.0,0.0,999.0,0.0,0.0,31.388853,31.49512,0.04,0.06,0.0,0.0,1.0,0.9550000000000001,False
2026-08-22,CASE_12,RIM-NAIL-SUPERGEL-043,Amazon,Gel Nail Polish,3. Medium Velocity + Low Stock,21.0,0.0,999.0,0.0,2.0,31.388853,31.49512,0.04,0.06,0.0,0.0,1.0,0.95,False
2026-08-23,CASE_12,RIM-NAIL-SUPERGEL-043,Amazon,Gel Nail Polish,3. Medium Velocity + Low Stock,21.0,0.0,999.0,0.0,3.0,31.426123,31.644619,0.04,0.07,0.0,0.0,1.0,0.9450000000000001,False
2026-08-24,CASE_12,RIM-NAIL-SUPERGEL-043,Amazon,Gel Nail Polish,3. Medium Velocity + Low Stock,21.0,0.0,999.0,0.0,3.0,31.60356,31.644619,0.04,0.1,0.0,0.0,1.0,0.9299999999999999,False
2026-08-25,CASE_12,RIM-NAIL-SUPERGEL-043,Amazon,Gel Nail Polish,3. Medium Velocity + Low Stock,21.0,0.0,999.0,0.0,3.0,31.426123,31.644619,0.04,0.07,0.0,0.0,1.0,0.9450000000000001,False
2026-08-26,CASE_12,RIM-NAIL-SUPERGEL-043,Amazon,Gel Nail Polish,3. Medium Velocity + Low Stock,21.0,0.0,999.0,0.0,3.0,31.426123,31.644619,0.04,0.08,0.0,0.0,1.0,0.94,False
2026-08-27,CASE_12,RIM-NAIL-SUPERGEL-043,Amazon,Gel Nail Polish,3. Medium Velocity + Low Stock,21.0,0.0,999.0,0.0,3.0,31.388853,31.49512,0.04,0.04,0.0,0.0,1.0,0.97,False
2026-08-28,CASE_12,RIM-NAIL-SUPERGEL-043,Amazon,Gel Nail Polish,3. Medium Velocity + Low Stock,21.0,0.0,999.0,0.0,3.0,31.388853,31.49512,0.04,0.04,0.0,0.0,1.0,0.97,False
2026-08-29,CASE_12,RIM-NAIL-SUPERGEL-043,Amazon,Gel Nail Polish,3. Medium Velocity + Low Stock,19.0,0.0,999.0,2.0,1.0,31.388853,31.49512,0.04,0.03,0.0,0.0,1.0,0.975,False
2026-08-30,CASE_12,RIM-NAIL-SUPERGEL-043,Amazon,Gel Nail Polish,3. Medium Velocity + Low Stock,18.0,0.14285714285714285,126.0,1.0,0.0,39.381207,40.371506,0.08,0.27,0.0,0.0,1.0,0.735,False
2026-08-31,CASE_12,RIM-NAIL-SUPERGEL-043,Amazon,Gel Nail Polish,3. Medium Velocity + Low Stock,18.0,0.21428571428571427,84.0,0.0,0.0,31.373102,31.791607,0.09,0.24,0.0,0.0,1.0,0.735,False
2026-07-01,CASE_19,RIM-SCD-EL-WP-008,Website,Eyeliner,5. Low/Zero Velocity + Stockout,30.0,0.0,999.0,0.0,0.0,32.16004,32.10667,0.03,0.03,0.0,0.0,1.0,0.975,False
2026-07-02,CASE_19,RIM-SCD-EL-WP-008,Website,Eyeliner,5. Low/Zero Velocity + Stockout,25.0,0.0,999.0,0.0,0.0,32.16004,32.10667,0.04,0.03,0.0,0.0,1.0,0.98,False
2026-07-03,CASE_19,RIM-SCD-EL-WP-008,Website,Eyeliner,5. Low/Zero Velocity + Stockout,25.0,0.0,999.0,0.0,0.0,32.16004,32.10667,0.04,0.03,0.0,0.0,1.0,0.975,False
2026-07-04,CASE_19,RIM-SCD-EL-WP-008,Website,Eyeliner,5. Low/Zero Velocity + Stockout,24.0,0.0,999.0,0.0,0.0,32.16004,32.10667,0.04,0.03,0.0,0.0,1.0,0.98,False
2026-07-05,CASE_19,RIM-SCD-EL-WP-008,Website,Eyeliner,5. Low/Zero Velocity + Stockout,23.0,0.0,999.0,0.0,0.0,32.16004,32.10667,0.04,0.02,0.0,0.0,1.0,0.98,False
2026-07-06,CASE_19,RIM-SCD-EL-WP-008,Website,Eyeliner,5. Low/Zero Velocity + Stockout,22.0,0.0,999.0,0.0,0.0,32.16004,32.10667,0.04,0.04,0.0,0.0,1.0,0.97,False
2026-07-07,CASE_19,RIM-SCD-EL-WP-008,Website,Eyeliner,5. Low/Zero Velocity + Stockout,20.0,0.0,999.0,0.0,0.0,32.16004,32.10667,0.04,0.03,0.0,0.0,1.0,0.98,False
2026-07-08,CASE_19,RIM-SCD-EL-WP-008,Website,Eyeliner,5. Low/Zero Velocity + Stockout,18.0,0.0,999.0,0.0,0.0,32.16004,32.10667,0.03,0.03,0.0,0.0,1.0,0.98,False
2026-07-09,CASE_19,RIM-SCD-EL-WP-008,Website,Eyeliner,5. Low/Zero Velocity + Stockout,17.0,0.0,999.0,0.0,0.0,32.16004,32.10667,0.03,0.02,0.0,0.0,1.0,0.98,False
2026-07-10,CASE_19,RIM-SCD-EL-WP-008,Website,Eyeliner,5. Low/Zero Velocity + Stockout,16.0,0.0,999.0,0.0,0.0,32.16004,32.10667,0.04,0.03,0.0,0.0,1.0,0.98,False
2026-07-11,CASE_19,RIM-SCD-EL-WP-008,Website,Eyeliner,5. Low/Zero Velocity + Stockout,15.0,0.0,999.0,0.0,0.0,32.16004,32.10667,0.04,0.03,0.0,0.0,1.0,0.975,False
2026-07-12,CASE_19,RIM-SCD-EL-WP-008,Website,Eyeliner,5. Low/Zero Velocity + Stockout,15.0,0.0,999.0,0.0,0.0,32.16004,32.10667,0.04,0.04,0.0,0.0,1.0,0.975,False
2026-07-13,CASE_19,RIM-SCD-EL-WP-008,Website,Eyeliner,5. Low/Zero Velocity + Stockout,14.0,0.0,999.0,0.0,0.0,32.16004,32.10667,0.04,0.04,0.0,0.0,1.0,0.97,False
2026-07-14,CASE_19,RIM-SCD-EL-WP-008,Website,Eyeliner,5. Low/Zero Velocity + Stockout,13.0,0.0,999.0,0.0,0.0,32.16004,32.10667,0.04,0.03,0.0,0.0,1.0,0.975,False
2026-07-15,CASE_19,RIM-SCD-EL-WP-008,Website,Eyeliner,5. Low/Zero Velocity + Stockout,13.0,0.0,999.0,0.0,0.0,32.16004,32.10667,0.04,0.03,0.0,0.0,1.0,0.975,False
2026-07-16,CASE_19,RIM-SCD-EL-WP-008,Website,Eyeliner,5. Low/Zero Velocity + Stockout,10.0,0.0,999.0,0.0,0.0,32.16004,32.10667,0.04,0.02,0.0,0.0,1.0,0.98,False
2026-07-17,CASE_19,RIM-SCD-EL-WP-008,Website,Eyeliner,5. Low/Zero Velocity + Stockout,5.0,0.0,999.0,0.0,0.0,32.16004,32.10667,0.04,0.03,0.0,0.0,1.0,0.98,False
2026-07-18,CASE_19,RIM-SCD-EL-WP-008,Website,Eyeliner,5. Low/Zero Velocity + Stockout,5.0,0.0,999.0,0.0,0.0,32.16004,32.10667,0.04,0.03,0.0,0.0,1.0,0.975,False
2026-07-19,CASE_19,RIM-SCD-EL-WP-008,Website,Eyeliner,5. Low/Zero Velocity + Stockout,4.0,0.0,999.0,0.0,0.0,32.16004,32.10667,0.04,0.04,0.0,0.0,1.0,0.97,False
2026-07-20,CASE_19,RIM-SCD-EL-WP-008,Website,Eyeliner,5. Low/Zero Velocity + Stockout,3.0,0.0,999.0,0.0,0.0,32.16004,32.10667,0.04,0.05,0.0,0.0,1.0,0.96,False
2026-07-21,CASE_19,RIM-SCD-EL-WP-008,Website,Eyeliner,5. Low/Zero Velocity + Stockout,3.0,0.0,999.0,0.0,0.0,32.16004,32.10667,0.04,0.05,0.0,0.0,1.0,0.9550000000000001,False
2026-07-22,CASE_19,RIM-SCD-EL-WP-008,Website,Eyeliner,5. Low/Zero Velocity + Stockout,3.0,0.0,999.0,0.0,0.0,32.16004,32.10667,0.04,0.06,0.0,0.0,1.0,0.95,False
2026-07-23,CASE_19,RIM-SCD-EL-WP-008,Website,Eyeliner,5. Low/Zero Velocity + Stockout,3.0,0.0,999.0,0.0,0.0,32.16004,32.10667,0.04,0.06,0.0,0.0,1.0,0.95,False
2026-07-24,CASE_19,RIM-SCD-EL-WP-008,Website,Eyeliner,5. Low/Zero Velocity + Stockout,3.0,0.0,999.0,0.0,0.0,32.16004,32.10667,0.04,0.06,0.0,0.0,1.0,0.95,False
2026-07-25,CASE_19,RIM-SCD-EL-WP-008,Website,Eyeliner,5. Low/Zero Velocity + Stockout,3.0,0.0,999.0,0.0,0.0,32.16004,32.10667,0.04,0.05,0.0,0.0,1.0,0.96,False
2026-07-26,CASE_19,RIM-SCD-EL-WP-008,Website,Eyeliner,5. Low/Zero Velocity + Stockout,1.0,0.0,999.0,0.0,0.0,32.16004,32.10667,0.05,0.14,0.0,0.0,1.0,0.855,False
2026-07-27,CASE_19,RIM-SCD-EL-WP-008,Website,Eyeliner,5. Low/Zero Velocity + Stockout,1.0,0.0,999.0,0.0,0.0,32.16004,32.10667,0.05,0.16,0.0,0.0,1.0,0.835,False
2026-07-28,CASE_19,RIM-SCD-EL-WP-008,Website,Eyeliner,5. Low/Zero Velocity + Stockout,1.0,0.0,999.0,0.0,0.0,32.16004,32.10667,0.05,0.11,0.0,0.0,1.0,0.875,False
2026-07-29,CASE_19,RIM-SCD-EL-WP-008,Website,Eyeliner,5. Low/Zero Velocity + Stockout,1.0,0.0,999.0,0.0,0.0,32.16004,32.10667,0.05,0.17,0.0,0.0,1.0,0.835,False
2026-07-30,CASE_19,RIM-SCD-EL-WP-008,Website,Eyeliner,5. Low/Zero Velocity + Stockout,1.0,0.0,999.0,0.0,0.0,32.16004,32.10667,0.04,0.1,0.0,0.0,1.0,0.905,False
2026-07-31,CASE_19,RIM-SCD-EL-WP-008,Website,Eyeliner,5. Low/Zero Velocity + Stockout,1.0,0.0,999.0,0.0,0.0,32.16004,32.10667,0.05,0.14,0.0,0.0,1.0,0.8500000000000001,False
2026-08-01,CASE_19,RIM-SCD-EL-WP-008,Website,Eyeliner,5. Low/Zero Velocity + Stockout,1.0,0.0,999.0,0.0,0.0,32.371185,32.403324,0.05,0.14,0.0,0.0,1.0,0.8600000000000001,False
2026-08-02,CASE_19,RIM-SCD-EL-WP-008,Website,Eyeliner,5. Low/Zero Velocity + Stockout,1.0,0.0,999.0,0.0,0.0,32.371185,32.403324,0.05,0.12,0.0,0.0,1.0,0.8799999999999999,False
2026-08-03,CASE_19,RIM-SCD-EL-WP-008,Website,Eyeliner,5. Low/Zero Velocity + Stockout,1.0,0.0,999.0,0.0,0.0,32.371185,32.403324,0.05,0.15,0.0,0.0,1.0,0.8500000000000001,False
2026-08-04,CASE_19,RIM-SCD-EL-WP-008,Website,Eyeliner,5. Low/Zero Velocity + Stockout,1.0,0.0,999.0,0.0,0.0,32.371185,32.403324,0.04,0.1,0.0,0.0,1.0,0.8899999999999999,False
2026-08-05,CASE_19,RIM-SCD-EL-WP-008,Website,Eyeliner,5. Low/Zero Velocity + Stockout,0.0,0.0,0.0,0.0,0.0,33.41217,33.78397,0.35,1.52,1.0,0.0,0.0,0.435,False
2026-08-06,CASE_19,RIM-SCD-EL-WP-008,Website,Eyeliner,5. Low/Zero Velocity + Stockout,0.0,0.0,0.0,0.0,0.0,33.41217,33.78397,0.28,1.4,1.0,0.0,0.0,0.295,False
2026-08-07,CASE_19,RIM-SCD-EL-WP-008,Website,Eyeliner,5. Low/Zero Velocity + Stockout,0.0,0.0,0.0,0.0,0.0,33.41217,33.78397,0.33,1.49,1.0,0.0,0.0,0.385,False
2026-08-08,CASE_19,RIM-SCD-EL-WP-008,Website,Eyeliner,5. Low/Zero Velocity + Stockout,0.0,0.0,0.0,0.0,0.0,33.41217,33.78397,0.35,1.52,1.0,0.0,0.0,0.435,False
2026-08-09,CASE_19,RIM-SCD-EL-WP-008,Website,Eyeliner,5. Low/Zero Velocity + Stockout,0.0,0.0,0.0,0.0,0.0,33.41217,33.78397,0.31,1.53,1.0,0.0,0.0,0.405,False
2026-08-10,CASE_19,RIM-SCD-EL-WP-008,Website,Eyeliner,5. Low/Zero Velocity + Stockout,0.0,0.0,0.0,0.0,0.0,33.41217,33.78397,0.38,1.54,1.0,0.0,0.0,0.44999999999999996,False
2026-08-11,CASE_19,RIM-SCD-EL-WP-008,Website,Eyeliner,5. Low/Zero Velocity + Stockout,0.0,0.0,0.0,0.0,0.0,33.41217,33.78397,0.31,1.44,1.0,0.0,0.0,0.33,False
2026-08-12,CASE_19,RIM-SCD-EL-WP-008,Website,Eyeliner,5. Low/Zero Velocity + Stockout,0.0,0.0,0.0,0.0,0.0,33.41217,33.78397,0.34,1.5,1.0,0.0,0.0,0.42,False
2026-08-13,CASE_19,RIM-SCD-EL-WP-008,Website,Eyeliner,5. Low/Zero Velocity + Stockout,0.0,0.0,0.0,0.0,0.0,33.41217,33.78397,0.29,1.43,1.0,0.0,0.0,0.34,False
2026-08-14,CASE_19,RIM-SCD-EL-WP-008,Website,Eyeliner,5. Low/Zero Velocity + Stockout,0.0,0.0,0.0,0.0,0.0,33.41217,33.78397,0.34,1.55,1.0,0.0,0.0,0.43500000000000005,False
2026-08-15,CASE_19,RIM-SCD-EL-WP-008,Website,Eyeliner,5. Low/Zero Velocity + Stockout,0.0,0.0,0.0,0.0,0.0,33.41217,33.78397,0.28,1.47,1.0,0.0,0.0,0.36,False
2026-08-16,CASE_19,RIM-SCD-EL-WP-008,Website,Eyeliner,5. Low/Zero Velocity + Stockout,0.0,0.0,0.0,0.0,0.0,33.41217,33.78397,0.35,1.59,1.0,0.0,0.0,0.51,False
2026-08-17,CASE_19,RIM-SCD-EL-WP-008,Website,Eyeliner,5. Low/Zero Velocity + Stockout,0.0,0.0,0.0,0.0,0.0,33.41217,33.78397,0.34,1.59,1.0,0.0,0.0,0.47000000000000003,False
2026-08-18,CASE_19,RIM-SCD-EL-WP-008,Website,Eyeliner,5. Low/Zero Velocity + Stockout,0.0,0.0,0.0,0.0,0.0,33.41217,33.78397,0.33,1.45,1.0,0.0,0.0,0.365,False
2026-08-19,CASE_19,RIM-SCD-EL-WP-008,Website,Eyeliner,5. Low/Zero Velocity + Stockout,0.0,0.0,0.0,0.0,0.0,33.41217,33.78397,0.32,1.58,1.0,0.0,0.0,0.475,False
2026-08-20,CASE_19,RIM-SCD-EL-WP-008,Website,Eyeliner,5. Low/Zero Velocity + Stockout,0.0,0.0,0.0,0.0,0.0,33.41217,33.78397,0.35,1.53,1.0,0.0,0.0,0.42000000000000004,False
2026-08-21,CASE_19,RIM-SCD-EL-WP-008,Website,Eyeliner,5. Low/Zero Velocity + Stockout,0.0,0.0,0.0,0.0,0.0,33.41217,33.78397,0.31,1.45,1.0,0.0,0.0,0.35000000000000003,False
2026-08-22,CASE_19,RIM-SCD-EL-WP-008,Website,Eyeliner,5. Low/Zero Velocity + Stockout,0.0,0.0,0.0,0.0,0.0,33.41217,33.78397,0.29,1.51,1.0,0.0,0.0,0.355,False
2026-08-23,CASE_19,RIM-SCD-EL-WP-008,Website,Eyeliner,5. Low/Zero Velocity + Stockout,0.0,0.0,0.0,0.0,0.0,33.41217,33.78397,0.29,1.41,1.0,0.0,0.0,0.305,False
2026-08-24,CASE_19,RIM-SCD-EL-WP-008,Website,Eyeliner,5. Low/Zero Velocity + Stockout,0.0,0.0,0.0,0.0,0.0,33.41217,33.78397,0.31,1.5,1.0,0.0,0.0,0.42,False
2026-08-25,CASE_19,RIM-SCD-EL-WP-008,Website,Eyeliner,5. Low/Zero Velocity + Stockout,0.0,0.0,0.0,0.0,0.0,33.41217,33.78397,0.34,1.54,1.0,0.0,0.0,0.475,False
2026-08-26,CASE_19,RIM-SCD-EL-WP-008,Website,Eyeliner,5. Low/Zero Velocity + Stockout,0.0,0.0,0.0,0.0,0.0,33.41217,33.78397,0.29,1.48,1.0,0.0,0.0,0.39499999999999996,False
2026-08-27,CASE_19,RIM-SCD-EL-WP-008,Website,Eyeliner,5. Low/Zero Velocity + Stockout,0.0,0.0,0.0,0.0,0.0,33.41217,33.78397,0.27,1.55,1.0,0.0,0.0,0.41000000000000003,False
2026-08-28,CASE_19,RIM-SCD-EL-WP-008,Website,Eyeliner,5. Low/Zero Velocity + Stockout,0.0,0.0,0.0,0.0,0.0,33.41217,33.78397,0.34,1.51,1.0,0.0,0.0,0.425,False
2026-08-29,CASE_19,RIM-SCD-EL-WP-008,Website,Eyeliner,5. Low/Zero Velocity + Stockout,0.0,0.0,0.0,0.0,0.0,33.41217,33.78397,0.36,1.56,1.0,0.0,0.0,0.48,False
2026-08-30,CASE_19,RIM-SCD-EL-WP-008,Website,Eyeliner,5. Low/Zero Velocity + Stockout,0.0,0.0,0.0,0.0,0.0,33.41217,33.78397,0.35,1.53,1.0,0.0,0.0,0.42000000000000004,False
2026-08-31,CASE_19,RIM-SCD-EL-WP-008,Website,Eyeliner,5. Low/Zero Velocity + Stockout,0.0,0.0,0.0,0.0,0.0,33.41217,33.78397,0.26,1.39,1.0,0.0,0.0,0.29,False
2026-07-01,CASE_20,RIM-SCD-EYE-001,Other,Eyeliner,6. Low Velocity + High Stock,0.0,0.0,0.0,0.0,0.0,27.442057,27.396994,0.49,1.72,1.0,0.0,0.0,0.6599999999999999,False
2026-07-02,CASE_20,RIM-SCD-EYE-001,Other,Eyeliner,6. Low Velocity + High Stock,0.0,0.0,0.0,0.0,0.0,27.442057,27.396994,0.46,1.74,1.0,0.0,0.0,0.715,False
2026-07-03,CASE_20,RIM-SCD-EYE-001,Other,Eyeliner,6. Low Velocity + High Stock,0.0,0.0,0.0,0.0,0.0,27.442057,27.396994,0.48,1.82,1.0,0.0,0.0,0.765,False
2026-07-04,CASE_20,RIM-SCD-EYE-001,Other,Eyeliner,6. Low Velocity + High Stock,0.0,0.0,0.0,0.0,0.0,27.442057,27.396994,0.51,1.82,1.0,0.0,0.0,0.76,False
2026-07-05,CASE_20,RIM-SCD-EYE-001,Other,Eyeliner,6. Low Velocity + High Stock,0.0,0.0,0.0,0.0,0.0,27.442057,27.396994,0.49,1.74,1.0,0.0,0.0,0.71,False
2026-07-06,CASE_20,RIM-SCD-EYE-001,Other,Eyeliner,6. Low Velocity + High Stock,0.0,0.0,0.0,0.0,0.0,27.442057,27.396994,0.44,1.84,1.0,0.0,0.0,0.755,False
2026-07-07,CASE_20,RIM-SCD-EYE-001,Other,Eyeliner,6. Low Velocity + High Stock,0.0,0.0,0.0,0.0,0.0,27.442057,27.396994,0.47,1.77,1.0,0.0,0.0,0.7350000000000001,False
2026-07-08,CASE_20,RIM-SCD-EYE-001,Other,Eyeliner,6. Low Velocity + High Stock,0.0,0.0,0.0,0.0,0.0,27.442057,27.396994,0.41,1.76,1.0,0.0,0.0,0.7050000000000001,False
2026-07-09,CASE_20,RIM-SCD-EYE-001,Other,Eyeliner,6. Low Velocity + High Stock,0.0,0.0,0.0,0.0,0.0,27.442057,27.396994,0.48,1.81,1.0,0.0,0.0,0.75,False
2026-07-10,CASE_20,RIM-SCD-EYE-001,Other,Eyeliner,6. Low Velocity + High Stock,0.0,0.0,0.0,0.0,0.0,27.442057,27.396994,0.4,1.75,1.0,0.0,0.0,0.675,False
2026-07-11,CASE_20,RIM-SCD-EYE-001,Other,Eyeliner,6. Low Velocity + High Stock,0.0,0.0,0.0,0.0,0.0,27.442057,27.396994,0.42,1.73,1.0,0.0,0.0,0.665,False
2026-07-12,CASE_20,RIM-SCD-EYE-001,Other,Eyeliner,6. Low Velocity + High Stock,0.0,0.0,0.0,0.0,0.0,27.442057,27.396994,0.51,1.84,1.0,0.0,0.0,0.8049999999999999,False
2026-07-13,CASE_20,RIM-SCD-EYE-001,Other,Eyeliner,6. Low Velocity + High Stock,0.0,0.0,0.0,0.0,0.0,27.442057,27.396994,0.42,1.73,1.0,0.0,0.0,0.675,False
2026-07-14,CASE_20,RIM-SCD-EYE-001,Other,Eyeliner,6. Low Velocity + High Stock,0.0,0.0,0.0,0.0,0.0,27.442057,27.396994,0.48,1.71,1.0,0.0,0.0,0.66,False
2026-07-15,CASE_20,RIM-SCD-EYE-001,Other,Eyeliner,6. Low Velocity + High Stock,0.0,0.0,0.0,0.0,0.0,27.442057,27.396994,0.44,1.81,1.0,0.0,0.0,0.74,False
2026-07-16,CASE_20,RIM-SCD-EYE-001,Other,Eyeliner,6. Low Velocity + High Stock,0.0,0.0,0.0,0.0,0.0,27.442057,27.396994,0.43,1.78,1.0,0.0,0.0,0.6950000000000001,False
2026-07-17,CASE_20,RIM-SCD-EYE-001,Other,Eyeliner,6. Low Velocity + High Stock,0.0,0.0,0.0,0.0,0.0,27.442057,27.396994,0.47,1.79,1.0,0.0,0.0,0.73,False
2026-07-18,CASE_20,RIM-SCD-EYE-001,Other,Eyeliner,6. Low Velocity + High Stock,0.0,0.0,0.0,0.0,0.0,27.442057,27.396994,0.4,1.77,1.0,0.0,0.0,0.7,False
2026-07-19,CASE_20,RIM-SCD-EYE-001,Other,Eyeliner,6. Low Velocity + High Stock,0.0,0.0,0.0,0.0,0.0,27.442057,27.396994,0.47,1.76,1.0,0.0,0.0,0.7,False
2026-07-20,CASE_20,RIM-SCD-EYE-001,Other,Eyeliner,6. Low Velocity + High Stock,0.0,0.0,0.0,0.0,0.0,27.442057,27.396994,0.4,1.81,1.0,0.0,0.0,0.71,False
2026-07-21,CASE_20,RIM-SCD-EYE-001,Other,Eyeliner,6. Low Velocity + High Stock,0.0,0.0,0.0,0.0,0.0,27.442057,27.396994,0.46,1.72,1.0,0.0,0.0,0.6699999999999999,False
2026-07-22,CASE_20,RIM-SCD-EYE-001,Other,Eyeliner,6. Low Velocity + High Stock,0.0,0.0,0.0,0.0,0.0,27.442057,27.396994,0.44,1.73,1.0,0.0,0.0,0.675,False
2026-07-23,CASE_20,RIM-SCD-EYE-001,Other,Eyeliner,6. Low Velocity + High Stock,0.0,0.0,0.0,0.0,0.0,27.442057,27.396994,0.46,1.74,1.0,0.0,0.0,0.69,False
2026-07-24,CASE_20,RIM-SCD-EYE-001,Other,Eyeliner,6. Low Velocity + High Stock,0.0,0.0,0.0,0.0,0.0,27.442057,27.396994,0.44,1.77,1.0,0.0,0.0,0.71,False
2026-07-25,CASE_20,RIM-SCD-EYE-001,Other,Eyeliner,6. Low Velocity + High Stock,0.0,0.0,0.0,0.0,0.0,27.442057,27.396994,0.43,1.79,1.0,0.0,0.0,0.7250000000000001,False
2026-07-26,CASE_20,RIM-SCD-EYE-001,Other,Eyeliner,6. Low Velocity + High Stock,0.0,0.0,0.0,0.0,0.0,27.442057,27.396994,0.46,1.76,1.0,0.0,0.0,0.735,False
2026-07-27,CASE_20,RIM-SCD-EYE-001,Other,Eyeliner,6. Low Velocity + High Stock,0.0,0.0,0.0,0.0,0.0,27.442057,27.396994,0.42,1.77,1.0,0.0,0.0,0.685,False
2026-07-28,CASE_20,RIM-SCD-EYE-001,Other,Eyeliner,6. Low Velocity + High Stock,0.0,0.0,0.0,0.0,0.0,27.442057,27.396994,0.45,1.78,1.0,0.0,0.0,0.71,False
2026-07-29,CASE_20,RIM-SCD-EYE-001,Other,Eyeliner,6. Low Velocity + High Stock,0.0,0.0,0.0,0.0,0.0,27.442057,27.396994,0.47,1.75,1.0,0.0,0.0,0.71,False
2026-07-30,CASE_20,RIM-SCD-EYE-001,Other,Eyeliner,6. Low Velocity + High Stock,0.0,0.0,0.0,0.0,0.0,27.442057,27.396994,0.47,1.72,1.0,0.0,0.0,0.665,False
2026-07-31,CASE_20,RIM-SCD-EYE-001,Other,Eyeliner,6. Low Velocity + High Stock,0.0,0.0,0.0,0.0,0.0,27.442057,27.396994,0.45,1.68,1.0,0.0,0.0,0.645,False
2026-08-01,CASE_20,RIM-SCD-EYE-001,Other,Eyeliner,6. Low Velocity + High Stock,0.0,0.0,0.0,0.0,0.0,27.442057,27.396994,0.45,1.77,1.0,0.0,0.0,0.675,False
2026-08-02,CASE_20,RIM-SCD-EYE-001,Other,Eyeliner,6. Low Velocity + High Stock,0.0,0.0,0.0,0.0,0.0,27.442057,27.396994,0.46,1.71,1.0,0.0,0.0,0.6599999999999999,False
2026-08-03,CASE_20,RIM-SCD-EYE-001,Other,Eyeliner,6. Low Velocity + High Stock,0.0,0.0,0.0,0.0,0.0,27.442057,27.396994,0.47,1.82,1.0,0.0,0.0,0.765,False
2026-08-04,CASE_20,RIM-SCD-EYE-001,Other,Eyeliner,6. Low Velocity + High Stock,0.0,0.0,0.0,0.0,0.0,27.442057,27.396994,0.44,1.78,1.0,0.0,0.0,0.6950000000000001,False
2026-08-05,CASE_20,RIM-SCD-EYE-001,Other,Eyeliner,6. Low Velocity + High Stock,0.0,0.0,0.0,0.0,0.0,27.442057,27.396994,0.49,1.82,1.0,0.0,0.0,0.735,False
2026-08-06,CASE_20,RIM-SCD-EYE-001,Other,Eyeliner,6. Low Velocity + High Stock,0.0,0.0,0.0,0.0,0.0,27.442057,27.396994,0.5,1.74,1.0,0.0,0.0,0.69,False
2026-08-07,CASE_20,RIM-SCD-EYE-001,Other,Eyeliner,6. Low Velocity + High Stock,0.0,0.0,0.0,0.0,0.0,27.442057,27.396994,0.44,1.75,1.0,0.0,0.0,0.6950000000000001,False
2026-08-08,CASE_20,RIM-SCD-EYE-001,Other,Eyeliner,6. Low Velocity + High Stock,0.0,0.0,0.0,0.0,0.0,27.442057,27.396994,0.42,1.73,1.0,0.0,0.0,0.665,False
2026-08-09,CASE_20,RIM-SCD-EYE-001,Other,Eyeliner,6. Low Velocity + High Stock,0.0,0.0,0.0,0.0,0.0,27.442057,27.396994,0.43,1.74,1.0,0.0,0.0,0.65,False
2026-08-10,CASE_20,RIM-SCD-EYE-001,Other,Eyeliner,6. Low Velocity + High Stock,0.0,0.0,0.0,0.0,0.0,27.442057,27.396994,0.43,1.73,1.0,0.0,0.0,0.6699999999999999,False
2026-08-11,CASE_20,RIM-SCD-EYE-001,Other,Eyeliner,6. Low Velocity + High Stock,0.0,0.0,0.0,0.0,0.0,27.442057,27.396994,0.49,1.81,1.0,0.0,0.0,0.735,False
2026-08-12,CASE_20,RIM-SCD-EYE-001,Other,Eyeliner,6. Low Velocity + High Stock,0.0,0.0,0.0,0.0,0.0,27.442057,27.396994,0.4,1.66,1.0,0.0,0.0,0.605,False
2026-08-13,CASE_20,RIM-SCD-EYE-001,Other,Eyeliner,6. Low Velocity + High Stock,0.0,0.0,0.0,0.0,0.0,27.442057,27.396994,0.43,1.65,1.0,0.0,0.0,0.61,False
2026-08-14,CASE_20,RIM-SCD-EYE-001,Other,Eyeliner,6. Low Velocity + High Stock,357.0,0.0,999.0,0.0,0.0,28.067408,27.720308,0.04,0.04,0.0,0.0,1.0,0.975,False
2026-08-15,CASE_20,RIM-SCD-EYE-001,Other,Eyeliner,6. Low Velocity + High Stock,354.0,0.0,999.0,0.0,0.0,27.673937,27.720308,0.04,0.06,0.0,0.0,1.0,0.9550000000000001,False
2026-08-16,CASE_20,RIM-SCD-EYE-001,Other,Eyeliner,6. Low Velocity + High Stock,347.0,0.0,999.0,0.0,0.0,27.673937,27.720308,0.03,0.04,0.0,0.0,1.0,0.97,False
2026-08-17,CASE_20,RIM-SCD-EYE-001,Other,Eyeliner,6. Low Velocity + High Stock,335.0,0.0,999.0,0.0,0.0,27.673937,27.720308,0.04,0.03,0.0,0.0,1.0,0.975,False
2026-08-18,CASE_20,RIM-SCD-EYE-001,Other,Eyeliner,6. Low Velocity + High Stock,332.0,0.0,999.0,0.0,0.0,27.673937,27.720308,0.04,0.04,0.0,0.0,1.0,0.97,False
2026-08-19,CASE_20,RIM-SCD-EYE-001,Other,Eyeliner,6. Low Velocity + High Stock,329.0,0.0,999.0,0.0,0.0,27.673937,27.720308,0.04,0.02,0.0,0.0,1.0,0.985,False
2026-08-20,CASE_20,RIM-SCD-EYE-001,Other,Eyeliner,6. Low Velocity + High Stock,325.0,0.0,999.0,0.0,0.0,27.673937,27.720308,0.03,0.03,0.0,0.0,1.0,0.975,False
2026-08-21,CASE_20,RIM-SCD-EYE-001,Other,Eyeliner,6. Low Velocity + High Stock,322.0,0.0,999.0,0.0,0.0,27.673937,27.720308,0.03,0.03,0.0,0.0,1.0,0.98,False
2026-08-22,CASE_20,RIM-SCD-EYE-001,Other,Eyeliner,6. Low Velocity + High Stock,322.0,0.0,999.0,0.0,0.0,27.673937,27.720308,0.03,0.03,0.0,0.0,1.0,0.98,False
2026-08-23,CASE_20,RIM-SCD-EYE-001,Other,Eyeliner,6. Low Velocity + High Stock,322.0,0.0,999.0,0.0,0.0,27.673937,27.720308,0.03,0.04,0.0,0.0,1.0,0.975,False
2026-08-24,CASE_20,RIM-SCD-EYE-001,Other,Eyeliner,6. Low Velocity + High Stock,316.0,0.0,999.0,0.0,0.0,27.673937,27.720308,0.03,0.03,0.0,0.0,1.0,0.975,False
2026-08-25,CASE_20,RIM-SCD-EYE-001,Other,Eyeliner,6. Low Velocity + High Stock,314.0,0.0,999.0,0.0,0.0,27.673937,27.720308,0.03,0.06,0.0,0.0,1.0,0.96,False
2026-08-26,CASE_20,RIM-SCD-EYE-001,Other,Eyeliner,6. Low Velocity + High Stock,312.0,0.0,999.0,0.0,0.0,27.673937,27.720308,0.03,0.02,0.0,0.0,1.0,0.985,False
2026-08-27,CASE_20,RIM-SCD-EYE-001,Other,Eyeliner,6. Low Velocity + High Stock,297.0,0.0,999.0,0.0,0.0,27.673937,27.720308,0.04,0.06,0.0,0.0,1.0,0.9550000000000001,False
2026-08-28,CASE_20,RIM-SCD-EYE-001,Other,Eyeliner,6. Low Velocity + High Stock,291.0,0.0,999.0,0.0,0.0,27.673937,27.720308,0.03,0.04,0.0,0.0,1.0,0.9650000000000001,False
2026-08-29,CASE_20,RIM-SCD-EYE-001,Other,Eyeliner,6. Low Velocity + High Stock,279.0,0.0,999.0,0.0,0.0,27.673937,27.720308,0.03,0.04,0.0,0.0,1.0,0.97,False
2026-08-30,CASE_20,RIM-SCD-EYE-001,Other,Eyeliner,6. Low Velocity + High Stock,276.0,0.0,999.0,0.0,0.0,27.673937,27.720308,0.03,0.03,0.0,0.0,1.0,0.975,False
2026-08-31,CASE_20,RIM-SCD-EYE-001,Other,Eyeliner,6. Low Velocity + High Stock,264.0,0.0,999.0,0.0,0.0,27.673937,27.720308,0.03,0.02,0.0,0.0,1.0,0.985,False
2026-07-01,CASE_02,RIM-SCD-EYE-002,Amazon,Eyeliner,1. High Velocity + Low Stock,0.0,0.0,0.0,0.0,0.0,27.442057,27.396994,0.45,1.66,1.0,0.0,0.0,0.585,False
2026-07-02,CASE_02,RIM-SCD-EYE-002,Amazon,Eyeliner,1. High Velocity + Low Stock,0.0,0.0,0.0,0.0,0.0,27.442057,27.396994,0.46,1.8,1.0,0.0,0.0,0.6699999999999999,False
2026-07-03,CASE_02,RIM-SCD-EYE-002,Amazon,Eyeliner,1. High Velocity + Low Stock,0.0,0.0,0.0,0.0,0.0,27.442057,27.396994,0.49,1.8,1.0,0.0,0.0,0.72,False
2026-07-04,CASE_02,RIM-SCD-EYE-002,Amazon,Eyeliner,1. High Velocity + Low Stock,0.0,0.0,0.0,0.0,0.0,27.442057,27.396994,0.41,1.76,1.0,0.0,0.0,0.655,False
2026-07-05,CASE_02,RIM-SCD-EYE-002,Amazon,Eyeliner,1. High Velocity + Low Stock,0.0,0.0,0.0,0.0,0.0,27.442057,27.396994,0.45,1.81,1.0,0.0,0.0,0.6950000000000001,False
2026-07-06,CASE_02,RIM-SCD-EYE-002,Amazon,Eyeliner,1. High Velocity + Low Stock,0.0,0.0,0.0,0.0,0.0,27.442057,27.396994,0.45,1.69,1.0,0.0,0.0,0.625,False
2026-07-07,CASE_02,RIM-SCD-EYE-002,Amazon,Eyeliner,1. High Velocity + Low Stock,0.0,0.0,0.0,0.0,0.0,27.442057,27.396994,0.47,1.74,1.0,0.0,0.0,0.675,False
2026-07-08,CASE_02,RIM-SCD-EYE-002,Amazon,Eyeliner,1. High Velocity + Low Stock,0.0,0.0,0.0,0.0,0.0,27.442057,27.396994,0.42,1.76,1.0,0.0,0.0,0.645,False
2026-07-09,CASE_02,RIM-SCD-EYE-002,Amazon,Eyeliner,1. High Velocity + Low Stock,0.0,0.0,0.0,0.0,0.0,27.442057,27.396994,0.42,1.76,1.0,0.0,0.0,0.665,False
2026-07-10,CASE_02,RIM-SCD-EYE-002,Amazon,Eyeliner,1. High Velocity + Low Stock,0.0,0.0,0.0,0.0,0.0,27.442057,27.396994,0.42,1.63,1.0,0.0,0.0,0.5650000000000001,False
2026-07-11,CASE_02,RIM-SCD-EYE-002,Amazon,Eyeliner,1. High Velocity + Low Stock,0.0,0.0,0.0,0.0,0.0,27.442057,27.396994,0.39,1.69,1.0,0.0,0.0,0.5700000000000001,False
2026-07-12,CASE_02,RIM-SCD-EYE-002,Amazon,Eyeliner,1. High Velocity + Low Stock,0.0,0.0,0.0,0.0,0.0,27.442057,27.396994,0.44,1.71,1.0,0.0,0.0,0.635,False
2026-07-13,CASE_02,RIM-SCD-EYE-002,Amazon,Eyeliner,1. High Velocity + Low Stock,0.0,0.0,0.0,0.0,0.0,27.442057,27.396994,0.41,1.79,1.0,0.0,0.0,0.685,False
2026-07-14,CASE_02,RIM-SCD-EYE-002,Amazon,Eyeliner,1. High Velocity + Low Stock,0.0,0.0,0.0,0.0,0.0,27.442057,27.396994,0.41,1.64,1.0,0.0,0.0,0.575,False
2026-07-15,CASE_02,RIM-SCD-EYE-002,Amazon,Eyeliner,1. High Velocity + Low Stock,0.0,0.0,0.0,0.0,0.0,27.442057,27.396994,0.46,1.62,1.0,0.0,0.0,0.545,False
2026-07-16,CASE_02,RIM-SCD-EYE-002,Amazon,Eyeliner,1. High Velocity + Low Stock,0.0,0.0,0.0,0.0,0.0,27.442057,27.396994,0.45,1.7,1.0,0.0,0.0,0.635,False
2026-07-17,CASE_02,RIM-SCD-EYE-002,Amazon,Eyeliner,1. High Velocity + Low Stock,0.0,0.0,0.0,0.0,0.0,27.442057,27.396994,0.43,1.85,1.0,0.0,0.0,0.73,False
2026-07-18,CASE_02,RIM-SCD-EYE-002,Amazon,Eyeliner,1. High Velocity + Low Stock,0.0,0.0,0.0,0.0,0.0,27.442057,27.396994,0.48,1.76,1.0,0.0,0.0,0.7,False
2026-07-19,CASE_02,RIM-SCD-EYE-002,Amazon,Eyeliner,1. High Velocity + Low Stock,0.0,0.0,0.0,0.0,0.0,27.442057,27.396994,0.42,1.75,1.0,0.0,0.0,0.65,False
2026-07-20,CASE_02,RIM-SCD-EYE-002,Amazon,Eyeliner,1. High Velocity + Low Stock,0.0,0.0,0.0,0.0,0.0,27.442057,27.396994,0.47,1.78,1.0,0.0,0.0,0.66,False
2026-07-21,CASE_02,RIM-SCD-EYE-002,Amazon,Eyeliner,1. High Velocity + Low Stock,0.0,0.0,0.0,0.0,0.0,27.442057,27.396994,0.47,1.81,1.0,0.0,0.0,0.705,False
2026-07-22,CASE_02,RIM-SCD-EYE-002,Amazon,Eyeliner,1. High Velocity + Low Stock,0.0,0.0,0.0,0.0,0.0,27.442057,27.396994,0.46,1.74,1.0,0.0,0.0,0.6499999999999999,False
2026-07-23,CASE_02,RIM-SCD-EYE-002,Amazon,Eyeliner,1. High Velocity + Low Stock,0.0,0.0,0.0,0.0,0.0,27.442057,27.396994,0.44,1.73,1.0,0.0,0.0,0.645,False
2026-07-24,CASE_02,RIM-SCD-EYE-002,Amazon,Eyeliner,1. High Velocity + Low Stock,0.0,0.0,0.0,0.0,0.0,27.442057,27.396994,0.43,1.62,1.0,0.0,0.0,0.55,False
2026-07-25,CASE_02,RIM-SCD-EYE-002,Amazon,Eyeliner,1. High Velocity + Low Stock,0.0,0.0,0.0,0.0,0.0,27.442057,27.396994,0.47,1.78,1.0,0.0,0.0,0.67,False
2026-07-26,CASE_02,RIM-SCD-EYE-002,Amazon,Eyeliner,1. High Velocity + Low Stock,0.0,0.0,0.0,0.0,0.0,27.442057,27.396994,0.41,1.73,1.0,0.0,0.0,0.63,False
2026-07-27,CASE_02,RIM-SCD-EYE-002,Amazon,Eyeliner,1. High Velocity + Low Stock,0.0,0.0,0.0,0.0,0.0,27.442057,27.396994,0.45,1.73,1.0,0.0,0.0,0.615,False
2026-07-28,CASE_02,RIM-SCD-EYE-002,Amazon,Eyeliner,1. High Velocity + Low Stock,0.0,0.0,0.0,0.0,0.0,27.442057,27.396994,0.49,1.76,1.0,0.0,0.0,0.685,False
2026-07-29,CASE_02,RIM-SCD-EYE-002,Amazon,Eyeliner,1. High Velocity + Low Stock,0.0,0.0,0.0,0.0,0.0,27.442057,27.396994,0.49,1.84,1.0,0.0,0.0,0.76,False
2026-07-30,CASE_02,RIM-SCD-EYE-002,Amazon,Eyeliner,1. High Velocity + Low Stock,0.0,0.0,0.0,0.0,0.0,27.442057,27.396994,0.47,1.7,1.0,0.0,0.0,0.6000000000000001,False
2026-07-31,CASE_02,RIM-SCD-EYE-002,Amazon,Eyeliner,1. High Velocity + Low Stock,0.0,0.0,0.0,0.0,0.0,27.442057,27.396994,0.44,1.72,1.0,0.0,0.0,0.645,False
2026-08-01,CASE_02,RIM-SCD-EYE-002,Amazon,Eyeliner,1. High Velocity + Low Stock,0.0,0.0,0.0,0.0,0.0,27.442057,27.396994,0.49,1.7,1.0,0.0,0.0,0.645,False
2026-08-02,CASE_02,RIM-SCD-EYE-002,Amazon,Eyeliner,1. High Velocity + Low Stock,0.0,0.0,0.0,0.0,0.0,27.442057,27.396994,0.44,1.77,1.0,0.0,0.0,0.675,False
2026-08-03,CASE_02,RIM-SCD-EYE-002,Amazon,Eyeliner,1. High Velocity + Low Stock,0.0,0.0,0.0,0.0,0.0,27.442057,27.396994,0.45,1.77,1.0,0.0,0.0,0.675,False
2026-08-04,CASE_02,RIM-SCD-EYE-002,Amazon,Eyeliner,1. High Velocity + Low Stock,0.0,0.0,0.0,0.0,0.0,27.442057,27.396994,0.42,1.76,1.0,0.0,0.0,0.66,False
2026-08-05,CASE_02,RIM-SCD-EYE-002,Amazon,Eyeliner,1. High Velocity + Low Stock,0.0,0.0,0.0,0.0,0.0,27.442057,27.396994,0.41,1.66,1.0,0.0,0.0,0.585,False
2026-08-06,CASE_02,RIM-SCD-EYE-002,Amazon,Eyeliner,1. High Velocity + Low Stock,0.0,0.0,0.0,0.0,0.0,27.442057,27.396994,0.43,1.69,1.0,0.0,0.0,0.595,False
2026-08-07,CASE_02,RIM-SCD-EYE-002,Amazon,Eyeliner,1. High Velocity + Low Stock,0.0,0.0,0.0,0.0,0.0,27.442057,27.396994,0.46,1.74,1.0,0.0,0.0,0.6699999999999999,False
2026-08-08,CASE_02,RIM-SCD-EYE-002,Amazon,Eyeliner,1. High Velocity + Low Stock,0.0,0.0,0.0,0.0,2.0,27.442057,27.396994,0.46,1.78,1.0,0.0,0.0,0.69,False
2026-08-09,CASE_02,RIM-SCD-EYE-002,Amazon,Eyeliner,1. High Velocity + Low Stock,0.0,0.0,0.0,0.0,7.0,27.442057,27.396994,0.45,1.77,1.0,0.0,0.0,0.6699999999999999,False
2026-08-10,CASE_02,RIM-SCD-EYE-002,Amazon,Eyeliner,1. High Velocity + Low Stock,0.0,0.0,0.0,0.0,14.0,27.442057,27.396994,0.42,1.73,1.0,0.0,0.0,0.655,False
2026-08-11,CASE_02,RIM-SCD-EYE-002,Amazon,Eyeliner,1. High Velocity + Low Stock,0.0,0.0,0.0,0.0,24.0,27.442057,27.396994,0.38,1.61,1.0,0.0,0.0,0.52,False
2026-08-12,CASE_02,RIM-SCD-EYE-002,Amazon,Eyeliner,1. High Velocity + Low Stock,0.0,0.0,0.0,0.0,33.0,27.442057,27.396994,0.45,1.72,1.0,0.0,0.0,0.635,False
2026-08-13,CASE_02,RIM-SCD-EYE-002,Amazon,Eyeliner,1. High Velocity + Low Stock,0.0,0.0,0.0,0.0,43.0,27.442057,27.396994,0.5,1.72,1.0,0.0,0.0,0.6499999999999999,False
2026-08-14,CASE_02,RIM-SCD-EYE-002,Amazon,Eyeliner,1. High Velocity + Low Stock,358.0,0.0,999.0,0.0,50.0,28.067408,27.720308,0.03,0.05,0.0,0.0,1.0,0.96,False
2026-08-15,CASE_02,RIM-SCD-EYE-002,Amazon,Eyeliner,1. High Velocity + Low Stock,355.0,0.0,999.0,2.0,53.0,27.673937,27.720308,0.04,0.07,0.0,0.0,1.0,0.9450000000000001,False
2026-08-16,CASE_02,RIM-SCD-EYE-002,Amazon,Eyeliner,1. High Velocity + Low Stock,350.0,0.14285714285714285,2450.0,5.0,48.0,35.418194,35.98507,0.05,0.21,0.0,0.0,1.0,0.835,False
2026-08-17,CASE_02,RIM-SCD-EYE-002,Amazon,Eyeliner,1. High Velocity + Low Stock,343.0,0.5,686.0,7.0,56.0,38.8387,36.968647,0.07,0.33,0.0,0.0,1.0,0.7150000000000001,False
2026-08-18,CASE_02,RIM-SCD-EYE-002,Amazon,Eyeliner,1. High Velocity + Low Stock,296.0,1.0,296.0,10.0,62.0,35.810352,34.610725,0.08,0.45,0.0,0.0,1.0,0.585,False
2026-08-19,CASE_02,RIM-SCD-EYE-002,Amazon,Eyeliner,1. High Velocity + Low Stock,284.0,1.7142857142857142,165.7,9.0,64.0,38.667896,37.543682,0.1,0.53,0.0,0.0,1.0,0.45999999999999996,False
2026-08-20,CASE_02,RIM-SCD-EYE-002,Amazon,Eyeliner,1. High Velocity + Low Stock,273.0,2.357142857142857,115.8,10.0,67.0,40.080112,37.555145,0.11,0.52,0.0,0.0,1.0,0.43,False
2026-08-21,CASE_02,RIM-SCD-EYE-002,Amazon,Eyeliner,1. High Velocity + Low Stock,263.0,3.0714285714285716,85.6,7.0,83.0,39.952915,37.12358,0.13,0.63,0.0,0.0,1.0,0.30000000000000004,False
2026-08-22,CASE_02,RIM-SCD-EYE-002,Amazon,Eyeliner,1. High Velocity + Low Stock,258.0,3.5714285714285716,72.2,5.0,103.0,39.932648,37.484486,0.12,0.54,0.0,0.0,1.0,0.35,False
2026-08-23,CASE_02,RIM-SCD-EYE-002,Amazon,Eyeliner,1. High Velocity + Low Stock,253.0,3.9285714285714284,64.4,0.0,115.0,39.80706,37.3587,0.14,0.54,0.0,0.0,1.0,0.28500000000000003,False
2026-08-24,CASE_02,RIM-SCD-EYE-002,Amazon,Eyeliner,1. High Velocity + Low Stock,236.0,3.9285714285714284,60.1,15.0,107.0,38.585083,36.37426,0.15,0.74,0.0,0.0,1.0,0.33499999999999996,False
2026-08-25,CASE_02,RIM-SCD-EYE-002,Amazon,Eyeliner,1. High Velocity + Low Stock,160.0,5.0,32.0,16.0,105.0,39.569386,39.045135,0.23,0.98,0.0,1.0,0.0,0.515,False
2026-08-26,CASE_02,RIM-SCD-EYE-002,Amazon,Eyeliner,1. High Velocity + Low Stock,146.0,6.142857142857143,23.8,11.0,104.0,52.074802,48.477654,0.44,1.32,0.0,1.0,0.0,0.53,False
2026-08-27,CASE_02,RIM-SCD-EYE-002,Amazon,Eyeliner,1. High Velocity + Low Stock,133.0,6.928571428571429,19.2,13.0,93.0,52.98172,52.889633,0.39,1.29,0.0,1.0,0.0,0.52,False
2026-08-28,CASE_02,RIM-SCD-EYE-002,Amazon,Eyeliner,1. High Velocity + Low Stock,108.0,7.857142857142857,13.7,23.0,77.0,51.455284,49.40051,0.72,1.66,1.0,0.0,0.0,0.5349999999999999,False
2026-08-29,CASE_02,RIM-SCD-EYE-002,Amazon,Eyeliner,1. High Velocity + Low Stock,80.0,9.5,8.4,25.0,56.0,55.522633,47.232765,0.85,1.93,1.0,0.0,0.0,0.88,False
2026-08-30,CASE_02,RIM-SCD-EYE-002,Amazon,Eyeliner,1. High Velocity + Low Stock,64.0,11.142857142857142,5.7,12.0,44.0,55.522633,47.232765,0.88,1.96,1.0,0.0,0.0,0.9450000000000001,False
2026-08-31,CASE_02,RIM-SCD-EYE-002,Amazon,Eyeliner,1. High Velocity + Low Stock,57.0,11.642857142857142,4.9,7.0,37.0,56.23255,44.470604,0.9,1.98,1.0,0.0,0.0,0.98,False
2026-07-01,CASE_04,RIM-SCD-EYE-002,eBay,Eyeliner,1. High Velocity + Low Stock,0.0,0.0,0.0,0.0,0.0,33.13138,33.607,0.27,1.34,1.0,0.0,0.0,0.225,False
2026-07-02,CASE_04,RIM-SCD-EYE-002,eBay,Eyeliner,1. High Velocity + Low Stock,0.0,0.0,0.0,0.0,0.0,33.13138,33.607,0.23,1.41,1.0,0.0,0.0,0.265,False
2026-07-03,CASE_04,RIM-SCD-EYE-002,eBay,Eyeliner,1. High Velocity + Low Stock,0.0,0.0,0.0,0.0,0.0,33.13138,33.607,0.25,1.44,1.0,0.0,0.0,0.33,False
2026-07-04,CASE_04,RIM-SCD-EYE-002,eBay,Eyeliner,1. High Velocity + Low Stock,0.0,0.0,0.0,0.0,0.0,33.13138,33.607,0.22,1.42,1.0,0.0,0.0,0.265,False
2026-07-05,CASE_04,RIM-SCD-EYE-002,eBay,Eyeliner,1. High Velocity + Low Stock,0.0,0.0,0.0,0.0,0.0,33.13138,33.607,0.26,1.41,1.0,0.0,0.0,0.305,False
2026-07-06,CASE_04,RIM-SCD-EYE-002,eBay,Eyeliner,1. High Velocity + Low Stock,0.0,0.0,0.0,0.0,0.0,33.13138,33.607,0.29,1.44,1.0,0.0,0.0,0.31,False
2026-07-07,CASE_04,RIM-SCD-EYE-002,eBay,Eyeliner,1. High Velocity + Low Stock,0.0,0.0,0.0,0.0,0.0,33.13138,33.607,0.26,1.44,1.0,0.0,0.0,0.29,False
2026-07-08,CASE_04,RIM-SCD-EYE-002,eBay,Eyeliner,1. High Velocity + Low Stock,0.0,0.0,0.0,0.0,0.0,33.13138,33.607,0.27,1.46,1.0,0.0,0.0,0.345,False
2026-07-09,CASE_04,RIM-SCD-EYE-002,eBay,Eyeliner,1. High Velocity + Low Stock,0.0,0.0,0.0,0.0,0.0,33.13138,33.607,0.29,1.49,1.0,0.0,0.0,0.295,False
2026-07-10,CASE_04,RIM-SCD-EYE-002,eBay,Eyeliner,1. High Velocity + Low Stock,0.0,0.0,0.0,0.0,0.0,33.13138,33.607,0.26,1.39,1.0,0.0,0.0,0.23500000000000001,False
2026-07-11,CASE_04,RIM-SCD-EYE-002,eBay,Eyeliner,1. High Velocity + Low Stock,0.0,0.0,0.0,0.0,0.0,33.13138,33.607,0.24,1.4,1.0,0.0,0.0,0.26,False
2026-07-12,CASE_04,RIM-SCD-EYE-002,eBay,Eyeliner,1. High Velocity + Low Stock,0.0,0.0,0.0,0.0,0.0,33.13138,33.607,0.31,1.51,1.0,0.0,0.0,0.4,False
2026-07-13,CASE_04,RIM-SCD-EYE-002,eBay,Eyeliner,1. High Velocity + Low Stock,0.0,0.0,0.0,0.0,0.0,33.13138,33.607,0.25,1.4,1.0,0.0,0.0,0.265,False
2026-07-14,CASE_04,RIM-SCD-EYE-002,eBay,Eyeliner,1. High Velocity + Low Stock,0.0,0.0,0.0,0.0,0.0,33.13138,33.607,0.24,1.44,1.0,0.0,0.0,0.28500000000000003,False
2026-07-15,CASE_04,RIM-SCD-EYE-002,eBay,Eyeliner,1. High Velocity + Low Stock,0.0,0.0,0.0,0.0,0.0,33.13138,33.607,0.26,1.48,1.0,0.0,0.0,0.36,False
2026-07-16,CASE_04,RIM-SCD-EYE-002,eBay,Eyeliner,1. High Velocity + Low Stock,0.0,0.0,0.0,0.0,0.0,33.13138,33.607,0.27,1.47,1.0,0.0,0.0,0.355,False
2026-07-17,CASE_04,RIM-SCD-EYE-002,eBay,Eyeliner,1. High Velocity + Low Stock,0.0,0.0,0.0,0.0,0.0,33.13138,33.607,0.27,1.59,1.0,0.0,0.0,0.435,False
2026-07-18,CASE_04,RIM-SCD-EYE-002,eBay,Eyeliner,1. High Velocity + Low Stock,0.0,0.0,0.0,0.0,0.0,33.13138,33.607,0.25,1.51,1.0,0.0,0.0,0.365,False
2026-07-19,CASE_04,RIM-SCD-EYE-002,eBay,Eyeliner,1. High Velocity + Low Stock,0.0,0.0,0.0,0.0,0.0,33.13138,33.607,0.33,1.57,1.0,0.0,0.0,0.445,False
2026-07-20,CASE_04,RIM-SCD-EYE-002,eBay,Eyeliner,1. High Velocity + Low Stock,0.0,0.0,0.0,0.0,0.0,33.13138,33.607,0.28,1.48,1.0,0.0,0.0,0.345,False
2026-07-21,CASE_04,RIM-SCD-EYE-002,eBay,Eyeliner,1. High Velocity + Low Stock,0.0,0.0,0.0,0.0,0.0,33.13138,33.607,0.28,1.38,1.0,0.0,0.0,0.24,False
2026-07-22,CASE_04,RIM-SCD-EYE-002,eBay,Eyeliner,1. High Velocity + Low Stock,0.0,0.0,0.0,0.0,0.0,33.13138,33.607,0.3,1.69,1.0,0.0,0.0,0.495,False
2026-07-23,CASE_04,RIM-SCD-EYE-002,eBay,Eyeliner,1. High Velocity + Low Stock,0.0,0.0,0.0,0.0,0.0,33.13138,33.607,0.24,1.39,1.0,0.0,0.0,0.25,False
2026-07-24,CASE_04,RIM-SCD-EYE-002,eBay,Eyeliner,1. High Velocity + Low Stock,0.0,0.0,0.0,0.0,0.0,33.13138,33.607,0.24,1.39,1.0,0.0,0.0,0.285,False
2026-07-25,CASE_04,RIM-SCD-EYE-002,eBay,Eyeliner,1. High Velocity + Low Stock,0.0,0.0,0.0,0.0,0.0,33.13138,33.607,0.27,1.46,1.0,0.0,0.0,0.33499999999999996,False
2026-07-26,CASE_04,RIM-SCD-EYE-002,eBay,Eyeliner,1. High Velocity + Low Stock,0.0,0.0,0.0,0.0,0.0,33.13138,33.607,0.26,1.43,1.0,0.0,0.0,0.335,False
2026-07-27,CASE_04,RIM-SCD-EYE-002,eBay,Eyeliner,1. High Velocity + Low Stock,0.0,0.0,0.0,0.0,0.0,33.13138,33.607,0.27,1.42,1.0,0.0,0.0,0.31,False
2026-07-28,CASE_04,RIM-SCD-EYE-002,eBay,Eyeliner,1. High Velocity + Low Stock,0.0,0.0,0.0,0.0,0.0,33.13138,33.607,0.27,1.39,1.0,0.0,0.0,0.26,False
2026-07-29,CASE_04,RIM-SCD-EYE-002,eBay,Eyeliner,1. High Velocity + Low Stock,0.0,0.0,0.0,0.0,0.0,33.13138,33.607,0.26,1.48,1.0,0.0,0.0,0.33,False
2026-07-30,CASE_04,RIM-SCD-EYE-002,eBay,Eyeliner,1. High Velocity + Low Stock,0.0,0.0,0.0,0.0,0.0,33.13138,33.607,0.29,1.42,1.0,0.0,0.0,0.305,False
2026-07-31,CASE_04,RIM-SCD-EYE-002,eBay,Eyeliner,1. High Velocity + Low Stock,0.0,0.0,0.0,0.0,0.0,33.13138,33.607,0.23,1.38,1.0,0.0,0.0,0.225,False
2026-08-01,CASE_04,RIM-SCD-EYE-002,eBay,Eyeliner,1. High Velocity + Low Stock,0.0,0.0,0.0,0.0,0.0,33.404816,33.95033,0.28,1.44,1.0,0.0,0.0,0.35500000000000004,False
2026-08-02,CASE_04,RIM-SCD-EYE-002,eBay,Eyeliner,1. High Velocity + Low Stock,0.0,0.0,0.0,0.0,0.0,33.404816,33.95033,0.28,1.45,1.0,0.0,0.0,0.335,False
2026-08-03,CASE_04,RIM-SCD-EYE-002,eBay,Eyeliner,1. High Velocity + Low Stock,0.0,0.0,0.0,0.0,0.0,33.404816,33.95033,0.32,1.47,1.0,0.0,0.0,0.335,False
2026-08-04,CASE_04,RIM-SCD-EYE-002,eBay,Eyeliner,1. High Velocity + Low Stock,0.0,0.0,0.0,0.0,0.0,33.404816,33.95033,0.27,1.47,1.0,0.0,0.0,0.33999999999999997,False
2026-08-05,CASE_04,RIM-SCD-EYE-002,eBay,Eyeliner,1. High Velocity + Low Stock,0.0,0.0,0.0,0.0,0.0,33.404816,33.95033,0.31,1.5,1.0,0.0,0.0,0.38,False
2026-08-06,CASE_04,RIM-SCD-EYE-002,eBay,Eyeliner,1. High Velocity + Low Stock,0.0,0.0,0.0,0.0,0.0,33.404816,33.95033,0.29,1.48,1.0,0.0,0.0,0.335,False
2026-08-07,CASE_04,RIM-SCD-EYE-002,eBay,Eyeliner,1. High Velocity + Low Stock,0.0,0.0,0.0,0.0,2.0,33.404816,33.95033,0.26,1.41,1.0,0.0,0.0,0.26,False
2026-08-08,CASE_04,RIM-SCD-EYE-002,eBay,Eyeliner,1. High Velocity + Low Stock,0.0,0.0,0.0,0.0,3.0,33.404816,33.95033,0.26,1.33,1.0,0.0,0.0,0.24,False
2026-08-09,CASE_04,RIM-SCD-EYE-002,eBay,Eyeliner,1. High Velocity + Low Stock,0.0,0.0,0.0,0.0,3.0,33.404816,33.95033,0.24,1.44,1.0,0.0,0.0,0.31,False
2026-08-10,CASE_04,RIM-SCD-EYE-002,eBay,Eyeliner,1. High Velocity + Low Stock,0.0,0.0,0.0,0.0,3.0,33.404816,33.95033,0.28,1.42,1.0,0.0,0.0,0.29000000000000004,False
2026-08-11,CASE_04,RIM-SCD-EYE-002,eBay,Eyeliner,1. High Velocity + Low Stock,0.0,0.0,0.0,0.0,4.0,33.404816,33.95033,0.28,1.59,1.0,0.0,0.0,0.47500000000000003,False
2026-08-12,CASE_04,RIM-SCD-EYE-002,eBay,Eyeliner,1. High Velocity + Low Stock,0.0,0.0,0.0,0.0,7.0,33.404816,33.95033,0.26,1.41,1.0,0.0,0.0,0.26,False
2026-08-13,CASE_04,RIM-SCD-EYE-002,eBay,Eyeliner,1. High Velocity + Low Stock,0.0,0.0,0.0,0.0,8.0,33.404816,33.95033,0.28,1.56,1.0,0.0,0.0,0.41000000000000003,False
2026-08-14,CASE_04,RIM-SCD-EYE-002,eBay,Eyeliner,1. High Velocity + Low Stock,358.0,0.0,999.0,2.0,9.0,41.21136,39.795002,0.03,0.04,0.0,0.0,1.0,0.97,False
2026-08-15,CASE_04,RIM-SCD-EYE-002,eBay,Eyeliner,1. High Velocity + Low Stock,355.0,0.14285714285714285,2485.0,1.0,8.0,50.588497,48.38638,0.04,0.15,0.0,0.0,1.0,0.885,False
2026-08-16,CASE_04,RIM-SCD-EYE-002,eBay,Eyeliner,1. High Velocity + Low Stock,350.0,0.21428571428571427,1633.3,0.0,13.0,39.39078,38.99791,0.04,0.13,0.0,0.0,1.0,0.9,False
2026-08-17,CASE_04,RIM-SCD-EYE-002,eBay,Eyeliner,1. High Velocity + Low Stock,343.0,0.21428571428571427,1600.7,0.0,15.0,38.507744,38.516434,0.04,0.14,0.0,0.0,1.0,0.89,False
2026-08-18,CASE_04,RIM-SCD-EYE-002,eBay,Eyeliner,1. High Velocity + Low Stock,296.0,0.21428571428571427,1381.3,1.0,14.0,32.69636,33.253925,0.04,0.2,0.0,0.0,1.0,0.845,False
2026-08-19,CASE_04,RIM-SCD-EYE-002,eBay,Eyeliner,1. High Velocity + Low Stock,284.0,0.2857142857142857,994.0,3.0,14.0,32.69636,33.167713,0.04,0.15,0.0,0.0,1.0,0.89,False
2026-08-20,CASE_04,RIM-SCD-EYE-002,eBay,Eyeliner,1. High Velocity + Low Stock,273.0,0.5,546.0,1.0,13.0,40.333714,42.913933,0.05,0.19,0.0,0.0,1.0,0.855,False
2026-08-21,CASE_04,RIM-SCD-EYE-002,eBay,Eyeliner,1. High Velocity + Low Stock,263.0,0.5714285714285714,460.2,3.0,13.0,31.615717,33.208138,0.05,0.17,0.0,0.0,1.0,0.87,False
2026-08-22,CASE_04,RIM-SCD-EYE-002,eBay,Eyeliner,1. High Velocity + Low Stock,258.0,0.7857142857142857,328.4,0.0,14.0,39.379955,40.843563,0.05,0.21,0.0,0.0,1.0,0.825,False
2026-08-23,CASE_04,RIM-SCD-EYE-002,eBay,Eyeliner,1. High Velocity + Low Stock,253.0,0.7857142857142857,322.0,5.0,12.0,31.615717,33.208138,0.05,0.27,0.0,0.0,1.0,0.8,False
2026-08-24,CASE_04,RIM-SCD-EYE-002,eBay,Eyeliner,1. High Velocity + Low Stock,236.0,1.1428571428571428,206.5,2.0,10.0,41.174465,39.454243,0.07,0.38,0.0,0.0,1.0,0.6849999999999999,False
2026-08-25,CASE_04,RIM-SCD-EYE-002,eBay,Eyeliner,1. High Velocity + Low Stock,160.0,1.2857142857142858,124.4,0.0,18.0,52.559116,49.26168,0.07,0.22,0.0,0.0,1.0,0.81,False
2026-08-26,CASE_04,RIM-SCD-EYE-002,eBay,Eyeliner,1. High Velocity + Low Stock,146.0,1.2857142857142858,113.6,3.0,20.0,46.894077,44.03887,0.08,0.27,0.0,0.0,1.0,0.77,False
2026-08-27,CASE_04,RIM-SCD-EYE-002,eBay,Eyeliner,1. High Velocity + Low Stock,133.0,1.5,88.7,0.0,22.0,49.70217,49.271927,0.07,0.28,0.0,0.0,1.0,0.74,False
2026-08-28,CASE_04,RIM-SCD-EYE-002,eBay,Eyeliner,1. High Velocity + Low Stock,108.0,1.5,72.0,3.0,21.0,31.790415,32.3636,0.09,0.42,0.0,0.0,1.0,0.605,False
2026-08-29,CASE_04,RIM-SCD-EYE-002,eBay,Eyeliner,1. High Velocity + Low Stock,80.0,1.5714285714285714,50.9,1.0,24.0,37.64232,39.19529,0.11,0.48,0.0,0.0,1.0,0.44,False
2026-08-30,CASE_04,RIM-SCD-EYE-002,eBay,Eyeliner,1. High Velocity + Low Stock,64.0,1.5714285714285714,40.7,3.0,21.0,41.60294,41.376514,0.12,0.46,0.0,0.0,1.0,0.395,False
2026-08-31,CASE_04,RIM-SCD-EYE-002,eBay,Eyeliner,1. High Velocity + Low Stock,57.0,1.7857142857142858,31.9,0.0,21.0,37.05354,49.405495,0.14,0.71,0.0,1.0,0.0,0.3,False
2026-07-01,CASE_24,RIM-SMPP-003,eBay,"Complexion, Face Powder, Makeup",7. Promotion / Traffic Momentum,592.0,3.0,197.3,4.0,17.0,61.740993,73.61108,0.05,0.09,0.0,0.0,1.0,0.925,False
2026-07-02,CASE_24,RIM-SMPP-003,eBay,"Complexion, Face Powder, Makeup",7. Promotion / Traffic Momentum,591.0,3.142857142857143,188.0,1.0,24.0,67.01225,75.53614,0.05,0.04,0.0,0.0,1.0,0.97,False
2026-07-03,CASE_24,RIM-SMPP-003,eBay,"Complexion, Face Powder, Makeup",7. Promotion / Traffic Momentum,586.0,3.0714285714285716,190.8,2.0,28.0,73.436005,77.54314,0.05,0.08,0.0,0.0,1.0,0.935,False
2026-07-04,CASE_24,RIM-SMPP-003,eBay,"Complexion, Face Powder, Makeup",7. Promotion / Traffic Momentum,580.0,3.0714285714285716,188.8,6.0,22.0,74.831726,78.9399,0.05,0.05,0.0,0.0,1.0,0.9550000000000001,False
2026-07-05,CASE_24,RIM-SMPP-003,eBay,"Complexion, Face Powder, Makeup",7. Promotion / Traffic Momentum,577.0,3.2142857142857144,179.5,1.0,23.0,82.05994,88.914635,0.06,0.07,0.0,0.0,1.0,0.9450000000000001,False
2026-07-06,CASE_24,RIM-SMPP-003,eBay,"Complexion, Face Powder, Makeup",7. Promotion / Traffic Momentum,577.0,3.2857142857142856,175.6,0.0,32.0,95.7508,90.00206,0.05,0.07,0.0,0.0,1.0,0.94,False
2026-07-07,CASE_24,RIM-SMPP-003,eBay,"Complexion, Face Powder, Makeup",7. Promotion / Traffic Momentum,576.0,3.0,192.0,1.0,33.0,108.077034,90.00138,0.05,0.09,0.0,0.0,1.0,0.935,False
2026-07-08,CASE_24,RIM-SMPP-003,eBay,"Complexion, Face Powder, Makeup",7. Promotion / Traffic Momentum,570.0,2.7142857142857144,210.0,6.0,28.0,91.86057,86.426155,0.05,0.07,0.0,0.0,1.0,0.94,False
2026-07-09,CASE_24,RIM-SMPP-003,eBay,"Complexion, Face Powder, Makeup",7. Promotion / Traffic Momentum,562.0,3.142857142857143,178.8,8.0,22.0,105.27864,89.20397,0.06,0.08,0.0,0.0,1.0,0.925,False
2026-07-10,CASE_24,RIM-SMPP-003,eBay,"Complexion, Face Powder, Makeup",7. Promotion / Traffic Momentum,556.0,3.142857142857143,176.9,6.0,21.0,106.97782,90.26322,0.06,0.07,0.0,0.0,1.0,0.94,False
2026-07-11,CASE_24,RIM-SMPP-003,eBay,"Complexion, Face Powder, Makeup",7. Promotion / Traffic Momentum,556.0,3.4285714285714284,162.2,0.0,25.0,119.374306,102.531876,0.05,0.05,0.0,0.0,1.0,0.9650000000000001,False
2026-07-12,CASE_24,RIM-SMPP-003,eBay,"Complexion, Face Powder, Makeup",7. Promotion / Traffic Momentum,554.0,3.2857142857142856,168.6,2.0,27.0,100.23589,87.82642,0.06,0.09,0.0,0.0,1.0,0.925,False
2026-07-13,CASE_24,RIM-SMPP-003,eBay,"Complexion, Face Powder, Makeup",7. Promotion / Traffic Momentum,545.0,3.0714285714285716,177.4,9.0,22.0,102.17542,87.810875,0.05,0.07,0.0,0.0,1.0,0.9450000000000001,False
2026-07-14,CASE_24,RIM-SMPP-003,eBay,"Complexion, Face Powder, Makeup",7. Promotion / Traffic Momentum,543.0,3.5,155.1,2.0,27.0,109.365776,94.013596,0.06,0.05,0.0,0.0,1.0,0.9550000000000001,False
2026-07-15,CASE_24,RIM-SMPP-003,eBay,"Complexion, Face Powder, Makeup",7. Promotion / Traffic Momentum,947.0,3.4285714285714284,276.2,1.0,29.0,102.17542,83.94244,0.05,0.03,0.0,0.0,1.0,0.975,False
2026-07-16,CASE_24,RIM-SMPP-003,eBay,"Complexion, Face Powder, Makeup",7. Promotion / Traffic Momentum,945.0,3.2142857142857144,294.0,2.0,30.0,102.219055,83.3936,0.05,0.05,0.0,0.0,1.0,0.9650000000000001,False
2026-07-17,CASE_24,RIM-SMPP-003,eBay,"Complexion, Face Powder, Makeup",7. Promotion / Traffic Momentum,937.0,3.2857142857142856,285.2,5.0,28.0,102.17542,83.139275,0.05,0.05,0.0,0.0,1.0,0.9650000000000001,False
2026-07-18,CASE_24,RIM-SMPP-003,eBay,"Complexion, Face Powder, Makeup",7. Promotion / Traffic Momentum,933.0,3.5,266.6,4.0,25.0,98.63939,86.95046,0.05,0.11,0.0,0.0,1.0,0.9199999999999999,False
2026-07-19,CASE_24,RIM-SMPP-003,eBay,"Complexion, Face Powder, Makeup",7. Promotion / Traffic Momentum,927.0,3.357142857142857,276.1,4.0,28.0,100.33857,83.139275,0.05,0.05,0.0,0.0,1.0,0.9650000000000001,False
2026-07-20,CASE_24,RIM-SMPP-003,eBay,"Complexion, Face Powder, Makeup",7. Promotion / Traffic Momentum,923.0,3.5714285714285716,258.4,4.0,27.0,102.32173,83.57688,0.05,0.04,0.0,0.0,1.0,0.975,False
2026-07-21,CASE_24,RIM-SMPP-003,eBay,"Complexion, Face Powder, Makeup",7. Promotion / Traffic Momentum,916.0,3.857142857142857,237.5,7.0,23.0,102.17542,81.607,0.05,0.05,0.0,0.0,1.0,0.96,False
2026-07-22,CASE_24,RIM-SMPP-003,eBay,"Complexion, Face Powder, Makeup",7. Promotion / Traffic Momentum,907.0,4.285714285714286,211.6,3.0,21.0,116.36264,101.35819,0.05,0.04,0.0,0.0,1.0,0.975,False
2026-07-23,CASE_24,RIM-SMPP-003,eBay,"Complexion, Face Powder, Makeup",7. Promotion / Traffic Momentum,902.0,4.071428571428571,221.5,3.0,27.0,116.53145,101.472626,0.05,0.05,0.0,0.0,1.0,0.9650000000000001,False
2026-07-24,CASE_24,RIM-SMPP-003,eBay,"Complexion, Face Powder, Makeup",7. Promotion / Traffic Momentum,899.0,3.7142857142857144,242.0,3.0,30.0,119.51198,99.94035,0.05,0.03,0.0,0.0,1.0,0.975,False
2026-07-25,CASE_24,RIM-SMPP-003,eBay,"Complexion, Face Powder, Makeup",7. Promotion / Traffic Momentum,898.0,3.5,256.6,1.0,34.0,128.4737,108.74784,0.05,0.02,0.0,0.0,1.0,0.98,False
2026-07-26,CASE_24,RIM-SMPP-003,eBay,"Complexion, Face Powder, Makeup",7. Promotion / Traffic Momentum,891.0,3.5714285714285716,249.5,7.0,33.0,124.91706,106.09834,0.05,0.04,0.0,0.0,1.0,0.97,False
2026-07-27,CASE_24,RIM-SMPP-003,eBay,"Complexion, Face Powder, Makeup",7. Promotion / Traffic Momentum,885.0,3.9285714285714284,225.3,3.0,31.0,131.59192,107.43915,0.05,0.05,0.0,0.0,1.0,0.96,False
2026-07-28,CASE_24,RIM-SMPP-003,eBay,"Complexion, Face Powder, Makeup",7. Promotion / Traffic Momentum,882.0,3.5,252.0,3.0,31.0,130.31056,108.677,0.05,0.04,0.0,0.0,1.0,0.97,False
2026-07-29,CASE_24,RIM-SMPP-003,eBay,"Complexion, Face Powder, Makeup",7. Promotion / Traffic Momentum,879.0,3.5714285714285716,246.1,1.0,35.0,133.2911,108.4984,0.05,0.04,0.0,0.0,1.0,0.97,False
2026-07-30,CASE_24,RIM-SMPP-003,eBay,"Complexion, Face Powder, Makeup",7. Promotion / Traffic Momentum,870.0,3.5714285714285716,243.6,9.0,30.0,126.753914,106.09834,0.05,0.05,0.0,0.0,1.0,0.96,False
2026-07-31,CASE_24,RIM-SMPP-003,eBay,"Complexion, Face Powder, Makeup",7. Promotion / Traffic Momentum,864.0,4.071428571428571,212.2,6.0,28.0,123.91627,106.3602,0.05,0.06,0.0,0.0,1.0,0.9550000000000001,False
2026-08-01,CASE_24,RIM-SMPP-003,eBay,"Complexion, Face Powder, Makeup",7. Promotion / Traffic Momentum,859.0,4.142857142857143,207.3,5.0,23.0,125.05996,104.82793,0.05,0.06,0.0,0.0,1.0,0.9550000000000001,False
2026-08-02,CASE_24,RIM-SMPP-003,eBay,"Complexion, Face Powder, Makeup",7. Promotion / Traffic Momentum,853.0,4.214285714285714,202.4,6.0,20.0,125.05996,109.4969,0.05,0.05,0.0,0.0,1.0,0.9650000000000001,False
2026-08-03,CASE_24,RIM-SMPP-003,eBay,"Complexion, Face Powder, Makeup",7. Promotion / Traffic Momentum,852.0,4.357142857142857,195.5,1.0,26.0,130.31056,111.4565,0.05,0.04,0.0,0.0,1.0,0.965,False
2026-08-04,CASE_24,RIM-SMPP-003,eBay,"Complexion, Face Powder, Makeup",7. Promotion / Traffic Momentum,849.0,4.142857142857143,204.9,3.0,28.0,125.05473,103.50682,0.05,0.03,0.0,0.0,1.0,0.975,False
2026-08-05,CASE_24,RIM-SMPP-003,eBay,"Complexion, Face Powder, Makeup",7. Promotion / Traffic Momentum,841.0,3.857142857142857,218.0,5.0,31.0,133.2911,106.966125,0.05,0.04,0.0,0.0,1.0,0.97,False
2026-08-06,CASE_24,RIM-SMPP-003,eBay,"Complexion, Face Powder, Makeup",7. Promotion / Traffic Momentum,835.0,4.0,208.8,4.0,32.0,143.59093,124.60479,0.05,0.02,0.0,0.0,1.0,0.985,False
2026-08-07,CASE_24,RIM-SMPP-003,eBay,"Complexion, Face Powder, Makeup",7. Promotion / Traffic Momentum,828.0,4.071428571428571,203.4,4.0,30.0,141.31494,122.49191,0.05,0.03,0.0,0.0,1.0,0.975,False
2026-08-08,CASE_24,RIM-SMPP-003,eBay,"Complexion, Face Powder, Makeup",7. Promotion / Traffic Momentum,828.0,4.142857142857143,199.9,0.0,35.0,139.47807,122.49191,0.05,0.03,0.0,0.0,1.0,0.975,False
2026-08-09,CASE_24,RIM-SMPP-003,eBay,"Complexion, Face Powder, Makeup",7. Promotion / Traffic Momentum,825.0,4.071428571428571,202.6,3.0,41.0,134.38701,114.080765,0.05,0.04,0.0,0.0,1.0,0.97,False
2026-08-10,CASE_24,RIM-SMPP-003,eBay,"Complexion, Face Powder, Makeup",7. Promotion / Traffic Momentum,818.0,3.7857142857142856,216.1,7.0,45.0,141.04648,113.8696,0.05,0.04,0.0,0.0,1.0,0.97,False
2026-08-11,CASE_24,RIM-SMPP-003,eBay,"Complexion, Face Powder, Makeup",7. Promotion / Traffic Momentum,813.0,4.071428571428571,199.7,5.0,43.0,144.29549,122.49191,0.06,0.03,0.0,0.0,1.0,0.975,False
2026-08-12,CASE_24,RIM-SMPP-003,eBay,"Complexion, Face Powder, Makeup",7. Promotion / Traffic Momentum,805.0,4.214285714285714,191.0,8.0,42.0,141.06337,122.2187,0.05,0.02,0.0,0.0,1.0,0.98,False
2026-08-13,CASE_24,RIM-SMPP-003,eBay,"Complexion, Face Powder, Makeup",7. Promotion / Traffic Momentum,800.0,4.714285714285714,169.7,5.0,39.0,142.17595,120.79557,0.05,0.03,0.0,0.0,1.0,0.975,False
2026-08-14,CASE_24,RIM-SMPP-003,eBay,"Complexion, Face Powder, Makeup",7. Promotion / Traffic Momentum,773.0,4.428571428571429,174.5,2.0,42.0,142.45815,119.889565,0.05,0.02,0.0,0.0,1.0,0.985,False
2026-08-15,CASE_24,RIM-SMPP-003,eBay,"Complexion, Face Powder, Makeup",7. Promotion / Traffic Momentum,767.0,4.142857142857143,185.1,5.0,41.0,142.32045,122.23164,0.05,0.04,0.0,0.0,1.0,0.97,False
2026-08-16,CASE_24,RIM-SMPP-003,eBay,"Complexion, Face Powder, Makeup",7. Promotion / Traffic Momentum,758.0,4.142857142857143,183.0,9.0,35.0,137.64073,124.37994,0.05,0.02,0.0,0.0,1.0,0.985,False
2026-08-17,CASE_24,RIM-SMPP-003,eBay,"Complexion, Face Powder, Makeup",7. Promotion / Traffic Momentum,747.0,4.357142857142857,171.4,11.0,29.0,141.17677,125.36835,0.05,0.02,0.0,0.0,1.0,0.975,False
2026-08-18,CASE_24,RIM-SMPP-003,eBay,"Complexion, Face Powder, Makeup",7. Promotion / Traffic Momentum,744.0,5.071428571428571,146.7,3.0,31.0,141.06337,124.92735,0.05,0.02,0.0,0.0,1.0,0.975,False
2026-08-19,CASE_24,RIM-SMPP-003,eBay,"Complexion, Face Powder, Makeup",7. Promotion / Traffic Momentum,737.0,5.071428571428571,145.3,7.0,30.0,141.20967,125.36496,0.06,0.04,0.0,0.0,1.0,0.96,False
2026-08-20,CASE_24,RIM-SMPP-003,eBay,"Complexion, Face Powder, Makeup",7. Promotion / Traffic Momentum,735.0,5.214285714285714,141.0,2.0,33.0,141.06337,124.92735,0.06,0.03,0.0,0.0,1.0,0.975,False
2026-08-21,CASE_24,RIM-SMPP-003,eBay,"Complexion, Face Powder, Makeup",7. Promotion / Traffic Momentum,724.0,5.071428571428571,142.8,5.0,34.0,144.04391,124.92735,0.06,0.04,0.0,0.0,1.0,0.97,False
2026-08-22,CASE_24,RIM-SMPP-003,eBay,"Complexion, Face Powder, Makeup",7. Promotion / Traffic Momentum,720.0,5.142857142857143,140.0,4.0,33.0,142.20705,124.92735,0.05,0.03,0.0,0.0,1.0,0.975,False
2026-08-23,CASE_24,RIM-SMPP-003,eBay,"Complexion, Face Powder, Makeup",7. Promotion / Traffic Momentum,717.0,5.428571428571429,132.1,3.0,31.0,150.6779,131.04652,0.06,0.03,0.0,0.0,1.0,0.97,False
2026-08-24,CASE_24,RIM-SMPP-003,eBay,"Complexion, Face Powder, Makeup",7. Promotion / Traffic Momentum,710.0,5.428571428571429,130.8,5.0,32.0,150.81558,131.51865,0.05,0.02,0.0,0.0,1.0,0.98,False
2026-08-25,CASE_24,RIM-SMPP-003,eBay,"Complexion, Face Powder, Makeup",7. Promotion / Traffic Momentum,700.0,5.285714285714286,132.4,5.0,29.0,141.17677,122.48109,0.05,0.02,0.0,0.0,1.0,0.985,False
2026-08-26,CASE_24,RIM-SMPP-003,eBay,"Complexion, Face Powder, Makeup",7. Promotion / Traffic Momentum,694.0,5.285714285714286,131.3,6.0,25.0,142.45815,121.351,0.06,0.03,0.0,0.0,1.0,0.97,False
2026-08-27,CASE_24,RIM-SMPP-003,eBay,"Complexion, Face Powder, Makeup",7. Promotion / Traffic Momentum,683.0,5.142857142857143,132.8,5.0,22.0,144.15732,122.48109,0.06,0.03,0.0,0.0,1.0,0.98,False
2026-08-28,CASE_24,RIM-SMPP-003,eBay,"Complexion, Face Powder, Makeup",7. Promotion / Traffic Momentum,677.0,5.142857142857143,131.6,6.0,19.0,144.15732,123.65747,0.06,0.02,0.0,0.0,1.0,0.975,False
2026-08-29,CASE_24,RIM-SMPP-003,eBay,"Complexion, Face Powder, Makeup",7. Promotion / Traffic Momentum,672.0,5.428571428571429,123.8,3.0,21.0,147.83325,130.98575,0.06,0.03,0.0,0.0,1.0,0.975,False
2026-08-30,CASE_24,RIM-SMPP-003,eBay,"Complexion, Face Powder, Makeup",7. Promotion / Traffic Momentum,665.0,5.285714285714286,125.8,1.0,30.0,137.64073,124.37994,0.06,0.03,0.0,0.0,1.0,0.98,False
2026-08-31,CASE_24,RIM-SMPP-003,eBay,"Complexion, Face Powder, Makeup",7. Promotion / Traffic Momentum,659.0,4.714285714285714,139.8,6.0,30.0,139.33472,120.91054,0.06,0.03,0.0,0.0,1.0,0.97,False
2026-07-01,CASE_06,RIM-SUPERGEL-TOPCOAT,Amazon,"Base & Top Coat, Nails",2. High Velocity + Healthy Stock,276.0,6.785714285714286,40.7,11.0,67.0,44.7234,44.306732,0.17,0.6,0.0,1.0,0.0,0.30000000000000004,False
2026-07-02,CASE_06,RIM-SUPERGEL-TOPCOAT,Amazon,"Base & Top Coat, Nails",2. High Velocity + Healthy Stock,275.0,6.857142857142857,40.1,2.0,93.0,44.17699,44.493042,0.17,0.49,0.0,1.0,0.0,0.29000000000000004,False
2026-07-03,CASE_06,RIM-SUPERGEL-TOPCOAT,Amazon,"Base & Top Coat, Nails",2. High Velocity + Healthy Stock,269.0,6.714285714285714,40.1,7.0,101.0,40.29845,45.932896,0.17,0.55,0.0,1.0,0.0,0.245,False
2026-07-04,CASE_06,RIM-SUPERGEL-TOPCOAT,Amazon,"Base & Top Coat, Nails",2. High Velocity + Healthy Stock,263.0,7.0,37.6,6.0,138.0,44.178894,46.598156,0.15,0.5,0.0,1.0,0.0,0.26,False
2026-07-05,CASE_06,RIM-SUPERGEL-TOPCOAT,Amazon,"Base & Top Coat, Nails",2. High Velocity + Healthy Stock,251.0,6.714285714285714,37.4,11.0,146.0,44.39545,46.76295,0.15,0.5,0.0,1.0,0.0,0.28,False
2026-07-06,CASE_06,RIM-SUPERGEL-TOPCOAT,Amazon,"Base & Top Coat, Nails",2. High Velocity + Healthy Stock,243.0,7.071428571428571,34.4,8.0,176.0,50.17309,55.016647,0.16,0.54,0.0,1.0,0.0,0.325,False
2026-07-07,CASE_06,RIM-SUPERGEL-TOPCOAT,Amazon,"Base & Top Coat, Nails",2. High Velocity + Healthy Stock,222.0,7.571428571428571,29.3,21.0,210.0,41.585827,43.87204,0.2,0.7,0.0,1.0,0.0,0.425,False
2026-07-08,CASE_06,RIM-SUPERGEL-TOPCOAT,Amazon,"Base & Top Coat, Nails",2. High Velocity + Healthy Stock,210.0,8.714285714285714,24.1,12.0,213.0,44.24766,46.904156,0.23,0.84,0.0,1.0,0.0,0.485,False
2026-07-09,CASE_06,RIM-SUPERGEL-TOPCOAT,Amazon,"Base & Top Coat, Nails",2. High Velocity + Healthy Stock,182.0,9.285714285714286,19.6,28.0,185.0,42.727497,41.651707,0.29,0.98,0.0,1.0,0.0,0.62,False
2026-07-10,CASE_06,RIM-SUPERGEL-TOPCOAT,Amazon,"Base & Top Coat, Nails",2. High Velocity + Healthy Stock,167.0,10.857142857142858,15.4,15.0,170.0,43.992683,43.634735,0.48,1.3,0.0,1.0,0.0,0.475,False
2026-07-11,CASE_06,RIM-SUPERGEL-TOPCOAT,Amazon,"Base & Top Coat, Nails",2. High Velocity + Healthy Stock,124.0,10.857142857142858,11.4,43.0,127.0,45.633026,45.175194,0.69,1.46,1.0,0.0,0.0,0.315,False
2026-07-12,CASE_06,RIM-SUPERGEL-TOPCOAT,Amazon,"Base & Top Coat, Nails",2. High Velocity + Healthy Stock,104.0,13.5,7.7,19.0,108.0,41.27399,42.933605,0.83,1.76,1.0,0.0,0.0,0.685,False
2026-07-13,CASE_06,RIM-SUPERGEL-TOPCOAT,Amazon,"Base & Top Coat, Nails",2. High Velocity + Healthy Stock,68.0,14.571428571428571,4.7,38.0,70.0,44.400417,42.778133,0.89,1.96,1.0,0.0,0.0,0.95,False
2026-07-14,CASE_06,RIM-SUPERGEL-TOPCOAT,Amazon,"Base & Top Coat, Nails",2. High Velocity + Healthy Stock,14.0,16.642857142857142,0.8,55.0,15.0,41.27399,43.191776,0.95,2.0,1.0,0.0,0.0,1.0,False
2026-07-15,CASE_06,RIM-SUPERGEL-TOPCOAT,Amazon,"Base & Top Coat, Nails",2. High Velocity + Healthy Stock,0.0,19.714285714285715,0.0,15.0,0.0,58.49954,55.083168,0.97,2.0,1.0,0.0,0.0,1.0,False
2026-07-16,CASE_06,RIM-SUPERGEL-TOPCOAT,Amazon,"Base & Top Coat, Nails",2. High Velocity + Healthy Stock,0.0,20.0,0.0,0.0,0.0,63.229656,64.41293,0.97,2.0,1.0,0.0,0.0,1.0,False
2026-07-17,CASE_06,RIM-SUPERGEL-TOPCOAT,Amazon,"Base & Top Coat, Nails",2. High Velocity + Healthy Stock,0.0,19.857142857142858,0.0,0.0,0.0,56.509212,53.343952,0.97,2.0,1.0,0.0,0.0,1.0,False
2026-07-18,CASE_06,RIM-SUPERGEL-TOPCOAT,Amazon,"Base & Top Coat, Nails",2. High Velocity + Healthy Stock,0.0,19.357142857142858,0.0,0.0,0.0,56.509212,53.508747,0.97,2.0,1.0,0.0,0.0,1.0,False
2026-07-19,CASE_06,RIM-SUPERGEL-TOPCOAT,Amazon,"Base & Top Coat, Nails",2. High Velocity + Healthy Stock,0.0,18.928571428571427,0.0,0.0,0.0,56.509212,53.4527,0.97,2.0,1.0,0.0,0.0,1.0,False
2026-07-20,CASE_06,RIM-SUPERGEL-TOPCOAT,Amazon,"Base & Top Coat, Nails",2. High Velocity + Healthy Stock,0.0,18.142857142857142,0.0,0.0,0.0,56.509212,53.568695,0.97,2.0,1.0,0.0,0.0,1.0,False
2026-07-21,CASE_06,RIM-SUPERGEL-TOPCOAT,Amazon,"Base & Top Coat, Nails",2. High Velocity + Healthy Stock,0.0,17.571428571428573,0.0,0.0,0.0,56.509212,53.568695,0.96,2.0,1.0,0.0,0.0,1.0,False
2026-07-22,CASE_06,RIM-SUPERGEL-TOPCOAT,Amazon,"Base & Top Coat, Nails",2. High Velocity + Healthy Stock,0.0,16.071428571428573,0.0,0.0,0.0,45.592316,43.558483,0.95,2.0,1.0,0.0,0.0,1.0,False
2026-07-23,CASE_06,RIM-SUPERGEL-TOPCOAT,Amazon,"Base & Top Coat, Nails",2. High Velocity + Healthy Stock,0.0,15.214285714285714,0.0,0.0,0.0,29.929573,31.980875,0.83,1.99,1.0,0.0,0.0,0.98,False
2026-07-24,CASE_06,RIM-SUPERGEL-TOPCOAT,Amazon,"Base & Top Coat, Nails",2. High Velocity + Healthy Stock,0.0,13.214285714285714,0.0,0.0,0.0,29.929573,31.980875,0.86,1.99,1.0,0.0,0.0,0.98,False
2026-07-25,CASE_06,RIM-SUPERGEL-TOPCOAT,Amazon,"Base & Top Coat, Nails",2. High Velocity + Healthy Stock,0.0,12.142857142857142,0.0,0.0,0.0,29.929573,31.980875,0.84,1.99,1.0,0.0,0.0,0.985,False
2026-07-26,CASE_06,RIM-SUPERGEL-TOPCOAT,Amazon,"Base & Top Coat, Nails",2. High Velocity + Healthy Stock,0.0,9.071428571428571,0.0,0.0,0.0,29.929573,31.980875,0.82,1.99,1.0,0.0,0.0,0.98,False
2026-07-27,CASE_06,RIM-SUPERGEL-TOPCOAT,Amazon,"Base & Top Coat, Nails",2. High Velocity + Healthy Stock,0.0,7.714285714285714,0.0,0.0,0.0,29.929573,31.980875,0.82,1.99,1.0,0.0,0.0,0.98,False
2026-07-28,CASE_06,RIM-SUPERGEL-TOPCOAT,Amazon,"Base & Top Coat, Nails",2. High Velocity + Healthy Stock,0.0,5.0,0.0,0.0,0.0,29.929573,31.980875,0.83,1.99,1.0,0.0,0.0,0.98,False
2026-07-29,CASE_06,RIM-SUPERGEL-TOPCOAT,Amazon,"Base & Top Coat, Nails",2. High Velocity + Healthy Stock,0.0,1.0714285714285714,0.0,0.0,0.0,18.667103,19.547369,0.81,1.99,1.0,0.0,0.0,0.98,False
2026-07-30,CASE_06,RIM-SUPERGEL-TOPCOAT,Amazon,"Base & Top Coat, Nails",2. High Velocity + Healthy Stock,0.0,0.0,0.0,0.0,0.0,18.566803,19.472898,0.73,1.97,1.0,0.0,0.0,0.965,False
2026-07-31,CASE_06,RIM-SUPERGEL-TOPCOAT,Amazon,"Base & Top Coat, Nails",2. High Velocity + Healthy Stock,0.0,0.0,0.0,0.0,0.0,18.566803,21.092237,0.76,1.98,1.0,0.0,0.0,0.97,False
2026-08-01,CASE_06,RIM-SUPERGEL-TOPCOAT,Amazon,"Base & Top Coat, Nails",2. High Velocity + Healthy Stock,0.0,0.0,0.0,0.0,0.0,19.356876,21.916134,0.79,1.98,1.0,0.0,0.0,0.975,False
2026-08-02,CASE_06,RIM-SUPERGEL-TOPCOAT,Amazon,"Base & Top Coat, Nails",2. High Velocity + Healthy Stock,0.0,0.0,0.0,0.0,0.0,19.356876,21.916134,0.77,1.98,1.0,0.0,0.0,0.98,False
2026-08-03,CASE_06,RIM-SUPERGEL-TOPCOAT,Amazon,"Base & Top Coat, Nails",2. High Velocity + Healthy Stock,0.0,0.0,0.0,0.0,0.0,19.356876,21.916134,0.79,1.99,1.0,0.0,0.0,0.98,False
2026-08-04,CASE_06,RIM-SUPERGEL-TOPCOAT,Amazon,"Base & Top Coat, Nails",2. High Velocity + Healthy Stock,0.0,0.0,0.0,0.0,0.0,19.356876,21.916134,0.77,1.98,1.0,0.0,0.0,0.98,False
2026-08-05,CASE_06,RIM-SUPERGEL-TOPCOAT,Amazon,"Base & Top Coat, Nails",2. High Velocity + Healthy Stock,0.0,0.0,0.0,0.0,0.0,19.356876,21.916134,0.78,1.98,1.0,0.0,0.0,0.975,False
2026-08-06,CASE_06,RIM-SUPERGEL-TOPCOAT,Amazon,"Base & Top Coat, Nails",2. High Velocity + Healthy Stock,0.0,0.0,0.0,0.0,0.0,19.356876,21.916134,0.75,1.98,1.0,0.0,0.0,0.975,False
2026-08-07,CASE_06,RIM-SUPERGEL-TOPCOAT,Amazon,"Base & Top Coat, Nails",2. High Velocity + Healthy Stock,0.0,0.0,0.0,0.0,9.0,19.356876,21.916134,0.74,1.98,1.0,0.0,0.0,0.965,False
2026-08-08,CASE_06,RIM-SUPERGEL-TOPCOAT,Amazon,"Base & Top Coat, Nails",2. High Velocity + Healthy Stock,0.0,0.0,0.0,0.0,13.0,19.356876,21.916134,0.74,1.98,1.0,0.0,0.0,0.965,False
2026-08-09,CASE_06,RIM-SUPERGEL-TOPCOAT,Amazon,"Base & Top Coat, Nails",2. High Velocity + Healthy Stock,0.0,0.0,0.0,0.0,15.0,19.356876,21.916134,0.68,1.96,1.0,0.0,0.0,0.955,False
2026-08-10,CASE_06,RIM-SUPERGEL-TOPCOAT,Amazon,"Base & Top Coat, Nails",2. High Velocity + Healthy Stock,0.0,0.0,0.0,0.0,15.0,19.356876,21.916134,0.78,1.99,1.0,0.0,0.0,0.98,False
2026-08-11,CASE_06,RIM-SUPERGEL-TOPCOAT,Amazon,"Base & Top Coat, Nails",2. High Velocity + Healthy Stock,0.0,0.0,0.0,0.0,17.0,19.356876,21.916134,0.78,1.98,1.0,0.0,0.0,0.975,False
2026-08-12,CASE_06,RIM-SUPERGEL-TOPCOAT,Amazon,"Base & Top Coat, Nails",2. High Velocity + Healthy Stock,0.0,0.0,0.0,0.0,17.0,19.356876,21.916134,0.72,1.98,1.0,0.0,0.0,0.975,False
2026-08-13,CASE_06,RIM-SUPERGEL-TOPCOAT,Amazon,"Base & Top Coat, Nails",2. High Velocity + Healthy Stock,0.0,0.0,0.0,0.0,24.0,19.356876,21.916134,0.75,1.99,1.0,0.0,0.0,0.975,False
2026-08-14,CASE_06,RIM-SUPERGEL-TOPCOAT,Amazon,"Base & Top Coat, Nails",2. High Velocity + Healthy Stock,590.0,0.0,999.0,9.0,19.0,19.90192,19.805931,0.05,0.25,0.0,0.0,1.0,0.815,False
2026-08-15,CASE_06,RIM-SUPERGEL-TOPCOAT,Amazon,"Base & Top Coat, Nails",2. High Velocity + Healthy Stock,586.0,0.6428571428571429,911.6,4.0,32.0,48.57077,45.76036,0.07,0.45,0.0,0.0,1.0,0.62,False
2026-08-16,CASE_06,RIM-SUPERGEL-TOPCOAT,Amazon,"Base & Top Coat, Nails",2. High Velocity + Healthy Stock,583.0,0.9285714285714286,627.8,2.0,32.0,38.703007,38.378788,0.08,0.51,0.0,0.0,1.0,0.56,False
2026-08-17,CASE_06,RIM-SUPERGEL-TOPCOAT,Amazon,"Base & Top Coat, Nails",2. High Velocity + Healthy Stock,583.0,1.0714285714285714,544.1,0.0,34.0,49.57881,47.636227,0.08,0.59,0.0,0.0,1.0,0.51,False
2026-08-18,CASE_06,RIM-SUPERGEL-TOPCOAT,Amazon,"Base & Top Coat, Nails",2. High Velocity + Healthy Stock,580.0,1.0714285714285714,541.3,2.0,38.0,48.161007,45.591965,0.08,0.61,0.0,0.0,1.0,0.495,False
2026-08-19,CASE_06,RIM-SUPERGEL-TOPCOAT,Amazon,"Base & Top Coat, Nails",2. High Velocity + Healthy Stock,580.0,1.2142857142857142,477.6,0.0,41.0,47.28323,44.164433,0.08,0.59,0.0,0.0,1.0,0.495,False
2026-08-20,CASE_06,RIM-SUPERGEL-TOPCOAT,Amazon,"Base & Top Coat, Nails",2. High Velocity + Healthy Stock,572.0,1.2142857142857142,471.1,7.0,38.0,47.393055,43.529602,0.09,0.52,0.0,0.0,1.0,0.5750000000000001,False
2026-08-21,CASE_06,RIM-SUPERGEL-TOPCOAT,Amazon,"Base & Top Coat, Nails",2. High Velocity + Healthy Stock,569.0,1.7142857142857142,331.9,4.0,41.0,65.37144,60.911674,0.1,0.56,0.0,0.0,1.0,0.49,False
2026-08-22,CASE_06,RIM-SUPERGEL-TOPCOAT,Amazon,"Base & Top Coat, Nails",2. High Velocity + Healthy Stock,552.0,2.0,276.0,17.0,33.0,60.877968,60.07224,0.09,0.49,0.0,0.0,1.0,0.55,False
2026-08-23,CASE_06,RIM-SUPERGEL-TOPCOAT,Amazon,"Base & Top Coat, Nails",2. High Velocity + Healthy Stock,550.0,3.2142857142857144,171.1,2.0,40.0,68.5887,65.6809,0.09,0.38,0.0,0.0,1.0,0.625,False
2026-08-24,CASE_06,RIM-SUPERGEL-TOPCOAT,Amazon,"Base & Top Coat, Nails",2. High Velocity + Healthy Stock,548.0,3.357142857142857,163.2,2.0,39.0,57.60164,57.07935,0.1,0.42,0.0,0.0,1.0,0.615,False
2026-08-25,CASE_06,RIM-SUPERGEL-TOPCOAT,Amazon,"Base & Top Coat, Nails",2. High Velocity + Healthy Stock,542.0,3.5,154.9,6.0,33.0,62.351143,58.704716,0.1,0.45,0.0,0.0,1.0,0.575,False
2026-08-26,CASE_06,RIM-SUPERGEL-TOPCOAT,Amazon,"Base & Top Coat, Nails",2. High Velocity + Healthy Stock,539.0,3.9285714285714284,137.2,3.0,35.0,54.82097,52.86531,0.1,0.41,0.0,0.0,1.0,0.6,False
2026-08-27,CASE_06,RIM-SUPERGEL-TOPCOAT,Amazon,"Base & Top Coat, Nails",2. High Velocity + Healthy Stock,535.0,4.142857142857143,129.1,4.0,37.0,57.981216,56.355434,0.1,0.45,0.0,0.0,1.0,0.575,False
2026-08-28,CASE_06,RIM-SUPERGEL-TOPCOAT,Amazon,"Base & Top Coat, Nails",2. High Velocity + Healthy Stock,528.0,4.428571428571429,119.2,7.0,32.0,51.612225,48.916027,0.1,0.31,0.0,0.0,1.0,0.6799999999999999,False
2026-08-29,CASE_06,RIM-SUPERGEL-TOPCOAT,Amazon,"Base & Top Coat, Nails",2. High Velocity + Healthy Stock,520.0,4.285714285714286,121.3,9.0,24.0,34.09513,34.67253,0.11,0.41,0.0,0.0,1.0,0.5700000000000001,False
2026-08-30,CASE_06,RIM-SUPERGEL-TOPCOAT,Amazon,"Base & Top Coat, Nails",2. High Velocity + Healthy Stock,510.0,4.642857142857143,109.8,9.0,17.0,33.04352,34.86978,0.12,0.54,0.0,0.0,1.0,0.44999999999999996,False
2026-08-31,CASE_06,RIM-SUPERGEL-TOPCOAT,Amazon,"Base & Top Coat, Nails",2. High Velocity + Healthy Stock,509.0,5.142857142857143,99.0,1.0,17.0,33.57183,32.13737,0.11,0.42,0.0,0.0,1.0,0.5800000000000001,False
