(Parent) ASIN,Title,Sessions – Mobile app,Sessions – Mobile APP – B2B,Sessions – Browser,Sessions – Browser – B2B,Sessions – Total,Sessions – Total – B2B,Session percentage – Mobile APP – B2B,Session percentage – Mobile App,Session percentage – Browser,Session percentage – Browser – B2B,Session percentage – Total,Session percentage – Total – B2B,Page views – Mobile app,Page views – Mobile APP – B2B,Page views – Browser,Page views – Browser – B2B,Page views – Total,Page views – Total – B2B,Page views percentage – Mobile App,Page views percentage – Mobile app – B2B,Page views percentage – Browser,Page views percentage – Browser – B2B,Page views percentage – Total,Page views percentage – Total – B2B,Featured Offer (Buy Box) percentage,Featured Offer (Buy Box) percentage – B2B,Units ordered,Units ordered – B2B,Unit Session Percentage,Unit session percentage – B2B,Ordered Product Sales,Ordered product sales – B2B,Total order items,Total order items – B2B,Units refunded,Units refunded – B2B,Refund Rate,Refund rate – B2B,Shipped product sales,Shipped Product Sales – B2B,Units shipped,Units Shipped – B2B,Orders shipped,Orders Shipped – B2B
B01C2SZGUG,Rimmel London Extra Super Lash- 8 ml,"6,022",20,"2,955",30,"8,977",50,0.23%,0.39%,0.41%,0.41%,0.39%,0.31%,"7,595",22,"3,785",36,"11,380",58,0.37%,0.20%,0.40%,0.36%,0.38%,0.27%,39.99%,0.00%,"3,369",4,37.53%,8.00%,"£12,823.96",£15.74,"3,116",1,32,0,0.95%,0.00%,"£10,199.33",£13.12,"3,211",4,"3,000",1
B0H4YG8HFN,"Rimmel Extra 3D Lash Volumising Mascara,","8,115",39,"2,927",21,"11,042",60,0.46%,0.52%,0.40%,0.29%,0.48%,0.38%,"10,461",53,"3,687",34,"14,148",87,0.52%,0.47%,0.39%,0.34%,0.47%,0.41%,26.98%,0.00%,"2,935",0,26.58%,0.00%,"£10,770.91",£0.00,"2,776",0,34,0,1.16%,0.00%,"£9,248.22",£0.00,"3,022",0,"2,882",0
B0H4F2L52Y,Rimmel Stay Matte Pressed Powder,"30,379",147,"11,759",110,"42,138",257,1.72%,1.95%,1.62%,1.50%,1.85%,1.62%,"38,857",189,"15,208",136,"54,065",325,1.92%,1.69%,1.60%,1.34%,1.82%,1.52%,8.01%,1.98%,"2,667",0,6.33%,0.00%,"£10,385.77",£0.00,"2,391",0,27,0,1.01%,0.00%,"£8,907.22",£0.00,"2,736",0,"2,508",0
B0H792Q1DQ,Rimmel London Professional Eyebrow Pencil,"9,891",78,"4,525",55,"14,416",133,0.91%,0.64%,0.62%,0.75%,0.63%,0.84%,"12,622",95,"6,019",72,"18,641",167,0.62%,0.85%,0.63%,0.71%,0.63%,0.78%,14.39%,1.23%,"2,071",0,14.37%,0.00%,"£7,657.63",£0.00,"1,755",0,42,0,2.03%,0.00%,"£6,662.05",£0.00,"2,161",0,"1,881",0
B0H4YCPBRN,Rimmel Lasting Finish 8HR Lip Liner,"66,504",369,"26,882",182,"93,386",551,4.31%,4.27%,3.70%,2.48%,4.09%,3.46%,"86,161",481,"36,041",255,"122,202",736,4.25%,4.30%,3.78%,2.52%,4.10%,3.45%,8.04%,1.65%,"1,459",1,1.56%,0.18%,"£5,441.33",£3.59,"1,377",1,22,0,1.51%,0.00%,"£4,479.37",£2.99,"1,440",1,"1,360",1
B01MY0VGTE,"Rimmel Extra Long Lash Mascara, Extreme Black, 8ml","1,416",10,461,2,"1,877",12,0.12%,0.09%,0.06%,0.03%,0.08%,0.08%,"1,742",11,565,2,"2,307",13,0.09%,0.10%,0.06%,0.02%,0.08%,0.06%,62.11%,0.00%,"1,159",2,61.75%,16.67%,"£4,551.20",£7.66,"1,088",2,19,0,1.64%,0.00%,"£3,907.49",£6.38,"1,194",2,"1,133",2
B07H8L1DFZ,"Rimmel Glam'eyes Professional Liquid Eye Liner, Black Glamour","1,482",10,598,4,"2,080",14,0.12%,0.10%,0.08%,0.05%,0.09%,0.09%,"1,999",14,778,5,"2,777",19,0.10%,0.13%,0.08%,0.05%,0.09%,0.09%,41.78%,36.36%,"1,000",5,48.08%,35.71%,"£3,990.20",£19.25,892,4,14,0,1.40%,0.00%,"£3,244.24",£19.26,975,6,886,5
B0BXWHBJ7Q,Cream Hair Dye Refectocil,"7,392",75,"3,326",27,"10,718",102,0.88%,0.47%,0.46%,0.37%,0.47%,0.64%,"10,360",94,"4,659",36,"15,019",130,0.51%,0.84%,0.49%,0.36%,0.50%,0.61%,24.40%,31.03%,860,25,8.02%,24.51%,"£5,239.36",£152.24,811,17,12,1,1.40%,4.00%,"£4,305.63",£132.05,847,26,798,18
B0G6VRMSWW,Rimmel Lasting Finish 8HR Lip Liner,"7,160",60,"2,973",22,"10,133",82,0.70%,0.46%,0.41%,0.30%,0.44%,0.52%,"9,142",71,"3,934",29,"13,076",100,0.45%,0.63%,0.41%,0.29%,0.44%,0.47%,14.59%,0.00%,910,0,8.98%,0.00%,"£3,734.89",£0.00,773,0,7,0,0.77%,0.00%,"£2,612.93",£0.00,765,0,697,0
B01M0M1D7R,Max Factor Creme Puff Compact Powder,"7,536",44,"4,205",52,"11,741",96,0.51%,0.48%,0.58%,0.71%,0.51%,0.60%,"9,660",53,"5,676",73,"15,336",126,0.48%,0.47%,0.60%,0.72%,0.51%,0.59%,13.88%,5.17%,811,3,6.91%,3.13%,"£4,763.88",£17.00,688,3,11,0,1.36%,0.00%,"£3,949.58",£14.17,806,3,696,3
B01C2U97IQ,"Rimmel London Hide The Blemish Concealer, Soft Honey, 4.5 g","3,193",10,"2,164",19,"5,357",29,0.12%,0.21%,0.30%,0.26%,0.23%,0.18%,"4,033",11,"2,967",22,"7,000",33,0.20%,0.10%,0.31%,0.22%,0.24%,0.15%,25.05%,20.83%,568,1,10.60%,3.45%,"£2,484.43",£4.28,484,1,9,0,1.58%,0.00%,"£2,086.98",£3.57,572,1,499,1
B0H3KCT69C,"Max Factor False Lash Effect Volumnising Mascara, Black Brown, 13.1ml","10,275",53,"3,934",48,"14,209",101,0.62%,0.66%,0.54%,0.65%,0.62%,0.64%,"12,588",63,"4,901",63,"17,489",126,0.62%,0.56%,0.51%,0.62%,0.59%,0.59%,4.44%,6.52%,510,5,3.59%,4.95%,"£3,330.65",£32.66,484,4,5,0,0.98%,0.00%,"£2,796.36",£27.21,514,5,491,4
B08HQQX815,Max Factor Max Factor Panstik Foundation,"14,377",71,"6,949",60,"21,326",131,0.83%,0.92%,0.96%,0.82%,0.93%,0.82%,"18,895",101,"9,546",72,"28,441",173,0.93%,0.90%,1.00%,0.71%,0.95%,0.81%,12.22%,30.61%,570,5,2.67%,3.82%,"£3,894.72",£32.55,475,2,7,0,1.23%,0.00%,"£3,213.02",£27.13,563,5,480,3
B00NQN4KOK,"Rimmel Extra Super Lash Mascara, Black-Black 0.27 oz by Rimmel",406,1,200,2,606,3,0.01%,0.03%,0.03%,0.03%,0.03%,0.02%,511,1,252,2,763,3,0.03%,0.01%,0.03%,0.02%,0.03%,0.01%,77.72%,100.00%,517,0,85.31%,0.00%,"£1,932.56",£0.00,459,0,3,0,0.58%,0.00%,"£1,574.34",£0.00,505,0,457,0
B0B3SMR3L3,"Rimmel London Brow This Way Eyebrow Powder Sculpting Kit, 2.4g","6,685",37,"2,439",13,"9,124",50,0.43%,0.43%,0.34%,0.18%,0.40%,0.31%,"9,318",55,"3,411",23,"12,729",78,0.46%,0.49%,0.36%,0.23%,0.43%,0.37%,12.71%,26.19%,460,2,5.04%,4.00%,"£2,069.72",£8.50,454,2,9,1,1.96%,50.00%,"£1,720.15",£7.08,459,2,457,2
B0BXS352Y4,Marion Hair Dye Shampoo Bag Semi-Permanent Colour 4 to 8 Washes with Aloe and Keratin,"8,841",42,"4,770",45,"13,611",87,0.49%,0.57%,0.66%,0.61%,0.60%,0.55%,"12,140",44,"6,512",65,"18,652",109,0.60%,0.39%,0.68%,0.64%,0.63%,0.51%,24.27%,35.56%,826,1,6.07%,1.15%,"£2,550.23",£2.98,448,1,8,0,0.97%,0.00%,"£2,103.47",£2.48,817,1,457,1
B071Z2XMT8,Rimmel Match Perfection 9-in-1 Super Makeup BB Cream,"2,144",9,950,10,"3,094",19,0.11%,0.14%,0.13%,0.14%,0.14%,0.12%,"2,954",16,"1,297",12,"4,251",28,0.15%,0.14%,0.14%,0.12%,0.14%,0.13%,40.26%,66.67%,465,1,15.03%,5.26%,"£2,938.94",£5.94,432,1,7,0,1.51%,0.00%,"£2,373.87",£4.95,446,1,420,1
B0H3NLP3ZK,"Rimmel London Brow Pro Micro Ultra-Fine Precision Pencil & Brush, Natural-looking Defined Brows, Blonde, 0.03 g","3,236",15,"1,354",21,"4,590",36,0.18%,0.21%,0.19%,0.29%,0.20%,0.23%,"3,956",19,"1,728",32,"5,684",51,0.20%,0.17%,0.18%,0.32%,0.19%,0.24%,9.35%,22.22%,492,2,10.72%,5.56%,"£2,404.75",£9.76,424,2,8,0,1.63%,0.00%,"£1,958.63",£8.14,479,2,428,2
B00NA0D8TC,Rimmel London 100% Waterproof Mascara,"2,926",12,"1,167",9,"4,093",21,0.14%,0.19%,0.16%,0.12%,0.18%,0.13%,"3,714",17,"1,550",12,"5,264",29,0.18%,0.15%,0.16%,0.12%,0.18%,0.14%,13.87%,0.00%,459,0,11.21%,0.00%,"£2,241.89",£0.00,423,0,6,0,1.31%,0.00%,"£1,780.38",£0.00,437,0,407,0
B0H3P2DKDH,Rimmel London Scandal'Eyes Reloaded Black,604,1,325,5,929,6,0.01%,0.04%,0.04%,0.07%,0.04%,0.04%,728,1,422,6,"1,150",7,0.04%,0.01%,0.04%,0.06%,0.04%,0.03%,54.02%,100.00%,385,1,41.44%,16.67%,"£1,976.54",£5.17,364,1,1,0,0.26%,0.00%,"£1,663.00",£4.31,388,1,368,1
B08PQZYLY9,"Bourjois Little Round Pot Blusher 95 Rose De Jaspe, 2.5g 29192115095","4,612",17,"2,718",30,"7,330",47,0.20%,0.30%,0.37%,0.41%,0.32%,0.30%,"6,314",19,"3,811",43,"10,125",62,0.31%,0.17%,0.40%,0.42%,0.34%,0.29%,37.02%,58.62%,382,1,5.21%,2.13%,"£2,988.70",£6.82,361,1,3,0,0.79%,0.00%,"£2,424.69",£0.00,372,0,351,0
B0H4YF8BP1,Rimmel Soft Kohl Eye Pencil,"14,983",87,"7,160",58,"22,143",145,1.02%,0.96%,0.99%,0.79%,0.97%,0.91%,"19,291",126,"9,556",80,"28,847",206,0.95%,1.13%,1.00%,0.79%,0.97%,0.97%,2.68%,5.63%,383,0,1.73%,0.00%,"£1,150.11",£0.00,346,0,5,0,1.31%,0.00%,£959.56,£0.00,384,0,351,0
B07NDVQ2FK,TUHIMO Oxidant Liquid Developer 100ml RefectoCil,"1,312",16,550,3,"1,862",19,0.19%,0.08%,0.08%,0.04%,0.08%,0.12%,"1,731",22,718,4,"2,449",26,0.09%,0.20%,0.08%,0.04%,0.08%,0.12%,22.79%,57.14%,296,4,15.90%,21.05%,"£2,163.96",£28.76,289,4,2,0,0.68%,0.00%,"£1,771.78",£23.98,291,4,284,4
B0H3XRSPFS,Rimmel Brow Pro Micro Dark Brown 003 Brown Eyebrow Cosmetic Defining & Filling Solid With Long Lasting Claim Eye Cosmetic Waterproof Pencil X1 X1 Standard Female Eyebrow 1 Mu,852,0,373,8,"1,225",8,0.00%,0.05%,0.05%,0.11%,0.05%,0.05%,"1,062",0,468,8,"1,530",8,0.05%,0.00%,0.05%,0.08%,0.05%,0.04%,21.69%,40.00%,306,3,24.98%,37.50%,"£1,724.18",£14.82,262,3,2,0,0.65%,0.00%,"£1,373.18",£12.36,295,3,265,3
B0H3JJJG2P,"Rimmel London Maxi Blush Powder, Third Base, Long Lasting Pigmented Colour, Light Weight Formula, Easy To Blend and Buildable, 9g","11,555",55,"4,575",37,"16,130",92,0.64%,0.74%,0.63%,0.50%,0.71%,0.58%,"15,454",79,"6,278",50,"21,732",129,0.76%,0.71%,0.66%,0.49%,0.73%,0.61%,4.42%,1.72%,255,0,1.58%,0.00%,"£1,355.32",£0.00,217,0,3,0,1.18%,0.00%,£924.86,£0.00,211,0,209,0
B08R4W2L8T,Rimmel London Professional,817,7,398,5,"1,215",12,0.08%,0.05%,0.05%,0.07%,0.05%,0.08%,"1,075",9,509,9,"1,584",18,0.05%,0.08%,0.05%,0.09%,0.05%,0.08%,47.21%,87.50%,211,1,17.37%,8.33%,£917.70,£4.26,183,1,6,0,2.84%,0.00%,£789.99,£3.55,218,1,204,1
B0CLGWXNPJ,"Rimmel London Scandaleyes Exaggerate Eye Definer, 004 Cobalt Blue, 0.35g (Pack of 1)","19,928",148,"7,837",74,"27,765",222,1.73%,1.28%,1.08%,1.01%,1.22%,1.40%,"25,328",178,"10,479",112,"35,807",290,1.25%,1.59%,1.10%,1.11%,1.20%,1.36%,1.38%,2.44%,181,0,0.65%,0.00%,£839.14,£0.00,174,0,1,0,0.55%,0.00%,£641.75,£0.00,165,0,159,0
B0GW84YM4L,Max Factor Lasting Performance Liquid Foundation,"6,882",33,"4,374",38,"11,256",71,0.39%,0.44%,0.60%,0.52%,0.49%,0.45%,"9,940",43,"6,471",53,"16,411",96,0.49%,0.38%,0.68%,0.52%,0.55%,0.45%,5.59%,6.25%,187,0,1.66%,0.00%,"£1,609.95",£0.00,159,0,13,0,6.95%,0.00%,"£1,664.47",£0.00,230,0,196,0
B0C945X5PR,"Armaf Perfume Club De Nuit Hair Mist For Women, 55 ml - fragrance, all hair type, alcohol free, hair spray perfums for women","4,046",39,"1,615",29,"5,661",68,0.46%,0.26%,0.22%,0.40%,0.25%,0.43%,"6,232",84,"2,420",44,"8,652",128,0.31%,0.75%,0.25%,0.43%,0.29%,0.60%,26.03%,28.57%,156,2,2.76%,2.94%,"£6,869.71",£87.36,150,1,4,0,2.56%,0.00%,"£5,731.67",£72.80,156,2,150,1
B097QPWLHM,"Rimmel Scandaleyes WOW Wings Volumising Mascara, Black, 12 ml",501,1,266,2,767,3,0.01%,0.03%,0.04%,0.03%,0.03%,0.02%,656,2,338,5,994,7,0.03%,0.02%,0.04%,0.05%,0.03%,0.03%,30.57%,80.00%,172,0,22.43%,0.00%,"£1,031.32",£0.00,149,0,2,0,1.16%,0.00%,£822.32,£0.00,164,0,150,0
B0GRBHC1KX,"Rimmel London Magnif'eyes 12 Pan Eyeshadow Palette, Highly Pigmented Colours and Long-lasting Formula","7,358",31,"2,552",26,"9,910",57,0.36%,0.47%,0.35%,0.35%,0.43%,0.36%,"9,463",52,"3,410",37,"12,873",89,0.47%,0.46%,0.36%,0.37%,0.43%,0.42%,4.96%,5.56%,132,0,1.33%,0.00%,£957.31,£0.00,127,0,3,0,2.27%,0.00%,£791.19,£0.00,131,0,128,0
B0FYHMFVRG,Max Factor Max Factor Lip Finity,"19,457",115,"8,567",99,"28,024",214,1.34%,1.25%,1.18%,1.35%,1.23%,1.35%,"24,001",156,"11,162",133,"35,163",289,1.18%,1.39%,1.17%,1.31%,1.18%,1.36%,3.20%,2.21%,122,1,0.44%,0.47%,"£1,038.85",£8.62,106,1,0,0,0.00%,0.00%,£887.55,£7.18,125,1,108,1
B00ARNR3CS,Max Factor Kohl Pencil,"2,576",12,"1,229",12,"3,805",24,0.14%,0.17%,0.17%,0.16%,0.17%,0.15%,"3,402",18,"1,637",13,"5,039",31,0.17%,0.16%,0.17%,0.13%,0.17%,0.15%,6.80%,0.00%,109,0,2.86%,0.00%,£407.92,£0.00,99,0,1,0,0.92%,0.00%,£349.49,£0.00,112,0,107,0
B0H6R42TK5,"Rimmel London Super Gel Nail Polish, Long-Lasting Gel-Like Manicure, Chip Resistant, Easy Application, 12ml","15,591",93,"5,308",69,"20,899",162,1.09%,1.00%,0.73%,0.94%,0.92%,1.02%,"19,284",113,"6,811",102,"26,095",215,0.95%,1.01%,0.72%,1.01%,0.88%,1.01%,3.79%,2.86%,99,0,0.47%,0.00%,£558.63,£0.00,98,0,1,0,1.01%,0.00%,£508.40,£0.00,108,0,106,0
B0C7L7HSQ7,Technic 12 g Get Gorgeous Bronzing Highlighting Powder,459,4,134,3,593,7,0.05%,0.03%,0.02%,0.04%,0.03%,0.04%,600,5,181,4,781,9,0.03%,0.04%,0.02%,0.04%,0.03%,0.04%,63.08%,100.00%,99,1,16.69%,14.29%,£390.53,£3.84,96,1,1,0,1.01%,0.00%,£321.94,£3.20,98,1,95,1
B0C27F5YNK,Bourjois Little Round Pot Blusher,"2,413",14,"1,091",9,"3,504",23,0.16%,0.16%,0.15%,0.12%,0.15%,0.14%,"3,261",23,"1,598",14,"4,859",37,0.16%,0.21%,0.17%,0.14%,0.16%,0.17%,21.35%,66.67%,94,0,2.68%,0.00%,£699.77,£0.00,92,0,1,0,1.06%,0.00%,£546.26,£0.00,88,0,86,0
B09DTRB76M,Rimmel London Wonder’Full Brow 24HR Waterproof Brow Gel,"6,805",31,"2,355",19,"9,160",50,0.36%,0.44%,0.32%,0.26%,0.40%,0.31%,"8,605",42,"3,094",31,"11,699",73,0.42%,0.38%,0.32%,0.31%,0.39%,0.34%,2.66%,10.53%,97,0,1.06%,0.00%,£511.98,£0.00,91,0,0,0,0.00%,0.00%,£435.04,£0.00,98,0,92,0
B017NILC9E,Technic Pink Back Combing Brush,274,2,138,1,412,3,0.02%,0.02%,0.02%,0.01%,0.02%,0.02%,335,3,165,1,500,4,0.02%,0.03%,0.02%,0.01%,0.02%,0.02%,65.78%,100.00%,89,0,21.60%,0.00%,£256.49,£0.00,83,0,0,0,0.00%,0.00%,£231.36,£0.00,96,0,90,0
B0C5CNDJZS,Rimmel London Lasting Finish Exaggerate Lip Liners 4g,"1,439",8,796,14,"2,235",22,0.09%,0.09%,0.11%,0.19%,0.10%,0.14%,"1,832",10,"1,047",18,"2,879",28,0.09%,0.09%,0.11%,0.18%,0.10%,0.13%,22.16%,62.50%,107,4,4.79%,18.18%,£533.74,£19.38,81,4,2,0,1.87%,0.00%,£447.52,£16.16,108,4,91,4
B0H3K42JGB,"MAX FACTOR - Brow Shaper - Double Tipped Mechanical Pencil With Spoolie Brush - Utltra Fine Tip For Precise Application, Softening Effect, Matte Finish - 10 Blonde - 1g","1,363",11,573,3,"1,936",14,0.13%,0.09%,0.08%,0.04%,0.08%,0.09%,"1,689",13,758,4,"2,447",17,0.08%,0.12%,0.08%,0.04%,0.08%,0.08%,5.45%,0.00%,89,0,4.60%,0.00%,£520.48,£0.00,81,0,0,0,0.00%,0.00%,£436.10,£0.00,89,0,81,0
B0H4SV53T5,Rimmel 60 Seconds Super Shine Nail Polish,"155,784",731,"61,090",519,"216,874","1,250",8.53%,10.01%,8.41%,7.08%,9.50%,7.86%,"196,212",901,"82,087",755,"278,299","1,656",9.68%,8.05%,8.62%,7.45%,9.34%,7.77%,0.06%,10.70%,84,13,0.04%,1.04%,£412.99,£54.65,81,13,0,0,0.00%,0.00%,£361.10,£45.55,87,13,84,13
B09F3YBTP7,Rimmel Exaggerate Liquid Eyeliner,"2,439",18,984,15,"3,423",33,0.21%,0.16%,0.14%,0.20%,0.15%,0.21%,"3,240",21,"1,330",20,"4,570",41,0.16%,0.19%,0.14%,0.20%,0.15%,0.19%,4.27%,0.00%,83,0,2.42%,0.00%,£383.26,£0.00,79,0,2,0,2.41%,0.00%,£340.72,£0.00,89,0,81,0
B0BMY12GHZ,evlon Super Lustrous Lipstick #730 Revlon Red 4.2g,"1,999",4,"1,250",6,"3,249",10,0.05%,0.13%,0.17%,0.08%,0.14%,0.06%,"2,622",4,"1,731",9,"4,353",13,0.13%,0.04%,0.18%,0.09%,0.15%,0.06%,14.83%,57.14%,83,1,2.55%,10.00%,£478.95,£5.45,72,1,0,0,0.00%,0.00%,£377.31,£0.00,78,0,67,0
B08R4Y54Z5,Rimmel London Brow,"3,681",29,"1,514",20,"5,195",49,0.34%,0.24%,0.21%,0.27%,0.23%,0.31%,"4,789",39,"1,934",24,"6,723",63,0.24%,0.35%,0.20%,0.24%,0.23%,0.30%,2.51%,11.76%,81,3,1.56%,6.12%,£404.77,£15.31,68,2,1,0,1.23%,0.00%,£243.61,£12.76,59,3,51,2
B0GGB6BYK1,"Rimmel Lasting Finish Lipstick 170 Alarm, Creamy Satin Finish, Long Lasting 8 HR Wear","15,469",60,"8,129",49,"23,598",109,0.70%,0.99%,1.12%,0.67%,1.03%,0.69%,"19,061",79,"10,655",61,"29,716",140,0.94%,0.71%,1.12%,0.60%,1.00%,0.66%,1.76%,0.00%,78,0,0.33%,0.00%,£404.09,£0.00,63,0,1,0,1.28%,0.00%,£293.24,£0.00,68,0,54,0
B08RFX7ZJC,Bourjois Paris Little Round Pot Eyeshadow - 1.7g |2-Iridesc'Sand,"2,987",5,"1,652",25,"4,639",30,0.06%,0.19%,0.23%,0.34%,0.20%,0.19%,"3,903",5,"2,233",36,"6,136",41,0.19%,0.04%,0.23%,0.36%,0.21%,0.19%,18.34%,25.00%,63,0,1.36%,0.00%,£466.87,£0.00,59,0,0,0,0.00%,0.00%,£382.87,£0.00,62,0,58,0
B0C1P8JC3X,Max Factor Facefinity Blush,"7,585",24,"3,420",17,"11,005",41,0.28%,0.49%,0.47%,0.23%,0.48%,0.26%,"10,242",32,"4,671",21,"14,913",53,0.51%,0.29%,0.49%,0.21%,0.50%,0.25%,2.38%,0.00%,56,0,0.51%,0.00%,£430.16,£0.00,52,0,2,0,3.57%,0.00%,£358.38,£0.00,56,0,54,0
B01M065MO6,Bourjois Volume Glamour Push Up Mascara,257,3,124,2,381,5,0.04%,0.02%,0.02%,0.03%,0.02%,0.03%,320,4,169,2,489,6,0.02%,0.04%,0.02%,0.02%,0.02%,0.03%,25.59%,0.00%,52,0,13.65%,0.00%,£399.25,£0.00,47,0,0,0,0.00%,0.00%,£327.43,£0.00,52,0,48,0
B0HG289WZF,"Sally Hansen Advanced Hard as Nails Strengthener, 13.3ml (Pack of 1)","3,543",19,"1,613",21,"5,156",40,0.22%,0.23%,0.22%,0.29%,0.23%,0.25%,"4,842",27,"2,246",26,"7,088",53,0.24%,0.24%,0.24%,0.26%,0.24%,0.25%,3.43%,14.71%,50,0,0.97%,0.00%,£222.34,£0.00,45,0,0,0,0.00%,0.00%,£159.83,£0.00,43,0,38,0
B0C78LF8NV,ARMAF Club De Nuit Urban Man ELIXIR Eau De Parfum 105ml,"1,139",15,420,7,"1,559",22,0.18%,0.07%,0.06%,0.10%,0.07%,0.14%,"1,557",16,608,10,"2,165",26,0.08%,0.14%,0.06%,0.10%,0.07%,0.12%,21.50%,0.00%,43,0,2.76%,0.00%,"£1,418.57",£0.00,42,0,3,0,6.98%,0.00%,"£1,220.56",£0.00,44,0,43,0
B0CLGFGP6D,Sally Hansen (1 x 13 ml),280,0,181,2,461,2,0.00%,0.02%,0.02%,0.03%,0.02%,0.01%,377,0,248,2,625,2,0.02%,0.00%,0.03%,0.02%,0.02%,0.01%,73.68%,0.00%,42,0,9.11%,0.00%,£239.53,£0.00,41,0,1,0,2.38%,0.00%,£195.09,£0.00,41,0,40,0
B00H56KCUU,"Maybelline Baby Skin Primer, Instant Pore Eraser Lightweight Blurring","3,369",16,"1,444",18,"4,813",34,0.19%,0.22%,0.20%,0.25%,0.21%,0.21%,"4,588",20,"1,844",23,"6,432",43,0.23%,0.18%,0.19%,0.23%,0.22%,0.20%,1.35%,0.00%,36,0,0.75%,0.00%,£256.23,£0.00,35,0,0,0,0.00%,0.00%,£206.77,£0.00,35,0,34,0
B0049AULWO,Technic Clear Lip Gloss,112,2,62,1,174,3,0.02%,0.01%,0.01%,0.01%,0.01%,0.02%,151,2,77,1,228,3,0.01%,0.02%,0.01%,0.01%,0.01%,0.01%,62.25%,0.00%,39,0,22.41%,0.00%,£117.21,£0.00,34,0,0,0,0.00%,0.00%,£97.68,£0.00,39,0,35,0
B00FX0J0KS,RefectoCil Oxidant 3% Cream 100ml,74,0,26,0,100,0,0.00%,0.00%,0.00%,0.00%,0.00%,0.00%,99,0,38,0,137,0,0.00%,0.00%,0.00%,0.00%,0.00%,0.00%,42.98%,0.00%,34,0,34.00%,0.00%,£268.46,£0.00,34,0,2,0,5.88%,0.00%,£243.35,£0.00,37,0,37,0
B0CLLXYFVX,L.A. Girl Pro.Conceal HD.high-definition Concealer Corrector and Highlighter,"1,161",9,425,6,"1,586",15,0.11%,0.07%,0.06%,0.08%,0.07%,0.09%,"1,476",11,538,8,"2,014",19,0.07%,0.10%,0.06%,0.08%,0.07%,0.09%,16.23%,40.00%,37,0,2.33%,0.00%,£221.63,£0.00,34,0,2,0,5.41%,0.00%,£189.62,£0.00,38,0,35,0
B077ZH369G,Sally Hansen Instant Cuticle Remover 1 Ounce (29.5ml),454,5,255,1,709,6,0.06%,0.03%,0.04%,0.01%,0.03%,0.04%,588,5,353,1,941,6,0.03%,0.04%,0.04%,0.01%,0.03%,0.03%,18.00%,100.00%,33,0,4.65%,0.00%,£178.96,£0.00,33,0,0,0,0.00%,0.00%,£149.09,£0.00,33,0,33,0
B0H3P69D99,Rimmel London Oh My Gloss Lipgloss - Captivate Me,"2,709",12,"1,290",6,"3,999",18,0.14%,0.17%,0.18%,0.08%,0.18%,0.11%,"3,526",13,"1,683",8,"5,209",21,0.17%,0.12%,0.18%,0.08%,0.17%,0.10%,2.78%,0.00%,36,0,0.90%,0.00%,£201.95,£0.00,33,0,0,0,0.00%,0.00%,£168.33,£0.00,36,0,35,0
B094MYZTFM,"Rimmel London Scandaleyes Volume On Demand Buildable Mascara, Black Brown, 12 ml",454,1,308,3,762,4,0.01%,0.03%,0.04%,0.04%,0.03%,0.03%,552,1,434,4,986,5,0.03%,0.01%,0.05%,0.04%,0.03%,0.02%,8.83%,0.00%,31,0,4.07%,0.00%,£151.30,£0.00,28,0,1,0,3.23%,0.00%,£143.76,£0.00,35,0,31,0
B07H8T68MM,Bourjois Khol & Contour,291,1,232,5,523,6,0.01%,0.02%,0.03%,0.07%,0.02%,0.04%,368,1,305,7,673,8,0.02%,0.01%,0.03%,0.07%,0.02%,0.04%,9.27%,0.00%,39,0,7.46%,0.00%,£165.49,£0.00,27,0,0,0,0.00%,0.00%,£132.10,£0.00,37,0,27,0
B0G3PQLBZ3,"Rimmel Kind + Free Natural Finish Pressed Powder, Translucent 001",490,2,273,5,763,7,0.02%,0.03%,0.04%,0.07%,0.03%,0.04%,603,3,362,6,965,9,0.03%,0.03%,0.04%,0.06%,0.03%,0.04%,9.76%,20.00%,28,0,3.67%,0.00%,£134.07,£0.00,27,0,0,0,0.00%,0.00%,£139.47,£0.00,35,0,34,0
B0GR1K65GN,Rimmel 60 Seconds 110 Peach Nougat,"21,871",139,"8,730",89,"30,601",228,1.62%,1.41%,1.20%,1.21%,1.34%,1.43%,"26,809",177,"11,058",114,"37,867",291,1.32%,1.58%,1.16%,1.13%,1.27%,1.36%,0.82%,6.73%,27,0,0.09%,0.00%,£166.40,£0.00,27,0,0,0,0.00%,0.00%,£133.46,£0.00,26,0,26,0
B01M0PU853,Max Factor Colour Elixir Lipstick,"9,035",30,"5,448",28,"14,483",58,0.35%,0.58%,0.75%,0.38%,0.63%,0.36%,"11,721",37,"7,370",38,"19,091",75,0.58%,0.33%,0.77%,0.38%,0.64%,0.35%,1.99%,2.70%,28,0,0.19%,0.00%,£233.52,£0.00,26,0,2,0,7.14%,0.00%,£190.63,£0.00,27,0,25,0
B072Q5SKYW,Bourjois Little Round Pot Blusher,72,0,39,1,111,1,0.00%,0.00%,0.01%,0.01%,0.00%,0.01%,99,0,47,1,146,1,0.00%,0.00%,0.00%,0.01%,0.00%,0.00%,97.84%,0.00%,26,0,23.42%,0.00%,£246.74,£0.00,24,0,0,0,0.00%,0.00%,£197.75,£0.00,25,0,24,0
B07814CT31,Technic lipppenstift Enriched with Vitamin E,98,0,69,1,167,1,0.00%,0.01%,0.01%,0.01%,0.01%,0.01%,120,0,103,1,223,1,0.01%,0.00%,0.01%,0.01%,0.01%,0.00%,35.47%,0.00%,34,0,20.36%,0.00%,£113.90,£0.00,24,0,0,0,0.00%,0.00%,£94.86,£0.00,34,0,24,0
B0DQP3ZNY6,ARMAF Infinity Silver for Men Eau De Parfum 100ml,214,6,107,0,321,6,0.07%,0.01%,0.01%,0.00%,0.01%,0.04%,309,7,166,0,475,7,0.02%,0.06%,0.02%,0.00%,0.02%,0.03%,73.29%,50.00%,26,1,8.10%,16.67%,"£1,081.65",£42.00,24,1,1,0,3.85%,0.00%,£908.17,£35.00,26,1,24,1
B0GKQWXV3B,"Bourjois Mascara Volume Reveal 23 Waterproof Black, 1 Stück (1er Pack)",121,1,45,0,166,1,0.01%,0.01%,0.01%,0.00%,0.01%,0.01%,156,1,57,0,213,1,0.01%,0.01%,0.01%,0.00%,0.01%,0.00%,17.28%,0.00%,30,0,18.07%,0.00%,£275.94,£0.00,24,0,0,0,0.00%,0.00%,£225.88,£0.00,29,0,23,0
B0H143TBQW,"Sally Hansen Instant Cuticle Remover, 29.5ml","11,622",63,"5,002",39,"16,624",102,0.74%,0.75%,0.69%,0.53%,0.73%,0.64%,"15,360",84,"6,526",60,"21,886",144,0.76%,0.75%,0.69%,0.59%,0.73%,0.68%,0.75%,4.17%,25,0,0.15%,0.00%,£129.70,£0.00,24,0,0,0,0.00%,0.00%,£110.05,£0.00,25,0,24,0
B0BTGS49QW,"Essence Long-Lasting Eye Pencil, Kajal, No. 37 Purple-Licious, Long-Lasting, Colour-Intense, Vegan, Microplastic Particles Free, Nano Particles Free (0.28 g)","2,868",12,"1,250",15,"4,118",27,0.14%,0.18%,0.17%,0.20%,0.18%,0.17%,"3,797",15,"1,737",32,"5,534",47,0.19%,0.13%,0.18%,0.32%,0.19%,0.22%,9.33%,0.00%,24,0,0.58%,0.00%,£103.20,£0.00,23,0,1,0,4.17%,0.00%,£85.92,£0.00,24,0,23,0
B0C6FR79NN,"Max Factor Lasting Performance Liquid Foundation, Full Coverage, Flawless and Radiant Finish, Lightweight Formula, Smudge Resistant, Non Pore-Clogging, Fragrance Free, 35ml","1,587",7,953,4,"2,540",11,0.08%,0.10%,0.13%,0.05%,0.11%,0.07%,"2,027",9,"1,249",4,"3,276",13,0.10%,0.08%,0.13%,0.04%,0.11%,0.06%,3.06%,0.00%,25,0,0.98%,0.00%,£178.80,£0.00,23,0,0,0,0.00%,0.00%,£156.00,£0.00,26,0,24,0
B0CJDPC3XB,Bourjois Liner Pinceau Noir Beaux-Arts,147,2,136,3,283,5,0.02%,0.01%,0.02%,0.04%,0.01%,0.03%,227,3,211,3,438,6,0.01%,0.03%,0.02%,0.03%,0.01%,0.03%,27.07%,0.00%,29,0,10.25%,0.00%,£280.31,£0.00,23,0,0,0,0.00%,0.00%,£233.48,£0.00,29,0,23,0
B07LB1289Q,Technic Matte Mega Bronze Bronzer Palette,391,4,171,4,562,8,0.05%,0.03%,0.02%,0.05%,0.02%,0.05%,510,11,234,5,744,16,0.03%,0.10%,0.02%,0.05%,0.02%,0.08%,23.32%,0.00%,22,0,3.91%,0.00%,£67.10,£0.00,22,0,0,0,0.00%,0.00%,£58.42,£0.00,23,0,23,0
B0GGCJC753,"Max Factor Cream Puff Pressed Compact Powder, 21 g, 05 Translucent",312,4,209,6,521,10,0.05%,0.02%,0.03%,0.08%,0.02%,0.06%,391,4,261,7,652,11,0.02%,0.04%,0.03%,0.07%,0.02%,0.05%,12.72%,14.29%,25,0,4.80%,0.00%,£161.25,£0.00,21,0,0,0,0.00%,0.00%,£134.25,£0.00,25,0,21,0
B0HBX24WS6,Yankee Candle Wax Melts,955,2,321,4,"1,276",6,0.02%,0.06%,0.04%,0.05%,0.06%,0.04%,"1,176",2,411,4,"1,587",6,0.06%,0.02%,0.04%,0.04%,0.05%,0.03%,6.27%,0.00%,35,0,2.74%,0.00%,£145.57,£0.00,21,0,0,0,0.00%,0.00%,£121.24,£0.00,35,0,21,0
B074KXX5C1,"Sally Hansen Complete Care Nail Treatment, 1 x 13 ml","2,686",26,"1,074",10,"3,760",36,0.30%,0.17%,0.15%,0.14%,0.16%,0.23%,"3,393",33,"1,368",12,"4,761",45,0.17%,0.29%,0.14%,0.12%,0.16%,0.21%,0.60%,0.00%,21,0,0.56%,0.00%,£112.78,£0.00,19,0,0,0,0.00%,0.00%,£84.23,£0.00,18,0,16,0
B0045Z6R58,Stargazer Hair Bleach Kit with Powder & Developer Cream - Hair Lightening for Pre-Colour Preparation - Easy Home Use - Cruelty-Free,37,0,15,0,52,0,0.00%,0.00%,0.00%,0.00%,0.00%,0.00%,45,0,22,0,67,0,0.00%,0.00%,0.00%,0.00%,0.00%,0.00%,95.00%,0.00%,23,0,44.23%,0.00%,£229.77,£0.00,18,0,0,0,0.00%,0.00%,£191.36,£0.00,23,0,18,0
B0CCN97YFK,7th Heaven Blemish Clay Mud Face Mask with Witch Hazel and Aloe Vera to Deeply Cleanse and Calm Skin,19,0,29,0,48,0,0.00%,0.00%,0.00%,0.00%,0.00%,0.00%,21,0,30,0,51,0,0.00%,0.00%,0.00%,0.00%,0.00%,0.00%,48.98%,0.00%,47,0,97.92%,0.00%,£96.35,£0.00,18,0,0,0,0.00%,0.00%,£92.34,£0.00,54,0,21,0
B08HQSPF1F,"Max Factor Eyebrow Pencil, Hazel",216,0,124,0,340,0,0.00%,0.01%,0.02%,0.00%,0.01%,0.00%,256,0,157,0,413,0,0.01%,0.00%,0.02%,0.00%,0.01%,0.00%,7.42%,0.00%,19,0,5.59%,0.00%,£79.27,£0.00,17,0,0,0,0.00%,0.00%,£66.75,£0.00,19,0,19,0
B0CF51YT5D,Rimmel Lasting Matte Full Coverage Light-weight Foundation,692,4,384,2,"1,076",6,0.05%,0.04%,0.05%,0.03%,0.05%,0.04%,"1,046",4,600,3,"1,646",7,0.05%,0.04%,0.06%,0.03%,0.06%,0.03%,16.58%,100.00%,19,0,1.77%,0.00%,£125.04,£0.00,17,0,0,0,0.00%,0.00%,£109.14,£0.00,20,0,18,0
B0FPMCB1X6,L'Oréal Paris Intense Volume Mascara,"1,860",16,"6,459",19,"8,319",35,0.19%,0.12%,0.89%,0.26%,0.36%,0.22%,"2,545",21,"6,758",27,"9,303",48,0.13%,0.19%,0.71%,0.27%,0.31%,0.23%,1.80%,0.00%,21,0,0.25%,0.00%,£200.19,£0.00,17,0,0,0,0.00%,0.00%,£177.39,£0.00,21,0,17,0
B00CYBKL6Q,"Rimmel Scandaleyes Lycra Flex Mascara, Black",60,2,56,0,116,2,0.02%,0.00%,0.01%,0.00%,0.01%,0.01%,73,2,80,0,153,2,0.00%,0.02%,0.01%,0.00%,0.01%,0.01%,23.78%,0.00%,21,0,18.10%,0.00%,£108.43,£0.00,16,0,0,0,0.00%,0.00%,£94.67,£0.00,22,0,19,0
B071751PXN,Stargazer Lip Stick,691,3,370,2,"1,061",5,0.04%,0.04%,0.05%,0.03%,0.05%,0.03%,837,3,495,2,"1,332",5,0.04%,0.03%,0.05%,0.02%,0.04%,0.02%,7.84%,50.00%,16,0,1.51%,0.00%,£63.20,£0.00,16,0,0,0,0.00%,0.00%,£52.64,£0.00,16,0,16,0
B07PR81NTM,Technic Matte Mega Blush Palette,386,1,172,5,558,6,0.01%,0.02%,0.02%,0.07%,0.02%,0.04%,559,2,237,7,796,9,0.03%,0.02%,0.02%,0.07%,0.03%,0.04%,28.32%,50.00%,16,1,2.87%,16.67%,£55.40,£3.05,16,1,0,0,0.00%,0.00%,£46.19,£2.54,16,1,16,1
B096Q4CZ65,"Maybelline Hyper Easy Brush Tip Liquid Eye Liner, Long Lasting, Easy To Apply, Smudge Proof Formula 810 Pitch Brown",88,1,31,0,119,1,0.01%,0.01%,0.00%,0.00%,0.01%,0.01%,119,1,39,0,158,1,0.01%,0.01%,0.00%,0.00%,0.01%,0.00%,33.56%,0.00%,18,1,15.13%,100.00%,£124.77,£6.79,16,1,0,0,0.00%,0.00%,£109.70,£5.66,19,1,17,1
B09F3ZMYK5,"Rimmel London Lasting Finish Lipstick, Moisturising Formula with Luscious Touch and Black Diamond Pigment Complex",229,0,152,1,381,1,0.00%,0.01%,0.02%,0.01%,0.02%,0.01%,331,0,201,1,532,1,0.02%,0.00%,0.02%,0.01%,0.02%,0.00%,0.85%,0.00%,19,0,4.99%,0.00%,£159.81,£0.00,15,0,0,0,0.00%,0.00%,£133.20,£0.00,19,0,15,0
B00SZRPHPS,Technic Brow Gel Eyebrow Shaping Gel 8ml-Dark,88,1,43,0,131,1,0.01%,0.01%,0.01%,0.00%,0.01%,0.01%,126,2,57,0,183,2,0.01%,0.02%,0.01%,0.00%,0.01%,0.01%,22.62%,0.00%,15,0,11.45%,0.00%,£52.70,£0.00,14,0,0,0,0.00%,0.00%,£43.93,£0.00,15,0,14,0
B0F1MMQVPB,Sally Hansen Insta-Dri Nail Polish,"9,157",63,"3,295",33,"12,452",96,0.74%,0.59%,0.45%,0.45%,0.55%,0.60%,"10,952",82,"4,092",70,"15,044",152,0.54%,0.73%,0.43%,0.69%,0.51%,0.71%,0.99%,0.00%,14,0,0.11%,0.00%,£72.62,£0.00,14,0,0,0,0.00%,0.00%,£60.50,£0.00,14,0,14,0
B0FX1F7R1S,"Catrice True Skin High Cover Concealer, anti-spot, moisturizing/hydrating, longlasting, natural, matte (4.5ml)",215,0,112,1,327,1,0.00%,0.01%,0.02%,0.01%,0.01%,0.01%,305,0,165,3,470,3,0.02%,0.00%,0.02%,0.03%,0.02%,0.01%,62.75%,100.00%,19,0,5.81%,0.00%,£123.31,£0.00,14,0,0,0,0.00%,0.00%,£102.79,£0.00,19,0,14,0
B07H83JXDB,"Sally Hansen Top Coat, Packaging May Vary","1,402",5,941,13,"2,343",18,0.06%,0.09%,0.13%,0.18%,0.10%,0.11%,"1,745",5,"1,188",18,"2,933",23,0.09%,0.04%,0.12%,0.18%,0.10%,0.11%,1.35%,0.00%,13,0,0.55%,0.00%,£67.32,£0.00,13,0,1,0,7.69%,0.00%,£57.21,£0.00,13,0,13,0
B08RFX1H5F,"Bourjois Levres Contour Edition Lip Liner and Pencil 4 Chaud Comme La Fraise Pinks, 1.14g",460,4,323,14,783,18,0.05%,0.03%,0.04%,0.19%,0.03%,0.11%,571,4,422,15,993,19,0.03%,0.04%,0.04%,0.15%,0.03%,0.09%,4.62%,21.05%,20,0,2.55%,0.00%,£92.25,£0.00,13,0,50,0,250.00%,0.00%,£72.95,£0.00,19,0,12,0
B0C5K7MPN4,Max Factor NailFinity Nail Polish,941,3,480,11,"1,421",14,0.04%,0.06%,0.07%,0.15%,0.06%,0.09%,"1,297",4,663,16,"1,960",20,0.06%,0.04%,0.07%,0.16%,0.07%,0.09%,7.64%,50.00%,16,0,1.13%,0.00%,£60.82,£0.00,13,0,0,0,0.00%,0.00%,£49.28,£0.00,15,0,12,0
B0H3XQV541,"Revlon Professional OROFLUIDO PRECIOUS ARGAN OIL ELIXIR, Nourishing Hair Treatment With Vegan Argan Oil – 100ml",456,5,282,9,738,14,0.06%,0.03%,0.04%,0.12%,0.03%,0.09%,608,6,388,10,996,16,0.03%,0.05%,0.04%,0.10%,0.03%,0.08%,9.43%,33.33%,15,3,2.03%,21.43%,£264.69,£51.26,13,1,0,0,0.00%,0.00%,£220.55,£42.72,15,3,13,1
B0019CAWWY,Badgequo Body Collection Bronzing Powder,62,0,27,0,89,0,0.00%,0.00%,0.00%,0.00%,0.00%,0.00%,91,0,40,0,131,0,0.00%,0.00%,0.00%,0.00%,0.00%,0.00%,51.69%,0.00%,20,0,22.47%,0.00%,£65.80,£0.00,12,0,1,0,5.00%,0.00%,£55.35,£0.00,20,0,12,0
B00MJ0F7X4,Rimmel London Professional Eyebrow Pencil 002 Hazel by Rimmel,27,0,23,0,50,0,0.00%,0.00%,0.00%,0.00%,0.00%,0.00%,37,0,43,0,80,0,0.00%,0.00%,0.00%,0.00%,0.00%,0.00%,36.11%,0.00%,14,0,28.00%,0.00%,£67.60,£0.00,12,0,0,0,0.00%,0.00%,£56.33,£0.00,14,0,12,0
B0CC9DZHQK,Max Factor Lipfinity Lip Colour,388,2,227,6,615,8,0.02%,0.02%,0.03%,0.08%,0.03%,0.05%,506,3,284,6,790,9,0.02%,0.03%,0.03%,0.06%,0.03%,0.04%,3.95%,0.00%,16,0,2.60%,0.00%,£133.24,£0.00,12,0,1,0,6.25%,0.00%,£111.04,£0.00,16,0,13,0
B0DDLBT4T7,Schwarzkopf Blondme Premium Care Developer 1000ml,219,2,71,2,290,4,0.02%,0.01%,0.01%,0.03%,0.01%,0.03%,322,2,98,2,420,4,0.02%,0.02%,0.01%,0.02%,0.01%,0.02%,28.57%,100.00%,12,0,4.14%,0.00%,£155.88,£0.00,12,0,0,0,0.00%,0.00%,£129.84,£0.00,12,0,12,0
B0H1PXNHK7,"Sally Hansen Nail Growth Miracle Treatment,13.3 ml (Pack of 1)","2,735",14,"1,334",12,"4,069",26,0.16%,0.18%,0.18%,0.16%,0.18%,0.16%,"3,870",19,"1,827",16,"5,697",35,0.19%,0.17%,0.19%,0.16%,0.19%,0.16%,1.19%,0.00%,12,0,0.29%,0.00%,£91.20,£0.00,12,0,1,0,8.33%,0.00%,£75.96,£0.00,12,0,12,0
B077ZVXWQD,"Technic Eyebrow Pencil, Definer & Sharpener",96,1,46,0,142,1,0.01%,0.01%,0.01%,0.00%,0.01%,0.01%,136,1,62,0,198,1,0.01%,0.01%,0.01%,0.00%,0.01%,0.00%,25.79%,100.00%,11,1,7.75%,100.00%,£29.51,£2.09,11,1,1,0,9.09%,0.00%,£24.60,£1.74,11,1,11,1
B0BW3MHZTX,ARMAF Club De Nuit Intense Women Eau Parfum,645,9,244,5,889,14,0.11%,0.04%,0.03%,0.07%,0.04%,0.09%,907,12,324,5,"1,231",17,0.04%,0.11%,0.03%,0.05%,0.04%,0.08%,14.27%,0.00%,11,0,1.24%,0.00%,£274.90,£0.00,11,0,0,0,0.00%,0.00%,£229.04,£0.00,11,0,11,0
B0CB54WVV6,Maybelline New York Lash Sensational Sky High Mascara,"161,155",847,"78,356",617,"239,511","1,464",9.88%,10.36%,10.78%,8.42%,10.49%,9.21%,"210,179","1,158","102,331",847,"312,510","2,005",10.37%,10.35%,10.75%,8.36%,10.49%,9.40%,0.03%,0.00%,11,0,0.00%,0.00%,£97.33,£0.00,11,0,0,0,0.00%,0.00%,£67.14,£0.00,9,0,9,0
B0CSFTBKMR,Masterpiece Xpress shade,"4,163",28,"1,683",18,"5,846",46,0.33%,0.27%,0.23%,0.25%,0.26%,0.29%,"5,165",34,"2,148",23,"7,313",57,0.25%,0.30%,0.23%,0.23%,0.25%,0.27%,1.04%,10.00%,11,0,0.19%,0.00%,£54.37,£0.00,11,0,0,0,0.00%,0.00%,£45.30,£0.00,11,0,11,0
B005IHA0O6,Body Collection Liquid Eyeliner - Black,32,0,14,0,46,0,0.00%,0.00%,0.00%,0.00%,0.00%,0.00%,35,0,14,0,49,0,0.00%,0.00%,0.00%,0.00%,0.00%,0.00%,39.58%,0.00%,11,0,23.91%,0.00%,£36.87,£0.00,10,0,0,0,0.00%,0.00%,£30.72,£0.00,11,0,10,0
B00P7SPD70,"Revlon Super Lustrous Lipstick, High Impact Lipcolour with Moisturising Creamy Formula, Infused with Vitamin E and Avocado Oil in Pink Pearl",310,1,255,3,565,4,0.01%,0.02%,0.04%,0.04%,0.02%,0.03%,391,1,334,3,725,4,0.02%,0.01%,0.04%,0.03%,0.02%,0.02%,11.75%,0.00%,10,0,1.77%,0.00%,£55.27,£0.00,10,0,0,0,0.00%,0.00%,£46.04,£0.00,10,0,10,0
B071XHK4BM,Stargazer Metallic_P005,315,3,162,4,477,7,0.04%,0.02%,0.02%,0.05%,0.02%,0.04%,411,5,202,5,613,10,0.02%,0.04%,0.02%,0.05%,0.02%,0.05%,7.73%,0.00%,15,0,3.14%,0.00%,£70.35,£0.00,10,0,0,0,0.00%,0.00%,£54.74,£0.00,14,0,9,0
B07V674F5K,Max Factor Lash Revival Strengthening Mascara,135,1,62,0,197,1,0.01%,0.01%,0.01%,0.00%,0.01%,0.01%,172,1,101,0,273,1,0.01%,0.01%,0.01%,0.00%,0.01%,0.00%,17.60%,100.00%,10,0,5.08%,0.00%,£62.77,£0.00,10,0,0,0,0.00%,0.00%,£52.30,£0.00,10,0,10,0
B0BHTTCP3C,Maybelline New York,354,4,991,11,"1,345",15,0.05%,0.02%,0.14%,0.15%,0.06%,0.09%,518,4,"1,144",17,"1,662",21,0.03%,0.04%,0.12%,0.17%,0.06%,0.10%,6.32%,60.00%,11,0,0.82%,0.00%,£85.67,£0.00,10,0,0,0,0.00%,0.00%,£71.37,£0.00,11,0,10,0
B000AA5VD6,Instra-Dri Anti-Chip Top Coat by Sally Hansen Clear (2755),196,1,145,1,341,2,0.01%,0.01%,0.02%,0.01%,0.01%,0.01%,232,1,180,1,412,2,0.01%,0.01%,0.02%,0.01%,0.01%,0.01%,3.85%,0.00%,9,0,2.64%,0.00%,£58.31,£0.00,9,0,0,0,0.00%,0.00%,£41.97,£0.00,8,0,8,0
B0046MLZLG,"Sally Hansen Advanced Hard as Nails Strengthener, 13.3ml (Pack of 1)","2,757",9,"1,245",12,"4,002",21,0.11%,0.18%,0.17%,0.16%,0.18%,0.13%,"3,829",16,"1,702",20,"5,531",36,0.19%,0.14%,0.18%,0.20%,0.19%,0.17%,0.71%,17.65%,10,0,0.25%,0.00%,£48.19,£0.00,9,0,0,0,0.00%,0.00%,£40.15,£0.00,10,0,9,0
B00R7BKFKA,"Maybelline Mascara Lash Sensational Black 01, 9.5ml",38,1,19,1,57,2,0.01%,0.00%,0.00%,0.01%,0.00%,0.01%,47,1,22,1,69,2,0.00%,0.01%,0.00%,0.01%,0.00%,0.01%,88.52%,100.00%,9,0,15.79%,0.00%,£87.91,£0.00,9,0,0,0,0.00%,0.00%,£73.22,£0.00,9,0,9,0
B01872EVRU,"Technic Eyebrow Pencil, Definer & Sharpener-Black",150,1,54,0,204,1,0.01%,0.01%,0.01%,0.00%,0.01%,0.01%,191,1,72,0,263,1,0.01%,0.01%,0.01%,0.00%,0.01%,0.00%,9.96%,0.00%,9,1,4.41%,100.00%,£17.91,£1.99,9,1,0,0,0.00%,0.00%,£14.94,£1.66,9,1,9,1
B081W757PW,"L'Oreal Paris Volume Million Lashes Mascara Black Waterproof, Gives Lashes Intense, Defined Volume with No Clumps","1,578",10,"1,174",30,"2,752",40,0.12%,0.10%,0.16%,0.41%,0.12%,0.25%,"2,073",15,"1,373",40,"3,446",55,0.10%,0.13%,0.14%,0.39%,0.12%,0.26%,0.86%,0.00%,9,0,0.33%,0.00%,£88.11,£0.00,9,0,0,0,0.00%,0.00%,£73.44,£0.00,9,0,9,0
B0BZVTKK2K,Armaf Odyssey Aqua Eau de Parfum 100ml,"1,135",6,358,4,"1,493",10,0.07%,0.07%,0.05%,0.05%,0.07%,0.06%,"1,553",11,477,5,"2,030",16,0.08%,0.10%,0.05%,0.05%,0.07%,0.08%,10.05%,16.67%,9,0,0.60%,0.00%,£205.50,£0.00,9,0,0,0,0.00%,0.00%,£173.83,£0.00,9,0,9,0
B0DFTDRNJ1,Marion Hair Dye Shampoo Bag Semi-Permanent Colour 4 to 8 Washes with Aloe and Keratin,145,0,81,2,226,2,0.00%,0.01%,0.01%,0.03%,0.01%,0.01%,194,0,98,3,292,3,0.01%,0.00%,0.01%,0.03%,0.01%,0.01%,37.55%,100.00%,17,0,7.52%,0.00%,£51.53,£0.00,9,0,0,0,0.00%,0.00%,£42.86,£0.00,17,0,9,0
B0DP3Q458H,Bourjois - Healthy Mix Concealer,65,1,32,1,97,2,0.01%,0.00%,0.00%,0.01%,0.00%,0.01%,91,2,40,1,131,3,0.00%,0.02%,0.00%,0.01%,0.00%,0.01%,94.26%,100.00%,9,0,9.28%,0.00%,£62.91,£0.00,9,0,0,0,0.00%,0.00%,£46.56,£0.00,8,0,8,0
B0F8NY2BL2,"Rimmel London Scandaleyes Volume On Demand Buildable Mascara, Black, 12 ml",198,0,92,1,290,1,0.00%,0.01%,0.01%,0.01%,0.01%,0.01%,249,0,110,1,359,1,0.01%,0.00%,0.01%,0.01%,0.01%,0.00%,7.33%,0.00%,9,0,3.10%,0.00%,£44.55,£0.00,9,0,0,0,0.00%,0.00%,£37.08,£0.00,9,0,9,0
B00EC9P85C,Max Factor Panstik Foundation – No. 13 Nouveau Beige by Max Factor,299,2,234,2,533,4,0.02%,0.02%,0.03%,0.03%,0.02%,0.03%,401,2,306,2,707,4,0.02%,0.02%,0.03%,0.02%,0.02%,0.02%,1.23%,0.00%,13,0,2.44%,0.00%,£82.26,£0.00,8,0,0,0,0.00%,0.00%,£65.34,£0.00,12,0,7,0
B01NBHY7VH,"Technic Colour Fix 2 Pressed Powder Contour Palette, 3.5 g, 8 Piece",98,0,38,0,136,0,0.00%,0.01%,0.01%,0.00%,0.01%,0.00%,126,0,53,0,179,0,0.01%,0.00%,0.01%,0.00%,0.01%,0.00%,17.72%,0.00%,9,0,6.62%,0.00%,£38.25,£0.00,8,0,0,0,0.00%,0.00%,£35.40,£0.00,10,0,9,0
B085V3JS5R,Sally Hansen Color Therapy Nail Polish,850,6,388,1,"1,238",7,0.07%,0.05%,0.05%,0.01%,0.05%,0.04%,"1,051",6,484,1,"1,535",7,0.05%,0.05%,0.05%,0.01%,0.05%,0.03%,4.96%,0.00%,9,0,0.73%,0.00%,£71.55,£0.00,8,0,0,0,0.00%,0.00%,£39.72,£0.00,6,0,5,0
B0BW3DGCGW,ARMAF Club De Nuit Intense Man Pure Parfum,368,5,161,2,529,7,0.06%,0.02%,0.02%,0.03%,0.02%,0.04%,574,7,258,3,832,10,0.03%,0.06%,0.03%,0.03%,0.03%,0.05%,18.56%,0.00%,10,0,1.89%,0.00%,£440.00,£0.00,8,0,0,0,0.00%,0.00%,£366.66,£0.00,10,0,8,0
B0DW8YTB2G,Max Factor Max Factor Lipfinity,46,0,22,1,68,1,0.00%,0.00%,0.00%,0.01%,0.00%,0.01%,59,0,27,1,86,1,0.00%,0.00%,0.00%,0.01%,0.00%,0.00%,53.16%,0.00%,9,0,13.24%,0.00%,£89.91,£0.00,8,0,0,0,0.00%,0.00%,£74.88,£0.00,9,0,8,0
B0GP916D7F,Rimmel Super Gel,109,0,60,1,169,1,0.00%,0.01%,0.01%,0.01%,0.01%,0.01%,131,0,70,1,201,1,0.01%,0.00%,0.01%,0.01%,0.01%,0.00%,30.32%,0.00%,8,0,4.73%,0.00%,£47.60,£0.00,8,0,0,0,0.00%,0.00%,£39.68,£0.00,8,0,8,0
B0H3PDL7NS,"L'Oréal Paris Plump Ambition Lippenöl mit Hyaluron, Vollere & geschmeidigere Lippen ohne Kompromisse.","1,754",9,696,8,"2,450",17,0.11%,0.11%,0.10%,0.11%,0.11%,0.11%,"2,420",13,929,8,"3,349",21,0.12%,0.12%,0.10%,0.08%,0.11%,0.10%,10.26%,0.00%,9,0,0.37%,0.00%,£86.25,£0.00,8,0,0,0,0.00%,0.00%,£71.83,£0.00,9,0,8,0
B001QFZ42C,Max Factor 2000 Calorie Mascara,"4,619",37,"2,895",27,"7,514",64,0.43%,0.30%,0.40%,0.37%,0.33%,0.40%,"6,066",48,"4,017",33,"10,083",81,0.30%,0.43%,0.42%,0.33%,0.34%,0.38%,0.28%,0.00%,7,0,0.09%,0.00%,£44.65,£0.00,7,0,0,0,0.00%,0.00%,£31.81,£0.00,6,0,6,0
B00PWKVL4M,Marion Hair Colour Shampoo in Sachet Lasting 4-8 Washes - 61 Blonde,15,0,11,1,26,1,0.00%,0.00%,0.00%,0.01%,0.00%,0.01%,22,0,16,3,38,3,0.00%,0.00%,0.00%,0.03%,0.00%,0.01%,76.67%,33.33%,14,0,53.85%,0.00%,£41.86,£0.00,7,0,0,0,0.00%,0.00%,£34.86,£0.00,14,0,7,0
B08R4SQBV9,Rimmel London Brow,372,2,184,4,556,6,0.02%,0.02%,0.03%,0.05%,0.02%,0.04%,482,2,235,5,717,7,0.02%,0.02%,0.02%,0.05%,0.02%,0.03%,3.78%,0.00%,8,0,1.44%,0.00%,£39.48,£0.00,7,0,0,0,0.00%,0.00%,£28.73,£0.00,7,0,6,0
B0F5W8BGFS,"Revlon PhotoReady Abdeckstift, Gesichtsmakeup für alle Hauttypen, mittlere bis hohe Deckkraft, langanhaltend mit cremigem Finish, leichte Formel, 004 Medium, 3,2g",104,0,71,0,175,0,0.00%,0.01%,0.01%,0.00%,0.01%,0.00%,135,0,99,0,234,0,0.01%,0.00%,0.01%,0.00%,0.01%,0.00%,18.31%,0.00%,8,0,4.57%,0.00%,£47.92,£0.00,7,0,0,0,0.00%,0.00%,£49.90,£0.00,10,0,10,0
B0GTDF4WS9,Max Factor Miracle Pure Liquid Foundation,"3,221",9,"1,876",65,"5,097",74,0.11%,0.21%,0.26%,0.89%,0.22%,0.47%,"4,085",12,"2,426",87,"6,511",99,0.20%,0.11%,0.25%,0.86%,0.22%,0.46%,2.27%,5.13%,7,0,0.14%,0.00%,£62.26,£0.00,7,0,0,0,0.00%,0.00%,£60.75,£0.00,8,0,8,0
B00NA0V7AE,Rimmel Precious Stones Nail Polish,175,0,79,0,254,0,0.00%,0.01%,0.01%,0.00%,0.01%,0.00%,231,0,116,0,347,0,0.01%,0.00%,0.01%,0.00%,0.01%,0.00%,33.33%,0.00%,6,0,2.36%,0.00%,£29.70,£0.00,6,0,0,0,0.00%,0.00%,£24.72,£0.00,6,0,6,0
B016WOFGO2,"Maybelline Concealer, Instant Anti-Age Eraser Eye Concealer for Face, Dark Circles and Blemish Concealer, Full Coverage, Dermatologist Tested, Suitable for Sensitive Skin, Shade: 02 Nude",64,0,20,1,84,1,0.00%,0.00%,0.00%,0.01%,0.00%,0.01%,93,0,22,1,115,1,0.00%,0.00%,0.00%,0.01%,0.00%,0.00%,49.52%,100.00%,6,0,7.14%,0.00%,£53.94,£0.00,6,0,0,0,0.00%,0.00%,£44.94,£0.00,6,0,6,0
B0179SEI1M,Technic Colour Fix Pressed Powder Contour Palette 28 g (Pack of 1),55,1,25,0,80,1,0.01%,0.00%,0.00%,0.00%,0.00%,0.01%,72,1,39,0,111,1,0.00%,0.01%,0.00%,0.00%,0.00%,0.00%,20.41%,0.00%,7,0,8.75%,0.00%,£29.75,£0.00,6,0,0,0,0.00%,0.00%,£31.86,£0.00,9,0,8,0
B077CKGFVV,CHI Luxury Black Seed Oil Dry Oil,18,0,15,0,33,0,0.00%,0.00%,0.00%,0.00%,0.00%,0.00%,24,0,16,0,40,0,0.00%,0.00%,0.00%,0.00%,0.00%,0.00%,97.22%,0.00%,6,0,18.18%,0.00%,£23.70,£0.00,6,0,0,0,0.00%,0.00%,£19.74,£0.00,6,0,6,0
B07813S6D1,Technic Superfine Matte Powder Bronzer Compact 12 g,54,0,19,0,73,0,0.00%,0.00%,0.00%,0.00%,0.00%,0.00%,68,0,22,0,90,0,0.00%,0.00%,0.00%,0.00%,0.00%,0.00%,44.19%,0.00%,6,0,8.22%,0.00%,£25.11,£0.00,6,0,0,0,0.00%,0.00%,£20.91,£0.00,6,0,6,0
B081TFT7FN,"7th Heaven Clean Pores Radiant Skin, Stardust Galactic Gold Peel-Off Mask, With The Infusion of witch hazel, willow herb, tea tree and a sprinkle of biodegradable glitter, 10g",8,0,9,0,17,0,0.00%,0.00%,0.00%,0.00%,0.00%,0.00%,18,0,12,0,30,0,0.00%,0.00%,0.00%,0.00%,0.00%,0.00%,86.96%,0.00%,7,0,41.18%,0.00%,£12.25,£0.00,6,0,0,0,0.00%,0.00%,£11.67,£0.00,8,0,7,0
B08MGG535W,Silver eye shadow. Maximum colour pressed powder eye shadow.,304,2,181,0,485,2,0.02%,0.02%,0.02%,0.00%,0.02%,0.01%,368,2,219,0,587,2,0.02%,0.02%,0.02%,0.00%,0.02%,0.01%,9.52%,0.00%,7,0,1.44%,0.00%,£23.93,£0.00,6,0,0,0,0.00%,0.00%,£19.92,£0.00,7,0,6,0
B08RFY74SH,"Bourjois Brow Reveal Pencil 2 Blonde, .35g",43,0,22,0,65,0,0.00%,0.00%,0.00%,0.00%,0.00%,0.00%,58,0,30,0,88,0,0.00%,0.00%,0.00%,0.00%,0.00%,0.00%,45.88%,0.00%,10,0,15.38%,0.00%,£52.90,£0.00,6,0,0,0,0.00%,0.00%,£48.51,£0.00,11,0,10,0
B09RB882ZC,"Wax Lyrical Tealight Set - Fresh Eucalyptus, 9 Fragranced Tealights",239,1,115,1,354,2,0.01%,0.02%,0.02%,0.01%,0.02%,0.01%,300,1,141,1,441,2,0.01%,0.01%,0.01%,0.01%,0.01%,0.01%,2.85%,0.00%,7,0,1.98%,0.00%,£35.35,£0.00,6,0,0,0,0.00%,0.00%,£29.47,£0.00,7,0,6,0
B09VHRH915,essie1,"4,015",22,"1,358",8,"5,373",30,0.26%,0.26%,0.19%,0.11%,0.24%,0.19%,"5,401",25,"1,906",11,"7,307",36,0.27%,0.22%,0.20%,0.11%,0.25%,0.17%,2.57%,0.00%,6,0,0.11%,0.00%,£51.96,£0.00,6,0,0,0,0.00%,0.00%,£43.30,£0.00,6,0,6,0
B0BQZ6WMC1,ARMAF Club De Nuit Untold Eau De Parfum 105ml,"1,196",10,493,2,"1,689",12,0.12%,0.08%,0.07%,0.03%,0.07%,0.08%,"1,729",11,661,4,"2,390",15,0.09%,0.10%,0.07%,0.04%,0.08%,0.07%,3.19%,0.00%,6,0,0.36%,0.00%,£218.14,£0.00,6,0,0,0,0.00%,0.00%,£200.12,£0.00,6,0,6,0
B0C8JZBJXX,MAX Factor Creme Puff Foundation,16,0,21,0,37,0,0.00%,0.00%,0.00%,0.00%,0.00%,0.00%,18,0,31,0,49,0,0.00%,0.00%,0.00%,0.00%,0.00%,0.00%,82.61%,0.00%,11,0,29.73%,0.00%,£76.45,£0.00,6,0,0,0,0.00%,0.00%,£63.69,£0.00,11,0,6,0
B0FD9VBKMP,"Bourjois 123 Perfect CC Cream Colour Correcting 32 Light Beige, 3ml, 357320",53,0,65,0,118,0,0.00%,0.00%,0.01%,0.00%,0.01%,0.00%,89,0,95,0,184,0,0.00%,0.00%,0.01%,0.00%,0.01%,0.00%,9.26%,0.00%,7,0,5.93%,0.00%,£160.93,£0.00,6,0,0,0,0.00%,0.00%,£134.12,£0.00,7,0,6,0
B0G3WMZ4P2,Rimmel Moisture Renew Lipstick,140,0,155,1,295,1,0.00%,0.01%,0.02%,0.01%,0.01%,0.01%,210,0,226,1,436,1,0.01%,0.00%,0.02%,0.01%,0.01%,0.00%,4.70%,0.00%,7,0,2.37%,0.00%,£70.65,£0.00,6,0,0,0,0.00%,0.00%,£58.88,£0.00,7,0,6,0
B0H9NL8NCX,Max Factor Facefinity Compact Foundation,"5,112",23,"2,002",62,"7,114",85,0.27%,0.33%,0.28%,0.85%,0.31%,0.53%,"6,580",30,"2,775",95,"9,355",125,0.32%,0.27%,0.29%,0.94%,0.31%,0.59%,0.85%,0.00%,6,0,0.08%,0.00%,£59.94,£0.00,6,0,0,0,0.00%,0.00%,£49.92,£0.00,6,0,6,0
B000KEIPC6,"American Crew forming Cream with Medium Hold and Shine, Gifts for Men, for Shape and Thickening, Cream Texture for All Hair Types, Hair Styling for Men - 85 g","3,133",21,"1,395",23,"4,528",44,0.25%,0.20%,0.19%,0.31%,0.20%,0.28%,"4,604",35,"1,873",30,"6,477",65,0.23%,0.31%,0.20%,0.30%,0.22%,0.30%,0.83%,3.45%,10,5,0.22%,11.36%,£180.00,£90.00,5,1,0,0,0.00%,0.00%,£120.00,£75.00,8,5,3,1
B001BLL3YO,Max Factor Masterpiece Waterproof Mascara Black 81462650,446,2,218,2,664,4,0.02%,0.03%,0.03%,0.03%,0.03%,0.03%,545,3,290,3,835,6,0.03%,0.03%,0.03%,0.03%,0.03%,0.03%,1.81%,0.00%,5,0,0.75%,0.00%,£33.11,£0.00,5,0,0,0,0.00%,0.00%,£34.53,£0.00,6,0,6,0
B00I53YHFI,Hansaplast Lion Heat Plaster 4 Sheets (9 cm X 11 Cm),49,0,61,1,110,1,0.00%,0.00%,0.01%,0.01%,0.00%,0.01%,61,0,75,1,136,1,0.00%,0.00%,0.01%,0.01%,0.00%,0.00%,93.70%,100.00%,7,0,6.36%,0.00%,£27.93,£0.00,5,0,0,0,0.00%,0.00%,£23.24,£0.00,7,0,5,0
B00NHOIWBA,"Bourjois Xmas Contour Clubbing Liner, Ultra Black Glitter, 1.2 g",40,0,24,0,64,0,0.00%,0.00%,0.00%,0.00%,0.00%,0.00%,50,0,25,0,75,0,0.00%,0.00%,0.00%,0.00%,0.00%,0.00%,32.86%,0.00%,5,0,7.81%,0.00%,£25.56,£0.00,5,0,0,0,0.00%,0.00%,£28.65,£0.00,7,0,7,0
B00W375QL6,Technic Lipstick With Added Vitamin E-Bare All,36,0,42,0,78,0,0.00%,0.00%,0.01%,0.00%,0.00%,0.00%,50,0,64,0,114,0,0.00%,0.00%,0.01%,0.00%,0.00%,0.00%,25.24%,0.00%,10,0,12.82%,0.00%,£33.50,£0.00,5,0,0,0,0.00%,0.00%,£27.90,£0.00,10,0,5,0
B015VLZYJY,Pure Line Clear 50g UV Gel Nails Acid Free Builder File Off Gel Silcare,9,1,2,0,11,1,0.01%,0.00%,0.00%,0.00%,0.00%,0.01%,13,2,3,0,16,2,0.00%,0.02%,0.00%,0.00%,0.00%,0.01%,61.54%,0.00%,5,0,45.45%,0.00%,£49.95,£0.00,5,0,0,0,0.00%,0.00%,£41.60,£0.00,5,0,5,0
B081TBZZ3Z,"7th Heaven Stardust Heavenly Aquamarine Peel-Off Coconut Clay Face Mask to Remove Blackheads, Hydrate and Nourish for Ultra Clean, Glowing Skin - Ideal for Normal, Combination and Dry Skin 10ml",15,0,8,0,23,0,0.00%,0.00%,0.00%,0.00%,0.00%,0.00%,33,0,13,0,46,0,0.00%,0.00%,0.00%,0.00%,0.00%,0.00%,87.88%,0.00%,6,0,26.09%,0.00%,£11.94,£0.00,5,0,0,0,0.00%,0.00%,£9.94,£0.00,6,0,5,0
B084453PQ3,WAX LYRICAL Reed Diffuser Lemon Verbena,"1,480",4,728,17,"2,208",21,0.05%,0.10%,0.10%,0.23%,0.10%,0.13%,"1,844",6,938,24,"2,782",30,0.09%,0.05%,0.10%,0.24%,0.09%,0.14%,1.16%,0.00%,6,0,0.27%,0.00%,£67.00,£0.00,5,0,0,0,0.00%,0.00%,£55.83,£0.00,6,0,5,0
B08HJR3LBH,"Catrice Shake Fix Glow Spray, moisturizing/hydrating, fixing, refreshing, translucent (50ml)",113,0,45,1,158,1,0.00%,0.01%,0.01%,0.01%,0.01%,0.01%,147,0,49,1,196,1,0.01%,0.00%,0.01%,0.01%,0.01%,0.00%,52.12%,0.00%,5,0,3.16%,0.00%,£38.65,£0.00,5,0,0,0,0.00%,0.00%,£32.20,£0.00,5,0,5,0
B08PL2QZRX,Silcare Cuticle Oil Mango Orange 75ml,23,0,8,0,31,0,0.00%,0.00%,0.00%,0.00%,0.00%,0.00%,29,0,10,0,39,0,0.00%,0.00%,0.00%,0.00%,0.00%,0.00%,25.00%,0.00%,5,0,16.13%,0.00%,£39.25,£0.00,5,0,0,0,0.00%,0.00%,£26.16,£0.00,4,0,4,0
B09CH9DZL9,"Rimmel, High'light Powder",413,1,237,1,650,2,0.01%,0.03%,0.03%,0.01%,0.03%,0.01%,657,2,361,1,"1,018",3,0.03%,0.02%,0.04%,0.01%,0.03%,0.01%,3.33%,0.00%,6,0,0.92%,0.00%,£35.76,£0.00,5,0,0,0,0.00%,0.00%,£29.79,£0.00,6,0,5,0
B09P1ZR9Z2,Max Factor Miracle Pure,"2,412",9,"1,336",19,"3,748",28,0.11%,0.15%,0.18%,0.26%,0.16%,0.18%,"3,041",18,"1,721",27,"4,762",45,0.15%,0.16%,0.18%,0.27%,0.16%,0.21%,1.90%,0.00%,5,0,0.13%,0.00%,£39.21,£0.00,5,0,0,0,0.00%,0.00%,£32.65,£0.00,5,0,5,0
B0C3G9J5Q8,Odyssey Mandarin Sky (100ml),"2,750",21,937,10,"3,687",31,0.25%,0.18%,0.13%,0.14%,0.16%,0.19%,"3,852",31,"1,301",12,"5,153",43,0.19%,0.28%,0.14%,0.12%,0.17%,0.20%,1.46%,0.00%,5,0,0.14%,0.00%,£113.23,£0.00,5,0,0,0,0.00%,0.00%,£96.78,£0.00,5,0,5,0
B0C5DZVGNB,"Rimmel 60 Seconds Nail Polish, Sky High",308,0,187,4,495,4,0.00%,0.02%,0.03%,0.05%,0.02%,0.03%,398,0,244,8,642,8,0.02%,0.00%,0.03%,0.08%,0.02%,0.04%,0.48%,0.00%,6,0,1.21%,0.00%,£33.30,£0.00,5,0,0,0,0.00%,0.00%,£33.57,£0.00,7,0,6,0
B0C6B3GV8K,L.A. Girl Pro.Conceal HD.high-definition Concealer Corrector,925,9,407,4,"1,332",13,0.11%,0.06%,0.06%,0.05%,0.06%,0.08%,"1,108",9,524,5,"1,632",14,0.05%,0.08%,0.06%,0.05%,0.05%,0.07%,7.61%,0.00%,5,0,0.38%,0.00%,£27.10,£0.00,5,0,0,0,0.00%,0.00%,£22.58,£0.00,5,0,5,0
B0CMT4G3MV,"Rimmel London Super Gel von Kate Moss Nagellack Duo Pack, Schatten 12, Soul Session, nude",76,1,31,0,107,1,0.01%,0.00%,0.00%,0.00%,0.00%,0.01%,85,1,38,0,123,1,0.00%,0.01%,0.00%,0.00%,0.00%,0.00%,26.72%,0.00%,5,0,4.67%,0.00%,£33.95,£0.00,5,0,0,0,0.00%,0.00%,£28.30,£0.00,5,0,5,0
B0CPXRCS1S,Stargazer Semi-Permanent Vegan Lip Stain Pen 1. Up To 12 Hour Creamy Matte Lip Colour With Reversible Nib,442,1,193,6,635,7,0.01%,0.03%,0.03%,0.08%,0.03%,0.04%,546,1,242,9,788,10,0.03%,0.01%,0.03%,0.09%,0.03%,0.05%,10.70%,71.43%,6,0,0.94%,0.00%,£26.94,£0.00,5,0,0,0,0.00%,0.00%,£22.44,£0.00,6,0,5,0
B0DP3GFVSJ, ,13,0,27,0,40,0,0.00%,0.00%,0.00%,0.00%,0.00%,0.00%,14,0,34,0,48,0,0.00%,0.00%,0.00%,0.00%,0.00%,0.00%,19.57%,0.00%,5,0,12.50%,0.00%,£30.72,£0.00,5,0,1,0,20.00%,0.00%,£25.59,£0.00,5,0,5,0
B0F8XF4BM6,"Rimmel London Lasting Finish Shimmers, Shade 903 Plum Pie, 1 Count (Pack of 1)",70,0,72,0,142,0,0.00%,0.00%,0.01%,0.00%,0.01%,0.00%,87,0,95,0,182,0,0.00%,0.00%,0.01%,0.00%,0.01%,0.00%,40.23%,0.00%,5,0,3.52%,0.00%,£29.95,£0.00,5,0,0,0,0.00%,0.00%,£24.95,£0.00,5,0,5,0
B0GSKC9ZFN,essie Gel Couture,"2,294",9,989,9,"3,283",18,0.11%,0.15%,0.14%,0.12%,0.14%,0.11%,"2,940",11,"1,306",22,"4,246",33,0.15%,0.10%,0.14%,0.22%,0.14%,0.15%,8.69%,10.00%,5,0,0.15%,0.00%,£48.36,£0.00,5,0,0,0,0.00%,0.00%,£40.28,£0.00,5,0,5,0
B0H3JHFT83,"L’Oréal Paris Magic Retouch Instant Root Concealer Spray, Quick Grey Coverage, Easy Application, Home, Salon Hair Dye or Hair Colour, Shade: Dark Blonde, 75ml","2,025",19,876,14,"2,901",33,0.22%,0.13%,0.12%,0.19%,0.13%,0.21%,"2,643",25,"1,128",21,"3,771",46,0.13%,0.22%,0.12%,0.21%,0.13%,0.22%,0.51%,0.00%,11,0,0.38%,0.00%,£93.83,£0.00,5,0,0,0,0.00%,0.00%,£78.21,£0.00,11,0,5,0
B0H3XW8FLM,"Rimmel  London, Wonder’Extension  Lash Extension Effect Mascara, 001 Very Black",217,3,112,1,329,4,0.04%,0.01%,0.02%,0.01%,0.01%,0.03%,264,3,143,1,407,4,0.01%,0.03%,0.02%,0.01%,0.01%,0.02%,2.33%,0.00%,6,0,1.82%,0.00%,£32.10,£0.00,5,0,0,0,0.00%,0.00%,£31.22,£0.00,7,0,7,0
B001P2PPBQ,Revlon Colorstay Overtime Dual Ended Lipcolor - 005 Infinite Raspberry,386,1,152,6,538,7,0.01%,0.02%,0.02%,0.08%,0.02%,0.04%,573,1,210,8,783,9,0.03%,0.01%,0.02%,0.08%,0.03%,0.04%,2.10%,20.00%,4,0,0.74%,0.00%,£44.68,£0.00,4,0,0,0,0.00%,0.00%,£26.74,£0.00,3,0,3,0
B002FOVE68,RED Glitter Hair Spray - Stargazer 75ml,21,0,6,1,27,1,0.00%,0.00%,0.00%,0.01%,0.00%,0.01%,26,0,6,1,32,1,0.00%,0.00%,0.00%,0.01%,0.00%,0.00%,53.33%,100.00%,9,6,33.33%,600.00%,£61.58,£37.73,4,1,0,0,0.00%,0.00%,£51.30,£31.44,9,6,4,1
B0034LQ8IK,Max Factor Lipfinity - 40 Vivacious,10,0,12,2,22,2,0.00%,0.00%,0.00%,0.03%,0.00%,0.01%,16,0,16,2,32,2,0.00%,0.00%,0.00%,0.02%,0.00%,0.01%,32.14%,0.00%,5,0,22.73%,0.00%,£48.10,£0.00,4,0,0,0,0.00%,0.00%,£40.07,£0.00,5,0,4,0
B00KG84ZP2,2 x Max Factor Lasting Performance Make-Up - Ivory Beige 101 35ml,17,0,27,0,44,0,0.00%,0.00%,0.00%,0.00%,0.00%,0.00%,19,0,37,0,56,0,0.00%,0.00%,0.00%,0.00%,0.00%,0.00%,44.00%,0.00%,5,0,11.36%,0.00%,£79.95,£0.00,4,0,0,0,0.00%,0.00%,£66.60,£0.00,5,0,4,0
B00NA0AIS6,Rimmel Lash Accelerator Endless Mascara,915,6,373,4,"1,288",10,0.07%,0.06%,0.05%,0.05%,0.06%,0.06%,"1,243",6,570,8,"1,813",14,0.06%,0.05%,0.06%,0.08%,0.06%,0.07%,0.89%,0.00%,4,0,0.31%,0.00%,£25.56,£0.00,4,0,0,0,0.00%,0.00%,£21.28,£0.00,4,0,4,0
B014AE59HU,Club De Nuit Woman (105ml),880,7,253,2,"1,133",9,0.08%,0.06%,0.03%,0.03%,0.05%,0.06%,"1,168",9,351,3,"1,519",12,0.06%,0.08%,0.04%,0.03%,0.05%,0.06%,2.34%,0.00%,4,0,0.35%,0.00%,£107.52,£0.00,4,0,0,0,0.00%,0.00%,£67.20,£0.00,3,0,3,0
B017DYXUO8,Technic Colour Fix Pressed Powder Bronze Palette - Bronzing Powders Contouring Palette,103,0,52,0,155,0,0.00%,0.01%,0.01%,0.00%,0.01%,0.00%,138,0,62,0,200,0,0.01%,0.00%,0.01%,0.00%,0.01%,0.00%,10.99%,0.00%,4,0,2.58%,0.00%,£16.19,£0.00,4,0,0,0,0.00%,0.00%,£13.50,£0.00,4,0,4,0
B0743CQJ7H,Max Factor Masterpiece High Definition Mascara,83,0,41,2,124,2,0.00%,0.01%,0.01%,0.03%,0.01%,0.01%,103,0,63,2,166,2,0.01%,0.00%,0.01%,0.02%,0.01%,0.01%,9.74%,50.00%,4,0,3.23%,0.00%,£22.20,£0.00,4,0,0,0,0.00%,0.00%,£23.10,£0.00,5,0,5,0
B079ZV34WX,Silcare Cuticle Oil Coconut Sea Blue 15ml,12,0,9,0,21,0,0.00%,0.00%,0.00%,0.00%,0.00%,0.00%,13,0,13,0,26,0,0.00%,0.00%,0.00%,0.00%,0.00%,0.00%,29.17%,0.00%,4,0,19.05%,0.00%,£19.16,£0.00,4,0,0,0,0.00%,0.00%,£15.96,£0.00,4,0,4,0
B07F44HT33,Maybelline Foundation Fit Me Matte & Poreless Lightweight 101 True Ivory,257,2,137,2,394,4,0.02%,0.02%,0.02%,0.03%,0.02%,0.03%,332,2,182,2,514,4,0.02%,0.02%,0.02%,0.02%,0.02%,0.02%,10.46%,0.00%,4,0,1.02%,0.00%,£27.60,£0.00,4,0,0,0,0.00%,0.00%,£23.00,£0.00,4,0,4,0
B07GGZB8G2,Rimmel London 60 Seconds Super Shine Nail Lacquer 210 Etherea,43,2,41,0,84,2,0.02%,0.00%,0.01%,0.00%,0.00%,0.01%,69,2,65,0,134,2,0.00%,0.02%,0.01%,0.00%,0.00%,0.01%,2.70%,0.00%,5,0,5.95%,0.00%,£32.45,£0.00,4,0,0,0,0.00%,0.00%,£27.05,£0.00,5,0,4,0
B07P6N4BVH,Grandmas Secret Sneaker Cleaner 16 oz,33,1,29,1,62,2,0.01%,0.00%,0.00%,0.01%,0.00%,0.01%,40,1,32,1,72,2,0.00%,0.01%,0.00%,0.01%,0.00%,0.01%,92.75%,0.00%,9,0,14.52%,0.00%,£170.91,£0.00,4,0,0,0,0.00%,0.00%,£142.44,£0.00,9,0,4,0
B083T3PPG5,"Wax Lyrical Reed Diffuser Home Fragrance - English Lavender, 40ml",136,1,96,2,232,3,0.01%,0.01%,0.01%,0.03%,0.01%,0.02%,160,1,123,2,283,3,0.01%,0.01%,0.01%,0.02%,0.01%,0.01%,16.60%,0.00%,7,3,3.02%,100.00%,£55.94,£23.98,4,1,0,0,0.00%,0.00%,£46.62,£19.98,7,3,4,1
B084S2DY49,Maybelline Concealer Instant Anti Age Eraser Eye Concealer,289,6,144,2,433,8,0.07%,0.02%,0.02%,0.03%,0.02%,0.05%,371,7,168,2,539,9,0.02%,0.06%,0.02%,0.02%,0.02%,0.04%,6.92%,33.33%,4,0,0.92%,0.00%,£35.94,£0.00,4,0,1,0,25.00%,0.00%,£37.52,£0.00,5,0,5,0
B08J4SK7GT,"Wax Lyrical Fired Earth Small Ceramic Candle, Green Tea & Bergamot",122,0,88,2,210,2,0.00%,0.01%,0.01%,0.03%,0.01%,0.01%,170,0,128,5,298,5,0.01%,0.00%,0.01%,0.05%,0.01%,0.02%,0.37%,0.00%,5,0,2.38%,0.00%,£55.25,£0.00,4,0,0,0,0.00%,0.00%,£46.05,£0.00,5,0,4,0
B08TX5DMST,"7th Heaven Superfood 24hr Hydration Extra Virgin Olive Oil Biodegradable Bamboo Sheet Mask to Cleanse Skin for Long Lasting Hydration - Ideal for All Skin Types, Green",78,2,84,0,162,2,0.02%,0.01%,0.01%,0.00%,0.01%,0.01%,95,2,107,0,202,2,0.00%,0.02%,0.01%,0.00%,0.01%,0.01%,16.13%,0.00%,9,0,5.56%,0.00%,£17.91,£0.00,4,0,0,0,0.00%,0.00%,£11.62,£0.00,7,0,3,0
B095KMYSW6,60 SECONDS super shine #810 8 ml,185,0,97,1,282,1,0.00%,0.01%,0.01%,0.01%,0.01%,0.01%,244,0,134,1,378,1,0.01%,0.00%,0.01%,0.01%,0.01%,0.00%,5.62%,100.00%,4,0,1.42%,0.00%,£21.96,£0.00,4,0,0,0,0.00%,0.00%,£13.72,£0.00,3,0,3,0
B099NRQ9KC,Technic Kajal Eye Crayon - Black,86,0,40,0,126,0,0.00%,0.01%,0.01%,0.00%,0.01%,0.00%,119,0,59,0,178,0,0.01%,0.00%,0.01%,0.00%,0.01%,0.00%,11.11%,0.00%,4,0,3.17%,0.00%,£11.76,£0.00,4,0,0,0,0.00%,0.00%,£9.80,£0.00,4,0,4,0
B0B4ZB7SJC,7th Heaven av2022-7th Heaven-with juiced aloe vera and pulped strawberries to moisturise and tone skin ideal for combination and dry skin-d53816f9,13,0,11,0,24,0,0.00%,0.00%,0.00%,0.00%,0.00%,0.00%,17,0,13,0,30,0,0.00%,0.00%,0.00%,0.00%,0.00%,0.00%,92.00%,0.00%,8,0,33.33%,0.00%,£15.92,£0.00,4,0,0,0,0.00%,0.00%,£13.28,£0.00,8,0,4,0
B0B5X9VNG2,"Sally Hansen Good Kind Pure Vegan Nail Polish, Powder Room, 10ml",913,6,666,27,"1,579",33,0.07%,0.06%,0.09%,0.37%,0.07%,0.21%,"1,214",6,925,36,"2,139",42,0.06%,0.05%,0.10%,0.36%,0.07%,0.20%,2.30%,0.00%,4,0,0.25%,0.00%,£31.80,£0.00,4,0,0,0,0.00%,0.00%,£26.48,£0.00,4,0,4,0
B0BBM6XT9F,"ARMAF Club De Nuit Intense Man Eau De Parfum, 30ml","1,400",11,591,10,"1,991",21,0.13%,0.09%,0.08%,0.14%,0.09%,0.13%,"1,947",13,810,23,"2,757",36,0.10%,0.12%,0.09%,0.23%,0.09%,0.17%,2.00%,12.50%,5,0,0.25%,0.00%,£129.95,£0.00,4,0,0,0,0.00%,0.00%,£86.64,£0.00,4,0,3,0
B0C339SQCW,"L'Oréal Paris Brow Artist Skinny Definer 3.0 BRUNETTE​, extra feiner Augenbrauenstift mit Bürste für präzises Auffüllen und Definieren von Brauen, 1 Stück",815,5,"3,728",16,"4,543",21,0.06%,0.05%,0.51%,0.22%,0.20%,0.13%,"1,164",12,"3,873",16,"5,037",28,0.06%,0.11%,0.41%,0.16%,0.17%,0.13%,2.01%,0.00%,5,0,0.11%,0.00%,£39.95,£0.00,4,0,0,0,0.00%,0.00%,£33.30,£0.00,5,0,4,0
B0DGGG76QS,Bourjois Small Round Blush Box 18 Pack Charming Red Lasts All Day Natural Look Rose Effect Long Lasting Pigments Easy to Fade Formula Light Texture 2.5g,19,0,22,1,41,1,0.00%,0.00%,0.00%,0.01%,0.00%,0.01%,24,0,26,1,50,1,0.00%,0.00%,0.00%,0.01%,0.00%,0.00%,90.20%,0.00%,4,0,9.76%,0.00%,£39.96,£0.00,4,0,0,0,0.00%,0.00%,£33.28,£0.00,4,0,4,0
B0FVF4FVYL,La Girl Corrector Hd Pro Conceal Natural,17,0,12,0,29,0,0.00%,0.00%,0.00%,0.00%,0.00%,0.00%,17,0,15,0,32,0,0.00%,0.00%,0.00%,0.00%,0.00%,0.00%,25.00%,0.00%,4,0,13.79%,0.00%,£23.96,£0.00,4,0,0,0,0.00%,0.00%,£19.96,£0.00,4,0,4,0
B0GH9ZF3KC,"L'Oréal Paris Infallible 24H More Than Concealer, Full-coverage, Longwear and Matte Finish, 330 Pecan","9,381",67,"9,504",52,"18,885",119,0.78%,0.60%,1.31%,0.71%,0.83%,0.75%,"12,856",97,"10,981",85,"23,837",182,0.63%,0.87%,1.15%,0.84%,0.80%,0.85%,0.44%,1.10%,4,0,0.02%,0.00%,£34.73,£0.00,4,0,0,0,0.00%,0.00%,£28.95,£0.00,4,0,4,0
B0H6WP73GK,Max Factor Lipfinity Lip Colour,61,1,40,0,101,1,0.01%,0.00%,0.01%,0.00%,0.00%,0.01%,74,1,55,0,129,1,0.00%,0.01%,0.01%,0.00%,0.00%,0.00%,16.67%,0.00%,5,0,4.95%,0.00%,£42.45,£0.00,4,0,0,0,0.00%,0.00%,£35.35,£0.00,5,0,4,0
B0H7K24Q8T,Rimmel Natural Bronzer,"15,597",69,"6,063",58,"21,660",127,0.81%,1.00%,0.83%,0.79%,0.95%,0.80%,"21,690",88,"8,656",78,"30,346",166,1.07%,0.79%,0.91%,0.77%,1.02%,0.78%,0.05%,1.52%,4,0,0.02%,0.00%,£20.80,£0.00,4,0,0,0,0.00%,0.00%,£17.32,£0.00,4,0,4,0
B0H99V8Y3M,Facefinity Compact Foundation,"1,740",4,933,9,"2,673",13,0.05%,0.11%,0.13%,0.12%,0.12%,0.08%,"2,193",5,"1,263",9,"3,456",14,0.11%,0.04%,0.13%,0.09%,0.12%,0.07%,0.51%,0.00%,4,0,0.15%,0.00%,£29.16,£0.00,4,0,0,0,0.00%,0.00%,£24.28,£0.00,4,0,4,0
B00155V8FA,"Schwarzkopf Igora Royal 5-0 Light Brown, 76 g",40,0,13,0,53,0,0.00%,0.00%,0.00%,0.00%,0.00%,0.00%,49,0,15,0,64,0,0.00%,0.00%,0.00%,0.00%,0.00%,0.00%,28.81%,0.00%,3,0,5.66%,0.00%,£29.97,£0.00,3,0,0,0,0.00%,0.00%,£24.96,£0.00,3,0,3,0
B008CO896I,Body Collection Lash Extreme Mascara,18,0,5,0,23,0,0.00%,0.00%,0.00%,0.00%,0.00%,0.00%,19,0,10,0,29,0,0.00%,0.00%,0.00%,0.00%,0.00%,0.00%,42.86%,0.00%,6,0,26.09%,0.00%,£17.70,£0.00,3,0,0,0,0.00%,0.00%,£14.76,£0.00,6,0,3,0
B00DZI4NFM,Technic Eyelash Glue 1ml Pack of 3,39,0,24,0,63,0,0.00%,0.00%,0.00%,0.00%,0.00%,0.00%,50,0,32,0,82,0,0.00%,0.00%,0.00%,0.00%,0.00%,0.00%,1.30%,0.00%,3,0,4.76%,0.00%,£10.08,£0.00,3,0,0,0,0.00%,0.00%,£5.62,£0.00,2,0,2,0
B00OCN4VTC,Technic Tip Top Nail Glue 7ml,40,0,26,0,66,0,0.00%,0.00%,0.00%,0.00%,0.00%,0.00%,60,0,36,0,96,0,0.00%,0.00%,0.00%,0.00%,0.00%,0.00%,3.33%,0.00%,3,0,4.55%,0.00%,£10.47,£0.00,3,0,0,0,0.00%,0.00%,£8.73,£0.00,3,0,3,0
B00SZRPFTQ,Technic Brow Gel Eyebrow Shaping Gel 8ml-Medium,21,0,23,0,44,0,0.00%,0.00%,0.00%,0.00%,0.00%,0.00%,43,0,27,0,70,0,0.00%,0.00%,0.00%,0.00%,0.00%,0.00%,22.81%,0.00%,4,0,9.09%,0.00%,£15.16,£0.00,3,0,0,0,0.00%,0.00%,£12.64,£0.00,4,0,3,0
B016Y0P6HG,3 Sachets of Montagne Jeunesse 7th Heaven Strawberry Souffle Moisturising & Purifying Face Mask 15ml for Dry & Combination Skin,3,0,1,0,4,0,0.00%,0.00%,0.00%,0.00%,0.00%,0.00%,3,0,1,0,4,0,0.00%,0.00%,0.00%,0.00%,0.00%,0.00%,75.00%,0.00%,3,0,75.00%,0.00%,£14.97,£0.00,3,0,0,0,0.00%,0.00%,£8.32,£0.00,2,0,2,0
B01GJ4N4DK,"essie Gel Couture Longlasting High Shine No UV Lamp Required Nail Polish Bright Hot Red Colour, Shade 270 Rock The Runway 13.5ml",43,0,25,0,68,0,0.00%,0.00%,0.00%,0.00%,0.00%,0.00%,52,0,30,0,82,0,0.00%,0.00%,0.00%,0.00%,0.00%,0.00%,20.00%,0.00%,3,0,4.41%,0.00%,£28.47,£0.00,3,0,0,0,0.00%,0.00%,£23.73,£0.00,3,0,3,0
B01JOY2RGW,Rimmel London Reloaded Scandaleyes Mascara,913,1,390,6,"1,303",7,0.01%,0.06%,0.05%,0.08%,0.06%,0.04%,"1,125",1,497,7,"1,622",8,0.06%,0.01%,0.05%,0.07%,0.05%,0.04%,0.13%,0.00%,3,0,0.23%,0.00%,£16.32,£0.00,3,0,0,0,0.00%,0.00%,£13.72,£0.00,3,0,3,0
B0752Z165N,"VICTORIA VYNN Nail Oil Care, 9ml - 5 Oils Complex for Nails & Cuticles - Natural Nourishment and Regeneration - Macadamia, Argan, Sweet Almond, Avocado, Jojoba",11,0,6,0,17,0,0.00%,0.00%,0.00%,0.00%,0.00%,0.00%,13,0,6,0,19,0,0.00%,0.00%,0.00%,0.00%,0.00%,0.00%,52.94%,0.00%,4,1,23.53%,0.00%,£33.81,£7.88,3,1,0,0,0.00%,0.00%,£28.17,£6.57,4,1,3,1
B07DSWJLJ1,"L'Oreal Paris Foundation, Infallible 32H Fresh Wear Foundation, longwear coverage, Radiant finish, Water, Sweat and Heat Resistant, Shade 125 Natural Beige, 9g","1,114",4,357,2,"1,471",6,0.05%,0.07%,0.05%,0.03%,0.06%,0.04%,"1,582",4,477,2,"2,059",6,0.08%,0.04%,0.05%,0.02%,0.07%,0.03%,0.15%,0.00%,3,0,0.20%,0.00%,£47.85,£0.00,3,0,0,0,0.00%,0.00%,£39.87,£0.00,3,0,3,0
B07NTKFR58,Rimmel 60 Seconds Super Shine Colour Block Nail Polish - Ultra Shine and Long Lasting - Quick Drying,170,1,136,2,306,3,0.01%,0.01%,0.02%,0.03%,0.01%,0.02%,221,1,187,2,408,3,0.01%,0.01%,0.02%,0.02%,0.01%,0.01%,16.84%,0.00%,3,0,0.98%,0.00%,£12.37,£0.00,3,0,0,0,0.00%,0.00%,£10.30,£0.00,3,0,3,0
B0843CF8YM,"Wax Lyrical Reed Diffuser Home Fragrance Refill - English Lavender, 200ml","1,485",12,897,14,"2,382",26,0.14%,0.10%,0.12%,0.19%,0.10%,0.16%,"2,052",18,"1,257",17,"3,309",35,0.10%,0.16%,0.13%,0.17%,0.11%,0.16%,0.14%,0.00%,4,0,0.17%,0.00%,£42.82,£0.00,3,0,0,0,0.00%,0.00%,£46.05,£0.00,5,0,4,0
B0843CMCNT,Wax Lyrical Fresh Linen Reed Diffuser Refill - 200ml | Uplifting Scent of Freshly Washed Linen | Made in England,"1,335",10,593,30,"1,928",40,0.12%,0.09%,0.08%,0.41%,0.08%,0.25%,"1,725",13,793,52,"2,518",65,0.09%,0.12%,0.08%,0.51%,0.08%,0.30%,0.09%,1.82%,4,2,0.21%,5.00%,£44.20,£22.10,3,1,0,0,0.00%,0.00%,£36.84,£18.42,4,2,3,1
B08GSPFHZ2,"7th Heaven Oil Absorb Pore De-clog & StarDust Celestial Pink Opal Peel-Off face mask, 10ml",8,0,9,0,17,0,0.00%,0.00%,0.00%,0.00%,0.00%,0.00%,17,0,10,0,27,0,0.00%,0.00%,0.00%,0.00%,0.00%,0.00%,96.00%,0.00%,4,0,23.53%,0.00%,£7.96,£0.00,3,0,0,0,0.00%,0.00%,£6.64,£0.00,4,0,3,0
B08ZM66MYJ,Silcare Gel Base One Clear 100g,17,0,7,0,24,0,0.00%,0.00%,0.00%,0.00%,0.00%,0.00%,29,0,7,0,36,0,0.00%,0.00%,0.00%,0.00%,0.00%,0.00%,32.35%,0.00%,7,0,29.17%,0.00%,£115.43,£0.00,3,0,1,0,14.29%,0.00%,£96.18,£0.00,7,0,3,0
B0968M98RB,Stay Matte Liquid Lip,906,14,370,3,"1,276",17,0.16%,0.06%,0.05%,0.04%,0.06%,0.11%,"1,170",22,488,4,"1,658",26,0.06%,0.20%,0.05%,0.04%,0.06%,0.12%,3.09%,0.00%,3,0,0.24%,0.00%,£13.49,£0.00,3,0,0,0,0.00%,0.00%,£7.99,£0.00,2,0,2,0
B0B519G2QJ,Maybelline New York Lifter Gloss-,968,10,426,9,"1,394",19,0.12%,0.06%,0.06%,0.12%,0.06%,0.12%,"1,334",19,621,13,"1,955",32,0.07%,0.17%,0.07%,0.13%,0.07%,0.15%,0.43%,20.00%,3,1,0.22%,5.26%,£18.87,£6.29,3,1,0,0,0.00%,0.00%,£15.72,£5.24,3,1,3,1
B0BCGW2749,60 Seconds Super Shine #151-tan Lines & Good Times 8 ml,130,0,73,0,203,0,0.00%,0.01%,0.01%,0.00%,0.01%,0.00%,164,0,80,0,244,0,0.01%,0.00%,0.01%,0.00%,0.01%,0.00%,7.52%,0.00%,3,0,1.48%,0.00%,£20.96,£0.00,3,0,1,0,33.33%,0.00%,£17.46,£0.00,3,0,3,0
B0BGYQ3NCB,Rimmel London Kind and Free Clean Nail Polish 8ml,"8,778",28,"3,202",57,"11,980",85,0.33%,0.56%,0.44%,0.78%,0.52%,0.53%,"10,546",30,"4,084",70,"14,630",100,0.52%,0.27%,0.43%,0.69%,0.49%,0.47%,0.09%,0.00%,3,0,0.03%,0.00%,£15.98,£0.00,3,0,0,0,0.00%,0.00%,£14.22,£0.00,3,0,3,0
B0BQZ72PR3,"ARMAF Club De Nuit Iconic Eau De Parfum, 105ml","1,983",11,769,6,"2,752",17,0.13%,0.13%,0.11%,0.08%,0.12%,0.11%,"2,847",12,"1,059",6,"3,906",18,0.14%,0.11%,0.11%,0.06%,0.13%,0.08%,1.36%,0.00%,3,0,0.11%,0.00%,£107.96,£0.00,3,0,1,0,33.33%,0.00%,£95.96,£0.00,3,0,3,0
B0BXHJFWKY,Maybelline New York Tattoo Liner Gel Pencil Eyeliner - 911 | Smooth Walnut,"2,600",16,"1,188",21,"3,788",37,0.19%,0.17%,0.16%,0.29%,0.17%,0.23%,"3,677",23,"1,632",28,"5,309",51,0.18%,0.21%,0.17%,0.28%,0.18%,0.24%,0.06%,0.00%,3,0,0.08%,0.00%,£21.61,£0.00,3,0,1,0,33.33%,0.00%,£18.00,£0.00,3,0,3,0
B0C5F367WN,"Bourjois Rouge Velvet The Lipstick Bullet Lipstick 12 Brunette Browns, 2.4g, 29166438012",349,1,226,4,575,5,0.01%,0.02%,0.03%,0.05%,0.03%,0.03%,486,1,330,4,816,5,0.02%,0.01%,0.03%,0.04%,0.03%,0.02%,5.22%,0.00%,3,0,0.52%,0.00%,£26.97,£0.00,3,0,0,0,0.00%,0.00%,£22.47,£0.00,3,0,3,0
B0C8BWNSWS,"Rimmel London Soft Kohl Kajal Professional Eye Liner Pencil, Jet Black",203,0,124,0,327,0,0.00%,0.01%,0.02%,0.00%,0.01%,0.00%,267,0,161,0,428,0,0.01%,0.00%,0.02%,0.00%,0.01%,0.00%,1.53%,0.00%,3,0,0.92%,0.00%,£8.82,£0.00,3,0,0,0,0.00%,0.00%,£11.40,£0.00,4,0,4,0
B0CFDQV21Z,Revlon Revlon Colorstay Full Cover Foundation,"3,036",20,"1,192",16,"4,228",36,0.23%,0.20%,0.16%,0.22%,0.19%,0.23%,"4,191",23,"1,638",23,"5,829",46,0.21%,0.21%,0.17%,0.23%,0.20%,0.22%,0.02%,0.00%,3,0,0.07%,0.00%,£26.56,£0.00,3,0,0,0,0.00%,0.00%,£25.07,£0.00,3,0,3,0
B0CLHD2M9Z,3 x Revlon Super Lustrous Crème Lipstick 4.2g,34,1,10,0,44,1,0.01%,0.00%,0.00%,0.00%,0.00%,0.01%,36,1,11,0,47,1,0.00%,0.01%,0.00%,0.00%,0.00%,0.00%,56.52%,0.00%,14,0,31.82%,0.00%,£93.20,£0.00,3,0,0,0,0.00%,0.00%,£77.69,£0.00,14,0,3,0
B0CLKBBN74,Stargazer Eye Shadow Pen - Black | Cream Eyeshadow Stick | Long Lasting Blendable Colour | Smooth Glide Application,161,0,78,0,239,0,0.00%,0.01%,0.01%,0.00%,0.01%,0.00%,195,0,95,0,290,0,0.01%,0.00%,0.01%,0.00%,0.01%,0.00%,9.40%,0.00%,3,0,1.26%,0.00%,£9.95,£0.00,3,0,0,0,0.00%,0.00%,£8.30,£0.00,3,0,3,0
B0CM32QXDL,"Wax Lyrical Fresh Linen, 40ml Reed Diffuser",892,6,454,22,"1,346",28,0.07%,0.06%,0.06%,0.30%,0.06%,0.18%,"1,188",6,632,32,"1,820",38,0.06%,0.05%,0.07%,0.32%,0.06%,0.18%,0.86%,3.70%,3,0,0.22%,0.00%,£23.85,£0.00,3,0,0,0,0.00%,0.00%,£19.86,£0.00,3,0,3,0
B0DTFTG266,Fired Earth Black Tea & Jasmine Ceramic Candle,15,0,5,0,20,0,0.00%,0.00%,0.00%,0.00%,0.00%,0.00%,24,0,6,0,30,0,0.00%,0.00%,0.00%,0.00%,0.00%,0.00%,69.23%,0.00%,3,0,15.00%,0.00%,£74.22,£0.00,3,0,0,0,0.00%,0.00%,£61.86,£0.00,3,0,3,0
B0H3JTBTGJ,"Rimmel London Radiance Shimmer Brick Pressed Bronzer, Light-As-Air Contouring Formula, 001 Light, 12 g","1,243",9,339,3,"1,582",12,0.11%,0.08%,0.05%,0.04%,0.07%,0.08%,"1,534",12,474,3,"2,008",15,0.08%,0.11%,0.05%,0.03%,0.07%,0.07%,1.07%,33.33%,3,1,0.19%,8.33%,£15.14,£4.94,3,1,0,0,0.00%,0.00%,£8.47,£4.12,2,1,2,1
B0H3Y2PZTS,"Maybelline Colossal Curl Bounce Mascara, Big Bouncy Curl Volume, Up To 24 Hour Wear, Clump Free, Black",151,0,87,4,238,4,0.00%,0.01%,0.01%,0.05%,0.01%,0.03%,212,0,103,6,315,6,0.01%,0.00%,0.01%,0.06%,0.01%,0.03%,8.78%,0.00%,3,0,1.26%,0.00%,£24.90,£0.00,3,0,0,0,0.00%,0.00%,£20.76,£0.00,3,0,3,0
B0H4L535S5,"essence LONG-LASTING eye pencil, longlasting, defining (0.28g)",29,0,31,0,60,0,0.00%,0.00%,0.00%,0.00%,0.00%,0.00%,39,0,35,0,74,0,0.00%,0.00%,0.00%,0.00%,0.00%,0.00%,21.62%,0.00%,3,0,5.00%,0.00%,£13.50,£0.00,3,0,0,0,0.00%,0.00%,£11.25,£0.00,3,0,3,0
B0HD97PH8G,Victoria Vynn Build Gel UV/LED 15ml,193,2,73,3,266,5,0.02%,0.01%,0.01%,0.04%,0.01%,0.03%,273,2,106,4,379,6,0.01%,0.02%,0.01%,0.04%,0.01%,0.03%,1.99%,0.00%,3,0,1.13%,0.00%,£23.85,£0.00,3,0,0,0,0.00%,0.00%,£19.86,£0.00,3,0,3,0
B0052Z82K8,Rimmel Professional Eyebrow Dark Brown,213,0,90,0,303,0,0.00%,0.01%,0.01%,0.00%,0.01%,0.00%,263,0,129,0,392,0,0.01%,0.00%,0.01%,0.00%,0.01%,0.00%,0.00%,0.00%,2,0,0.66%,0.00%,£7.98,£0.00,2,0,0,0,0.00%,0.00%,£3.32,£0.00,1,0,1,0
B00BLHY5RA,"Elizabeth Arden Visible Difference Good Morning Retexturizing Primer, 0.5 oz",6,0,10,0,16,0,0.00%,0.00%,0.00%,0.00%,0.00%,0.00%,8,0,13,0,21,0,0.00%,0.00%,0.00%,0.00%,0.00%,0.00%,73.68%,0.00%,3,0,18.75%,0.00%,£93.00,£0.00,2,0,0,0,0.00%,0.00%,£77.49,£0.00,3,0,2,0
B00JWN8VCU,Stargazer Neon Glow In UV Lipstick - Neon Pink,7,0,3,0,10,0,0.00%,0.00%,0.00%,0.00%,0.00%,0.00%,13,0,4,0,17,0,0.00%,0.00%,0.00%,0.00%,0.00%,0.00%,85.71%,0.00%,4,0,40.00%,0.00%,£19.16,£0.00,2,0,0,0,0.00%,0.00%,£15.96,£0.00,4,0,2,0
B00KW64VH0,Maybelline New York Maybelline New York Abdeckstift Fit Me Concealer Für Makellose Haut Alle Hauttypen 6 8 Ml,"5,714",21,"2,650",16,"8,364",37,0.25%,0.37%,0.36%,0.22%,0.37%,0.23%,"7,000",23,"3,409",17,"10,409",40,0.35%,0.21%,0.36%,0.17%,0.35%,0.19%,0.19%,0.00%,2,0,0.02%,0.00%,£13.30,£0.00,2,0,0,0,0.00%,0.00%,£11.08,£0.00,2,0,2,0
B00VTOC5GS,"Rimmel London Wonder'full Mascara with Argan Oil, 12 ml",343,7,183,2,526,9,0.08%,0.02%,0.03%,0.03%,0.02%,0.06%,449,8,255,2,704,10,0.02%,0.07%,0.03%,0.02%,0.02%,0.05%,0.59%,0.00%,2,0,0.38%,0.00%,£11.69,£0.00,2,0,0,0,0.00%,0.00%,£9.74,£0.00,2,0,2,0
B01FK0V2WE,Silcare Cuticle Oil Mango Orange 15ml,8,0,1,0,9,0,0.00%,0.00%,0.00%,0.00%,0.00%,0.00%,17,0,1,0,18,0,0.00%,0.00%,0.00%,0.00%,0.00%,0.00%,82.35%,0.00%,2,0,22.22%,0.00%,£7.90,£0.00,2,0,1,0,50.00%,0.00%,£6.58,£0.00,2,0,2,0
B01GR1T5K6,Rimmel Wonder'full Mascara With Argan Oil - 003 Extreme Black 11ml by BeautyCenter,6,0,11,0,17,0,0.00%,0.00%,0.00%,0.00%,0.00%,0.00%,7,0,11,0,18,0,0.00%,0.00%,0.00%,0.00%,0.00%,0.00%,26.32%,0.00%,2,0,11.76%,0.00%,£13.72,£0.00,2,0,0,0,0.00%,0.00%,£11.44,£0.00,2,0,2,0
B01HQHC1HY,7th Heaven Foot Smooth Heels 2x7ml,34,0,20,0,54,0,0.00%,0.00%,0.00%,0.00%,0.00%,0.00%,42,0,22,0,64,0,0.00%,0.00%,0.00%,0.00%,0.00%,0.00%,21.67%,0.00%,2,0,3.70%,0.00%,£3.70,£0.00,2,0,0,0,0.00%,0.00%,£3.08,£0.00,2,0,2,0
B01KLXGHPW,"Bourjois 1 Seconde Nail Enamel Number 57, Kakidyllic",179,0,122,1,301,1,0.00%,0.01%,0.02%,0.01%,0.01%,0.01%,222,0,160,1,382,1,0.01%,0.00%,0.02%,0.01%,0.01%,0.00%,18.11%,100.00%,2,0,0.66%,0.00%,£14.94,£0.00,2,0,0,0,0.00%,0.00%,£12.45,£0.00,2,0,2,0
B01LYC8071,Technic Lipstick With Added Vitamin E,35,0,36,1,71,1,0.00%,0.00%,0.00%,0.01%,0.00%,0.01%,52,0,56,1,108,1,0.00%,0.00%,0.01%,0.01%,0.00%,0.00%,12.22%,0.00%,2,0,2.82%,0.00%,£6.70,£0.00,2,0,0,0,0.00%,0.00%,£5.58,£0.00,2,0,2,0
B06XKD1PNH,"L’Oreal Magic Retouch Medium Iced Brown temporary instant root concealer spray, use with home or salon hair dye or hair colour, perfectly conceals grey hair with easy application, 75ml",26,0,16,0,42,0,0.00%,0.00%,0.00%,0.00%,0.00%,0.00%,31,0,20,0,51,0,0.00%,0.00%,0.00%,0.00%,0.00%,0.00%,12.50%,0.00%,3,0,7.14%,0.00%,£26.97,£0.00,2,0,0,0,0.00%,0.00%,£0.00,£0.00,0,0,0,0
B06Y5W8Q4H,Technic Eyebrow Gel - Black,48,1,30,0,78,1,0.01%,0.00%,0.00%,0.00%,0.00%,0.01%,52,1,38,0,90,1,0.00%,0.01%,0.00%,0.00%,0.00%,0.00%,12.64%,0.00%,2,0,2.56%,0.00%,£5.50,£0.00,2,0,0,0,0.00%,0.00%,£4.58,£0.00,2,0,2,0
B074N54W3S,RIMMEL LONDON Stay Matte Long Lasting Pressed Powder - Natural,461,2,216,0,677,2,0.02%,0.03%,0.03%,0.00%,0.03%,0.01%,541,2,258,0,799,2,0.03%,0.02%,0.03%,0.00%,0.03%,0.01%,2.84%,0.00%,2,0,0.30%,0.00%,£9.96,£0.00,2,0,0,0,0.00%,0.00%,£4.15,£0.00,1,0,1,0
B075FJGVXV,Sally Hansen Miracle Gel Top Coat,"1,577",3,830,7,"2,407",10,0.04%,0.10%,0.11%,0.10%,0.11%,0.06%,"2,019",4,"1,073",8,"3,092",12,0.10%,0.04%,0.11%,0.08%,0.10%,0.06%,1.13%,0.00%,2,0,0.08%,0.00%,£15.98,£0.00,2,0,0,0,0.00%,0.00%,£13.32,£0.00,2,0,2,0
B077ZWD8NT,Technic Define & Highlight Duo Contour Kit Bronzer & Highlight Powder 5.5 g,257,5,102,0,359,5,0.06%,0.02%,0.01%,0.00%,0.02%,0.03%,332,5,166,0,498,5,0.02%,0.04%,0.02%,0.00%,0.02%,0.02%,2.29%,0.00%,2,0,0.56%,0.00%,£7.98,£0.00,2,0,0,0,0.00%,0.00%,£6.64,£0.00,2,0,2,0
B079LZKQJ7,Max Factor,36,0,24,2,60,2,0.00%,0.00%,0.00%,0.03%,0.00%,0.01%,50,0,40,4,90,4,0.00%,0.00%,0.00%,0.04%,0.00%,0.02%,0.00%,0.00%,3,0,5.00%,0.00%,£28.47,£0.00,2,0,0,0,0.00%,0.00%,£15.82,£0.00,2,0,2,0
B07B3SB3TM,Silcare UV Nail Gel Finishing Wipe Sticky Residue Remover Cleanser Cleaner 100ml,14,0,3,0,17,0,0.00%,0.00%,0.00%,0.00%,0.00%,0.00%,15,0,3,0,18,0,0.00%,0.00%,0.00%,0.00%,0.00%,0.00%,23.53%,0.00%,2,0,11.76%,0.00%,£11.90,£0.00,2,0,0,0,0.00%,0.00%,£9.92,£0.00,2,0,2,0
B07H7KTWZQ,Victoria Vynn UV Led Nail Gel Polish Pure Creamy Hybrid Manicure Soak Off 8ml 015 by Roxie Cosmetics,7,0,0,0,7,0,0.00%,0.00%,0.00%,0.00%,0.00%,0.00%,10,0,0,0,10,0,0.00%,0.00%,0.00%,0.00%,0.00%,0.00%,50.00%,0.00%,2,0,28.57%,0.00%,£13.20,£0.00,2,0,0,0,0.00%,0.00%,£11.00,£0.00,2,0,2,0
B07ND67RC2,"Sally Hansen Miracle Gel Top Coat No Artificial UV Light, Sealing Gel Top Coat, Glossy, with Gel Finish, Clear, (1 x 14.7 ml)",322,2,160,1,482,3,0.02%,0.02%,0.02%,0.01%,0.02%,0.02%,392,2,203,1,595,3,0.02%,0.02%,0.02%,0.01%,0.02%,0.01%,1.84%,0.00%,2,0,0.41%,0.00%,£19.90,£0.00,2,0,0,0,0.00%,0.00%,£16.58,£0.00,2,0,2,0
B081QNY693,"7th Heaven Pink Oxygen Bubble Sheet Mask with Refreshing Grapefruit and Detoxifying Oxygen Bubbles for Quick Cleansing Hydration - Ideal for Normal, Combination and Dry Skin, 10ml",7,0,5,0,12,0,0.00%,0.00%,0.00%,0.00%,0.00%,0.00%,12,0,6,0,18,0,0.00%,0.00%,0.00%,0.00%,0.00%,0.00%,33.33%,0.00%,2,0,16.67%,0.00%,£3.96,£0.00,2,0,0,0,0.00%,0.00%,£3.30,£0.00,2,0,2,0
B08379ZWS5,"Technic Twist Up Retractable Kohl Eyeliner Pencil - Black, Vegan",236,1,112,3,348,4,0.01%,0.02%,0.02%,0.04%,0.02%,0.03%,311,1,150,3,461,4,0.02%,0.01%,0.02%,0.03%,0.02%,0.02%,0.47%,0.00%,2,0,0.57%,0.00%,£6.58,£0.00,2,0,0,0,0.00%,0.00%,£6.03,£0.00,2,0,2,0
B0837B591D,Technic Hot Foil Oogschaduw Eye Shadow Palette,26,1,13,1,39,2,0.01%,0.00%,0.00%,0.01%,0.00%,0.01%,51,2,19,2,70,4,0.00%,0.02%,0.00%,0.02%,0.00%,0.02%,22.95%,0.00%,2,0,5.13%,0.00%,£12.00,£0.00,2,0,0,0,0.00%,0.00%,£10.00,£0.00,2,0,2,0
B084LFM6HT,"Maybelline New York Mascara Volum'Express, The Colossal, 100% Black, 3 x 10,7 ml","2,665",16,"1,278",13,"3,943",29,0.19%,0.17%,0.18%,0.18%,0.17%,0.18%,"3,603",24,"1,731",21,"5,334",45,0.18%,0.21%,0.18%,0.21%,0.18%,0.21%,0.14%,0.00%,3,0,0.08%,0.00%,£18.87,£0.00,2,0,0,0,0.00%,0.00%,£17.16,£0.00,3,0,2,0
B086BGM193,Sally Hansen Miracle Gel Nail Polish At-Home Gel Manicure,"3,094",14,"1,424",14,"4,518",28,0.16%,0.20%,0.20%,0.19%,0.20%,0.18%,"3,603",15,"1,709",17,"5,312",32,0.18%,0.13%,0.18%,0.17%,0.18%,0.15%,1.49%,6.67%,2,0,0.04%,0.00%,£24.18,£0.00,2,0,0,0,0.00%,0.00%,£20.14,£0.00,2,0,2,0
B088CLHPQQ,Sally Hansen Insta-Dri 1 Stroke-1 Coat-Done. Nail Polish,"1,004",3,384,3,"1,388",6,0.04%,0.06%,0.05%,0.04%,0.06%,0.04%,"1,144",3,463,4,"1,607",7,0.06%,0.03%,0.05%,0.04%,0.05%,0.03%,1.08%,50.00%,51,50,3.67%,833.33%,£251.65,£247.20,2,1,2,2,3.92%,4.00%,£209.71,£206.00,51,50,2,1
B08KJBQCS7,Technic Eye Canvas Eyeshadow Base (Medium),13,0,4,0,17,0,0.00%,0.00%,0.00%,0.00%,0.00%,0.00%,19,0,4,0,23,0,0.00%,0.00%,0.00%,0.00%,0.00%,0.00%,23.81%,0.00%,3,0,17.65%,0.00%,£8.96,£0.00,2,0,0,0,0.00%,0.00%,£7.46,£0.00,3,0,2,0
B08PDYCF78,"Revlon Colorstay Lip Liner, Nude, 0.28 g",11,1,6,0,17,1,0.01%,0.00%,0.00%,0.00%,0.00%,0.01%,14,1,7,0,21,1,0.00%,0.01%,0.00%,0.00%,0.00%,0.00%,57.14%,0.00%,2,0,11.76%,0.00%,£12.90,£0.00,2,0,0,0,0.00%,0.00%,£10.74,£0.00,2,0,2,0
B08XGJF698,VICTORIA VYNN Pure Creamy Hybrid 189 Truffle Brown,5,0,1,0,6,0,0.00%,0.00%,0.00%,0.00%,0.00%,0.00%,6,0,1,0,7,0,0.00%,0.00%,0.00%,0.00%,0.00%,0.00%,57.14%,0.00%,2,0,33.33%,0.00%,£19.98,£0.00,2,0,0,0,0.00%,0.00%,£16.64,£0.00,2,0,2,0
B09K7ZX362,"BOURJOIS 99350090358 Beauty Care Palette Volume Glamour Cheeky 02 for Adults, Ideal for Daily Beauty and Care",33,0,12,0,45,0,0.00%,0.00%,0.00%,0.00%,0.00%,0.00%,36,0,15,0,51,0,0.00%,0.00%,0.00%,0.00%,0.00%,0.00%,94.00%,0.00%,2,0,4.44%,0.00%,£33.98,£0.00,2,0,0,0,0.00%,0.00%,£28.32,£0.00,2,0,2,0
B09L53NPRW,Technic Conceal and Blend Full Coverage Concealer with Blending Sponge - MEDIUM,14,0,6,0,20,0,0.00%,0.00%,0.00%,0.00%,0.00%,0.00%,21,0,11,0,32,0,0.00%,0.00%,0.00%,0.00%,0.00%,0.00%,41.94%,0.00%,3,0,15.00%,0.00%,£20.97,£0.00,2,0,1,0,33.33%,0.00%,£17.46,£0.00,3,0,2,0
B0BX3635ZB,Bourjois Liner With Felt Tip,136,0,90,5,226,5,0.00%,0.01%,0.01%,0.07%,0.01%,0.03%,169,0,116,11,285,11,0.01%,0.00%,0.01%,0.11%,0.01%,0.05%,3.20%,0.00%,2,0,0.88%,0.00%,£9.96,£0.00,2,0,0,0,0.00%,0.00%,£12.45,£0.00,3,0,3,0
B0C5D3DHRY,Revlon Colorstay Envy No. 220 in the Money Gel Nail Polish 11.7 ml,12,0,10,0,22,0,0.00%,0.00%,0.00%,0.00%,0.00%,0.00%,12,0,11,0,23,0,0.00%,0.00%,0.00%,0.00%,0.00%,0.00%,91.30%,0.00%,2,0,9.09%,0.00%,£19.98,£0.00,2,0,0,0,0.00%,0.00%,£16.64,£0.00,2,0,2,0
B0CDP9V9MK,VICTORIA VYNN BUILD GEL UV/LED,"1,025",13,268,14,"1,293",27,0.15%,0.07%,0.04%,0.19%,0.06%,0.17%,"1,378",16,383,19,"1,761",35,0.07%,0.14%,0.04%,0.19%,0.06%,0.16%,2.51%,25.00%,2,1,0.15%,3.70%,£35.51,£15.52,2,1,0,0,0.00%,0.00%,£29.59,£0.00,2,0,2,0
B0CLGFPL45,Max Factor Miracle Second Skin Foundation LSF 20,"1,170",4,554,4,"1,724",8,0.05%,0.08%,0.08%,0.05%,0.08%,0.05%,"1,545",5,760,4,"2,305",9,0.08%,0.04%,0.08%,0.04%,0.08%,0.04%,0.91%,0.00%,4,0,0.23%,0.00%,£32.86,£0.00,2,0,0,0,0.00%,0.00%,£27.38,£0.00,4,0,2,0
B0CNKGFTSF,"Max Factor Masterpiece Nude Palette Contouring Eye Shadows, 6.5 g, 1 Cappuccino Nudes",87,0,55,1,142,1,0.00%,0.01%,0.01%,0.01%,0.01%,0.01%,104,0,70,1,174,1,0.01%,0.00%,0.01%,0.01%,0.01%,0.00%,32.14%,0.00%,2,0,1.41%,0.00%,£27.98,£0.00,2,0,0,0,0.00%,0.00%,£11.66,£0.00,1,0,1,0
B0CQ31WJ5P,L'Oréal Paris Men Expert Serum Vitamin C Shot Brightening Refreshes 30ml,71,1,28,0,99,1,0.01%,0.00%,0.00%,0.00%,0.00%,0.01%,108,1,36,0,144,1,0.01%,0.01%,0.00%,0.00%,0.00%,0.00%,3.28%,0.00%,3,0,3.03%,0.00%,£38.37,£0.00,2,0,0,0,0.00%,0.00%,£31.98,£0.00,3,0,2,0
B0D2Y93LLZ,Macximal Silky Matte - Diva by MAC for Women - 0.11 oz Lipstick,35,0,23,2,58,2,0.00%,0.00%,0.00%,0.03%,0.00%,0.01%,60,0,31,2,91,2,0.00%,0.00%,0.00%,0.02%,0.00%,0.01%,0.00%,0.00%,2,0,3.45%,0.00%,£49.00,£0.00,2,0,0,0,0.00%,0.00%,£40.84,£0.00,2,0,2,0
B0DF5G6M6Q,"Bourjois Pencils Contour Clubbing Waterproof 46 Bleu Néon, Pack of 1",6,0,3,0,9,0,0.00%,0.00%,0.00%,0.00%,0.00%,0.00%,6,0,3,0,9,0,0.00%,0.00%,0.00%,0.00%,0.00%,0.00%,55.56%,0.00%,2,0,22.22%,0.00%,£9.96,£0.00,2,0,0,0,0.00%,0.00%,£8.30,£0.00,2,0,2,0
B0DX3RSWR2,"Bourjois Rouge Edition Bullet Lipstick 4 Rose Tweed Pinks, 3.5g",3,0,2,0,5,0,0.00%,0.00%,0.00%,0.00%,0.00%,0.00%,5,0,4,0,9,0,0.00%,0.00%,0.00%,0.00%,0.00%,0.00%,87.50%,0.00%,5,0,100.00%,0.00%,£23.75,£0.00,2,0,0,0,0.00%,0.00%,£19.80,£0.00,5,0,2,0
B0F9JB2SL3,Bourjois,17,0,11,0,28,0,0.00%,0.00%,0.00%,0.00%,0.00%,0.00%,21,0,13,0,34,0,0.00%,0.00%,0.00%,0.00%,0.00%,0.00%,90.63%,0.00%,2,0,7.14%,0.00%,£17.98,£0.00,2,0,0,0,0.00%,0.00%,£14.98,£0.00,2,0,2,0
B0GHZQQQ2D,"Maybelline Instant Anti-Age Eraser Eye Concealer for Face, Dark Circles, Blemish & Fine Lines Concealer, Full Coverage, Dermatologist Tested, Suitable for Sensitive Skin, Shade: 02 Nude","96,279",455,"45,632",304,"141,911",759,5.31%,6.19%,6.28%,4.15%,6.22%,4.77%,"124,233",585,"58,281",409,"182,514",994,6.13%,5.23%,6.12%,4.04%,6.13%,4.66%,0.01%,0.00%,2,0,0.00%,0.00%,£16.14,£0.00,2,0,0,0,0.00%,0.00%,£7.21,£0.00,1,0,1,0
B0GQZPY3QY,Max Factor,"1,062",4,478,10,"1,540",14,0.05%,0.07%,0.07%,0.14%,0.07%,0.09%,"1,347",4,605,12,"1,952",16,0.07%,0.04%,0.06%,0.12%,0.07%,0.08%,0.95%,0.00%,2,0,0.13%,0.00%,£13.33,£0.00,2,0,0,0,0.00%,0.00%,£12.27,£0.00,2,0,2,0
B0GVLVM2BB,"Bourjois Java Reis Loses Pulver Transluzent Universal Clear, 3.5g",215,0,142,2,357,2,0.00%,0.01%,0.02%,0.03%,0.02%,0.01%,270,0,179,3,449,3,0.01%,0.00%,0.02%,0.03%,0.02%,0.01%,0.25%,0.00%,2,0,0.56%,0.00%,£17.90,£0.00,2,0,0,0,0.00%,0.00%,£7.46,£0.00,1,0,1,0
B0H25GBWP8,Bourjois Little Round Pot Eye Rg Rlaunch 2.5Ml 2 20Iv,96,0,94,4,190,4,0.00%,0.01%,0.01%,0.05%,0.01%,0.03%,126,0,126,11,252,11,0.01%,0.00%,0.01%,0.11%,0.01%,0.05%,16.67%,100.00%,3,0,1.58%,0.00%,£21.73,£0.00,2,0,0,0,0.00%,0.00%,£18.10,£0.00,3,0,2,0
B0H3P3M4V8,"Max Factor Nailfinity Gel, Fb. 200",170,0,133,0,303,0,0.00%,0.01%,0.02%,0.00%,0.01%,0.00%,210,0,177,0,387,0,0.01%,0.00%,0.02%,0.00%,0.01%,0.00%,4.34%,0.00%,2,0,0.66%,0.00%,£7.78,£0.00,2,0,0,0,0.00%,0.00%,£6.48,£0.00,2,0,2,0
B0H3XY4FHM,"WAX LYRICAL Reed Diffuser 100ml, Fresh Linen",51,2,46,12,97,14,0.02%,0.00%,0.01%,0.16%,0.00%,0.09%,60,2,61,13,121,15,0.00%,0.02%,0.01%,0.13%,0.00%,0.07%,24.56%,0.00%,5,0,5.15%,0.00%,£55.25,£0.00,2,0,0,0,0.00%,0.00%,£46.05,£0.00,5,0,2,0
B0HB62MT1K,Bourjois Mascara Volume Glamour Push Up 71 Waterproof Black,155,0,87,1,242,1,0.00%,0.01%,0.01%,0.01%,0.01%,0.01%,201,0,101,1,302,1,0.01%,0.00%,0.01%,0.01%,0.01%,0.00%,0.00%,0.00%,2,0,0.83%,0.00%,£14.03,£0.00,2,0,0,0,0.00%,0.00%,£11.69,£0.00,2,0,2,0
B001H7PKVY,"7th Heaven Montagne Jeunesse Passion Peel Off Masque, 10 ml",23,1,16,0,39,1,0.01%,0.00%,0.00%,0.00%,0.00%,0.01%,31,1,18,0,49,1,0.00%,0.01%,0.00%,0.00%,0.00%,0.00%,46.81%,0.00%,1,0,2.56%,0.00%,£1.95,£0.00,1,0,0,0,0.00%,0.00%,£1.62,£0.00,1,0,1,0
B002FOTS3O,BLUE Glitter Hair Spray - Stargazer 75ml,5,1,5,0,10,1,0.01%,0.00%,0.00%,0.00%,0.00%,0.01%,5,1,7,0,12,1,0.00%,0.01%,0.00%,0.00%,0.00%,0.00%,40.00%,0.00%,1,0,10.00%,0.00%,£7.95,£0.00,1,0,0,0,0.00%,0.00%,£6.62,£0.00,1,0,1,0
B002FOXM1I,SILVER Glitter Hair Spray - Stargazer 75ml,7,0,11,0,18,0,0.00%,0.00%,0.00%,0.00%,0.00%,0.00%,9,0,13,0,22,0,0.00%,0.00%,0.00%,0.00%,0.00%,0.00%,80.00%,0.00%,1,0,5.56%,0.00%,£7.95,£0.00,1,0,0,0,0.00%,0.00%,£6.62,£0.00,1,0,1,0
B002FP30GO,Stargazer Glitter Hair Spray Purple 75ml,1,0,2,1,3,1,0.00%,0.00%,0.00%,0.01%,0.00%,0.01%,3,0,4,1,7,1,0.00%,0.00%,0.00%,0.01%,0.00%,0.00%,100.00%,100.00%,6,6,200.00%,600.00%,£35.71,£35.71,1,1,0,0,0.00%,0.00%,£29.76,£29.76,6,6,1,1
B0036PWHLG,Stargazer Glitter Spray Gold 75ml - STGSGS116-GOLD,4,0,7,0,11,0,0.00%,0.00%,0.00%,0.00%,0.00%,0.00%,5,0,9,0,14,0,0.00%,0.00%,0.00%,0.00%,0.00%,0.00%,41.67%,0.00%,1,0,9.09%,0.00%,£7.95,£0.00,1,0,0,0,0.00%,0.00%,£6.62,£0.00,1,0,1,0
B004S78WEM,Technic ROLL-ON FRUITY LIP GLOSS Tangerine 10 ml,1,0,0,0,1,0,0.00%,0.00%,0.00%,0.00%,0.00%,0.00%,1,0,0,0,1,0,0.00%,0.00%,0.00%,0.00%,0.00%,0.00%,0.00%,0.00%,1,0,100.00%,0.00%,£2.95,£0.00,1,0,0,0,0.00%,0.00%,£2.46,£0.00,1,0,1,0
B004XN0H8K,Kohl Pencil,2,0,12,0,14,0,0.00%,0.00%,0.00%,0.00%,0.00%,0.00%,2,0,15,0,17,0,0.00%,0.00%,0.00%,0.00%,0.00%,0.00%,21.43%,0.00%,2,0,14.29%,0.00%,£9.98,£0.00,1,0,0,0,0.00%,0.00%,£8.32,£0.00,2,0,1,0
B005CHES1S,Sally Hansen clip-n-catch Short Nails – 4 Gr,14,0,3,0,17,0,0.00%,0.00%,0.00%,0.00%,0.00%,0.00%,16,0,4,0,20,0,0.00%,0.00%,0.00%,0.00%,0.00%,0.00%,44.44%,0.00%,1,0,5.88%,0.00%,£9.99,£0.00,1,0,0,0,0.00%,0.00%,£8.32,£0.00,1,0,1,0
B0076XM3IG,Sally Hansen Nail Strengthener,7,0,9,0,16,0,0.00%,0.00%,0.00%,0.00%,0.00%,0.00%,7,0,11,0,18,0,0.00%,0.00%,0.00%,0.00%,0.00%,0.00%,61.11%,0.00%,1,0,6.25%,0.00%,£8.99,£0.00,1,0,0,0,0.00%,0.00%,£7.49,£0.00,1,0,1,0
B008RXW0XC,Laval Lipshiner lipgloss - Crystal Pink,0,0,1,0,1,0,0.00%,0.00%,0.00%,0.00%,0.00%,0.00%,0,0,1,0,1,0,0.00%,0.00%,0.00%,0.00%,0.00%,0.00%,100.00%,0.00%,1,0,100.00%,0.00%,£3.49,£0.00,1,0,0,0,0.00%,0.00%,£2.91,£0.00,1,0,1,0
B00ARM8HU6,Revlon Dipped End Pencil Eye Pencil - 1.49 g,15,0,8,0,23,0,0.00%,0.00%,0.00%,0.00%,0.00%,0.00%,20,0,9,0,29,0,0.00%,0.00%,0.00%,0.00%,0.00%,0.00%,12.00%,0.00%,1,0,4.35%,0.00%,£9.49,£0.00,1,0,0,0,0.00%,0.00%,£7.91,£0.00,1,0,1,0
B00BW5XIQK,Schwarzkopf Igora Royal 60ml - 6-0,46,0,17,0,63,0,0.00%,0.00%,0.00%,0.00%,0.00%,0.00%,55,0,33,0,88,0,0.00%,0.00%,0.00%,0.00%,0.00%,0.00%,7.79%,0.00%,1,0,1.59%,0.00%,£9.99,£0.00,1,0,0,0,0.00%,0.00%,£16.64,£0.00,2,0,2,0
B00F2YAHBQ,Eveline Cosmetics Nail Therapy Maximum Nails Growth,31,0,24,4,55,4,0.00%,0.00%,0.00%,0.05%,0.00%,0.03%,42,0,35,4,77,4,0.00%,0.00%,0.00%,0.04%,0.00%,0.02%,7.25%,0.00%,1,0,1.82%,0.00%,£5.85,£0.00,1,0,0,0,0.00%,0.00%,£4.87,£0.00,1,0,1,0
B00FOR9N5W,Stargazer Purple Body Glitter Gel - Face & Body Shimmer - Long Lasting Festival & Party Makeup - Easy to Apply - Cruelty-Free - 10 ml,2,0,6,0,8,0,0.00%,0.00%,0.00%,0.00%,0.00%,0.00%,2,0,6,0,8,0,0.00%,0.00%,0.00%,0.00%,0.00%,0.00%,100.00%,0.00%,1,0,12.50%,0.00%,£3.45,£0.00,1,0,0,0,0.00%,0.00%,£2.87,£0.00,1,0,1,0
B00KG83EKO,"Max Factor 3 x Pan Stik Foundation, Cool Bronze, 9g, Full Coverage, Dewy Finish, Normal/Dry Skin",19,0,15,1,34,1,0.00%,0.00%,0.00%,0.01%,0.00%,0.01%,23,0,20,2,43,2,0.00%,0.00%,0.00%,0.02%,0.00%,0.01%,31.71%,100.00%,1,0,2.94%,0.00%,£16.95,£0.00,1,0,0,0,0.00%,0.00%,£16.95,£0.00,1,0,1,0
B00SZRP1F4,Technic Matte 6 Colour Eyeshadow Palette Powder,154,0,82,1,236,1,0.00%,0.01%,0.01%,0.01%,0.01%,0.01%,191,0,114,2,305,2,0.01%,0.00%,0.01%,0.02%,0.01%,0.01%,0.00%,0.00%,1,0,0.42%,0.00%,£3.99,£0.00,1,0,0,0,0.00%,0.00%,£3.32,£0.00,1,0,1,0
B00T4U3XKG,Technic: Mega Bronze (20 g),19,0,11,0,30,0,0.00%,0.00%,0.00%,0.00%,0.00%,0.00%,24,0,17,0,41,0,0.00%,0.00%,0.00%,0.00%,0.00%,0.00%,13.16%,0.00%,1,0,3.33%,0.00%,£3.09,£0.00,1,0,0,0,0.00%,0.00%,£2.57,£0.00,1,0,1,0
B00TBY8FQ2,LA GIRL Lipliner Pencil - Cabaret,3,0,2,0,5,0,0.00%,0.00%,0.00%,0.00%,0.00%,0.00%,4,0,2,0,6,0,0.00%,0.00%,0.00%,0.00%,0.00%,0.00%,60.00%,0.00%,1,0,20.00%,0.00%,£4.49,£0.00,1,0,0,0,0.00%,0.00%,£3.74,£0.00,1,0,1,0
B00TBY8LMA,LA GIRL Lipliner Pencil - Cafe,2,0,3,0,5,0,0.00%,0.00%,0.00%,0.00%,0.00%,0.00%,2,0,5,0,7,0,0.00%,0.00%,0.00%,0.00%,0.00%,0.00%,100.00%,0.00%,3,0,60.00%,0.00%,£13.47,£0.00,1,0,0,0,0.00%,0.00%,£11.22,£0.00,3,0,1,0
B00UME9XPC,Victoria Vynn Professional SILICONE MAT Manicure Nail Hand ARM REST Pad Cover,7,1,3,1,10,2,0.01%,0.00%,0.00%,0.01%,0.00%,0.01%,8,1,3,1,11,2,0.00%,0.01%,0.00%,0.01%,0.00%,0.01%,36.36%,100.00%,1,0,10.00%,0.00%,£5.95,£0.00,1,0,0,0,0.00%,0.00%,£4.96,£0.00,1,0,1,0
B00UYJDAN6,"Rimmel London Wonder'Full Wake Me Up Mascara, Black",33,0,20,0,53,0,0.00%,0.00%,0.00%,0.00%,0.00%,0.00%,46,0,23,0,69,0,0.00%,0.00%,0.00%,0.00%,0.00%,0.00%,26.98%,0.00%,4,0,7.55%,0.00%,£18.32,£0.00,1,0,0,0,0.00%,0.00%,£15.28,£0.00,4,0,1,0
B00V0BTF2C,W7 4-Precise Shaped Brow Master Arches Stencil Kit,136,2,57,0,193,2,0.02%,0.01%,0.01%,0.00%,0.01%,0.01%,163,2,72,0,235,2,0.01%,0.02%,0.01%,0.00%,0.01%,0.01%,6.22%,0.00%,1,0,0.52%,0.00%,£2.97,£0.00,1,0,0,0,0.00%,0.00%,£4.94,£0.00,2,0,2,0
B00W47PO7G,L.A. GIRL Matte Pigment Gloss - Fleur,2,0,0,0,2,0,0.00%,0.00%,0.00%,0.00%,0.00%,0.00%,2,0,0,0,2,0,0.00%,0.00%,0.00%,0.00%,0.00%,0.00%,100.00%,0.00%,1,0,50.00%,0.00%,£5.99,£0.00,1,0,0,0,0.00%,0.00%,£4.99,£0.00,1,0,1,0
B00W9N8ZAI,"7th Heaven Fresh Feet Cooling Deodorizing Cream - Mint and Iced Blueberry, 20ml",2,0,3,0,5,0,0.00%,0.00%,0.00%,0.00%,0.00%,0.00%,2,0,4,0,6,0,0.00%,0.00%,0.00%,0.00%,0.00%,0.00%,50.00%,0.00%,1,0,20.00%,0.00%,£1.99,£0.00,1,0,0,0,0.00%,0.00%,£1.66,£0.00,1,0,1,0
B013AUQ4ME,COLOUR X-PERT eye liner waterproof #02-mettalic anthracite Eyeliner,7,0,2,0,9,0,0.00%,0.00%,0.00%,0.00%,0.00%,0.00%,7,0,3,0,10,0,0.00%,0.00%,0.00%,0.00%,0.00%,0.00%,10.00%,0.00%,1,0,11.11%,0.00%,£5.25,£0.00,1,0,0,0,0.00%,0.00%,£5.25,£0.00,1,0,1,0
B014H0G2VE,Technic Lipstick With Added Vitamin E-Heartbeat,16,0,19,0,35,0,0.00%,0.00%,0.00%,0.00%,0.00%,0.00%,19,0,21,0,40,0,0.00%,0.00%,0.00%,0.00%,0.00%,0.00%,13.89%,0.00%,1,0,2.86%,0.00%,£3.35,£0.00,1,0,0,0,0.00%,0.00%,£2.79,£0.00,1,0,1,0
B016WT4JKE,3 Sachets of Montagne Jeunesse Smooth Heels,6,0,2,0,8,0,0.00%,0.00%,0.00%,0.00%,0.00%,0.00%,8,0,4,0,12,0,0.00%,0.00%,0.00%,0.00%,0.00%,0.00%,100.00%,0.00%,1,0,12.50%,0.00%,£3.25,£0.00,1,0,0,0,0.00%,0.00%,£2.71,£0.00,1,0,1,0
B017ND9IXQ,"Technic Colour Fix Blush Palette, 3.5 g, Pack of 8",184,2,102,0,286,2,0.02%,0.01%,0.01%,0.00%,0.01%,0.01%,293,3,134,0,427,3,0.01%,0.03%,0.01%,0.00%,0.01%,0.01%,7.69%,0.00%,1,0,0.35%,0.00%,£4.25,£0.00,1,0,0,0,0.00%,0.00%,£7.08,£0.00,2,0,2,0
B01872UVL0,Technic Eyeliner Pencil with Smudger & Sharpener - Black,678,1,265,2,943,3,0.01%,0.04%,0.04%,0.03%,0.04%,0.02%,836,1,334,2,"1,170",3,0.04%,0.01%,0.04%,0.02%,0.04%,0.01%,0.46%,100.00%,1,0,0.11%,0.00%,£2.34,£0.00,1,0,0,0,0.00%,0.00%,£0.00,£0.00,0,0,0,0
B01C5MM896,Rimmel London Super Gel Nail Polish,"2,337",9,854,20,"3,191",29,0.11%,0.15%,0.12%,0.27%,0.14%,0.18%,"2,868",10,"1,093",26,"3,961",36,0.14%,0.09%,0.11%,0.26%,0.13%,0.17%,0.57%,0.00%,1,0,0.03%,0.00%,£6.15,£0.00,1,0,0,0,0.00%,0.00%,£5.12,£0.00,1,0,1,0
B01CZ5I694,Rimmel Soft Kohl Kajal Eye Pencil - Jet Black - Pack of 6 by Rimmel,1,0,1,0,2,0,0.00%,0.00%,0.00%,0.00%,0.00%,0.00%,1,0,1,0,2,0,0.00%,0.00%,0.00%,0.00%,0.00%,0.00%,100.00%,0.00%,1,0,50.00%,0.00%,£16.99,£0.00,1,0,0,0,0.00%,0.00%,£14.16,£0.00,1,0,1,0
B01DABUWK8,Technic Dark Red Lip Liner Pencil & Sharpener,2,0,2,0,4,0,0.00%,0.00%,0.00%,0.00%,0.00%,0.00%,2,0,3,0,5,0,0.00%,0.00%,0.00%,0.00%,0.00%,0.00%,50.00%,0.00%,1,0,25.00%,0.00%,£3.99,£0.00,1,0,0,0,0.00%,0.00%,£3.32,£0.00,1,0,1,0
B01E4CDE70,"MONTAGNE JEUNESSE 7Th Peel-Off Masque, Sea, 10 ml",4,0,4,0,8,0,0.00%,0.00%,0.00%,0.00%,0.00%,0.00%,5,0,7,0,12,0,0.00%,0.00%,0.00%,0.00%,0.00%,0.00%,33.33%,0.00%,2,0,25.00%,0.00%,£3.98,£0.00,1,0,0,0,0.00%,0.00%,£3.32,£0.00,2,0,1,0
B01FWGYBF6,Technic Superfine Matte Powder Bronzer Compact 12g-Medium,3,0,1,0,4,0,0.00%,0.00%,0.00%,0.00%,0.00%,0.00%,6,0,1,0,7,0,0.00%,0.00%,0.00%,0.00%,0.00%,0.00%,75.00%,0.00%,1,0,25.00%,0.00%,£4.19,£0.00,1,0,0,0,0.00%,0.00%,£3.49,£0.00,1,0,1,0
B01G45AY3M,"Maybelline Fit Me Foundation, Medium Coverage, Blendable With a Matte and Poreless Finish, For Normal to Oily Skin, Shade: 220 Natural Beige, 30ml","1,513",7,535,9,"2,048",16,0.08%,0.10%,0.07%,0.12%,0.09%,0.10%,"2,036",9,674,12,"2,710",21,0.10%,0.08%,0.07%,0.12%,0.09%,0.10%,0.16%,0.00%,1,0,0.05%,0.00%,£8.99,£0.00,1,0,0,0,0.00%,0.00%,£7.49,£0.00,1,0,1,0
B01LXUZ5HD,Technic Primer Spray 31 ml,1,0,3,0,4,0,0.00%,0.00%,0.00%,0.00%,0.00%,0.00%,1,0,4,0,5,0,0.00%,0.00%,0.00%,0.00%,0.00%,0.00%,25.00%,0.00%,2,0,50.00%,0.00%,£11.98,£0.00,1,0,0,0,0.00%,0.00%,£9.98,£0.00,2,0,1,0
B01M3NY71U,W7 | Blusher | Duo Blusher DB2,4,0,5,0,9,0,0.00%,0.00%,0.00%,0.00%,0.00%,0.00%,4,0,6,0,10,0,0.00%,0.00%,0.00%,0.00%,0.00%,0.00%,55.56%,0.00%,1,0,11.11%,0.00%,£5.88,£0.00,1,0,0,0,0.00%,0.00%,£4.90,£0.00,1,0,1,0
B01M9INQUA,"Elizabeth Arden Eight Hour Miracle Hydrating Mist Spray, 100 ml (Pack of 1)",414,4,197,2,611,6,0.05%,0.03%,0.03%,0.03%,0.03%,0.04%,480,4,229,2,709,6,0.02%,0.04%,0.02%,0.02%,0.02%,0.03%,0.00%,0.00%,1,0,0.16%,0.00%,£21.00,£0.00,1,0,0,0,0.00%,0.00%,£21.00,£0.00,1,0,1,0
B01MTUCWXC,Technic Mega Lash Black,26,0,13,0,39,0,0.00%,0.00%,0.00%,0.00%,0.00%,0.00%,40,0,18,0,58,0,0.00%,0.00%,0.00%,0.00%,0.00%,0.00%,0.00%,0.00%,2,0,5.13%,0.00%,£7.68,£0.00,1,0,0,0,0.00%,0.00%,£6.40,£0.00,2,0,1,0
B01N3LSW4V,Technic Mega Nudes Eyeshadow Palette With Applicator by Technic,61,1,35,0,96,1,0.01%,0.00%,0.00%,0.00%,0.00%,0.01%,84,1,49,0,133,1,0.00%,0.01%,0.01%,0.00%,0.00%,0.00%,11.38%,0.00%,1,0,1.04%,0.00%,£3.99,£0.00,1,0,0,0,0.00%,0.00%,£3.32,£0.00,1,0,1,0
B01N5YBIBB,Technic Technic Highlights Stick Cream Bronze Highlighter Sticks 7.3g x,9,0,5,0,14,0,0.00%,0.00%,0.00%,0.00%,0.00%,0.00%,12,0,9,0,21,0,0.00%,0.00%,0.00%,0.00%,0.00%,0.00%,5.00%,0.00%,1,0,7.14%,0.00%,£3.67,£0.00,1,0,0,0,0.00%,0.00%,£3.06,£0.00,1,0,1,0
B01NAMG86Z,Maybelline Fit Me Matte + Poreless Foundation 30ml - 250 Sun Beige,415,5,185,2,600,7,0.06%,0.03%,0.03%,0.03%,0.03%,0.04%,540,5,236,2,776,7,0.03%,0.04%,0.02%,0.02%,0.03%,0.03%,2.75%,0.00%,1,0,0.17%,0.00%,£9.10,£0.00,1,0,0,0,0.00%,0.00%,£7.58,£0.00,1,0,1,0
B06XKNQDVM,"Garnier Moisture Bomb Chamomile & Hyaluronic Acid Sheet Face Mask, 28g",91,0,64,3,155,3,0.00%,0.01%,0.01%,0.04%,0.01%,0.02%,119,0,80,4,199,4,0.01%,0.00%,0.01%,0.04%,0.01%,0.02%,0.00%,0.00%,1,0,0.65%,0.00%,£4.37,£0.00,1,0,0,0,0.00%,0.00%,£4.16,£0.00,1,0,1,0
B072J5J73V,Stargazer Gel Effect Nail Polish,13,0,17,0,30,0,0.00%,0.00%,0.00%,0.00%,0.00%,0.00%,16,0,21,0,37,0,0.00%,0.00%,0.00%,0.00%,0.00%,0.00%,91.67%,0.00%,1,0,3.33%,0.00%,£3.95,£0.00,1,0,0,0,0.00%,0.00%,£3.29,£0.00,1,0,1,0
B07418W6DN,RefectoCil Saline Solution 150ml,3,0,4,0,7,0,0.00%,0.00%,0.00%,0.00%,0.00%,0.00%,5,0,4,0,9,0,0.00%,0.00%,0.00%,0.00%,0.00%,0.00%,0.00%,0.00%,1,1,14.29%,0.00%,£12.98,£12.98,1,1,0,0,0.00%,0.00%,£10.82,£10.82,1,1,1,1
B0742CVQW3,"Rimmel London 60 Seconds Super Shine Nail Polish, 905 Girl In Grey, 8 ml, Packaging May Vary",164,1,76,0,240,1,0.01%,0.01%,0.01%,0.00%,0.01%,0.01%,200,5,107,0,307,5,0.01%,0.04%,0.01%,0.00%,0.01%,0.02%,0.71%,0.00%,1,0,0.42%,0.00%,£4.29,£0.00,1,0,0,0,0.00%,0.00%,£3.57,£0.00,1,0,1,0
B074WCJDCG,VICTORIA VYNN GEL POLISH NO. 100 SMOKY PLUM,0,0,0,0,0,0,0.00%,0.00%,0.00%,0.00%,0.00%,0.00%,0,0,0,0,0,0,0.00%,0.00%,0.00%,0.00%,0.00%,0.00%,0.00%,0.00%,1,0,0.00%,0.00%,£8.99,£0.00,1,0,0,0,0.00%,0.00%,£7.49,£0.00,1,0,1,0
B075FYXVH7,2 x Max Factor Lasting Performance Touch Proof Foundation 35ml - 102 Pastelle,7,0,8,0,15,0,0.00%,0.00%,0.00%,0.00%,0.00%,0.00%,7,0,11,0,18,0,0.00%,0.00%,0.00%,0.00%,0.00%,0.00%,31.25%,0.00%,1,0,6.67%,0.00%,£15.80,£0.00,1,0,0,0,0.00%,0.00%,£13.17,£0.00,1,0,1,0
B075S7TMS2,Joanna Professional Silk Protein Hair Conditioner – Smoothing Hair Products with Silk Proteins – Hydrolyzed Liquid Silk Protein for Hair Growth – Professional Hair Products - 1000 g,14,0,9,0,23,0,0.00%,0.00%,0.00%,0.00%,0.00%,0.00%,19,0,13,0,32,0,0.00%,0.00%,0.00%,0.00%,0.00%,0.00%,61.29%,0.00%,1,0,4.35%,0.00%,£9.99,£0.00,1,0,0,0,0.00%,0.00%,£8.32,£0.00,1,0,1,0
B075SDGN2C,Joanna Professional Silk Protein Hair Shampoo – Smoothing Hair Products with Silk Proteins – Hydrolyzed Liquid Silk Protein for Hair Growth – Professional Hair Products - 1000 ml,12,0,5,1,17,1,0.00%,0.00%,0.00%,0.01%,0.00%,0.01%,17,0,8,1,25,1,0.00%,0.00%,0.00%,0.01%,0.00%,0.00%,36.36%,0.00%,1,0,5.88%,0.00%,£9.25,£0.00,1,0,0,0,0.00%,0.00%,£7.71,£0.00,1,0,1,0
B075V6RXVG,Joanna Professional UV Filter Hair Conditioner – Professional UV Protection Hair Care Products – Ripe Cherries Scent – Color-Safe Hair Products – Heat UV Protectant for Women - 1000 g,3,0,0,0,3,0,0.00%,0.00%,0.00%,0.00%,0.00%,0.00%,3,0,0,0,3,0,0.00%,0.00%,0.00%,0.00%,0.00%,0.00%,33.33%,0.00%,1,0,33.33%,0.00%,£9.99,£0.00,1,0,0,0,0.00%,0.00%,£8.32,£0.00,1,0,1,0
B076568LXJ,Joanna Naturia Color Hair Dye Covers Gray Hair - 238 Frosty Brown,26,0,9,1,35,1,0.00%,0.00%,0.00%,0.01%,0.00%,0.01%,31,0,15,3,46,3,0.00%,0.00%,0.00%,0.03%,0.00%,0.01%,30.95%,0.00%,1,0,2.86%,0.00%,£5.95,£0.00,1,0,0,0,0.00%,0.00%,£4.96,£0.00,1,0,1,0
B07656DGXK,Joanna Naturia Color Permanent Hair Color Cream – Goodness of Milk Proteins and Peach Extracts – Premium-Quality Hair Dye – Provides Soft and Lustrous Hair – Long-Lasting Hair Colors – Noble Pearl,3,0,3,0,6,0,0.00%,0.00%,0.00%,0.00%,0.00%,0.00%,5,0,6,0,11,0,0.00%,0.00%,0.00%,0.00%,0.00%,0.00%,90.00%,0.00%,3,0,50.00%,0.00%,£17.55,£0.00,1,0,0,0,0.00%,0.00%,£14.61,£0.00,3,0,1,0
B0784GFK1F,"Rimmel Super Gel, 54 Trust You, Long-Lasting Nail Polish, Glazed Finish, Easy Application, Gel-like Manicure, Chip Resistant, Clean Formula, 12ml",185,1,85,0,270,1,0.01%,0.01%,0.01%,0.00%,0.01%,0.01%,228,1,104,0,332,1,0.01%,0.01%,0.01%,0.00%,0.01%,0.00%,4.81%,100.00%,1,0,0.37%,0.00%,£5.59,£0.00,1,0,0,0,0.00%,0.00%,£4.66,£0.00,1,0,1,0
B07CQKHVQN,2 x Max Factor Colour Elixir Honey Lacquer Lip Gloss 3.8ml - Floral Ruby,1,0,1,0,2,0,0.00%,0.00%,0.00%,0.00%,0.00%,0.00%,1,0,1,0,2,0,0.00%,0.00%,0.00%,0.00%,0.00%,0.00%,0.00%,0.00%,1,0,50.00%,0.00%,£12.97,£0.00,1,0,0,0,0.00%,0.00%,£10.81,£0.00,1,0,1,0
B07CZ25FCL,2 x Max Factor Lasting Performance Touch Proof Foundation 35ml - 108 Honey Beige,8,0,7,0,15,0,0.00%,0.00%,0.00%,0.00%,0.00%,0.00%,8,0,7,0,15,0,0.00%,0.00%,0.00%,0.00%,0.00%,0.00%,13.33%,0.00%,1,0,6.67%,0.00%,£14.95,£0.00,1,0,0,0,0.00%,0.00%,£12.46,£0.00,1,0,1,0
B07DZW6HF9,Rimmel London Magnif Eyes Contouring Palette - 009 Jewel Rocks For Women 0.5 oz Eye Shadow,308,2,165,1,473,3,0.02%,0.02%,0.02%,0.01%,0.02%,0.02%,386,2,208,1,594,3,0.02%,0.02%,0.02%,0.01%,0.02%,0.01%,4.69%,0.00%,1,0,0.21%,0.00%,£5.58,£0.00,1,0,0,0,0.00%,0.00%,£4.65,£0.00,1,0,1,0
B07GZGM59Q,"Bourjois Brow Reveal Pencil 1 Chestnut, .35g",14,0,13,0,27,0,0.00%,0.00%,0.00%,0.00%,0.00%,0.00%,17,0,24,0,41,0,0.00%,0.00%,0.00%,0.00%,0.00%,0.00%,35.29%,0.00%,2,0,7.41%,0.00%,£10.96,£0.00,1,0,0,0,0.00%,0.00%,£9.12,£0.00,2,0,1,0
B07JPBDQ6V,"Sally Hansen Miracle Gel, Satel-Lite Pink, Gel-Like Nail Polish, NO UV Light Required, Chip-Resistant, Long Lasting - Up to 8 days, Easy to Use, Salon Quality Results, Vegan Formula, 14.7ml",52,0,43,2,95,2,0.00%,0.00%,0.01%,0.03%,0.00%,0.01%,64,0,49,2,113,2,0.00%,0.00%,0.01%,0.02%,0.00%,0.01%,15.45%,100.00%,1,0,1.05%,0.00%,£9.99,£0.00,1,0,0,0,0.00%,0.00%,£8.32,£0.00,1,0,1,0
B07LB3LK5K,Technic Mega Lash Mega Curl Mascara,49,0,30,1,79,1,0.00%,0.00%,0.00%,0.01%,0.00%,0.01%,66,0,38,1,104,1,0.00%,0.00%,0.00%,0.01%,0.00%,0.00%,1.06%,100.00%,1,1,1.27%,100.00%,£2.95,£2.95,1,1,0,0,0.00%,0.00%,£2.46,£2.46,1,1,1,1
B07LG75WQG,Victoria Vynn Nail REMOVER SOAK OFF MANICURE 1000ml,8,0,2,0,10,0,0.00%,0.00%,0.00%,0.00%,0.00%,0.00%,10,0,2,0,12,0,0.00%,0.00%,0.00%,0.00%,0.00%,0.00%,10.00%,0.00%,1,0,10.00%,0.00%,£16.49,£0.00,1,0,0,0,0.00%,0.00%,£13.74,£0.00,1,0,1,0
B07MTKVHW3,Victoria Vynn UV Led Nail Gel Polish Color Pastel Hybrid Manicure Soak Off 8ml Pink Twice 198,3,0,0,0,3,0,0.00%,0.00%,0.00%,0.00%,0.00%,0.00%,7,0,0,0,7,0,0.00%,0.00%,0.00%,0.00%,0.00%,0.00%,33.33%,0.00%,1,0,33.33%,0.00%,£9.99,£0.00,1,0,0,0,0.00%,0.00%,£8.32,£0.00,1,0,1,0
B07P48PJJG,"Rimmel 60 Seconds Super-Shine Nail Polish, 709 Topless, 8 ml",92,0,69,1,161,1,0.00%,0.01%,0.01%,0.01%,0.01%,0.01%,132,0,103,2,235,2,0.01%,0.00%,0.01%,0.02%,0.01%,0.01%,1.38%,0.00%,1,0,0.62%,0.00%,£4.48,£0.00,1,0,0,0,0.00%,0.00%,£3.73,£0.00,1,0,1,0
B07PZ934TF,Stargazer Yummy Colour 4 Shade Semi-Permanent Hair Dye Strips Kit,133,0,34,0,167,0,0.00%,0.01%,0.00%,0.00%,0.01%,0.00%,158,0,39,0,197,0,0.01%,0.00%,0.00%,0.00%,0.01%,0.00%,14.14%,0.00%,1,0,0.60%,0.00%,£5.25,£0.00,1,0,0,0,0.00%,0.00%,£4.37,£0.00,1,0,1,0
B07Q5BPWM7,Yankee Candle Car Freshener,173,0,54,2,227,2,0.00%,0.01%,0.01%,0.03%,0.01%,0.01%,202,0,61,2,263,2,0.01%,0.00%,0.01%,0.02%,0.01%,0.01%,0.00%,0.00%,2,0,0.88%,0.00%,£12.22,£0.00,1,0,0,0,0.00%,0.00%,£11.64,£0.00,2,0,1,0
B07QL7DZFQ,"Rimmel Wonder'Luxe Volume Mascara Brown, Black, 11 ml",138,0,80,2,218,2,0.00%,0.01%,0.01%,0.03%,0.01%,0.01%,169,0,109,3,278,3,0.01%,0.00%,0.01%,0.03%,0.01%,0.01%,1.16%,0.00%,1,0,0.46%,0.00%,£6.79,£0.00,1,0,0,0,0.00%,0.00%,£5.66,£0.00,1,0,1,0
B07QNVS3SY,Rimmel 60 Sec Colour Block 710,232,0,113,0,345,0,0.00%,0.01%,0.02%,0.00%,0.02%,0.00%,292,0,149,0,441,0,0.01%,0.00%,0.02%,0.00%,0.01%,0.00%,4.18%,0.00%,1,0,0.29%,0.00%,£4.11,£0.00,1,0,0,0,0.00%,0.00%,£3.42,£0.00,1,0,1,0
B07TXW55HQ,Victoria Vynn REMOVER SOAK OFF MANICURE 150ml,2,0,1,0,3,0,0.00%,0.00%,0.00%,0.00%,0.00%,0.00%,2,0,1,0,3,0,0.00%,0.00%,0.00%,0.00%,0.00%,0.00%,66.67%,0.00%,1,0,33.33%,0.00%,£7.05,£0.00,1,0,0,0,0.00%,0.00%,£6.71,£0.00,1,0,1,0
B07VNYHPR8,ODYSSEY HOMME EDP 100 ML (NEW RELEASE),209,1,96,4,305,5,0.01%,0.01%,0.01%,0.05%,0.01%,0.03%,288,1,131,6,419,7,0.01%,0.01%,0.01%,0.06%,0.01%,0.03%,2.37%,0.00%,1,0,0.33%,0.00%,£27.50,£0.00,1,0,0,0,0.00%,0.00%,£22.92,£0.00,1,0,1,0
B07WWF6TCJ,MARION Hair Spray For Easy Combing - 120ml,3,0,4,0,7,0,0.00%,0.00%,0.00%,0.00%,0.00%,0.00%,4,0,4,0,8,0,0.00%,0.00%,0.00%,0.00%,0.00%,0.00%,28.57%,0.00%,1,0,14.29%,0.00%,£9.99,£0.00,1,0,0,0,0.00%,0.00%,£8.32,£0.00,1,0,1,0
B07ZFVJG2S,Victoria Vynn Gel Polish Carat Coral Diamond 230 8ml,3,0,1,0,4,0,0.00%,0.00%,0.00%,0.00%,0.00%,0.00%,6,0,1,0,7,0,0.00%,0.00%,0.00%,0.00%,0.00%,0.00%,100.00%,0.00%,1,0,25.00%,0.00%,£8.99,£0.00,1,0,0,0,0.00%,0.00%,£7.49,£0.00,1,0,1,0
B081HLQBR1,"Sally Hansen Problem Cuticle Remover, 1 Ounce",21,1,14,0,35,1,0.01%,0.00%,0.00%,0.00%,0.00%,0.01%,26,1,17,0,43,1,0.00%,0.01%,0.00%,0.00%,0.00%,0.00%,9.30%,0.00%,1,0,2.86%,0.00%,£7.49,£0.00,1,0,0,0,0.00%,0.00%,£6.24,£0.00,1,0,1,0
B083G1Y5PH,Victoria Vynn Master Gel UV LED Modeling Gel Acrylic Builder 06 COVER NUDE 60ml,31,0,10,2,41,2,0.00%,0.00%,0.00%,0.03%,0.00%,0.01%,43,0,12,2,55,2,0.00%,0.00%,0.00%,0.02%,0.00%,0.01%,3.70%,0.00%,1,0,2.44%,0.00%,£21.97,£0.00,1,0,0,0,0.00%,0.00%,£18.31,£0.00,1,0,1,0
B08445GKQZ,WAX LYRICAL Reed Diffuser Refill 200ml Mediterranean Orange,569,5,322,8,891,13,0.06%,0.04%,0.04%,0.11%,0.04%,0.08%,770,5,413,10,"1,183",15,0.04%,0.04%,0.04%,0.10%,0.04%,0.07%,0.28%,27.27%,1,0,0.11%,0.00%,£8.49,£0.00,1,0,0,0,0.00%,0.00%,£7.07,£0.00,1,0,1,0
B08445J39L,Wax Lyrical Reed Diffuser Vanilla Flower,"1,818",6,714,20,"2,532",26,0.07%,0.12%,0.10%,0.27%,0.11%,0.16%,"2,327",8,958,33,"3,285",41,0.11%,0.07%,0.10%,0.33%,0.11%,0.19%,2.16%,4.35%,1,0,0.04%,0.00%,£8.49,£0.00,1,0,0,0,0.00%,0.00%,£7.07,£0.00,1,0,1,0
B0849DZ4VQ,Stargazer Neon UV-Reactive Wash Out Hair Colour,10,0,8,0,18,0,0.00%,0.00%,0.00%,0.00%,0.00%,0.00%,10,0,8,0,18,0,0.00%,0.00%,0.00%,0.00%,0.00%,0.00%,38.89%,0.00%,1,0,5.56%,0.00%,£7.96,£0.00,1,0,0,0,0.00%,0.00%,£6.63,£0.00,1,0,1,0
B084GW1CH1,"7th Heaven Silver Easy Peel Off Face Mask with Powered Smithsonite, Pressed Orchid and Crushed Violet for a Deep Micro Cleanse, Ideal for Normal, Combo and Oily Skin",7,0,3,0,10,0,0.00%,0.00%,0.00%,0.00%,0.00%,0.00%,7,0,3,0,10,0,0.00%,0.00%,0.00%,0.00%,0.00%,0.00%,63.64%,0.00%,1,0,10.00%,0.00%,£2.99,£0.00,1,0,0,0,0.00%,0.00%,£2.49,£0.00,1,0,1,0
B0863XNLBW,Technic Vitamin C Brightening Makeup Face Primer Moisturiser & Natural Glow Base,17,1,13,1,30,2,0.01%,0.00%,0.00%,0.01%,0.00%,0.01%,20,1,15,1,35,2,0.00%,0.01%,0.00%,0.01%,0.00%,0.01%,12.12%,0.00%,1,0,3.33%,0.00%,£4.45,£0.00,1,0,0,0,0.00%,0.00%,£3.71,£0.00,1,0,1,0
B08695LD7J,Maybelline Fit Me Matte & Poreless Foundation 095 Fair Porcelain 30ml,121,0,54,0,175,0,0.00%,0.01%,0.01%,0.00%,0.01%,0.00%,138,0,64,0,202,0,0.01%,0.00%,0.01%,0.00%,0.01%,0.00%,2.50%,0.00%,1,0,0.57%,0.00%,£7.49,£0.00,1,0,0,0,0.00%,0.00%,£6.24,£0.00,1,0,1,0
B087FQV4XR,Technic - Magic Mist Spray Illuminator Gold,24,1,16,1,40,2,0.01%,0.00%,0.00%,0.01%,0.00%,0.01%,38,1,20,1,58,2,0.00%,0.01%,0.00%,0.01%,0.00%,0.01%,46.94%,100.00%,2,0,5.00%,0.00%,£13.98,£0.00,1,0,0,0,0.00%,0.00%,£11.64,£0.00,2,0,1,0
B087G2WLWY,Technic Skinny Mascara (9ml),12,0,3,0,15,0,0.00%,0.00%,0.00%,0.00%,0.00%,0.00%,16,0,5,0,21,0,0.00%,0.00%,0.00%,0.00%,0.00%,0.00%,16.67%,0.00%,1,0,6.67%,0.00%,£3.99,£0.00,1,0,0,0,0.00%,0.00%,£3.32,£0.00,1,0,1,0
B089RD3DF8,Sally Hansen Miracle Gel Nail Polish No UV Lamp Professional Manicure Effect 252 Rose & Shine,6,0,9,0,15,0,0.00%,0.00%,0.00%,0.00%,0.00%,0.00%,6,0,16,0,22,0,0.00%,0.00%,0.00%,0.00%,0.00%,0.00%,88.89%,0.00%,1,0,6.67%,0.00%,£9.99,£0.00,1,0,0,0,0.00%,0.00%,£8.32,£0.00,1,0,1,0
B08CHJQL9J,"RIMMEL London 99350057620 Rimmel Lasting Finish Lipliner 125 for Adults, Built for Everyday use",53,0,41,0,94,0,0.00%,0.00%,0.01%,0.00%,0.00%,0.00%,58,0,53,0,111,0,0.00%,0.00%,0.01%,0.00%,0.00%,0.00%,16.67%,0.00%,1,0,1.06%,0.00%,£3.98,£0.00,1,0,0,0,0.00%,0.00%,£3.32,£0.00,1,0,1,0
B08GH8B493,VICTORIA VYNN PURE CREAMY HYBRID NO. 179 SUCCESS,6,0,0,0,6,0,0.00%,0.00%,0.00%,0.00%,0.00%,0.00%,6,0,0,0,6,0,0.00%,0.00%,0.00%,0.00%,0.00%,0.00%,16.67%,0.00%,1,0,16.67%,0.00%,£7.19,£0.00,1,0,0,0,0.00%,0.00%,£5.99,£0.00,1,0,1,0
B08K496799,Max Factor Masterpiece Xpress shade Made Me Blush,203,1,106,0,309,1,0.01%,0.01%,0.01%,0.00%,0.01%,0.01%,268,1,137,0,405,1,0.01%,0.01%,0.01%,0.00%,0.01%,0.00%,0.84%,0.00%,1,0,0.32%,0.00%,£5.30,£0.00,1,0,0,0,0.00%,0.00%,£4.42,£0.00,1,0,1,0
B08KJ8NMG3,Technic Eye Canvas Eyeshadow Base (Light),30,0,8,0,38,0,0.00%,0.00%,0.00%,0.00%,0.00%,0.00%,45,0,11,0,56,0,0.00%,0.00%,0.00%,0.00%,0.00%,0.00%,43.48%,0.00%,1,0,2.63%,0.00%,£2.60,£0.00,1,0,0,0,0.00%,0.00%,£2.17,£0.00,1,0,1,0
B08LNSS12V,Rimmel Scandaleyes,1,0,7,0,8,0,0.00%,0.00%,0.00%,0.00%,0.00%,0.00%,1,0,7,0,8,0,0.00%,0.00%,0.00%,0.00%,0.00%,0.00%,0.00%,0.00%,1,0,12.50%,0.00%,£4.85,£0.00,1,0,0,0,0.00%,0.00%,£4.04,£0.00,1,0,1,0
B08NLFM8BH,"Rimmel London 60 Seconds Super Shine Nail Polish, Preppy in Pink, 8ml",157,1,90,1,247,2,0.01%,0.01%,0.01%,0.01%,0.01%,0.01%,220,1,115,1,335,2,0.01%,0.01%,0.01%,0.01%,0.01%,0.01%,1.01%,0.00%,2,0,0.81%,0.00%,£9.72,£0.00,1,0,0,0,0.00%,0.00%,£8.10,£0.00,2,0,1,0
B08PL3FQPS,MARION _SET Professional Glossy Effect zabieg laminowania do w³osów pusz¹cych siê maska z p³ynn¹ kreatyn¹ 20 ml + Czepek utrzymujacy ciep³o,3,0,0,0,3,0,0.00%,0.00%,0.00%,0.00%,0.00%,0.00%,3,0,0,0,3,0,0.00%,0.00%,0.00%,0.00%,0.00%,0.00%,100.00%,0.00%,1,0,33.33%,0.00%,£2.99,£0.00,1,0,0,0,0.00%,0.00%,£2.49,£0.00,1,0,1,0
B08Q57MLC6,"Max Factor Masterpiece Nude Palette Contouring Eye Shadows, 6.5 g, 1 Cappuccino Nudes",217,0,116,0,333,0,0.00%,0.01%,0.02%,0.00%,0.01%,0.00%,275,0,157,0,432,0,0.01%,0.00%,0.02%,0.00%,0.01%,0.00%,6.31%,0.00%,1,0,0.30%,0.00%,£12.79,£0.00,1,0,0,0,0.00%,0.00%,£10.66,£0.00,1,0,1,0
B08RF2RS1J,Silcare Base One French Pink Gel builder 50g,51,0,14,1,65,1,0.00%,0.00%,0.00%,0.01%,0.00%,0.01%,69,0,22,1,91,1,0.00%,0.00%,0.00%,0.01%,0.00%,0.00%,3.57%,0.00%,2,0,3.08%,0.00%,£31.76,£0.00,1,0,0,0,0.00%,0.00%,£25.82,£0.00,2,0,2,0
B08RF333CM,Silcare Base One Primer 15 ml (1er Pack),6,0,5,0,11,0,0.00%,0.00%,0.00%,0.00%,0.00%,0.00%,7,0,6,0,13,0,0.00%,0.00%,0.00%,0.00%,0.00%,0.00%,16.67%,0.00%,1,0,9.09%,0.00%,£8.74,£0.00,1,0,0,0,0.00%,0.00%,£7.28,£0.00,1,0,1,0
B08X8YP961,Revlon Colorstay Overtime Lipcolour,724,8,370,8,"1,094",16,0.09%,0.05%,0.05%,0.11%,0.05%,0.10%,893,8,504,14,"1,397",22,0.04%,0.07%,0.05%,0.14%,0.05%,0.10%,0.37%,0.00%,1,0,0.09%,0.00%,£9.49,£0.00,1,0,0,0,0.00%,0.00%,£7.91,£0.00,1,0,1,0
B08XZ1QD6M,Max Factor Max Factor Colour Elixir Lipliner,"1,272",4,748,11,"2,020",15,0.05%,0.08%,0.10%,0.15%,0.09%,0.09%,"1,581",4,952,11,"2,533",15,0.08%,0.04%,0.10%,0.11%,0.09%,0.07%,3.43%,33.33%,1,0,0.05%,0.00%,£8.49,£0.00,1,0,0,0,0.00%,0.00%,£7.07,£0.00,1,0,1,0
B08Y1CH3Q1,Stargazer Eye Shadow High Pigment Colour (3.5 g) parent,8,0,6,2,14,2,0.00%,0.00%,0.00%,0.03%,0.00%,0.01%,13,0,7,2,20,2,0.00%,0.00%,0.00%,0.02%,0.00%,0.01%,100.00%,0.00%,1,0,7.14%,0.00%,£4.25,£0.00,1,0,0,0,0.00%,0.00%,£0.00,£0.00,0,0,0,0
B08YYV5BWW,"Revlon ColorStay Brow Fiber Filler, Longwearing & Volumising Waterproof Eyebrow Gel, 306 Clear",61,0,31,1,92,1,0.00%,0.00%,0.00%,0.01%,0.00%,0.01%,75,0,33,1,108,1,0.00%,0.00%,0.00%,0.01%,0.00%,0.00%,1.92%,0.00%,1,0,1.09%,0.00%,£7.50,£0.00,1,0,0,0,0.00%,0.00%,£6.25,£0.00,1,0,1,0
B08ZDPYB1T,Schwarzkopf 19401400_Schwarzkopf 1,112,0,48,2,160,2,0.00%,0.01%,0.01%,0.03%,0.01%,0.01%,125,0,60,3,185,3,0.01%,0.00%,0.01%,0.03%,0.01%,0.01%,16.29%,0.00%,1,0,0.63%,0.00%,£9.68,£0.00,1,0,0,0,0.00%,0.00%,£8.07,£0.00,1,0,1,0
B08ZM6RPTG,Gel Base One Cover Light 100g,20,0,7,1,27,1,0.00%,0.00%,0.00%,0.01%,0.00%,0.01%,26,0,12,2,38,2,0.00%,0.00%,0.00%,0.02%,0.00%,0.01%,3.03%,100.00%,1,1,3.70%,100.00%,£17.48,£17.48,1,1,0,0,0.00%,0.00%,£14.57,£0.00,1,0,1,0
B0916FM7Y7,BLOND STUDIO multi techniques powder 8 500 gr,1,0,2,0,3,0,0.00%,0.00%,0.00%,0.00%,0.00%,0.00%,1,0,2,0,3,0,0.00%,0.00%,0.00%,0.00%,0.00%,0.00%,100.00%,0.00%,1,0,33.33%,0.00%,£33.99,£0.00,1,0,0,0,0.00%,0.00%,£28.32,£0.00,1,0,1,0
B091QBW8TL,Victoria Vynn Master Gel UV LED Modeling Gel Acrylic Builder 11 Light Rose 60g,10,0,4,0,14,0,0.00%,0.00%,0.00%,0.00%,0.00%,0.00%,11,0,6,0,17,0,0.00%,0.00%,0.00%,0.00%,0.00%,0.00%,6.67%,0.00%,1,0,7.14%,0.00%,£21.99,£0.00,1,0,0,0,0.00%,0.00%,£18.32,£0.00,1,0,1,0
B095KMYNT5,60 SECONDS super shine #101 8 ml,266,0,100,2,366,2,0.00%,0.02%,0.01%,0.03%,0.02%,0.01%,345,0,148,4,493,4,0.02%,0.00%,0.02%,0.04%,0.02%,0.02%,1.36%,100.00%,1,0,0.27%,0.00%,£4.58,£0.00,1,0,0,0,0.00%,0.00%,£3.82,£0.00,1,0,1,0
B09BJTQK5R,"essence Long-Lasting Eye Pencil, No. 02, Brown, Long-Lasting, Defining, Vegan, Waterproof, No Microplastic Particles, Nanoparticles Free, Pack of 1 (0.28 g)",387,0,190,4,577,4,0.00%,0.02%,0.03%,0.05%,0.03%,0.03%,522,0,255,5,777,5,0.03%,0.00%,0.03%,0.05%,0.03%,0.02%,3.13%,0.00%,3,0,0.52%,0.00%,£12.90,£0.00,1,0,0,0,0.00%,0.00%,£10.74,£0.00,3,0,1,0
B09CH6CMY8,Technic Miracle Make Up Remover Reusable Face Facial Sponge Cleaner Zero Waste,26,0,12,0,38,0,0.00%,0.00%,0.00%,0.00%,0.00%,0.00%,34,0,13,0,47,0,0.00%,0.00%,0.00%,0.00%,0.00%,0.00%,17.07%,0.00%,2,0,5.26%,0.00%,£8.40,£0.00,1,0,0,0,0.00%,0.00%,£7.00,£0.00,2,0,1,0
B09HV9F6JJ,Maybelline Superstay Matte Ink Longlasting Liquid,"1,637",8,587,4,"2,224",12,0.09%,0.11%,0.08%,0.05%,0.10%,0.08%,"2,237",14,818,5,"3,055",19,0.11%,0.13%,0.09%,0.05%,0.10%,0.09%,2.34%,66.67%,1,0,0.04%,0.00%,£7.99,£0.00,1,0,0,0,0.00%,0.00%,£6.66,£0.00,1,0,1,0
B09HXLSKTF,Silcare Cuticle Oil Yummy Gummy Pink 75ml,18,0,4,0,22,0,0.00%,0.00%,0.00%,0.00%,0.00%,0.00%,21,0,4,0,25,0,0.00%,0.00%,0.00%,0.00%,0.00%,0.00%,0.00%,0.00%,1,0,4.55%,0.00%,£8.65,£0.00,1,0,0,0,0.00%,0.00%,£7.21,£0.00,1,0,1,0
B09KNFV5DR,"Rimmel Kind + Free 24h Hydrating Concealer, Fair 010","1,170",6,596,4,"1,766",10,0.07%,0.08%,0.08%,0.05%,0.08%,0.06%,"1,560",7,785,7,"2,345",14,0.08%,0.06%,0.08%,0.07%,0.08%,0.07%,0.22%,0.00%,4,0,0.23%,0.00%,£28.08,£0.00,1,0,0,0,0.00%,0.00%,£34.26,£0.00,6,0,3,0
B09L6LYTD1,Technic 60 Individual Faux Mink Cluster Lashes,21,0,16,0,37,0,0.00%,0.00%,0.00%,0.00%,0.00%,0.00%,27,0,20,0,47,0,0.00%,0.00%,0.00%,0.00%,0.00%,0.00%,4.76%,0.00%,1,0,2.70%,0.00%,£4.67,£0.00,1,0,0,0,0.00%,0.00%,£11.71,£0.00,3,0,2,0
B09L6MZ2CW,Technic Colour Corrector Concealer Duo Correct Cover Conceal Blemish Correcting (Green/Pink),6,0,4,0,10,0,0.00%,0.00%,0.00%,0.00%,0.00%,0.00%,7,0,4,0,11,0,0.00%,0.00%,0.00%,0.00%,0.00%,0.00%,36.36%,0.00%,1,0,10.00%,0.00%,£4.99,£0.00,1,0,0,0,0.00%,0.00%,£4.16,£0.00,1,0,1,0
B0B4SRNQN4,"Rimmel London Super Shine 60 Seconds Nail Polish, 155 Beach Breeze Please, 8ml",12,0,14,0,26,0,0.00%,0.00%,0.00%,0.00%,0.00%,0.00%,26,0,15,0,41,0,0.00%,0.00%,0.00%,0.00%,0.00%,0.00%,8.33%,0.00%,1,0,3.85%,0.00%,£4.46,£0.00,1,0,0,0,0.00%,0.00%,£3.72,£0.00,1,0,1,0
B0B5CBLCVW,Rimmel Lasting Provocalips Liquid Lipstick Grin & Bare It,"10,228",58,"3,720",19,"13,948",77,0.68%,0.66%,0.51%,0.26%,0.61%,0.48%,"13,495",79,"5,077",21,"18,572",100,0.67%,0.71%,0.53%,0.21%,0.62%,0.47%,0.09%,0.00%,1,0,0.01%,0.00%,£7.48,£0.00,1,0,0,0,0.00%,0.00%,£6.23,£0.00,1,0,1,0
B0B8CS5SKK,Bourjois Brow Reveal Invisible Brow Gel 4.5ml - 001 Clear,4,3,11,3,15,6,0.04%,0.00%,0.00%,0.04%,0.00%,0.04%,4,3,12,4,16,7,0.00%,0.03%,0.00%,0.04%,0.00%,0.03%,12.50%,0.00%,1,0,6.67%,0.00%,£4.48,£0.00,1,0,0,0,0.00%,0.00%,£3.73,£0.00,1,0,1,0
B0BCGPZQJ5,60 Seconds Super Shine #152-coco-nuts for You 8 ml,22,0,13,0,35,0,0.00%,0.00%,0.00%,0.00%,0.00%,0.00%,28,0,14,0,42,0,0.00%,0.00%,0.00%,0.00%,0.00%,0.00%,17.07%,0.00%,1,0,2.86%,0.00%,£5.29,£0.00,1,0,0,0,0.00%,0.00%,£4.41,£0.00,1,0,1,0
B0BCHVCF22,Max Factor Colour X-Pert Soft Touch Palette,"2,776",21,"1,432",12,"4,208",33,0.25%,0.18%,0.20%,0.16%,0.18%,0.21%,"3,490",26,"1,900",13,"5,390",39,0.17%,0.23%,0.20%,0.13%,0.18%,0.18%,0.00%,0.00%,1,0,0.02%,0.00%,£8.34,£0.00,1,0,0,0,0.00%,0.00%,£8.34,£0.00,1,0,1,0
B0BNF9T6M2,VICTORIA VYNN Pure Creamy Hybrid 222 RED TATTOO 8 ml,1,0,0,0,1,0,0.00%,0.00%,0.00%,0.00%,0.00%,0.00%,3,0,0,0,3,0,0.00%,0.00%,0.00%,0.00%,0.00%,0.00%,100.00%,0.00%,1,0,100.00%,0.00%,£7.25,£0.00,1,0,0,0,0.00%,0.00%,£6.04,£0.00,1,0,1,0
B0BVGHSL7B,L.A. Girl Pro Coverage Liquid Foundation 0.95 Fluid Ounce,81,0,38,0,119,0,0.00%,0.01%,0.01%,0.00%,0.01%,0.00%,103,0,58,0,161,0,0.01%,0.00%,0.01%,0.00%,0.01%,0.00%,16.13%,0.00%,1,0,0.84%,0.00%,£12.97,£0.00,1,0,0,0,0.00%,0.00%,£10.81,£0.00,1,0,1,0
B0BWT44MM9,MAC PRO LONGWEAR CONCEALER,1,0,0,0,1,0,0.00%,0.00%,0.00%,0.00%,0.00%,0.00%,2,0,0,0,2,0,0.00%,0.00%,0.00%,0.00%,0.00%,0.00%,50.00%,0.00%,1,0,100.00%,0.00%,£26.00,£0.00,1,0,0,0,0.00%,0.00%,£21.67,£0.00,1,0,1,0
B0BXHFVNLR,Manic Panic HVC Pillarbox Red 118 ml,939,4,303,2,"1,242",6,0.05%,0.06%,0.04%,0.03%,0.05%,0.04%,"1,153",4,357,2,"1,510",6,0.06%,0.04%,0.04%,0.02%,0.05%,0.03%,1.35%,0.00%,1,0,0.08%,0.00%,£11.65,£0.00,1,0,0,0,0.00%,0.00%,£9.71,£0.00,1,0,1,0
B0C4WGY7VD,VICTORIA VYNN GEL POLISH NO.,82,0,29,0,111,0,0.00%,0.01%,0.00%,0.00%,0.00%,0.00%,106,0,38,0,144,0,0.01%,0.00%,0.00%,0.00%,0.00%,0.00%,7.86%,0.00%,1,0,0.90%,0.00%,£6.95,£0.00,1,0,0,0,0.00%,0.00%,£0.00,£0.00,0,0,0,0
B0C5RNB9T7,"Wax Lyrical, Colony Duvet Days Refill",17,0,11,1,28,1,0.00%,0.00%,0.00%,0.01%,0.00%,0.01%,23,0,14,1,37,1,0.00%,0.00%,0.00%,0.01%,0.00%,0.00%,2.78%,0.00%,2,0,7.14%,0.00%,£22.10,£0.00,1,0,0,0,0.00%,0.00%,£18.42,£0.00,2,0,1,0
B0C5ZV25C4,Sally Hansen Insta-Dri Nail Color,22,0,14,0,36,0,0.00%,0.00%,0.00%,0.00%,0.00%,0.00%,30,0,16,0,46,0,0.00%,0.00%,0.00%,0.00%,0.00%,0.00%,13.64%,0.00%,1,0,2.78%,0.00%,£9.99,£0.00,1,0,0,0,0.00%,0.00%,£8.32,£0.00,1,0,1,0
B0C9HPTP2T,Age Perfect,60,0,36,1,96,1,0.00%,0.00%,0.00%,0.01%,0.00%,0.01%,75,0,41,1,116,1,0.00%,0.00%,0.00%,0.01%,0.00%,0.00%,0.00%,0.00%,1,0,1.04%,0.00%,£12.38,£0.00,1,0,0,0,0.00%,0.00%,£10.32,£0.00,1,0,1,0
B0CFBF8P7R,"Max Factor Lasting Performance Make-Up, 030 Porcelain, 1 x 35 ml",156,0,124,1,280,1,0.00%,0.01%,0.02%,0.01%,0.01%,0.01%,183,0,168,1,351,1,0.01%,0.00%,0.02%,0.01%,0.01%,0.00%,8.88%,0.00%,1,0,0.36%,0.00%,£8.99,£0.00,1,0,0,0,0.00%,0.00%,£32.47,£0.00,3,0,2,0
B0CG1M5Z39,Rimmel Bold Blush 005,86,1,23,0,109,1,0.01%,0.01%,0.00%,0.00%,0.00%,0.01%,105,1,30,0,135,1,0.01%,0.01%,0.00%,0.00%,0.00%,0.00%,8.73%,0.00%,1,0,0.92%,0.00%,£9.99,£0.00,1,0,0,0,0.00%,0.00%,£8.32,£0.00,1,0,1,0
B0CHW6ND8S,Revlon Revlon ColorStay Liquid Foundation Makeup for Normal/Dry Skin SPF 20,118,1,69,1,187,2,0.01%,0.01%,0.01%,0.01%,0.01%,0.01%,152,2,88,2,240,4,0.01%,0.02%,0.01%,0.02%,0.01%,0.02%,0.00%,0.00%,1,0,0.53%,0.00%,£7.34,£0.00,1,0,0,0,0.00%,0.00%,£6.12,£0.00,1,0,1,0
B0CLNVN54C,"Max Factor Lash Revival Mascara 003 Extreme Black, 11 ml",172,0,105,4,277,4,0.00%,0.01%,0.01%,0.05%,0.01%,0.03%,230,0,166,9,396,9,0.01%,0.00%,0.02%,0.09%,0.01%,0.04%,0.00%,0.00%,1,0,0.36%,0.00%,£6.49,£0.00,1,0,0,0,0.00%,0.00%,£0.00,£0.00,0,0,0,0
B0CLYCX2NH,"Revlon PhotoReady Primer, Shadow and Sparkle, Watercolour",9,0,4,0,13,0,0.00%,0.00%,0.00%,0.00%,0.00%,0.00%,11,0,4,0,15,0,0.00%,0.00%,0.00%,0.00%,0.00%,0.00%,100.00%,0.00%,1,0,7.69%,0.00%,£9.99,£0.00,1,0,0,0,0.00%,0.00%,£8.32,£0.00,1,0,1,0
B0CX2Y8SM8,"essence eyebrow DESIGNER, Eye Pencil, Augenbrauenstift, Nr. 01 black, schwarz, definierend, vegan, Mikroplastik Partikel frei, Nanopartikel frei (1g)",26,0,15,1,41,1,0.00%,0.00%,0.00%,0.01%,0.00%,0.01%,41,0,21,1,62,1,0.00%,0.00%,0.00%,0.01%,0.00%,0.00%,8.62%,0.00%,1,0,2.44%,0.00%,£4.40,£0.00,1,0,0,0,0.00%,0.00%,£3.67,£0.00,1,0,1,0
B0D3HWFQY9,Victoria Vynn Gel Polish Top OH! MY GLOSS No Wipe UV LED Nails Soak Off Manicure,544,9,125,10,669,19,0.11%,0.03%,0.02%,0.14%,0.03%,0.12%,695,15,159,12,854,27,0.03%,0.13%,0.02%,0.12%,0.03%,0.13%,1.12%,0.00%,1,0,0.15%,0.00%,£12.98,£0.00,1,0,0,0,0.00%,0.00%,£10.82,£0.00,1,0,1,0
B0D3PT9QTW,"Armaf Club De Nuit Precieux 1, Extrair de Parfum, 55ml","1,657",18,636,7,"2,293",25,0.21%,0.11%,0.09%,0.10%,0.10%,0.16%,"2,333",23,961,13,"3,294",36,0.12%,0.21%,0.10%,0.13%,0.11%,0.17%,1.38%,0.00%,1,0,0.04%,0.00%,£42.00,£0.00,1,0,0,0,0.00%,0.00%,£35.00,£0.00,1,0,1,0
B0D6NFRTS3,"essence Quick Wing! stamp eyeliner, longlasting, express result, highly pigmented, intensive, colour intense (3.5ml)",0,0,1,0,1,0,0.00%,0.00%,0.00%,0.00%,0.00%,0.00%,0,0,2,0,2,0,0.00%,0.00%,0.00%,0.00%,0.00%,0.00%,100.00%,0.00%,1,0,100.00%,0.00%,£6.49,£0.00,1,0,0,0,0.00%,0.00%,£5.41,£0.00,1,0,1,0
B0D7NSCY4B,Rimmel Provocalips 780,253,4,99,3,352,7,0.05%,0.02%,0.01%,0.04%,0.02%,0.04%,331,4,127,3,458,7,0.02%,0.04%,0.01%,0.03%,0.02%,0.03%,0.89%,0.00%,1,0,0.28%,0.00%,£6.49,£0.00,1,0,0,0,0.00%,0.00%,£5.41,£0.00,1,0,1,0
B0D8HKVCT7,Joanna Cream oxidizer,2,0,3,0,5,0,0.00%,0.00%,0.00%,0.00%,0.00%,0.00%,2,0,3,0,5,0,0.00%,0.00%,0.00%,0.00%,0.00%,0.00%,60.00%,0.00%,1,0,20.00%,0.00%,£9.38,£0.00,1,0,0,0,0.00%,0.00%,£7.82,£0.00,1,0,1,0
B0D8PR9Z3P,Lashes,89,0,74,3,163,3,0.00%,0.01%,0.01%,0.04%,0.01%,0.02%,119,0,97,4,216,4,0.01%,0.00%,0.01%,0.04%,0.01%,0.02%,3.96%,0.00%,1,0,0.61%,0.00%,£6.49,£0.00,1,0,0,0,0.00%,0.00%,£5.41,£0.00,1,0,1,0
B0DGQ1PN6S,Essie Gel-Like Nail Polish,32,0,38,0,70,0,0.00%,0.00%,0.01%,0.00%,0.00%,0.00%,37,0,46,0,83,0,0.00%,0.00%,0.00%,0.00%,0.00%,0.00%,97.56%,0.00%,1,0,1.43%,0.00%,£9.99,£0.00,1,0,0,0,0.00%,0.00%,£8.32,£0.00,1,0,1,0
B0DJM1WQHF,Silcare High Light Led Gel Violet 30g clear,4,0,0,0,4,0,0.00%,0.00%,0.00%,0.00%,0.00%,0.00%,6,0,0,0,6,0,0.00%,0.00%,0.00%,0.00%,0.00%,0.00%,100.00%,0.00%,1,0,25.00%,0.00%,£12.95,£0.00,1,0,0,0,0.00%,0.00%,£10.79,£0.00,1,0,1,0
B0DNJJ3YC9,"Catrice Under Eye Brightener, No.010 Light Rose, Nude Instant Result, Nourishing, Colour-Matching, Natural, Shimmer (4.2g)","7,757",34,"5,092",27,"12,849",61,0.40%,0.50%,0.70%,0.37%,0.56%,0.38%,"10,904",43,"6,603",36,"17,507",79,0.54%,0.38%,0.69%,0.36%,0.59%,0.37%,0.00%,0.00%,1,0,0.01%,0.00%,£6.10,£0.00,1,0,0,0,0.00%,0.00%,£5.08,£0.00,1,0,1,0
B0DPFZX9TW,Bourjois Brow Fiber 002,6,0,0,0,6,0,0.00%,0.00%,0.00%,0.00%,0.00%,0.00%,6,0,0,0,6,0,0.00%,0.00%,0.00%,0.00%,0.00%,0.00%,83.33%,0.00%,1,0,16.67%,0.00%,£9.99,£0.00,1,0,0,0,0.00%,0.00%,£8.32,£0.00,1,0,1,0
B0DPXSV1K3,"Max Factor Facefinity Finity-Fix Setting Spray, Prime, Fix & Refresh, Mattifying Finish, Sets Makeup, 100ml",0,0,0,0,0,0,0.00%,0.00%,0.00%,0.00%,0.00%,0.00%,0,0,0,0,0,0,0.00%,0.00%,0.00%,0.00%,0.00%,0.00%,0.00%,0.00%,1,0,0.00%,0.00%,£7.95,£0.00,1,0,0,0,0.00%,0.00%,£6.62,£0.00,1,0,1,0
B0DQ8NY7KC,Victoria Vynn Mega Base Hard & Long Nails UV Led Hybrid Gel Polish 15ml,"1,029",14,254,14,"1,283",28,0.16%,0.07%,0.03%,0.19%,0.06%,0.18%,"1,373",15,356,20,"1,729",35,0.07%,0.13%,0.04%,0.20%,0.06%,0.16%,1.20%,15.38%,1,0,0.08%,0.00%,£7.48,£0.00,1,0,0,0,0.00%,0.00%,£6.23,£0.00,1,0,1,0
B0DWN6GCRD,Club De Nuit Intense Armaf 105ml,"14,666",140,"6,170",99,"20,836",239,1.63%,0.94%,0.85%,1.35%,0.91%,1.50%,"21,599",205,"8,691",158,"30,290",363,1.07%,1.83%,0.91%,1.56%,1.02%,1.70%,0.01%,0.00%,2,0,0.01%,0.00%,£67.98,£0.00,1,0,2,0,100.00%,0.00%,£67.98,£0.00,2,0,1,0
B0F5NYNX95,"Maybelline Mascara Lash Sensational Volumizing and Thickening Eyelash Lengthening. Flake Free Formula, Mascara 01 Waterproof Black","7,211",44,"2,901",28,"10,112",72,0.51%,0.46%,0.40%,0.38%,0.44%,0.45%,"9,447",54,"3,825",44,"13,272",98,0.47%,0.48%,0.40%,0.43%,0.45%,0.46%,0.02%,0.00%,1,0,0.01%,0.00%,£8.35,£0.00,1,0,0,0,0.00%,0.00%,£6.96,£0.00,1,0,1,0
B0F7GJTZM9,Max Factor Masterpiece Xpress Hot Hibiscus Nail Polish,17,1,7,0,24,1,0.01%,0.00%,0.00%,0.00%,0.00%,0.01%,17,1,7,0,24,1,0.00%,0.01%,0.00%,0.00%,0.00%,0.00%,29.17%,0.00%,1,0,4.17%,0.00%,£4.98,£0.00,1,0,0,0,0.00%,0.00%,£4.15,£0.00,1,0,1,0
B0F8HMKJ4Z,Yankee Candle Candle,38,1,38,1,76,2,0.01%,0.00%,0.01%,0.01%,0.00%,0.01%,49,1,49,1,98,2,0.00%,0.01%,0.01%,0.01%,0.00%,0.01%,6.59%,0.00%,1,0,1.32%,0.00%,£23.99,£0.00,1,0,0,0,0.00%,0.00%,£19.99,£0.00,1,0,1,0
B0F8ZH2ZNW,Rimmel Oh My Gloss! Lip Gloss 100 Love Bug Bllamyszczyk do ust,439,4,214,4,653,8,0.05%,0.03%,0.03%,0.05%,0.03%,0.05%,535,5,282,4,817,9,0.03%,0.04%,0.03%,0.04%,0.03%,0.04%,1.50%,33.33%,3,0,0.46%,0.00%,£26.91,£0.00,1,0,0,0,0.00%,0.00%,£22.41,£0.00,3,0,1,0
B0F9XD97MD,ess. Fix It Like A Pro Transparent Brown Gel,1,0,2,0,3,0,0.00%,0.00%,0.00%,0.00%,0.00%,0.00%,1,0,2,0,3,0,0.00%,0.00%,0.00%,0.00%,0.00%,0.00%,66.67%,0.00%,1,0,33.33%,0.00%,£6.29,£0.00,1,0,0,0,0.00%,0.00%,£5.24,£0.00,1,0,1,0
B0FGJZ5Z9H,"Maybelline New York Instant Eraser, Colour Correcting Concealer Duo, Counteracts Redness, for a Natural Soft-Focus Finish, Dermatologist Tested & Suitable for Sensitive Skin","6,245",32,"2,887",34,"9,132",66,0.37%,0.40%,0.40%,0.46%,0.40%,0.42%,"8,054",41,"3,821",36,"11,875",77,0.40%,0.37%,0.40%,0.36%,0.40%,0.36%,0.00%,0.00%,1,0,0.01%,0.00%,£9.00,£0.00,1,0,0,0,0.00%,0.00%,£7.50,£0.00,1,0,1,0
B0FK9LHRG6,"Silcare Gel Base One Pink 50g, (Pack of 1)",195,1,56,6,251,7,0.01%,0.01%,0.01%,0.08%,0.01%,0.04%,265,1,94,10,359,11,0.01%,0.01%,0.01%,0.10%,0.01%,0.05%,0.29%,0.00%,1,0,0.40%,0.00%,£15.09,£0.00,1,0,0,0,0.00%,0.00%,£0.00,£0.00,0,0,0,0
B0FXXRNT5S,L.A. Girl Pro.Conceal HD.high-definition Concealer Corrector and Highlighter,15,0,9,0,24,0,0.00%,0.00%,0.00%,0.00%,0.00%,0.00%,17,0,9,0,26,0,0.00%,0.00%,0.00%,0.00%,0.00%,0.00%,19.23%,0.00%,1,0,4.17%,0.00%,£5.27,£0.00,1,0,0,0,0.00%,0.00%,£4.39,£0.00,1,0,1,0
B0GH7ZL3Y1,Loreal LUO EU 3 V511,5,0,4,0,9,0,0.00%,0.00%,0.00%,0.00%,0.00%,0.00%,15,0,5,0,20,0,0.00%,0.00%,0.00%,0.00%,0.00%,0.00%,100.00%,0.00%,1,0,11.11%,0.00%,£20.00,£0.00,1,0,0,0,0.00%,0.00%,£16.67,£0.00,1,0,1,0
B0GKGVXD9L,"L.A. Girl PRO.Face Matte Pressed Powder - Flawless, Long Lasting Matte Finish with Sheer to Buildable Coverage & Oil Control - Vegan, Cruelty Free, Travel Compact with Mirror and Sponge",11,0,13,1,24,1,0.00%,0.00%,0.00%,0.01%,0.00%,0.01%,12,0,20,1,32,1,0.00%,0.00%,0.00%,0.01%,0.00%,0.00%,41.94%,0.00%,4,0,16.67%,0.00%,£35.92,£0.00,1,0,0,0,0.00%,0.00%,£29.92,£0.00,4,0,1,0
B0GQ2YVZH6,"Joanna Professional CleanPro Complex Cleansing-Haarprodukte - tiefenreinigendes Shampoo - entfernt Schmutz, Talg & Stylingprodukte - macht das Haar frisch - mit CleanPro-Komplex - 1000 ml",6,0,2,0,8,0,0.00%,0.00%,0.00%,0.00%,0.00%,0.00%,15,0,2,0,17,0,0.00%,0.00%,0.00%,0.00%,0.00%,0.00%,15.38%,0.00%,1,0,12.50%,0.00%,£14.49,£0.00,1,0,0,0,0.00%,0.00%,£12.07,£0.00,1,0,1,0
B0GSN67YZY,Wax Lyrical Mediterranean Orange Reed Diffuser Refill - 200ml | Refreshing Orange Citrus Scent | Made in England,719,3,304,9,"1,023",12,0.04%,0.05%,0.04%,0.12%,0.04%,0.08%,985,5,395,13,"1,380",18,0.05%,0.04%,0.04%,0.13%,0.05%,0.08%,0.00%,0.00%,2,0,0.20%,0.00%,£22.10,£0.00,1,0,0,0,0.00%,0.00%,£27.63,£0.00,3,0,2,0
B0GVGL4VBX,"L'Oréal Paris Foundation for Face, Skincare Infused with Hyaluronic Acid, True Match Hydrating Liquid Foundation for All Skin Tones","52,290",283,"23,645",178,"75,935",461,3.30%,3.36%,3.25%,2.43%,3.33%,2.90%,"67,293",343,"30,418",251,"97,711",594,3.32%,3.06%,3.19%,2.48%,3.28%,2.79%,0.00%,0.86%,1,1,0.00%,0.22%,£13.49,£13.49,1,1,5,0,500.00%,0.00%,£11.24,£11.24,1,1,1,1
B0GWRHSY83,WoodWick Large Hourglass Scented Candle with Crackling Wick,"1,741",15,776,29,"2,517",44,0.18%,0.11%,0.11%,0.40%,0.11%,0.28%,"2,183",22,976,43,"3,159",65,0.11%,0.20%,0.10%,0.42%,0.11%,0.30%,0.32%,0.00%,1,0,0.04%,0.00%,£27.99,£0.00,1,0,0,0,0.00%,0.00%,£23.32,£0.00,1,0,1,0
B0GXFBNYFB,Max Factor Fondotinta Facefinity All Day Flawless,"1,196",14,770,14,"1,966",28,0.16%,0.08%,0.11%,0.19%,0.09%,0.18%,"1,504",18,975,20,"2,479",38,0.07%,0.16%,0.10%,0.20%,0.08%,0.18%,1.31%,0.00%,1,0,0.05%,0.00%,£9.99,£0.00,1,0,0,0,0.00%,0.00%,£8.32,£0.00,1,0,1,0
B0H3HKCZB8,Yankee Candle Candle,52,0,57,3,109,3,0.00%,0.00%,0.01%,0.04%,0.00%,0.02%,67,0,75,3,142,3,0.00%,0.00%,0.01%,0.03%,0.00%,0.01%,8.21%,0.00%,1,0,0.92%,0.00%,£24.99,£0.00,1,0,0,0,0.00%,0.00%,£20.82,£0.00,1,0,1,0
B0H3K6RZLY,"L'Oréal Paris Liquid Foundation, Full Coverage, Lasting Wear, Hydrating, Water & Transfer-Proof, Lightweight, Fresh, Dewy & Glowing Skin, 365 Deep Golden","2,988",10,"1,102",16,"4,090",26,0.12%,0.19%,0.15%,0.22%,0.18%,0.16%,"4,188",15,"1,531",22,"5,719",37,0.21%,0.13%,0.16%,0.22%,0.19%,0.17%,0.04%,0.00%,1,0,0.02%,0.00%,£15.95,£0.00,1,0,0,0,0.00%,0.00%,£13.29,£0.00,1,0,1,0
B0H3K97NCT,"Rimmel London Thrillseeker Black Mascara, Bold Volumen, Verlängerung, schwerelose Definition, klumpenfrei, wischfest, den ganzen Tag tragen, cremige Schlagformel, Sanduhr-förmige Bürste greift jede","1,075",4,496,4,"1,571",8,0.05%,0.07%,0.07%,0.05%,0.07%,0.05%,"1,353",5,642,5,"1,995",10,0.07%,0.04%,0.07%,0.05%,0.07%,0.05%,0.26%,0.00%,1,0,0.06%,0.00%,£5.65,£0.00,1,0,0,0,0.00%,0.00%,£0.00,£0.00,0,0,0,0
B0H3KCVDTD,"Stargazer Mascara, Violet. Comfortable strong colour mascara.",4,0,2,0,6,0,0.00%,0.00%,0.00%,0.00%,0.00%,0.00%,5,0,2,0,7,0,0.00%,0.00%,0.00%,0.00%,0.00%,0.00%,83.33%,0.00%,1,0,16.67%,0.00%,£3.95,£0.00,1,0,0,0,0.00%,0.00%,£3.29,£0.00,1,0,1,0
B0H3P428WQ,"Max Factor 2000 Calorie Lip Glaze, farbiges Hochglanz-Lipgloss mit Volumen-Effekt, Nährstoffkomplex mit Hyaluron und Squalan, vegan, Fb",993,11,658,3,"1,651",14,0.13%,0.06%,0.09%,0.04%,0.07%,0.09%,"1,266",15,830,3,"2,096",18,0.06%,0.13%,0.09%,0.03%,0.07%,0.08%,0.84%,0.00%,1,0,0.06%,0.00%,£6.99,£0.00,1,0,0,0,0.00%,0.00%,£5.82,£0.00,1,0,1,0
B0H3PDCG6N,Rimmel Oh My Gloss 160,285,3,120,1,405,4,0.04%,0.02%,0.02%,0.01%,0.02%,0.03%,347,3,146,1,493,4,0.02%,0.03%,0.02%,0.01%,0.02%,0.02%,0.67%,0.00%,1,0,0.25%,0.00%,£4.89,£0.00,1,0,0,0,0.00%,0.00%,£4.07,£0.00,1,0,1,0
B0H3WN8R2D,"Max Factor Lasting Performance Liquid Foundation, 108 Honey Beige, Full Coverage, Flawless and Radiant Finish, Lightweight Formula, Smudge Resistant, Non Pore-Clogging, Fragrance Free, 35ml",768,2,394,5,"1,162",7,0.02%,0.05%,0.05%,0.07%,0.05%,0.04%,996,2,491,5,"1,487",7,0.05%,0.02%,0.05%,0.05%,0.05%,0.03%,0.28%,0.00%,1,0,0.09%,0.00%,£7.78,£0.00,1,0,0,0,0.00%,0.00%,£6.48,£0.00,1,0,1,0
B0H3XDM4FK,Stargazer Semi-Permanent Vegan Tattoo Pen 6. Up To 24 Hour Strong Dark Green Colour For Skin Art With A Fine Line Nib.,78,0,43,0,121,0,0.00%,0.01%,0.01%,0.00%,0.01%,0.00%,96,0,57,0,153,0,0.00%,0.00%,0.01%,0.00%,0.01%,0.00%,99.28%,0.00%,1,0,0.83%,0.00%,£4.45,£0.00,1,0,0,0,0.00%,0.00%,£3.71,£0.00,1,0,1,0
B0H3XR7H11,Revlon Colorstay Longwear Permanent Cream Colour,820,7,407,6,"1,227",13,0.08%,0.05%,0.06%,0.08%,0.05%,0.08%,"1,147",9,577,8,"1,724",17,0.06%,0.08%,0.06%,0.08%,0.06%,0.08%,0.06%,0.00%,1,0,0.08%,0.00%,£7.42,£0.00,1,0,0,0,0.00%,0.00%,£7.07,£0.00,1,0,1,0
B0H71C2JCY,"Stargazer Tattoo-Stift, nicht permanent",79,0,40,0,119,0,0.00%,0.01%,0.01%,0.00%,0.01%,0.00%,91,0,59,0,150,0,0.00%,0.00%,0.01%,0.00%,0.01%,0.00%,18.52%,0.00%,1,0,0.84%,0.00%,£3.45,£0.00,1,0,0,0,0.00%,0.00%,£0.00,£0.00,0,0,0,0
B0H721V7PW,Yankee Candle Ultrasonic Aroma Diffuser Oil | Clean Cotton Diffuser Refill | 10ml,"5,674",24,"1,486",25,"7,160",49,0.28%,0.36%,0.20%,0.34%,0.31%,0.31%,"7,390",33,"1,946",29,"9,336",62,0.36%,0.29%,0.20%,0.29%,0.31%,0.29%,0.00%,0.00%,1,1,0.01%,2.04%,£6.98,£6.98,1,1,0,0,0.00%,0.00%,£5.82,£5.82,1,1,1,1
B0HCDPC9ML,WoodWick Ellipse Scented Candle | Cinnamon Chai | with Crackling Wick | Burn Time: Up to 50 Hours,65,1,27,0,92,1,0.01%,0.00%,0.00%,0.00%,0.00%,0.01%,85,1,30,0,115,1,0.00%,0.01%,0.00%,0.00%,0.00%,0.00%,23.21%,100.00%,1,0,1.09%,0.00%,£28.15,£0.00,1,0,0,0,0.00%,0.00%,£23.46,£0.00,1,0,1,0
B0HG24YSXQ,Wax Lyrical Reed Diffuser 40ml Mediterranean Orange,21,0,7,0,28,0,0.00%,0.00%,0.00%,0.00%,0.00%,0.00%,27,0,10,0,37,0,0.00%,0.00%,0.00%,0.00%,0.00%,0.00%,0.00%,0.00%,1,0,3.57%,0.00%,£9.98,£0.00,1,0,0,0,0.00%,0.00%,£8.32,£0.00,1,0,1,0
B000H3I44Y,"REVLON Super Lustrous Pearl Lipstick, Creamy Formula for Soft and Plumper Lips, Hydration Feeling, 425 Soft Silver Red, 0.15 oz",72,1,69,0,141,1,0.01%,0.00%,0.01%,0.00%,0.01%,0.01%,97,1,97,0,194,1,0.00%,0.01%,0.01%,0.00%,0.01%,0.00%,0.00%,0.00%,0,0,0.00%,0.00%,£0.00,£0.00,0,0,0,0,0.00%,0.00%,£0.00,£0.00,0,0,0,0
B000OC4A8W,"Max Factor Lipfinity, 102 Glistening, 4 g",44,0,40,2,84,2,0.00%,0.00%,0.01%,0.03%,0.00%,0.01%,62,0,59,2,121,2,0.00%,0.00%,0.01%,0.02%,0.00%,0.01%,1.85%,0.00%,0,0,0.00%,0.00%,£0.00,£0.00,0,0,0,0,0.00%,0.00%,£0.00,£0.00,0,0,0,0
B000P20JWW,Lápiz de Ojos Soft Khol Kajal Rimmel London,1,0,1,0,2,0,0.00%,0.00%,0.00%,0.00%,0.00%,0.00%,1,0,1,0,2,0,0.00%,0.00%,0.00%,0.00%,0.00%,0.00%,0.00%,0.00%,0,0,0.00%,0.00%,£0.00,£0.00,0,0,0,0,0.00%,0.00%,£0.00,£0.00,0,0,0,0
B000T1TYPC,"L’Oréal Paris Age Perfect Collagen Expert Night Cream for Mature Skin, 50ml","4,762",17,"2,412",19,"7,174",36,0.20%,0.31%,0.33%,0.26%,0.31%,0.23%,"6,596",26,"3,301",24,"9,897",50,0.33%,0.23%,0.35%,0.24%,0.33%,0.23%,0.02%,0.00%,0,0,0.00%,0.00%,£0.00,£0.00,0,0,0,0,0.00%,0.00%,£0.00,£0.00,0,0,0,0
B00129LTYY,Badgequo Body Collection Bronzing Pearls,259,1,126,1,385,2,0.01%,0.02%,0.02%,0.01%,0.02%,0.01%,313,1,172,2,485,3,0.02%,0.01%,0.02%,0.02%,0.02%,0.01%,0.22%,0.00%,0,0,0.00%,0.00%,£0.00,£0.00,0,0,0,0,0.00%,0.00%,£0.00,£0.00,0,0,0,0
B0015S99SA,Revlon Vital Radiance Concealer Brush - 010,4,0,1,0,5,0,0.00%,0.00%,0.00%,0.00%,0.00%,0.00%,4,0,1,0,5,0,0.00%,0.00%,0.00%,0.00%,0.00%,0.00%,100.00%,0.00%,0,0,0.00%,0.00%,£0.00,£0.00,0,0,0,0,0.00%,0.00%,£0.00,£0.00,0,0,0,0
B0017K9WP6,"Revlon Creme de la Chrome Liquid Lipcolor, Razzle Dazzle, 5ml",1,0,1,0,2,0,0.00%,0.00%,0.00%,0.00%,0.00%,0.00%,1,0,1,0,2,0,0.00%,0.00%,0.00%,0.00%,0.00%,0.00%,100.00%,0.00%,0,0,0.00%,0.00%,£0.00,£0.00,0,0,0,0,0.00%,0.00%,£0.00,£0.00,0,0,0,0
B0019CG7NW,Badgequo Body Collection Dumpy Brush,2,0,3,0,5,0,0.00%,0.00%,0.00%,0.00%,0.00%,0.00%,2,0,4,0,6,0,0.00%,0.00%,0.00%,0.00%,0.00%,0.00%,50.00%,0.00%,0,0,0.00%,0.00%,£0.00,£0.00,0,0,0,0,0.00%,0.00%,£0.00,£0.00,0,0,0,0
B001B2KXLC,Tinte Sin Amoniaco Colorsilk Revlon Rojizo claro,7,0,3,0,10,0,0.00%,0.00%,0.00%,0.00%,0.00%,0.00%,12,0,4,0,16,0,0.00%,0.00%,0.00%,0.00%,0.00%,0.00%,0.00%,0.00%,0,0,0.00%,0.00%,£0.00,£0.00,0,0,0,0,0.00%,0.00%,£0.00,£0.00,0,0,0,0
B001VD7BUW,Elizabeth Arden Lip Glosses - Honey,10,0,6,0,16,0,0.00%,0.00%,0.00%,0.00%,0.00%,0.00%,16,0,8,0,24,0,0.00%,0.00%,0.00%,0.00%,0.00%,0.00%,0.00%,0.00%,0,0,0.00%,0.00%,£0.00,£0.00,0,0,0,0,0.00%,0.00%,£0.00,£0.00,0,0,0,0
B0025T3JK2,STARGAZER ONE WASH COLOUR SPRAY YELLOW,1,0,1,0,2,0,0.00%,0.00%,0.00%,0.00%,0.00%,0.00%,1,0,1,0,2,0,0.00%,0.00%,0.00%,0.00%,0.00%,0.00%,50.00%,0.00%,0,0,0.00%,0.00%,£0.00,£0.00,0,0,0,0,0.00%,0.00%,£0.00,£0.00,0,0,0,0
B002FOVDXC,GREEN Glitter Hair Spray - Stargazer 75ml,1,0,0,0,1,0,0.00%,0.00%,0.00%,0.00%,0.00%,0.00%,1,0,0,0,1,0,0.00%,0.00%,0.00%,0.00%,0.00%,0.00%,100.00%,0.00%,0,0,0.00%,0.00%,£0.00,£0.00,0,0,0,0,0.00%,0.00%,£0.00,£0.00,0,0,0,0
B0036PYCI2,Stargazer Glitter Hair Spray - Pink x 1,2,0,3,0,5,0,0.00%,0.00%,0.00%,0.00%,0.00%,0.00%,3,0,3,0,6,0,0.00%,0.00%,0.00%,0.00%,0.00%,0.00%,20.00%,0.00%,0,0,0.00%,0.00%,£0.00,£0.00,0,0,0,0,0.00%,0.00%,£0.00,£0.00,0,0,0,0
B00375L8N8,"All Gone Eye and Lip Makeup Remover, Gentle Waterproof Makeup Cleanser for Eyes and Lips, 100ml",33,0,30,1,63,1,0.00%,0.00%,0.00%,0.01%,0.00%,0.01%,42,0,43,1,85,1,0.00%,0.00%,0.00%,0.01%,0.00%,0.00%,0.00%,0.00%,0,0,0.00%,0.00%,£0.00,£0.00,0,0,0,0,0.00%,0.00%,£0.00,£0.00,0,0,0,0
B0039UTUYK,"Revlon Colorstay Liquid Foundation Makeup Combination & Oily Skin SPF15, Medium To Full Coverage (30ml) Matte Finish, Sand Beige (180) Unisex",13,0,2,0,15,0,0.00%,0.00%,0.00%,0.00%,0.00%,0.00%,20,0,2,0,22,0,0.00%,0.00%,0.00%,0.00%,0.00%,0.00%,0.00%,0.00%,0,0,0.00%,0.00%,£0.00,£0.00,0,0,0,0,0.00%,0.00%,£0.00,£0.00,0,0,0,0
B0046TYIHC,"L'Oréal Paris Foundation for Face, Skincare Infused with Hyaluronic Acid, True Match Hydrating Liquid Foundation for All Skin Tones, SPF 16, 2C Rose Vanilla, 30 ml",10,1,11,0,21,1,0.01%,0.00%,0.00%,0.00%,0.00%,0.01%,10,1,12,0,22,1,0.00%,0.01%,0.00%,0.00%,0.00%,0.00%,0.00%,0.00%,0,0,0.00%,0.00%,£0.00,£0.00,0,0,0,0,0.00%,0.00%,£0.00,£0.00,0,0,0,0
B004KRVI0U,Sally Hansen Make Up Tweezer,1,0,1,0,2,0,0.00%,0.00%,0.00%,0.00%,0.00%,0.00%,1,0,1,0,2,0,0.00%,0.00%,0.00%,0.00%,0.00%,0.00%,50.00%,0.00%,0,0,0.00%,0.00%,£0.00,£0.00,0,0,0,0,0.00%,0.00%,£0.00,£0.00,0,0,0,0
B004KRYWT4,Sally Hansen Travel Manicure Cuticle Pliers,2,0,2,0,4,0,0.00%,0.00%,0.00%,0.00%,0.00%,0.00%,2,0,2,0,4,0,0.00%,0.00%,0.00%,0.00%,0.00%,0.00%,100.00%,0.00%,0,0,0.00%,0.00%,£0.00,£0.00,0,0,0,0,0.00%,0.00%,£0.00,£0.00,0,0,0,0
B004KS2V9G,Sally Hansen Stray Hair Beware-Needle Point Tip Tweezer,16,0,14,0,30,0,0.00%,0.00%,0.00%,0.00%,0.00%,0.00%,19,0,18,0,37,0,0.00%,0.00%,0.00%,0.00%,0.00%,0.00%,0.00%,0.00%,0,0,0.00%,0.00%,£0.00,£0.00,0,0,0,0,0.00%,0.00%,£0.00,£0.00,0,0,0,0
B004S7CGKI,Technic ROLL-ON FRUITY LIPGLOSS Banana 10 ml,2,0,1,0,3,0,0.00%,0.00%,0.00%,0.00%,0.00%,0.00%,2,0,1,0,3,0,0.00%,0.00%,0.00%,0.00%,0.00%,0.00%,0.00%,0.00%,0,0,0.00%,0.00%,£0.00,£0.00,0,0,0,0,0.00%,0.00%,£0.00,£0.00,0,0,0,0
B0052Z86RM,RIMMEL SOFT KOHL INTENSE AND SMOKEY KAJAL EYELINER PENCIL #071 PURE WHITE,9,0,11,0,20,0,0.00%,0.00%,0.00%,0.00%,0.00%,0.00%,11,0,12,0,23,0,0.00%,0.00%,0.00%,0.00%,0.00%,0.00%,0.00%,0.00%,0,0,0.00%,0.00%,£0.00,£0.00,0,0,0,0,0.00%,0.00%,£0.00,£0.00,0,0,0,0
B0058WBMC0,WoodWick Large Hourglass Scented Trilogy Candle | Warm Woods | with Crackling Wick | Up to 130 Hours Burn Time,8,0,4,0,12,0,0.00%,0.00%,0.00%,0.00%,0.00%,0.00%,10,0,6,0,16,0,0.00%,0.00%,0.00%,0.00%,0.00%,0.00%,0.00%,0.00%,0,0,0.00%,0.00%,£0.00,£0.00,0,0,0,0,0.00%,0.00%,£0.00,£0.00,0,0,0,0
B006FKAAWC,Laval Clear Lipshiner 8ml,1,0,1,0,2,0,0.00%,0.00%,0.00%,0.00%,0.00%,0.00%,3,0,3,0,6,0,0.00%,0.00%,0.00%,0.00%,0.00%,0.00%,0.00%,0.00%,0,0,0.00%,0.00%,£0.00,£0.00,0,0,0,0,0.00%,0.00%,£0.00,£0.00,0,0,0,0
B007B1BHUI,Gutto Snail Cream 50ml - ANTI-ACNE &ANTI SEBUM &SKIN REPAIR CREAM,1,0,3,0,4,0,0.00%,0.00%,0.00%,0.00%,0.00%,0.00%,1,0,3,0,4,0,0.00%,0.00%,0.00%,0.00%,0.00%,0.00%,75.00%,0.00%,0,0,0.00%,0.00%,£0.00,£0.00,0,0,0,0,0.00%,0.00%,£0.00,£0.00,0,0,0,0
B007F32R2E,Mascarilla Facial Passion Peel Off 10 Ml.,4,0,6,0,10,0,0.00%,0.00%,0.00%,0.00%,0.00%,0.00%,4,0,7,0,11,0,0.00%,0.00%,0.00%,0.00%,0.00%,0.00%,100.00%,0.00%,0,0,0.00%,0.00%,£0.00,£0.00,0,0,0,0,0.00%,0.00%,£0.00,£0.00,0,0,0,0
B007K3DCG4,Bourjois – Brush 42 gr Brush Flower Perfection,1,0,1,0,2,0,0.00%,0.00%,0.00%,0.00%,0.00%,0.00%,1,0,1,0,2,0,0.00%,0.00%,0.00%,0.00%,0.00%,0.00%,0.00%,0.00%,0,0,0.00%,0.00%,£0.00,£0.00,0,0,0,0,0.00%,0.00%,£0.00,£0.00,0,0,0,0
B007PP770E,Stargazer Eye Catching Mascara Black,0,0,1,0,1,0,0.00%,0.00%,0.00%,0.00%,0.00%,0.00%,0,0,1,0,1,0,0.00%,0.00%,0.00%,0.00%,0.00%,0.00%,0.00%,0.00%,0,0,0.00%,0.00%,£0.00,£0.00,0,0,0,0,0.00%,0.00%,£0.00,£0.00,0,0,0,0
B0087OXXAA,Stargazer Pink Body Glitter Gel - Face & Body Shimmer - Long Lasting Festival & Party Makeup - Easy to Apply - Cruelty-Free - 10 ml,10,0,5,0,15,0,0.00%,0.00%,0.00%,0.00%,0.00%,0.00%,11,0,8,0,19,0,0.00%,0.00%,0.00%,0.00%,0.00%,0.00%,0.00%,0.00%,0,0,0.00%,0.00%,£0.00,£0.00,0,0,0,0,0.00%,0.00%,£0.00,£0.00,0,0,0,0
B009FWZWOI,Stargazer Semi Permanent Tattoo Pen - Shade 04 | Long Lasting Body Art Marker | Waterproof Smudge Resistant Ink | Precision Tip,275,1,98,0,373,1,0.01%,0.02%,0.01%,0.00%,0.02%,0.01%,389,1,129,0,518,1,0.02%,0.01%,0.01%,0.00%,0.02%,0.00%,0.00%,0.00%,0,0,0.00%,0.00%,£0.00,£0.00,0,0,0,0,0.00%,0.00%,£0.00,£0.00,0,0,0,0
B00AWRB96A,"Sally Hansen Maximum Growth Nail Care Treatment, 13.3 ml (Pack of 1)","6,744",27,"2,873",21,"9,617",48,0.32%,0.43%,0.40%,0.29%,0.42%,0.30%,"9,238",42,"3,911",29,"13,149",71,0.46%,0.38%,0.41%,0.29%,0.44%,0.33%,0.02%,0.00%,0,0,0.00%,0.00%,£0.00,£0.00,0,0,0,0,0.00%,0.00%,£0.00,£0.00,0,0,0,0
B00B7JKUE4,Stargazer Lilac Lipstick 115 - Creamy Long-Lasting Colour with Gloss Finish - Soft Pigmented for Everyday Wear - Cruelty-Free - Made in the UK - 5.2 g,8,0,4,0,12,0,0.00%,0.00%,0.00%,0.00%,0.00%,0.00%,9,0,5,0,14,0,0.00%,0.00%,0.00%,0.00%,0.00%,0.00%,0.00%,0.00%,0,0,0.00%,0.00%,£0.00,£0.00,0,0,0,0,0.00%,0.00%,£0.00,£0.00,0,0,0,0
B00BW2QMXE,"Schwarzkopf IR 9,5-49 60 ml",15,1,7,0,22,1,0.01%,0.00%,0.00%,0.00%,0.00%,0.01%,16,1,7,0,23,1,0.00%,0.01%,0.00%,0.00%,0.00%,0.00%,0.00%,0.00%,0,0,0.00%,0.00%,£0.00,£0.00,0,0,0,0,0.00%,0.00%,£0.00,£0.00,0,0,0,0
B00BW5U0LQ,"Schwarzkopf Igora Royal Permanent Haircolor, Number 9.5-22",1,0,4,0,5,0,0.00%,0.00%,0.00%,0.00%,0.00%,0.00%,1,0,4,0,5,0,0.00%,0.00%,0.00%,0.00%,0.00%,0.00%,0.00%,0.00%,0,0,0.00%,0.00%,£0.00,£0.00,0,0,0,0,0.00%,0.00%,£0.00,£0.00,0,0,0,0
B00CF2EQBA,Eveline Cosmetics Art Scenic Waterproof Liquid Eyeliner Pen - Intense Black Long-lasting 24-hour Smudge-proof Formula with Precision Marker Tip,11,0,3,0,14,0,0.00%,0.00%,0.00%,0.00%,0.00%,0.00%,13,0,3,0,16,0,0.00%,0.00%,0.00%,0.00%,0.00%,0.00%,0.00%,0.00%,0,0,0.00%,0.00%,£0.00,£0.00,0,0,0,0,0.00%,0.00%,£0.00,£0.00,0,0,0,0
B00CHTWWL2,MAC Locket Kiss Ink Decadence 4 ml / .13 Floss,7,0,0,0,7,0,0.00%,0.00%,0.00%,0.00%,0.00%,0.00%,8,0,0,0,8,0,0.00%,0.00%,0.00%,0.00%,0.00%,0.00%,100.00%,0.00%,0,0,0.00%,0.00%,£0.00,£0.00,0,0,0,0,0.00%,0.00%,£0.00,£0.00,0,0,0,0
B00CLJYRVG,L.A. Girl Glide Eye Liner Pencil 359 Champagne,1,0,0,0,1,0,0.00%,0.00%,0.00%,0.00%,0.00%,0.00%,1,0,0,0,1,0,0.00%,0.00%,0.00%,0.00%,0.00%,0.00%,100.00%,0.00%,0,0,0.00%,0.00%,£0.00,£0.00,0,0,0,0,0.00%,0.00%,£0.00,£0.00,0,0,0,0
B00CLJZ9P4,L.A. Girl Glide Eye Liner Pencil 360 Goldmine,0,0,1,0,1,0,0.00%,0.00%,0.00%,0.00%,0.00%,0.00%,0,0,1,0,1,0,0.00%,0.00%,0.00%,0.00%,0.00%,0.00%,100.00%,0.00%,0,0,0.00%,0.00%,£0.00,£0.00,0,0,0,0,0.00%,0.00%,£0.00,£0.00,0,0,0,0
B00E1Z5MVC,Joanna Serum for Hair Ends with Argan Oil 50g,4,0,6,0,10,0,0.00%,0.00%,0.00%,0.00%,0.00%,0.00%,5,0,8,0,13,0,0.00%,0.00%,0.00%,0.00%,0.00%,0.00%,0.00%,0.00%,0,0,0.00%,0.00%,£0.00,£0.00,0,0,0,0,0.00%,0.00%,£0.00,£0.00,0,0,0,0
B00E1Z62N4,JOANNA CONDITIONER ? ARGAN OIL 200 G,0,0,2,0,2,0,0.00%,0.00%,0.00%,0.00%,0.00%,0.00%,0,0,2,0,2,0,0.00%,0.00%,0.00%,0.00%,0.00%,0.00%,50.00%,0.00%,0,0,0.00%,0.00%,£0.00,£0.00,0,0,0,0,0.00%,0.00%,£0.00,£0.00,0,0,0,0
B00EAL6DDI,Sally Hansen Diamond Strength Instant Nail Hardener 13.3 ml,0,0,0,0,0,0,0.00%,0.00%,0.00%,0.00%,0.00%,0.00%,0,0,0,0,0,0,0.00%,0.00%,0.00%,0.00%,0.00%,0.00%,0.00%,0.00%,0,0,0.00%,0.00%,£0.00,£0.00,0,0,2,0,0.00%,0.00%,£0.00,£0.00,0,0,0,0
B00FJ33VRM,"Rimmel London Moisture Renew Lipstick, 510 Mayfair Red Lady",917,3,488,2,"1,405",5,0.04%,0.06%,0.07%,0.03%,0.06%,0.03%,"1,133",4,611,4,"1,744",8,0.06%,0.04%,0.06%,0.04%,0.06%,0.04%,0.00%,0.00%,0,0,0.00%,0.00%,£0.00,£0.00,0,0,0,0,0.00%,0.00%,£0.00,£0.00,0,0,0,0
B00FKUDCC8,"Schwarzkopf Number 7-65 Igora Royal Dye,60 ml",35,1,28,0,63,1,0.01%,0.00%,0.00%,0.00%,0.00%,0.01%,39,1,41,0,80,1,0.00%,0.01%,0.00%,0.00%,0.00%,0.00%,4.00%,0.00%,0,0,0.00%,0.00%,£0.00,£0.00,0,0,0,0,0.00%,0.00%,£0.00,£0.00,0,0,0,0
B00FOR9L2W,Stargazer Yellow Body Glitter Gel - Face & Body Shimmer - Long Lasting Festival & Party Makeup - Easy to Apply - Cruelty-Free - 10 ml,3,0,4,0,7,0,0.00%,0.00%,0.00%,0.00%,0.00%,0.00%,4,0,4,0,8,0,0.00%,0.00%,0.00%,0.00%,0.00%,0.00%,57.14%,0.00%,0,0,0.00%,0.00%,£0.00,£0.00,0,0,0,0,0.00%,0.00%,£0.00,£0.00,0,0,0,0
B00GS6KL2W,Technic Duo Eyeliner Pencils and Sharpener Set Black BOXED,1,0,6,0,7,0,0.00%,0.00%,0.00%,0.00%,0.00%,0.00%,2,0,9,0,11,0,0.00%,0.00%,0.00%,0.00%,0.00%,0.00%,50.00%,0.00%,0,0,0.00%,0.00%,£0.00,£0.00,0,0,0,0,0.00%,0.00%,£0.00,£0.00,0,0,0,0
B00HK1KR5U,"Sally Hansen Nail Rehab Strengthener, 10ml, pink",0,0,0,0,0,0,0.00%,0.00%,0.00%,0.00%,0.00%,0.00%,0,0,0,0,0,0,0.00%,0.00%,0.00%,0.00%,0.00%,0.00%,0.00%,0.00%,0,0,0.00%,0.00%,£0.00,£0.00,0,0,1,0,0.00%,0.00%,£0.00,£0.00,0,0,0,0
B00I455IR8,Biosilk Color Therapy Conditioner 207ml,0,0,1,0,1,0,0.00%,0.00%,0.00%,0.00%,0.00%,0.00%,0,0,1,0,1,0,0.00%,0.00%,0.00%,0.00%,0.00%,0.00%,100.00%,0.00%,0,0,0.00%,0.00%,£0.00,£0.00,0,0,0,0,0.00%,0.00%,£0.00,£0.00,0,0,0,0
B00I9X3UKM,"Rimmel London Stay Matte Primer, Transparent, 30 ml","1,195",6,488,7,"1,683",13,0.07%,0.08%,0.07%,0.10%,0.07%,0.08%,"1,487",9,626,9,"2,113",18,0.07%,0.08%,0.07%,0.09%,0.07%,0.08%,0.05%,0.00%,0,0,0.00%,0.00%,£0.00,£0.00,0,0,0,0,0.00%,0.00%,£0.00,£0.00,0,0,0,0
B00IAJG0XE,COLORSILK 20 BROWN/BLACK,14,0,15,0,29,0,0.00%,0.00%,0.00%,0.00%,0.00%,0.00%,22,0,23,0,45,0,0.00%,0.00%,0.00%,0.00%,0.00%,0.00%,18.42%,0.00%,0,0,0.00%,0.00%,£0.00,£0.00,0,0,0,0,0.00%,0.00%,£0.00,£0.00,0,0,0,0
B00J9GXOCW,Kds Fast Set Nail Glue - Pack Of 10,2,1,0,0,2,1,0.01%,0.00%,0.00%,0.00%,0.00%,0.01%,4,2,0,0,4,2,0.00%,0.02%,0.00%,0.00%,0.00%,0.01%,100.00%,0.00%,0,0,0.00%,0.00%,£0.00,£0.00,0,0,0,0,0.00%,0.00%,£0.00,£0.00,0,0,0,0
B00JKEVDJE,7th Heaven Black Seaweed Easy Peel-Off Face Mask,2,0,7,0,9,0,0.00%,0.00%,0.00%,0.00%,0.00%,0.00%,2,0,7,0,9,0,0.00%,0.00%,0.00%,0.00%,0.00%,0.00%,33.33%,0.00%,0,0,0.00%,0.00%,£0.00,£0.00,0,0,0,0,0.00%,0.00%,£0.00,£0.00,0,0,0,0
B00JT97HSQ,LA GIRL Eyeliner Pencil - Blue Metallic by L.A. Girl,0,0,2,0,2,0,0.00%,0.00%,0.00%,0.00%,0.00%,0.00%,0,0,3,0,3,0,0.00%,0.00%,0.00%,0.00%,0.00%,0.00%,50.00%,0.00%,0,0,0.00%,0.00%,£0.00,£0.00,0,0,0,0,0.00%,0.00%,£0.00,£0.00,0,0,0,0
B00JTD9050,LA GIRL Eyeliner Pencil - Pretty-N-Pink,1,0,0,0,1,0,0.00%,0.00%,0.00%,0.00%,0.00%,0.00%,1,0,0,0,1,0,0.00%,0.00%,0.00%,0.00%,0.00%,0.00%,100.00%,0.00%,0,0,0.00%,0.00%,£0.00,£0.00,0,0,0,0,0.00%,0.00%,£0.00,£0.00,0,0,0,0
B00JTDFIQA,LA GIRL Lipliner Pencil - Auburn,5,0,6,0,11,0,0.00%,0.00%,0.00%,0.00%,0.00%,0.00%,5,0,9,0,14,0,0.00%,0.00%,0.00%,0.00%,0.00%,0.00%,41.67%,0.00%,0,0,0.00%,0.00%,£0.00,£0.00,0,0,0,0,0.00%,0.00%,£0.00,£0.00,0,0,0,0
B00JTDJ1TU,LA GIRL Lipliner Pencil - Burgundy,3,0,1,0,4,0,0.00%,0.00%,0.00%,0.00%,0.00%,0.00%,3,0,3,0,6,0,0.00%,0.00%,0.00%,0.00%,0.00%,0.00%,20.00%,0.00%,0,0,0.00%,0.00%,£0.00,£0.00,0,0,0,0,0.00%,0.00%,£0.00,£0.00,0,0,0,0
B00JTDPDRE,LA GIRL Lipliner Pencil - Coral,1,0,0,0,1,0,0.00%,0.00%,0.00%,0.00%,0.00%,0.00%,1,0,0,0,1,0,0.00%,0.00%,0.00%,0.00%,0.00%,0.00%,0.00%,0.00%,0,0,0.00%,0.00%,£0.00,£0.00,0,0,0,0,0.00%,0.00%,£0.00,£0.00,0,0,0,0
B00JWN5ECK,Stargazer Neon Glow In UV Lipstick - Neon Green,1,0,1,0,2,0,0.00%,0.00%,0.00%,0.00%,0.00%,0.00%,1,0,1,0,2,0,0.00%,0.00%,0.00%,0.00%,0.00%,0.00%,50.00%,0.00%,0,0,0.00%,0.00%,£0.00,£0.00,0,0,0,0,0.00%,0.00%,£0.00,£0.00,0,0,0,0
B00JWU5L58,Montagne Juenesse 7th Heaven Creamy Coconut Hydrate Mask,1,0,4,0,5,0,0.00%,0.00%,0.00%,0.00%,0.00%,0.00%,1,0,4,0,5,0,0.00%,0.00%,0.00%,0.00%,0.00%,0.00%,20.00%,0.00%,0,0,0.00%,0.00%,£0.00,£0.00,0,0,0,0,0.00%,0.00%,£0.00,£0.00,0,0,0,0
B00K4YM92O,LA GIRL Lipliner Pencil - Party Pink,0,0,1,0,1,0,0.00%,0.00%,0.00%,0.00%,0.00%,0.00%,0,0,1,0,1,0,0.00%,0.00%,0.00%,0.00%,0.00%,0.00%,0.00%,0.00%,0,0,0.00%,0.00%,£0.00,£0.00,0,0,0,0,0.00%,0.00%,£0.00,£0.00,0,0,0,0
B00K4YNUFE,LA GIRL Lipliner Pencil - Plum,2,0,0,0,2,0,0.00%,0.00%,0.00%,0.00%,0.00%,0.00%,2,0,0,0,2,0,0.00%,0.00%,0.00%,0.00%,0.00%,0.00%,50.00%,0.00%,0,0,0.00%,0.00%,£0.00,£0.00,0,0,0,0,0.00%,0.00%,£0.00,£0.00,0,0,0,0
B00KG83D5K,"3 x Max Factor Pan Stik Foundation, 96 Bisque Ivory, (9g), Brand New",19,0,14,0,33,0,0.00%,0.00%,0.00%,0.00%,0.00%,0.00%,24,0,18,0,42,0,0.00%,0.00%,0.00%,0.00%,0.00%,0.00%,0.00%,0.00%,0,0,0.00%,0.00%,£0.00,£0.00,0,0,0,0,0.00%,0.00%,£0.00,£0.00,0,0,0,0
B00KG85ENY,3 x Max Factor Lasting Performance Weightless Feel Foundation 101 Ivory Beige,6,0,5,0,11,0,0.00%,0.00%,0.00%,0.00%,0.00%,0.00%,7,0,8,0,15,0,0.00%,0.00%,0.00%,0.00%,0.00%,0.00%,0.00%,0.00%,0,0,0.00%,0.00%,£0.00,£0.00,0,0,0,0,0.00%,0.00%,£0.00,£0.00,0,0,0,0
B00KG8BM8K,"3 x Max Factor Pan Stik Foundation, 25 Fair, (9g), Brand New",3,0,2,0,5,0,0.00%,0.00%,0.00%,0.00%,0.00%,0.00%,3,0,2,0,5,0,0.00%,0.00%,0.00%,0.00%,0.00%,0.00%,0.00%,0.00%,0,0,0.00%,0.00%,£0.00,£0.00,0,0,0,0,0.00%,0.00%,£0.00,£0.00,0,0,0,0
B00LI4IG2G,3 x Max Factor Lasting Performance Touch Proof Foundation 35ml - 102 Pastelle,3,0,9,0,12,0,0.00%,0.00%,0.00%,0.00%,0.00%,0.00%,3,0,11,0,14,0,0.00%,0.00%,0.00%,0.00%,0.00%,0.00%,7.14%,0.00%,0,0,0.00%,0.00%,£0.00,£0.00,0,0,0,0,0.00%,0.00%,£0.00,£0.00,0,0,0,0
B00MUMD120,Plenitude RevitaLift Eye Cream (New Packaging) 15ml/0.5oz,2,0,4,0,6,0,0.00%,0.00%,0.00%,0.00%,0.00%,0.00%,2,0,4,0,6,0,0.00%,0.00%,0.00%,0.00%,0.00%,0.00%,0.00%,0.00%,0,0,0.00%,0.00%,£0.00,£0.00,0,0,0,0,0.00%,0.00%,£0.00,£0.00,0,0,0,0
B00NOYSYMK,Technic Roll On Lip Gloss Shine Lip Paint Girls Makeup Strawberry 6ml,0,0,4,0,4,0,0.00%,0.00%,0.00%,0.00%,0.00%,0.00%,0,0,6,0,6,0,0.00%,0.00%,0.00%,0.00%,0.00%,0.00%,16.67%,0.00%,0,0,0.00%,0.00%,£0.00,£0.00,0,0,0,0,0.00%,0.00%,£0.00,£0.00,0,0,0,0
B00NPPYCIS,W7 ABSOLUTE Lashes Mascara,19,0,22,0,41,0,0.00%,0.00%,0.00%,0.00%,0.00%,0.00%,29,0,26,0,55,0,0.00%,0.00%,0.00%,0.00%,0.00%,0.00%,0.00%,0.00%,0,0,0.00%,0.00%,£0.00,£0.00,0,0,0,0,0.00%,0.00%,£0.00,£0.00,0,0,0,0
B00NQI9U2W,LA GIRL HD Pro BB Cream - Light Medium,6,0,7,0,13,0,0.00%,0.00%,0.00%,0.00%,0.00%,0.00%,8,0,9,0,17,0,0.00%,0.00%,0.00%,0.00%,0.00%,0.00%,31.25%,0.00%,0,0,0.00%,0.00%,£0.00,£0.00,0,0,0,0,0.00%,0.00%,£0.00,£0.00,0,0,0,0
B00NQIAV0W,LA GIRL HD Pro BB Cream - Neutral,5,0,4,0,9,0,0.00%,0.00%,0.00%,0.00%,0.00%,0.00%,5,0,4,0,9,0,0.00%,0.00%,0.00%,0.00%,0.00%,0.00%,33.33%,0.00%,0,0,0.00%,0.00%,£0.00,£0.00,0,0,0,0,0.00%,0.00%,£0.00,£0.00,0,0,0,0
B00O3F21N2,Schwarzkopf IR Absolutes 5-60 60ml,3,0,3,0,6,0,0.00%,0.00%,0.00%,0.00%,0.00%,0.00%,5,0,4,0,9,0,0.00%,0.00%,0.00%,0.00%,0.00%,0.00%,25.00%,0.00%,0,0,0.00%,0.00%,£0.00,£0.00,0,0,0,0,0.00%,0.00%,£0.00,£0.00,0,0,0,0
B00OI2VV22,L'Oréal Paris Volume Mascara,909,8,788,28,"1,697",36,0.09%,0.06%,0.11%,0.38%,0.07%,0.23%,"1,361",10,996,41,"2,357",51,0.07%,0.09%,0.10%,0.40%,0.08%,0.24%,0.00%,0.00%,0,0,0.00%,0.00%,£0.00,£0.00,0,0,0,0,0.00%,0.00%,£0.00,£0.00,0,0,0,0
B00OLZA30W,Stargazer Matte finish lip stick 211. Maximum colour creamy lipstick with a no shine matte finish.,0,0,1,0,1,0,0.00%,0.00%,0.00%,0.00%,0.00%,0.00%,0,0,1,0,1,0,0.00%,0.00%,0.00%,0.00%,0.00%,0.00%,0.00%,0.00%,0,0,0.00%,0.00%,£0.00,£0.00,0,0,0,0,0.00%,0.00%,£0.00,£0.00,0,0,0,0
B00OLZA366,Stargazer Matte finish lip stick 212. Maximum colour creamy lipstick with a no shine matte finish.,5,0,2,0,7,0,0.00%,0.00%,0.00%,0.00%,0.00%,0.00%,10,0,2,0,12,0,0.00%,0.00%,0.00%,0.00%,0.00%,0.00%,63.64%,0.00%,0,0,0.00%,0.00%,£0.00,£0.00,0,0,0,0,0.00%,0.00%,£0.00,£0.00,0,0,0,0
B00P7SN7WI,Revlon ColorStay Makeup Foundation for Oily Skin,687,4,268,1,955,5,0.05%,0.04%,0.04%,0.01%,0.04%,0.03%,"1,165",5,414,3,"1,579",8,0.06%,0.04%,0.04%,0.03%,0.05%,0.04%,0.15%,0.00%,0,0,0.00%,0.00%,£0.00,£0.00,0,0,0,0,0.00%,0.00%,£0.00,£0.00,0,0,0,0
B00PWLPJ2G,HONEYDEW SHAVING GEL MOISTURIZING AND SOOTHING EFFECT ON SKIN 200 ML,1,0,0,0,1,0,0.00%,0.00%,0.00%,0.00%,0.00%,0.00%,1,0,0,0,1,0,0.00%,0.00%,0.00%,0.00%,0.00%,0.00%,0.00%,0.00%,0,0,0.00%,0.00%,£0.00,£0.00,0,0,0,0,0.00%,0.00%,£0.00,£0.00,0,0,0,0
B00SJEKEFA,Stargazer Neon Glow In UV Lipstick - Neon Yellow,2,0,1,0,3,0,0.00%,0.00%,0.00%,0.00%,0.00%,0.00%,2,0,1,0,3,0,0.00%,0.00%,0.00%,0.00%,0.00%,0.00%,100.00%,0.00%,0,0,0.00%,0.00%,£0.00,£0.00,0,0,0,0,0.00%,0.00%,£0.00,£0.00,0,0,0,0
B00SPX2M5K,ESSENCE_Duo Sharpener podwójna temperówka,82,0,37,1,119,1,0.00%,0.01%,0.01%,0.01%,0.01%,0.01%,107,0,47,2,154,2,0.01%,0.00%,0.00%,0.02%,0.01%,0.01%,0.00%,0.00%,0,0,0.00%,0.00%,£0.00,£0.00,0,0,0,0,0.00%,0.00%,£0.00,£0.00,0,0,0,0
B00TBY7T64,LA GIRL Lipliner Pencil - Cherry,0,0,1,0,1,0,0.00%,0.00%,0.00%,0.00%,0.00%,0.00%,0,0,1,0,1,0,0.00%,0.00%,0.00%,0.00%,0.00%,0.00%,100.00%,0.00%,0,0,0.00%,0.00%,£0.00,£0.00,0,0,0,0,0.00%,0.00%,£0.00,£0.00,0,0,0,0
B00TBY7YH8,"L.A. Girl Lip Pencil - Smooth Plum, Liner, lip-liners, 0.04 oz/1.3 g, Paraben Free, Cruelty Free, Tube, unisex, GP511",1,0,1,0,2,0,0.00%,0.00%,0.00%,0.00%,0.00%,0.00%,1,0,1,0,2,0,0.00%,0.00%,0.00%,0.00%,0.00%,0.00%,100.00%,0.00%,0,0,0.00%,0.00%,£0.00,£0.00,0,0,0,0,0.00%,0.00%,£0.00,£0.00,0,0,0,0
B00TBY81MA,LA GIRL Lipliner Pencil - Perfect Brown,0,0,2,0,2,0,0.00%,0.00%,0.00%,0.00%,0.00%,0.00%,0,0,2,0,2,0,0.00%,0.00%,0.00%,0.00%,0.00%,0.00%,50.00%,0.00%,0,0,0.00%,0.00%,£0.00,£0.00,0,0,0,0,0.00%,0.00%,£0.00,£0.00,0,0,0,0
B00TBY9052,LA GIRL Lipliner Pencil - Forever,3,0,0,0,3,0,0.00%,0.00%,0.00%,0.00%,0.00%,0.00%,4,0,0,0,4,0,0.00%,0.00%,0.00%,0.00%,0.00%,0.00%,0.00%,0.00%,0,0,0.00%,0.00%,£0.00,£0.00,0,0,0,0,0.00%,0.00%,£0.00,£0.00,0,0,0,0
B00TBY96A6,LA GIRL Eyeliner Pencil - Brown,4,0,5,0,9,0,0.00%,0.00%,0.00%,0.00%,0.00%,0.00%,4,0,6,0,10,0,0.00%,0.00%,0.00%,0.00%,0.00%,0.00%,40.00%,0.00%,0,0,0.00%,0.00%,£0.00,£0.00,0,0,0,0,0.00%,0.00%,£0.00,£0.00,0,0,0,0
B00TBY9886,Mahogany Eye Pencil,1,0,0,0,1,0,0.00%,0.00%,0.00%,0.00%,0.00%,0.00%,1,0,0,0,1,0,0.00%,0.00%,0.00%,0.00%,0.00%,0.00%,100.00%,0.00%,0,0,0.00%,0.00%,£0.00,£0.00,0,0,0,0,0.00%,0.00%,£0.00,£0.00,0,0,0,0
B00TBY9C5U,LA girl Eyeliner GP609 Deepest Brown,1,0,1,0,2,0,0.00%,0.00%,0.00%,0.00%,0.00%,0.00%,2,0,2,0,4,0,0.00%,0.00%,0.00%,0.00%,0.00%,0.00%,50.00%,0.00%,0,0,0.00%,0.00%,£0.00,£0.00,0,0,0,0,0.00%,0.00%,£0.00,£0.00,0,0,0,0
B00TBY9D72,LA GIRL Eyeliner Pencil - Espresso,1,0,0,0,1,0,0.00%,0.00%,0.00%,0.00%,0.00%,0.00%,1,0,0,0,1,0,0.00%,0.00%,0.00%,0.00%,0.00%,0.00%,0.00%,0.00%,0,0,0.00%,0.00%,£0.00,£0.00,0,0,0,0,0.00%,0.00%,£0.00,£0.00,0,0,0,0
B00TBY9GRY,LA GIRL Eyeliner Pencil - Medium Brown,0,0,1,0,1,0,0.00%,0.00%,0.00%,0.00%,0.00%,0.00%,0,0,1,0,1,0,0.00%,0.00%,0.00%,0.00%,0.00%,0.00%,100.00%,0.00%,0,0,0.00%,0.00%,£0.00,£0.00,0,0,0,0,0.00%,0.00%,£0.00,£0.00,0,0,0,0
B00TBY9MJG,Spectra Blue Eye Pencil,0,0,1,0,1,0,0.00%,0.00%,0.00%,0.00%,0.00%,0.00%,0,0,1,0,1,0,0.00%,0.00%,0.00%,0.00%,0.00%,0.00%,0.00%,0.00%,0,0,0.00%,0.00%,£0.00,£0.00,0,0,0,0,0.00%,0.00%,£0.00,£0.00,0,0,0,0
B00TH4YZ06,Marion Natura Silk For Dyed Hair Therapy Smooth Soft Shiny Hair 130ml,1,0,3,0,4,0,0.00%,0.00%,0.00%,0.00%,0.00%,0.00%,1,0,3,0,4,0,0.00%,0.00%,0.00%,0.00%,0.00%,0.00%,25.00%,0.00%,0,0,0.00%,0.00%,£0.00,£0.00,0,0,0,0,0.00%,0.00%,£0.00,£0.00,0,0,0,0
B00UIVQUDW,La Girl Lipliner Pencil Pink,2,0,1,0,3,0,0.00%,0.00%,0.00%,0.00%,0.00%,0.00%,2,0,1,0,3,0,0.00%,0.00%,0.00%,0.00%,0.00%,0.00%,0.00%,0.00%,0,0,0.00%,0.00%,£0.00,£0.00,0,0,0,0,0.00%,0.00%,£0.00,£0.00,0,0,0,0
B00W46TCUW,L.A. GIRL Matte Pigment Gloss - Black Current,0,0,1,0,1,0,0.00%,0.00%,0.00%,0.00%,0.00%,0.00%,0,0,1,0,1,0,0.00%,0.00%,0.00%,0.00%,0.00%,0.00%,0.00%,0.00%,0,0,0.00%,0.00%,£0.00,£0.00,0,0,0,0,0.00%,0.00%,£0.00,£0.00,0,0,0,0
B00W4765QU,LA Girl USA Matte Pigment Lip Gloss - Fantasy,3,0,0,0,3,0,0.00%,0.00%,0.00%,0.00%,0.00%,0.00%,3,0,0,0,3,0,0.00%,0.00%,0.00%,0.00%,0.00%,0.00%,66.67%,0.00%,0,0,0.00%,0.00%,£0.00,£0.00,0,0,0,0,0.00%,0.00%,£0.00,£0.00,0,0,0,0
B00W47D9K0,L.A. GIRL Matte Pigment Gloss - Backstage,1,0,0,0,1,0,0.00%,0.00%,0.00%,0.00%,0.00%,0.00%,1,0,0,0,1,0,0.00%,0.00%,0.00%,0.00%,0.00%,0.00%,100.00%,0.00%,0,0,0.00%,0.00%,£0.00,£0.00,0,0,0,0,0.00%,0.00%,£0.00,£0.00,0,0,0,0
B00W47MTEM,L.A. GIRL Matte Pigment Gloss - Dreamy,1,0,0,0,1,0,0.00%,0.00%,0.00%,0.00%,0.00%,0.00%,1,0,0,0,1,0,0.00%,0.00%,0.00%,0.00%,0.00%,0.00%,0.00%,0.00%,0,0,0.00%,0.00%,£0.00,£0.00,0,0,0,0,0.00%,0.00%,£0.00,£0.00,0,0,0,0
B00WL6SU26,LA Girl USA Matte Pigment Lip Gloss - Obsess,0,0,1,0,1,0,0.00%,0.00%,0.00%,0.00%,0.00%,0.00%,0,0,1,0,1,0,0.00%,0.00%,0.00%,0.00%,0.00%,0.00%,0.00%,0.00%,0,0,0.00%,0.00%,£0.00,£0.00,0,0,0,0,0.00%,0.00%,£0.00,£0.00,0,0,0,0
B00WL6SVLG,L.A. GIRL Matte Pigment Gloss - Tulle,2,0,1,0,3,0,0.00%,0.00%,0.00%,0.00%,0.00%,0.00%,2,0,1,0,3,0,0.00%,0.00%,0.00%,0.00%,0.00%,0.00%,0.00%,0.00%,0,0,0.00%,0.00%,£0.00,£0.00,0,0,0,0,0.00%,0.00%,£0.00,£0.00,0,0,0,0
B00WL6SZ8K,L.A. GIRL Matte Pigment Gloss - Frisky,0,0,0,0,0,0,0.00%,0.00%,0.00%,0.00%,0.00%,0.00%,0,0,0,0,0,0,0.00%,0.00%,0.00%,0.00%,0.00%,0.00%,0.00%,0.00%,0,0,0.00%,0.00%,£0.00,£0.00,0,0,0,0,0.00%,0.00%,£24.95,£0.00,5,0,1,0
B00X889Q3I,Laval Crystal Finish Nail Polish,2,0,2,0,4,0,0.00%,0.00%,0.00%,0.00%,0.00%,0.00%,2,0,2,0,4,0,0.00%,0.00%,0.00%,0.00%,0.00%,0.00%,75.00%,0.00%,0,0,0.00%,0.00%,£0.00,£0.00,0,0,0,0,0.00%,0.00%,£0.00,£0.00,0,0,0,0
B00X8URGWY,Color Therapy Conditioner by Biosilk for Unisex - 7 oz Conditioner,0,0,1,0,1,0,0.00%,0.00%,0.00%,0.00%,0.00%,0.00%,0,0,1,0,1,0,0.00%,0.00%,0.00%,0.00%,0.00%,0.00%,100.00%,0.00%,0,0,0.00%,0.00%,£0.00,£0.00,0,0,0,0,0.00%,0.00%,£0.00,£0.00,0,0,0,0
B00XM74LS0,Kiehl's Calendula Deep Cleansing Foaming Face Wash 2.5oz (75ml),34,0,10,0,44,0,0.00%,0.00%,0.00%,0.00%,0.00%,0.00%,39,0,12,0,51,0,0.00%,0.00%,0.00%,0.00%,0.00%,0.00%,0.00%,0.00%,0,0,0.00%,0.00%,£0.00,£0.00,0,0,0,0,0.00%,0.00%,£0.00,£0.00,0,0,0,0
B00ZXD0O96,Max Factor 2000 Calorie Waterproof Mascara,593,7,301,2,894,9,0.08%,0.04%,0.04%,0.03%,0.04%,0.06%,758,9,410,3,"1,168",12,0.04%,0.08%,0.04%,0.03%,0.04%,0.06%,0.00%,0.00%,0,0,0.00%,0.00%,£0.00,£0.00,0,0,0,0,0.00%,0.00%,£0.00,£0.00,0,0,0,0
B0120M5D02,Technic Fruity Roll On Lipgloss In Wild Berry,1,0,4,0,5,0,0.00%,0.00%,0.00%,0.00%,0.00%,0.00%,1,0,6,0,7,0,0.00%,0.00%,0.00%,0.00%,0.00%,0.00%,0.00%,0.00%,0,0,0.00%,0.00%,£0.00,£0.00,0,0,0,0,0.00%,0.00%,£0.00,£0.00,0,0,0,0
B0120M5FYG,Technic Fruity Roll On Lipgloss In Tangerine,0,0,1,0,1,0,0.00%,0.00%,0.00%,0.00%,0.00%,0.00%,0,0,1,0,1,0,0.00%,0.00%,0.00%,0.00%,0.00%,0.00%,0.00%,0.00%,0,0,0.00%,0.00%,£0.00,£0.00,0,0,0,0,0.00%,0.00%,£0.00,£0.00,0,0,0,0
B0120M5I7U,Technic Fruity Roll On Lipgloss In Apple,3,0,1,0,4,0,0.00%,0.00%,0.00%,0.00%,0.00%,0.00%,5,0,1,0,6,0,0.00%,0.00%,0.00%,0.00%,0.00%,0.00%,0.00%,0.00%,0,0,0.00%,0.00%,£0.00,£0.00,0,0,0,0,0.00%,0.00%,£0.00,£0.00,0,0,0,0
B013AXY5BS,Elizabeth Arden Green Tea Energizing Bath & Shower Gel 500ml,310,2,132,2,442,4,0.02%,0.02%,0.02%,0.03%,0.02%,0.03%,355,2,165,2,520,4,0.02%,0.02%,0.02%,0.02%,0.02%,0.02%,0.00%,0.00%,0,0,0.00%,0.00%,£0.00,£0.00,0,0,0,0,0.00%,0.00%,£0.00,£0.00,0,0,0,0
B013V7E914,Montale Aoud Greedy Eau De Parfum Spray (Unisex) 3.4 oz / 100 ml (Women),0,0,6,0,6,0,0.00%,0.00%,0.00%,0.00%,0.00%,0.00%,0,0,8,0,8,0,0.00%,0.00%,0.00%,0.00%,0.00%,0.00%,0.00%,0.00%,0,0,0.00%,0.00%,£0.00,£0.00,0,0,0,0,0.00%,0.00%,£0.00,£0.00,0,0,0,0
B013WW8A0E,"Elizabeth Arden Superstart Skin Renewal Booster, 30ml",22,0,49,0,71,0,0.00%,0.00%,0.01%,0.00%,0.00%,0.00%,27,0,63,0,90,0,0.00%,0.00%,0.01%,0.00%,0.00%,0.00%,17.44%,0.00%,0,0,0.00%,0.00%,£0.00,£0.00,0,0,0,0,0.00%,0.00%,£0.00,£0.00,0,0,0,0
B014HTZQEE,"Schwarzkopf Professional Igora Royal Opulescence Permanent Hair Colour Cream, No. 9-57 Extra Light Blonde Gold Copper, 60 ml, 4045787363203","2,003",15,571,6,"2,574",21,0.18%,0.13%,0.08%,0.08%,0.11%,0.13%,"2,859",22,821,6,"3,680",28,0.14%,0.20%,0.09%,0.06%,0.12%,0.13%,0.00%,0.00%,0,0,0.00%,0.00%,£0.00,£0.00,0,0,0,0,0.00%,0.00%,£0.00,£0.00,0,0,0,0
B014I4LOS0,L.A. GIRL Matte Flat Velvet Lipstick - Sunset Chic,4,0,5,0,9,0,0.00%,0.00%,0.00%,0.00%,0.00%,0.00%,7,0,6,0,13,0,0.00%,0.00%,0.00%,0.00%,0.00%,0.00%,25.00%,0.00%,0,0,0.00%,0.00%,£0.00,£0.00,0,0,0,0,0.00%,0.00%,£0.00,£0.00,0,0,0,0
B014I58AHC,L.A. GIRL Matte Flat Velvet Lipstick - Spicy,3,0,0,0,3,0,0.00%,0.00%,0.00%,0.00%,0.00%,0.00%,3,0,0,0,3,0,0.00%,0.00%,0.00%,0.00%,0.00%,0.00%,33.33%,0.00%,0,0,0.00%,0.00%,£0.00,£0.00,0,0,0,0,0.00%,0.00%,£0.00,£0.00,0,0,0,0
B014I5DG7G,L.A. GIRL Matte Flat Velvet Lipstick - Love Story,49,0,35,0,84,0,0.00%,0.00%,0.00%,0.00%,0.00%,0.00%,54,0,40,0,94,0,0.00%,0.00%,0.00%,0.00%,0.00%,0.00%,41.76%,0.00%,0,0,0.00%,0.00%,£0.00,£0.00,0,0,0,0,0.00%,0.00%,£0.00,£0.00,0,0,0,0
B014I5FBGU,L.A. GIRL Matte Flat Velvet Lipstick - Blue Valentine,6,0,2,0,8,0,0.00%,0.00%,0.00%,0.00%,0.00%,0.00%,6,0,2,0,8,0,0.00%,0.00%,0.00%,0.00%,0.00%,0.00%,37.50%,0.00%,0,0,0.00%,0.00%,£0.00,£0.00,0,0,0,0,0.00%,0.00%,£0.00,£0.00,0,0,0,0
B014UTLQ9K,MAC Lipglass - Spice,3,0,2,0,5,0,0.00%,0.00%,0.00%,0.00%,0.00%,0.00%,4,0,3,0,7,0,0.00%,0.00%,0.00%,0.00%,0.00%,0.00%,66.67%,0.00%,0,0,0.00%,0.00%,£0.00,£0.00,0,0,0,0,0.00%,0.00%,£0.00,£0.00,0,0,0,0
B014X9N9Q0,"Marion Spa Exfoliating Foot Treatment Socks With Active Liquid 5% Urea, AHA Soft Smooth Foot",3,0,8,0,11,0,0.00%,0.00%,0.00%,0.00%,0.00%,0.00%,5,0,13,0,18,0,0.00%,0.00%,0.00%,0.00%,0.00%,0.00%,7.14%,0.00%,0,0,0.00%,0.00%,£0.00,£0.00,0,0,0,0,0.00%,0.00%,£0.00,£0.00,0,0,0,0
B015RPE1A2,L.A. Color High Shine Lipgloss - Luscious,1,0,1,0,2,0,0.00%,0.00%,0.00%,0.00%,0.00%,0.00%,1,0,1,0,2,0,0.00%,0.00%,0.00%,0.00%,0.00%,0.00%,50.00%,0.00%,0,0,0.00%,0.00%,£0.00,£0.00,0,0,0,0,0.00%,0.00%,£0.00,£0.00,0,0,0,0
B015VKGIAY,Pure Line Cover 15g UV Gel Camouflage Ideal For French Nails Silcare,2,1,3,0,5,1,0.01%,0.00%,0.00%,0.00%,0.00%,0.01%,4,2,4,0,8,2,0.00%,0.02%,0.00%,0.00%,0.00%,0.01%,12.50%,0.00%,0,0,0.00%,0.00%,£0.00,£0.00,0,0,0,0,0.00%,0.00%,£0.00,£0.00,0,0,0,0
B015VLVI1W,Pure Line Clear 15g UV Gel Nails Acid Free Builder File Off Gel Silcare,10,0,1,0,11,0,0.00%,0.00%,0.00%,0.00%,0.00%,0.00%,19,0,2,0,21,0,0.00%,0.00%,0.00%,0.00%,0.00%,0.00%,0.00%,0.00%,0,0,0.00%,0.00%,£0.00,£0.00,0,0,0,0,0.00%,0.00%,£0.00,£0.00,0,0,0,0
B015VM1ZJ6,Pure Line Cover 50g UV Gel Camouflage Ideal For French Nails Silcare,44,1,6,0,50,1,0.01%,0.00%,0.00%,0.00%,0.00%,0.01%,69,2,6,0,75,2,0.00%,0.02%,0.00%,0.00%,0.00%,0.01%,1.85%,0.00%,0,0,0.00%,0.00%,£0.00,£0.00,0,0,0,0,0.00%,0.00%,£0.00,£0.00,0,0,0,0
B016WFTA1Q,"L'Oreal Age Perfect Rehydrating Night Cream, 50ml",7,0,10,0,17,0,0.00%,0.00%,0.00%,0.00%,0.00%,0.00%,11,0,13,0,24,0,0.00%,0.00%,0.00%,0.00%,0.00%,0.00%,0.00%,0.00%,0,0,0.00%,0.00%,£0.00,£0.00,0,0,0,0,0.00%,0.00%,£0.00,£0.00,0,0,0,0
B016WOG1O6,"Maybelline Mascara Rocket Very Black, 9.6ml",14,0,13,1,27,1,0.00%,0.00%,0.00%,0.01%,0.00%,0.01%,19,0,17,2,36,2,0.00%,0.00%,0.00%,0.02%,0.00%,0.01%,0.00%,0.00%,0,0,0.00%,0.00%,£0.00,£0.00,0,0,0,0,0.00%,0.00%,£0.00,£0.00,0,0,0,0
B016XZWBLG,3 Sachets of Montagne Jeunesse 7th Heaven Passion Peel Off Face Mask,1,0,0,0,1,0,0.00%,0.00%,0.00%,0.00%,0.00%,0.00%,1,0,0,0,1,0,0.00%,0.00%,0.00%,0.00%,0.00%,0.00%,100.00%,0.00%,0,0,0.00%,0.00%,£0.00,£0.00,0,0,0,0,0.00%,0.00%,£0.00,£0.00,0,0,0,0
B016Y0OUJQ,7th Heaven Creamy Coconut Hydrating Face Mask,2,0,0,0,2,0,0.00%,0.00%,0.00%,0.00%,0.00%,0.00%,2,0,0,0,2,0,0.00%,0.00%,0.00%,0.00%,0.00%,0.00%,100.00%,0.00%,0,0,0.00%,0.00%,£0.00,£0.00,0,0,0,0,0.00%,0.00%,£0.00,£0.00,0,0,0,0
B016Z5VN9K,L'OREAL MAJIREL Shade C4.60 Intense Red Brown 50ml,33,0,16,0,49,0,0.00%,0.00%,0.00%,0.00%,0.00%,0.00%,39,0,19,0,58,0,0.00%,0.00%,0.00%,0.00%,0.00%,0.00%,0.00%,0.00%,0,0,0.00%,0.00%,£0.00,£0.00,0,0,0,0,0.00%,0.00%,£0.00,£0.00,0,0,0,0
B01A5PCSJK,"L'Oreal Paris Day Cream Age Perfect Golden Age, Rosy Radiance 50ml","1,136",4,797,6,"1,933",10,0.05%,0.07%,0.11%,0.08%,0.08%,0.06%,"1,616",4,"1,066",6,"2,682",10,0.08%,0.04%,0.11%,0.06%,0.09%,0.05%,0.00%,0.00%,0,0,0.00%,0.00%,£0.00,£0.00,0,0,0,0,0.00%,0.00%,£0.00,£0.00,0,0,0,0
B01AY5UCGC,"Elizabeth Arden Grand Entrance Mascara, Black 8.5 ml (Pack of 1)",280,0,245,2,525,2,0.00%,0.02%,0.03%,0.03%,0.02%,0.01%,367,0,314,2,681,2,0.02%,0.00%,0.03%,0.02%,0.02%,0.01%,0.16%,0.00%,0,0,0.00%,0.00%,£0.00,£0.00,0,0,0,0,0.00%,0.00%,£0.00,£0.00,0,0,0,0
B01BYEMIYG,Rimmel London 1000 Kisses Lip Liner,66,1,39,0,105,1,0.01%,0.00%,0.01%,0.00%,0.00%,0.01%,74,1,46,0,120,1,0.00%,0.01%,0.00%,0.00%,0.00%,0.00%,0.00%,0.00%,0,0,0.00%,0.00%,£0.00,£0.00,0,0,0,0,0.00%,0.00%,£0.00,£0.00,0,0,0,0
B01D5FYKRA,Nappa Smooth Comfort krem do stóp mocznik 30% 250ml,80,0,37,1,117,1,0.00%,0.01%,0.01%,0.01%,0.01%,0.01%,120,0,49,1,169,1,0.01%,0.00%,0.01%,0.01%,0.01%,0.00%,0.00%,0.00%,0,0,0.00%,0.00%,£0.00,£0.00,0,0,0,0,0.00%,0.00%,£0.00,£0.00,0,0,0,0
B01DX1OE3Q,Beauty 21 Cosmetics Cem471 Beauty 21 Cosmetics by LA Color,1,0,0,0,1,0,0.00%,0.00%,0.00%,0.00%,0.00%,0.00%,1,0,0,0,1,0,0.00%,0.00%,0.00%,0.00%,0.00%,0.00%,0.00%,0.00%,0,0,0.00%,0.00%,£0.00,£0.00,0,0,0,0,0.00%,0.00%,£0.00,£0.00,0,0,0,0
B01E0BJTJW,Silcare Cuticle Oil Yummy Gummy Pink 15ml,3,0,3,0,6,0,0.00%,0.00%,0.00%,0.00%,0.00%,0.00%,3,0,3,0,6,0,0.00%,0.00%,0.00%,0.00%,0.00%,0.00%,0.00%,0.00%,0,0,0.00%,0.00%,£0.00,£0.00,0,0,0,0,0.00%,0.00%,£0.00,£0.00,0,0,0,0
B01E0BJULO,Silcare Cuticle Oil Lemon Yellow 15ml,2,0,0,0,2,0,0.00%,0.00%,0.00%,0.00%,0.00%,0.00%,2,0,0,0,2,0,0.00%,0.00%,0.00%,0.00%,0.00%,0.00%,0.00%,0.00%,0,0,0.00%,0.00%,£0.00,£0.00,0,0,0,0,0.00%,0.00%,£0.00,£0.00,0,0,0,0
B01E0BJVPE,Silcare Cuticle Oil Vanilla Sky Blue 15ml,1,0,1,0,2,0,0.00%,0.00%,0.00%,0.00%,0.00%,0.00%,1,0,1,0,2,0,0.00%,0.00%,0.00%,0.00%,0.00%,0.00%,0.00%,0.00%,0,0,0.00%,0.00%,£0.00,£0.00,0,0,0,0,0.00%,0.00%,£0.00,£0.00,0,0,0,0
B01EZA5EGU,Yankee candle 1020366E Midsummers Night Car Jar - Black,9,0,4,0,13,0,0.00%,0.00%,0.00%,0.00%,0.00%,0.00%,10,0,11,0,21,0,0.00%,0.00%,0.00%,0.00%,0.00%,0.00%,0.00%,0.00%,0,0,0.00%,0.00%,£0.00,£0.00,0,0,0,0,0.00%,0.00%,£0.00,£0.00,0,0,0,0
B01FK0V76K,Silcare Cuticle Oil Raspberry Light Pink 15ml,8,0,6,0,14,0,0.00%,0.00%,0.00%,0.00%,0.00%,0.00%,10,0,6,0,16,0,0.00%,0.00%,0.00%,0.00%,0.00%,0.00%,13.33%,0.00%,0,0,0.00%,0.00%,£0.00,£0.00,0,0,0,0,0.00%,0.00%,£0.00,£0.00,0,0,0,0
B01GHP57Z4,Maybelline Foundation Fit Me Matte & Poreless Lightweight 115 Ivory,695,4,230,2,925,6,0.05%,0.04%,0.03%,0.03%,0.04%,0.04%,913,4,306,2,"1,219",6,0.05%,0.04%,0.03%,0.02%,0.04%,0.03%,0.00%,0.00%,0,0,0.00%,0.00%,£0.00,£0.00,0,0,0,0,0.00%,0.00%,£0.00,£0.00,0,0,0,0
B01GHP583K,Maybelline Foundation Fit Me Matte & Poreless Lightweight 105 Natural Ivory,"2,416",12,831,7,"3,247",19,0.14%,0.16%,0.11%,0.10%,0.14%,0.12%,"3,130",21,"1,032",8,"4,162",29,0.15%,0.19%,0.11%,0.08%,0.14%,0.14%,0.13%,0.00%,0,0,0.00%,0.00%,£0.00,£0.00,0,0,0,0,0.00%,0.00%,£0.00,£0.00,0,0,0,0
B01GK1P8K4,Technic Sultry Rosebud Eyeshadows Palette 6 x 1.2 g - 6-Piece Black,58,1,36,2,94,3,0.01%,0.00%,0.00%,0.03%,0.00%,0.02%,72,1,48,2,120,3,0.00%,0.01%,0.01%,0.02%,0.00%,0.01%,0.91%,50.00%,0,0,0.00%,0.00%,£0.00,£0.00,0,0,0,0,0.00%,0.00%,£0.00,£0.00,0,0,0,0
B01GODB8WA,Technic Vitamin E Moisturiser Lipstick Bare,9,0,13,0,22,0,0.00%,0.00%,0.00%,0.00%,0.00%,0.00%,12,0,21,0,33,0,0.00%,0.00%,0.00%,0.00%,0.00%,0.00%,3.33%,0.00%,0,0,0.00%,0.00%,£0.00,£0.00,0,0,0,0,0.00%,0.00%,£0.00,£0.00,0,0,0,0
B01GS1UQYY,3 x Revlon Colorstay 24HRS Natural Finish For Combination Oily Skin SPF 20-180 Sand Beige,3,0,4,1,7,1,0.00%,0.00%,0.00%,0.01%,0.00%,0.01%,12,0,4,1,16,1,0.00%,0.00%,0.00%,0.01%,0.00%,0.00%,28.57%,0.00%,0,0,0.00%,0.00%,£0.00,£0.00,0,0,0,0,0.00%,0.00%,£0.00,£0.00,0,0,0,0
B01IFPG460,TECHNIC CONCEAL & BLEND CONCEALER LIGHT,1,0,0,0,1,0,0.00%,0.00%,0.00%,0.00%,0.00%,0.00%,1,0,0,0,1,0,0.00%,0.00%,0.00%,0.00%,0.00%,0.00%,100.00%,0.00%,0,0,0.00%,0.00%,£0.00,£0.00,0,0,0,0,0.00%,0.00%,£0.00,£0.00,0,0,0,0
B01JOKWINS,"Sally Hansen Miracle Gel Nail Polish, Regal Rose, 0.50 Ounce",5,0,8,0,13,0,0.00%,0.00%,0.00%,0.00%,0.00%,0.00%,5,0,8,0,13,0,0.00%,0.00%,0.00%,0.00%,0.00%,0.00%,84.62%,0.00%,0,0,0.00%,0.00%,£0.00,£0.00,0,0,0,0,0.00%,0.00%,£0.00,£0.00,0,0,0,0
B01JOKX3MI,"Sally Hansen Colour Therapy Nail Polish, Glow with The Flow, 14.7ml",11,0,26,0,37,0,0.00%,0.00%,0.00%,0.00%,0.00%,0.00%,14,0,34,0,48,0,0.00%,0.00%,0.00%,0.00%,0.00%,0.00%,0.00%,0.00%,0,0,0.00%,0.00%,£0.00,£0.00,0,0,0,0,0.00%,0.00%,£0.00,£0.00,0,0,0,0
B01JZB5LDK,"Rimmel - Scandal'eyes Precision eyeliner - Ultra precise felt tip - Long Wear, no burr - 001 Black - 1.1ml, Liquid",735,3,339,6,"1,074",9,0.04%,0.05%,0.05%,0.08%,0.05%,0.06%,928,3,422,10,"1,350",13,0.05%,0.03%,0.04%,0.10%,0.05%,0.06%,0.00%,0.00%,0,0,0.00%,0.00%,£0.00,£0.00,0,0,0,0,0.00%,0.00%,£0.00,£0.00,0,0,0,0
B01KM1YQ8S,Bourjois Little Round Pot Intense Eyeshadow No.10,44,1,39,0,83,1,0.01%,0.00%,0.01%,0.00%,0.00%,0.01%,47,1,42,0,89,1,0.00%,0.01%,0.00%,0.00%,0.00%,0.00%,0.00%,0.00%,0,0,0.00%,0.00%,£0.00,£0.00,0,0,0,0,0.00%,0.00%,£0.00,£0.00,0,0,0,0
B01KXCVEOU,Technic Strobe Highlighters Palette Kit Cream and Powder,2,0,2,0,4,0,0.00%,0.00%,0.00%,0.00%,0.00%,0.00%,2,0,2,0,4,0,0.00%,0.00%,0.00%,0.00%,0.00%,0.00%,50.00%,0.00%,0,0,0.00%,0.00%,£0.00,£0.00,0,0,0,0,0.00%,0.00%,£0.00,£0.00,0,0,0,0
B01L8K1V2G,"Yankee Candle 1295691E Black Coconut Car Jar Cardboard Car and House Air Freshener, Plastic, Black, 7.8 x 19.7 x 0.7 cm",1,0,0,0,1,0,0.00%,0.00%,0.00%,0.00%,0.00%,0.00%,1,0,0,0,1,0,0.00%,0.00%,0.00%,0.00%,0.00%,0.00%,0.00%,0.00%,0,0,0.00%,0.00%,£0.00,£0.00,0,0,0,0,0.00%,0.00%,£0.00,£0.00,0,0,0,0
B01LQBX94U,Maybelline Foundation Fit Me Matte & Poreless Lightweight 110 Porcelain,665,6,298,3,963,9,0.07%,0.04%,0.04%,0.04%,0.04%,0.06%,902,9,400,3,"1,302",12,0.04%,0.08%,0.04%,0.03%,0.04%,0.06%,0.00%,0.00%,0,0,0.00%,0.00%,£0.00,£0.00,0,0,0,0,0.00%,0.00%,£0.00,£0.00,0,0,0,0
B01LWNF6LA,L.A Girl Matte Lip Gloss-Flat Finish Matte Pigment Gloss # GLG832 Dreamy,1,0,0,0,1,0,0.00%,0.00%,0.00%,0.00%,0.00%,0.00%,2,0,0,0,2,0,0.00%,0.00%,0.00%,0.00%,0.00%,0.00%,100.00%,0.00%,0,0,0.00%,0.00%,£0.00,£0.00,0,0,0,0,0.00%,0.00%,£0.00,£0.00,0,0,0,0
B01M0WJRAL,Technic BB Beauty Boost Foundation 30ml,12,0,4,0,16,0,0.00%,0.00%,0.00%,0.00%,0.00%,0.00%,18,0,5,0,23,0,0.00%,0.00%,0.00%,0.00%,0.00%,0.00%,94.74%,0.00%,0,0,0.00%,0.00%,£0.00,£0.00,0,0,0,0,0.00%,0.00%,£0.00,£0.00,0,0,0,0
B01M11TWJU,"Technic Setting Face Spray, 31 ml",32,1,13,1,45,2,0.01%,0.00%,0.00%,0.01%,0.00%,0.01%,39,1,21,1,60,2,0.00%,0.01%,0.00%,0.01%,0.00%,0.01%,0.00%,0.00%,0,0,0.00%,0.00%,£0.00,£0.00,0,0,0,0,0.00%,0.00%,£0.00,£0.00,0,0,0,0
B01M2WISFI,L.A. Girl Pro Coverage HD Illuminating Liquid Foundation Soft Honey 28ml,4,0,3,0,7,0,0.00%,0.00%,0.00%,0.00%,0.00%,0.00%,6,0,3,0,9,0,0.00%,0.00%,0.00%,0.00%,0.00%,0.00%,42.86%,0.00%,0,0,0.00%,0.00%,£0.00,£0.00,0,0,0,0,0.00%,0.00%,£0.00,£0.00,0,0,0,0
B01M7P07CI,L.A. Girl Pro Coverage HD Illuminating Liquid Foundation Coffee 28ml,5,0,4,0,9,0,0.00%,0.00%,0.00%,0.00%,0.00%,0.00%,7,0,5,0,12,0,0.00%,0.00%,0.00%,0.00%,0.00%,0.00%,0.00%,0.00%,0,0,0.00%,0.00%,£0.00,£0.00,0,0,0,0,0.00%,0.00%,£0.00,£0.00,0,0,0,0
B01MCSYHEO,L.A. Girl Pro Coverage HD Illuminating Liquid Foundation Toast 28ml,5,0,4,0,9,0,0.00%,0.00%,0.00%,0.00%,0.00%,0.00%,7,0,4,0,11,0,0.00%,0.00%,0.00%,0.00%,0.00%,0.00%,55.56%,0.00%,0,0,0.00%,0.00%,£0.00,£0.00,0,0,0,0,0.00%,0.00%,£0.00,£0.00,0,0,0,0
B01MQRQFWZ,RefectoCil Saline Solution 150ml,15,0,6,0,21,0,0.00%,0.00%,0.00%,0.00%,0.00%,0.00%,16,0,6,0,22,0,0.00%,0.00%,0.00%,0.00%,0.00%,0.00%,0.00%,0.00%,0,0,0.00%,0.00%,£0.00,£0.00,0,0,0,0,0.00%,0.00%,£0.00,£0.00,0,0,0,0
B01MTMY35J,Pure Line Clear 15g UV Gel Nails Acid Free Builder File Off Gel Silcare,5,0,0,0,5,0,0.00%,0.00%,0.00%,0.00%,0.00%,0.00%,7,0,0,0,7,0,0.00%,0.00%,0.00%,0.00%,0.00%,0.00%,0.00%,0.00%,0,0,0.00%,0.00%,£0.00,£0.00,0,0,0,0,0.00%,0.00%,£0.00,£0.00,0,0,0,0
B01N0E7M2B,Joanna Professional Silk Protein Hair Mask – Smoothing Hair Products with Silk Proteins – Hydrolyzed Liquid Silk Protein for Hair Growth – Professional Hair Products - 500 g,8,0,8,0,16,0,0.00%,0.00%,0.00%,0.00%,0.00%,0.00%,8,0,10,0,18,0,0.00%,0.00%,0.00%,0.00%,0.00%,0.00%,50.00%,0.00%,0,0,0.00%,0.00%,£0.00,£0.00,0,0,0,0,0.00%,0.00%,£0.00,£0.00,0,0,0,0
B01N0Y7QRF,"Elizabeth Arden White Tea Eau de Toilette Spray, 100 ml",781,2,346,2,"1,127",4,0.02%,0.05%,0.05%,0.03%,0.05%,0.03%,"1,034",2,442,4,"1,476",6,0.05%,0.02%,0.05%,0.04%,0.05%,0.03%,0.07%,0.00%,0,0,0.00%,0.00%,£0.00,£0.00,0,0,0,0,0.00%,0.00%,£0.00,£0.00,0,0,0,0
B01N18F5HZ,MARION Hair Growth Treatment 130 g,0,0,1,0,1,0,0.00%,0.00%,0.00%,0.00%,0.00%,0.00%,0,0,1,0,1,0,0.00%,0.00%,0.00%,0.00%,0.00%,0.00%,0.00%,0.00%,0,0,0.00%,0.00%,£0.00,£0.00,0,0,0,0,0.00%,0.00%,£0.00,£0.00,0,0,0,0
B01N1VNKOG,Maybelline Foundation Fit Me Matte Poreless Lightweight 102 Fair Ivory 30ml,244,0,109,3,353,3,0.00%,0.02%,0.01%,0.04%,0.02%,0.02%,330,0,137,3,467,3,0.02%,0.00%,0.01%,0.03%,0.02%,0.01%,0.00%,0.00%,0,0,0.00%,0.00%,£0.00,£0.00,0,0,0,0,0.00%,0.00%,£0.00,£0.00,0,0,0,0
B01N1ZO3XQ,2 x Bourjois Paris Volume Glamour Push Up Mascara 7ml - T71 Black Waterproof,3,0,4,0,7,0,0.00%,0.00%,0.00%,0.00%,0.00%,0.00%,3,0,4,0,7,0,0.00%,0.00%,0.00%,0.00%,0.00%,0.00%,100.00%,0.00%,0,0,0.00%,0.00%,£0.00,£0.00,0,0,0,0,0.00%,0.00%,£0.00,£0.00,0,0,0,0
B01N3AQ355,WoodWick Medium Hourglass Scented Candle | Coastal Sunset | with Crackling Wick | Up to 60 Hours Burn Time,2,0,0,0,2,0,0.00%,0.00%,0.00%,0.00%,0.00%,0.00%,3,0,0,0,3,0,0.00%,0.00%,0.00%,0.00%,0.00%,0.00%,0.00%,0.00%,0,0,0.00%,0.00%,£0.00,£0.00,0,0,0,0,0.00%,0.00%,£0.00,£0.00,0,0,0,0
B01N3M9UK8,"Joanna Naturia Sensitive Perm Set, Herbal Extracts for Fine Curly Hair, 150 ml, Ammonia Free",27,0,32,0,59,0,0.00%,0.00%,0.00%,0.00%,0.00%,0.00%,38,0,45,0,83,0,0.00%,0.00%,0.00%,0.00%,0.00%,0.00%,36.11%,0.00%,0,0,0.00%,0.00%,£0.00,£0.00,0,0,0,0,0.00%,0.00%,£0.00,£0.00,0,0,0,0
B01N5MR0HI,3 x Bourjois Paris Volume Glamour Push Up Mascara 7ml - T71 Black Waterproof,1,0,3,0,4,0,0.00%,0.00%,0.00%,0.00%,0.00%,0.00%,1,0,3,0,4,0,0.00%,0.00%,0.00%,0.00%,0.00%,0.00%,100.00%,0.00%,0,0,0.00%,0.00%,£0.00,£0.00,0,0,0,0,0.00%,0.00%,£0.00,£0.00,0,0,0,0
B01N5MRF0W,Elizabeth Arden White Tea 40ml Cream Deodorant Roll On,197,0,63,0,260,0,0.00%,0.01%,0.01%,0.00%,0.01%,0.00%,218,0,72,0,290,0,0.01%,0.00%,0.01%,0.00%,0.01%,0.00%,0.71%,0.00%,0,0,0.00%,0.00%,£0.00,£0.00,0,0,0,0,0.00%,0.00%,£0.00,£0.00,0,0,0,0
B01N6K5YUZ,"Maybelline Fit Me Foundation, Medium Coverage, Blendable With a Matte and Poreless Finish, For Normal to Oily Skin, Shade: 104 Soft Ivory, 30ml",441,1,288,3,729,4,0.01%,0.03%,0.04%,0.04%,0.03%,0.03%,572,1,362,3,934,4,0.03%,0.01%,0.04%,0.03%,0.03%,0.02%,0.00%,0.00%,0,0,0.00%,0.00%,£0.00,£0.00,0,0,0,0,0.00%,0.00%,£0.00,£0.00,0,0,0,0
B01N6K60KQ,Maybelline Foundation Fit Me Matte & Poreless Lightweight 365 Espresso,141,0,72,0,213,0,0.00%,0.01%,0.01%,0.00%,0.01%,0.00%,198,0,91,0,289,0,0.01%,0.00%,0.01%,0.00%,0.01%,0.00%,0.37%,0.00%,0,0,0.00%,0.00%,£0.00,£0.00,0,0,0,0,0.00%,0.00%,£0.00,£0.00,0,0,0,0
B01N7ZJW68,Marion Hydro Silk Ultra Hydration without Rinsing Silk Spray Dry Hair 130ml,1,0,3,0,4,0,0.00%,0.00%,0.00%,0.00%,0.00%,0.00%,1,0,4,0,5,0,0.00%,0.00%,0.00%,0.00%,0.00%,0.00%,60.00%,0.00%,0,0,0.00%,0.00%,£0.00,£0.00,0,0,0,0,0.00%,0.00%,£0.00,£0.00,0,0,0,0
B01N9FZ4L1,Refectocil Cream Hair Dye (DEEP BLUE) 0.5 Oz by RefectoCil,25,0,9,0,34,0,0.00%,0.00%,0.00%,0.00%,0.00%,0.00%,27,0,10,0,37,0,0.00%,0.00%,0.00%,0.00%,0.00%,0.00%,41.18%,0.00%,0,0,0.00%,0.00%,£0.00,£0.00,0,0,0,0,0.00%,0.00%,£0.00,£0.00,0,0,0,0
B01N9OTY67,Max Factor Pan Stik Foundation #60 Deep Olive by Max Factor,23,0,17,0,40,0,0.00%,0.00%,0.00%,0.00%,0.00%,0.00%,31,0,24,0,55,0,0.00%,0.00%,0.00%,0.00%,0.00%,0.00%,45.28%,0.00%,0,0,0.00%,0.00%,£0.00,£0.00,0,0,0,0,0.00%,0.00%,£0.00,£0.00,0,0,0,0
B01N9XZ7Z4,Elizabeth Arden White Tea Shower Gel 400ml,365,1,131,0,496,1,0.01%,0.02%,0.02%,0.00%,0.02%,0.01%,448,1,158,0,606,1,0.02%,0.01%,0.02%,0.00%,0.02%,0.00%,0.00%,0.00%,0,0,0.00%,0.00%,£0.00,£0.00,0,0,0,0,0.00%,0.00%,£0.00,£0.00,0,0,0,0
B01N9Y829Z,WoodWick Ellipse Scented Candle | Coastal Sunset | with Crackling Wick | Burn Time: Up to 50 Hours,3,0,2,0,5,0,0.00%,0.00%,0.00%,0.00%,0.00%,0.00%,3,0,3,0,6,0,0.00%,0.00%,0.00%,0.00%,0.00%,0.00%,0.00%,0.00%,0,0,0.00%,0.00%,£0.00,£0.00,0,0,0,0,0.00%,0.00%,£0.00,£0.00,0,0,0,0
B01NAJZ6OR,"Bourjois Healthy Mix Anti-Fatigue Concealer 53 Dark, 7.8ml, 29199598003",24,0,10,1,34,1,0.00%,0.00%,0.00%,0.01%,0.00%,0.01%,35,0,10,1,45,1,0.00%,0.00%,0.00%,0.01%,0.00%,0.00%,0.00%,0.00%,0,0,0.00%,0.00%,£0.00,£0.00,0,0,0,0,0.00%,0.00%,£0.00,£0.00,0,0,0,0
B06XKRP1P5,Elizabeth Arden Dual End Foundation Brush,6,0,5,0,11,0,0.00%,0.00%,0.00%,0.00%,0.00%,0.00%,6,0,9,0,15,0,0.00%,0.00%,0.00%,0.00%,0.00%,0.00%,66.67%,0.00%,0,0,0.00%,0.00%,£0.00,£0.00,0,0,0,0,0.00%,0.00%,£0.00,£0.00,0,0,0,0
B06XKTWPRC,"Garnier Moisture Bomb Green Tea and Hyaluronic Acid Sheet Mask, Hydrating & Rebalancing Face Mask, For Sensitive Skin, Cruelty Free & Vegan Tissue Mask, 28g",84,0,78,5,162,5,0.00%,0.01%,0.01%,0.07%,0.01%,0.03%,105,0,86,5,191,5,0.01%,0.00%,0.01%,0.05%,0.01%,0.02%,0.00%,0.00%,0,0,0.00%,0.00%,£0.00,£0.00,0,0,0,0,0.00%,0.00%,£0.00,£0.00,0,0,0,0
B06XRH7H3S,Revlon,259,0,159,3,418,3,0.00%,0.02%,0.02%,0.04%,0.02%,0.02%,334,0,196,4,530,4,0.02%,0.00%,0.02%,0.04%,0.02%,0.02%,0.00%,0.00%,0,0,0.00%,0.00%,£0.00,£0.00,0,0,0,0,0.00%,0.00%,£0.00,£0.00,0,0,0,0
B06XSKHJSF,Schwarzkopf Igora Royal 7.0 Medium Blonde 60ml,748,7,255,4,"1,003",11,0.08%,0.05%,0.04%,0.05%,0.04%,0.07%,"1,047",12,349,4,"1,396",16,0.05%,0.11%,0.04%,0.04%,0.05%,0.08%,0.00%,0.00%,0,0,0.00%,0.00%,£0.00,£0.00,0,0,0,0,0.00%,0.00%,£0.00,£0.00,0,0,0,0
B06XYV356N,LA GIRL Just Blushing Powder Blush - Just Dance,2,0,1,0,3,0,0.00%,0.00%,0.00%,0.00%,0.00%,0.00%,3,0,1,0,4,0,0.00%,0.00%,0.00%,0.00%,0.00%,0.00%,0.00%,0.00%,0,0,0.00%,0.00%,£0.00,£0.00,0,0,0,0,0.00%,0.00%,£0.00,£0.00,0,0,0,0
B06XYX445D,LA GIRL Just Blushing Powder Blush - Just Natural,8,0,5,0,13,0,0.00%,0.00%,0.00%,0.00%,0.00%,0.00%,9,0,6,0,15,0,0.00%,0.00%,0.00%,0.00%,0.00%,0.00%,42.86%,0.00%,0,0,0.00%,0.00%,£0.00,£0.00,0,0,0,0,0.00%,0.00%,£0.00,£0.00,0,0,0,0
B071242B9D,"Rimmel Match Perfection Foundation 203 True Beige, Medium Coverage, 24hr Hydration, No Caking or Creasing, Lightweight, Reduces Imperfections, Invisible Coverage, SPF20, Cruelty Free",356,0,149,1,505,1,0.00%,0.02%,0.02%,0.01%,0.02%,0.01%,462,0,193,1,655,1,0.02%,0.00%,0.02%,0.01%,0.02%,0.00%,0.00%,0.00%,0,0,0.00%,0.00%,£0.00,£0.00,0,0,0,0,0.00%,0.00%,£0.00,£0.00,0,0,0,0
B071769V2R,Laval Large Nail Hardener 15 ml Bottle,0,0,1,0,1,0,0.00%,0.00%,0.00%,0.00%,0.00%,0.00%,0,0,1,0,1,0,0.00%,0.00%,0.00%,0.00%,0.00%,0.00%,100.00%,0.00%,0,0,0.00%,0.00%,£0.00,£0.00,0,0,0,0,0.00%,0.00%,£0.00,£0.00,0,0,0,0
B071G9Y8JF,W7 | Face Powder | Sheer Loose Powder - Biscuit | Fine Loose Powder,1,0,3,1,4,1,0.00%,0.00%,0.00%,0.01%,0.00%,0.01%,1,0,3,1,4,1,0.00%,0.00%,0.00%,0.01%,0.00%,0.00%,0.00%,0.00%,0,0,0.00%,0.00%,£0.00,£0.00,0,0,0,0,0.00%,0.00%,£0.00,£0.00,0,0,0,0
B071HY3HYD,Stargazer Nail Polish,47,0,21,0,68,0,0.00%,0.00%,0.00%,0.00%,0.00%,0.00%,57,0,25,0,82,0,0.00%,0.00%,0.00%,0.00%,0.00%,0.00%,2.70%,0.00%,0,0,0.00%,0.00%,£0.00,£0.00,0,0,0,0,0.00%,0.00%,£0.00,£0.00,0,0,0,0
B071VZ6NWM,Sally Hansen Gel Miracle 187,40,0,28,1,68,1,0.00%,0.00%,0.00%,0.01%,0.00%,0.01%,48,0,36,1,84,1,0.00%,0.00%,0.00%,0.01%,0.00%,0.00%,0.00%,0.00%,0,0,0.00%,0.00%,£0.00,£0.00,0,0,0,0,0.00%,0.00%,£0.00,£0.00,0,0,0,0
B071WP4G1S,WoodWick Ellipse Scented Trilogy Candle | Café Sweets | with Hearthwick Crackling Flame | Up to 50 Hours Burn Time,8,0,3,0,11,0,0.00%,0.00%,0.00%,0.00%,0.00%,0.00%,8,0,4,0,12,0,0.00%,0.00%,0.00%,0.00%,0.00%,0.00%,0.00%,0.00%,0,0,0.00%,0.00%,£0.00,£0.00,0,0,0,0,0.00%,0.00%,£0.00,£0.00,0,0,0,0
B071WQM7JP,Stargazer Eye Dust Number,0,0,1,0,1,0,0.00%,0.00%,0.00%,0.00%,0.00%,0.00%,0,0,1,0,1,0,0.00%,0.00%,0.00%,0.00%,0.00%,0.00%,0.00%,0.00%,0,0,0.00%,0.00%,£0.00,£0.00,0,0,0,0,0.00%,0.00%,£0.00,£0.00,0,0,0,0
B0721F2TCF,"Technic Superfine Translucent Pressed Powder, 12 g",145,0,69,1,214,1,0.00%,0.01%,0.01%,0.01%,0.01%,0.01%,185,0,91,1,276,1,0.01%,0.00%,0.01%,0.01%,0.01%,0.00%,0.00%,0.00%,0,0,0.00%,0.00%,£0.00,£0.00,0,0,0,0,0.00%,0.00%,£0.00,£0.00,0,0,0,0
B0725CNB3Q,RefectoCil Oxidant 3% Cream 100ml,301,1,142,4,443,5,0.01%,0.02%,0.02%,0.05%,0.02%,0.03%,405,1,192,11,597,12,0.02%,0.01%,0.02%,0.11%,0.02%,0.06%,0.00%,0.00%,0,0,0.00%,0.00%,£0.00,£0.00,0,0,0,0,0.00%,0.00%,£0.00,£0.00,0,0,0,0
B072BYX1CC,Rimmel London Stay Matte Liquid Lip Color - 700 Be My Baby For Women 0.21 oz Lipstick,4,0,19,0,23,0,0.00%,0.00%,0.00%,0.00%,0.00%,0.00%,5,0,27,0,32,0,0.00%,0.00%,0.00%,0.00%,0.00%,0.00%,12.50%,0.00%,0,0,0.00%,0.00%,£0.00,£0.00,0,0,0,0,0.00%,0.00%,£0.00,£0.00,0,0,0,0
B072JLBZXN,Marion Heat Protection Hair Serum 30ml,1,0,4,0,5,0,0.00%,0.00%,0.00%,0.00%,0.00%,0.00%,1,0,5,0,6,0,0.00%,0.00%,0.00%,0.00%,0.00%,0.00%,33.33%,0.00%,0,0,0.00%,0.00%,£0.00,£0.00,0,0,0,0,0.00%,0.00%,£0.00,£0.00,0,0,0,0
B072JQ31LC,Joanna Hair Styling Effect STYLING PASTE Extra Strong Flexibility & Fixation 90g,2,0,1,0,3,0,0.00%,0.00%,0.00%,0.00%,0.00%,0.00%,2,0,1,0,3,0,0.00%,0.00%,0.00%,0.00%,0.00%,0.00%,66.67%,0.00%,0,0,0.00%,0.00%,£0.00,£0.00,0,0,0,0,0.00%,0.00%,£0.00,£0.00,0,0,0,0
B072MSYR23,Technic Liquid Eyeliner 6ml-Black,65,0,27,1,92,1,0.00%,0.00%,0.00%,0.01%,0.00%,0.01%,82,0,37,1,119,1,0.00%,0.00%,0.00%,0.01%,0.00%,0.00%,0.00%,0.00%,0,0,0.00%,0.00%,£0.00,£0.00,0,0,0,0,0.00%,0.00%,£0.00,£0.00,0,0,0,0
B072QWW4R3,Mac 170 Rounded Slant Brush,1,0,0,0,1,0,0.00%,0.00%,0.00%,0.00%,0.00%,0.00%,1,0,0,0,1,0,0.00%,0.00%,0.00%,0.00%,0.00%,0.00%,0.00%,0.00%,0,0,0.00%,0.00%,£0.00,£0.00,0,0,0,0,0.00%,0.00%,£0.00,£0.00,0,0,0,0
B073BGSWSM,Gel Manufacturer Single Phase – Builder – Base One Gel Clear 15 g,3,0,1,0,4,0,0.00%,0.00%,0.00%,0.00%,0.00%,0.00%,3,0,1,0,4,0,0.00%,0.00%,0.00%,0.00%,0.00%,0.00%,50.00%,0.00%,0,0,0.00%,0.00%,£0.00,£0.00,0,0,0,0,0.00%,0.00%,£0.00,£0.00,0,0,0,0
B0743BLB89,Max Factor Kohl Pencil,396,4,216,5,612,9,0.05%,0.03%,0.03%,0.07%,0.03%,0.06%,509,6,282,6,791,12,0.03%,0.05%,0.03%,0.06%,0.03%,0.06%,0.00%,0.00%,0,0,0.00%,0.00%,£0.00,£0.00,0,0,0,0,0.00%,0.00%,£0.00,£0.00,0,0,0,0
B074C4Q5Y2,Marion Hydro Silk Ultra Hydration Silk Treatment for Dry Hair 50ml,1,0,4,0,5,0,0.00%,0.00%,0.00%,0.00%,0.00%,0.00%,1,0,5,0,6,0,0.00%,0.00%,0.00%,0.00%,0.00%,0.00%,20.00%,0.00%,0,0,0.00%,0.00%,£0.00,£0.00,0,0,0,0,0.00%,0.00%,£0.00,£0.00,0,0,0,0
B074CC68L7,"Bourjois Rouge Edition Velvet Liquid Lipstick 21 Saperli Prunette, 6.7ml","1,404",9,717,11,"2,121",20,0.11%,0.09%,0.10%,0.15%,0.09%,0.13%,"1,892",11,961,12,"2,853",23,0.09%,0.10%,0.10%,0.12%,0.10%,0.11%,0.04%,0.00%,0,0,0.00%,0.00%,£0.00,£0.00,0,0,0,0,0.00%,0.00%,£0.00,£0.00,0,0,0,0
B074M9TMHF,"Maybelline Natural Ivory Fit Me Matte and Poreless Foundation Number 105, 30 ml",1,0,0,0,1,0,0.00%,0.00%,0.00%,0.00%,0.00%,0.00%,1,0,0,0,1,0,0.00%,0.00%,0.00%,0.00%,0.00%,0.00%,100.00%,0.00%,0,0,0.00%,0.00%,£0.00,£0.00,0,0,0,0,0.00%,0.00%,£0.00,£0.00,0,0,0,0
B074N4FQ8G,VICTORIA VYNN SALON PRIMER ACID 15ml,9,0,2,1,11,1,0.00%,0.00%,0.00%,0.01%,0.00%,0.01%,11,0,2,1,13,1,0.00%,0.00%,0.00%,0.01%,0.00%,0.00%,0.00%,0.00%,0,0,0.00%,0.00%,£0.00,£0.00,0,0,0,0,0.00%,0.00%,£0.00,£0.00,0,0,0,0
B074W62QPR,VICTORIA VYNN GEL POLISH NO. 008 CHAMPAGNE,4,0,1,0,5,0,0.00%,0.00%,0.00%,0.00%,0.00%,0.00%,4,0,1,0,5,0,0.00%,0.00%,0.00%,0.00%,0.00%,0.00%,0.00%,0.00%,0,0,0.00%,0.00%,£0.00,£0.00,0,0,0,0,0.00%,0.00%,£0.00,£0.00,0,0,0,0
B074W6JRHY,VICTORIA VYNN GEL POLISH NO. 029 CHIC WINE,14,2,4,0,18,2,0.02%,0.00%,0.00%,0.00%,0.00%,0.01%,17,2,4,0,21,2,0.00%,0.02%,0.00%,0.00%,0.00%,0.01%,0.00%,0.00%,0,0,0.00%,0.00%,£0.00,£0.00,0,0,0,0,0.00%,0.00%,£0.00,£0.00,0,0,0,0
B074W759BR,VICTORIA VYNN GEL POLISH NO. 058 TOTALLY GREEN,1,0,1,0,2,0,0.00%,0.00%,0.00%,0.00%,0.00%,0.00%,1,0,1,0,2,0,0.00%,0.00%,0.00%,0.00%,0.00%,0.00%,0.00%,0.00%,0,0,0.00%,0.00%,£0.00,£0.00,0,0,0,0,0.00%,0.00%,£0.00,£0.00,0,0,0,0
B074W789J4,VICTORIA VYNN GEL POLISH NO. 073 LOST IN PARADISE,1,0,0,0,1,0,0.00%,0.00%,0.00%,0.00%,0.00%,0.00%,1,0,0,0,1,0,0.00%,0.00%,0.00%,0.00%,0.00%,0.00%,0.00%,0.00%,0,0,0.00%,0.00%,£0.00,£0.00,0,0,0,0,0.00%,0.00%,£0.00,£0.00,0,0,0,0
B074W7D33F,VICTORIA VYNN GEL POLISH NO. 076 POLAR DREAM,1,0,0,0,1,0,0.00%,0.00%,0.00%,0.00%,0.00%,0.00%,1,0,0,0,1,0,0.00%,0.00%,0.00%,0.00%,0.00%,0.00%,0.00%,0.00%,0,0,0.00%,0.00%,£0.00,£0.00,0,0,0,0,0.00%,0.00%,£0.00,£0.00,0,0,0,0
B074W7JXFP,VICTORIA VYNN GEL POLISH NO. 091 BEIGE GLOW,15,0,7,0,22,0,0.00%,0.00%,0.00%,0.00%,0.00%,0.00%,18,0,9,0,27,0,0.00%,0.00%,0.00%,0.00%,0.00%,0.00%,0.00%,0.00%,0,0,0.00%,0.00%,£0.00,£0.00,0,0,0,0,0.00%,0.00%,£0.00,£0.00,0,0,0,0
B074W7M7FZ,VICTORIA VYNN GEL POLISH NO. 092 BROOKLYN STREET,6,1,3,0,9,1,0.01%,0.00%,0.00%,0.00%,0.00%,0.01%,9,1,4,0,13,1,0.00%,0.01%,0.00%,0.00%,0.00%,0.00%,0.00%,0.00%,0,0,0.00%,0.00%,£0.00,£0.00,0,0,0,0,0.00%,0.00%,£0.00,£0.00,0,0,0,0
B074W8VHQD,VICTORIA VYNN GEL POLISH NO. 039 SWEET DESIRE,2,0,0,0,2,0,0.00%,0.00%,0.00%,0.00%,0.00%,0.00%,2,0,0,0,2,0,0.00%,0.00%,0.00%,0.00%,0.00%,0.00%,0.00%,0.00%,0,0,0.00%,0.00%,£0.00,£0.00,0,0,0,0,0.00%,0.00%,£0.00,£0.00,0,0,0,0
B074W8WP9Y,VICTORIA VYNN GEL POLISH NO. 007 BEAUTIFUL BRIDE,1,0,1,0,2,0,0.00%,0.00%,0.00%,0.00%,0.00%,0.00%,1,0,1,0,2,0,0.00%,0.00%,0.00%,0.00%,0.00%,0.00%,0.00%,0.00%,0,0,0.00%,0.00%,£0.00,£0.00,0,0,0,0,0.00%,0.00%,£0.00,£0.00,0,0,0,0
B074W8ZMJM,VICTORIA VYNN PURE CREAMY HYBRID NO. 008 GINGER TEA,2,0,0,0,2,0,0.00%,0.00%,0.00%,0.00%,0.00%,0.00%,2,0,0,0,2,0,0.00%,0.00%,0.00%,0.00%,0.00%,0.00%,0.00%,0.00%,0,0,0.00%,0.00%,£0.00,£0.00,0,0,0,0,0.00%,0.00%,£0.00,£0.00,0,0,0,0
B074W91LQ4,VICTORIA VYNN GEL POLISH NO. 018 CASHMERE BEIGE,2,0,0,0,2,0,0.00%,0.00%,0.00%,0.00%,0.00%,0.00%,2,0,0,0,2,0,0.00%,0.00%,0.00%,0.00%,0.00%,0.00%,0.00%,0.00%,0,0,0.00%,0.00%,£0.00,£0.00,0,0,0,0,0.00%,0.00%,£0.00,£0.00,0,0,0,0
B074W932J5,VICTORIA VYNN PURE CREAMY HYBRID NO. 025 DRY WINE,8,0,3,0,11,0,0.00%,0.00%,0.00%,0.00%,0.00%,0.00%,9,0,3,0,12,0,0.00%,0.00%,0.00%,0.00%,0.00%,0.00%,0.00%,0.00%,0,0,0.00%,0.00%,£0.00,£0.00,0,0,0,0,0.00%,0.00%,£0.00,£0.00,0,0,0,0
B074W93V63,VICTORIA VYNN GEL POLISH NO. 010 IN THE NUDE,4,0,1,0,5,0,0.00%,0.00%,0.00%,0.00%,0.00%,0.00%,6,0,1,0,7,0,0.00%,0.00%,0.00%,0.00%,0.00%,0.00%,20.00%,0.00%,0,0,0.00%,0.00%,£0.00,£0.00,0,0,0,0,0.00%,0.00%,£0.00,£0.00,0,0,0,0
B074W98YX1,VICTORIA VYNN GEL POLISH NO. 055 SILVER CRISTAL,4,0,0,0,4,0,0.00%,0.00%,0.00%,0.00%,0.00%,0.00%,4,0,0,0,4,0,0.00%,0.00%,0.00%,0.00%,0.00%,0.00%,0.00%,0.00%,0,0,0.00%,0.00%,£0.00,£0.00,0,0,0,0,0.00%,0.00%,£0.00,£0.00,0,0,0,0
B074W9CWQB,VICTORIA VYNN GEL POLISH NO. 056 GOLD MILLIONAIRE,2,0,3,0,5,0,0.00%,0.00%,0.00%,0.00%,0.00%,0.00%,2,0,4,0,6,0,0.00%,0.00%,0.00%,0.00%,0.00%,0.00%,0.00%,0.00%,0,0,0.00%,0.00%,£0.00,£0.00,0,0,0,0,0.00%,0.00%,£0.00,£0.00,0,0,0,0
B074W9GJ6G,VICTORIA VYNN GEL POLISH NO. 057 NEON YELLOW,1,0,0,0,1,0,0.00%,0.00%,0.00%,0.00%,0.00%,0.00%,1,0,0,0,1,0,0.00%,0.00%,0.00%,0.00%,0.00%,0.00%,0.00%,0.00%,0,0,0.00%,0.00%,£0.00,£0.00,0,0,0,0,0.00%,0.00%,£0.00,£0.00,0,0,0,0
B074W9KK9M,VICTORIA VYNN GEL POLISH NO. 030 BERRY WINE,8,0,5,1,13,1,0.00%,0.00%,0.00%,0.01%,0.00%,0.01%,10,0,5,1,15,1,0.00%,0.00%,0.00%,0.01%,0.00%,0.00%,20.00%,0.00%,0,0,0.00%,0.00%,£0.00,£0.00,0,0,0,0,0.00%,0.00%,£0.00,£0.00,0,0,0,0
B074W9NRTD,VICTORIA VYNN GEL POLISH NO. 081 SECRET EVENING,2,0,2,0,4,0,0.00%,0.00%,0.00%,0.00%,0.00%,0.00%,2,0,2,0,4,0,0.00%,0.00%,0.00%,0.00%,0.00%,0.00%,0.00%,0.00%,0,0,0.00%,0.00%,£0.00,£0.00,0,0,0,0,0.00%,0.00%,£0.00,£0.00,0,0,0,0
B074W9R7D4,VICTORIA VYNN GEL POLISH NO. 074 HOLIDAY SEA,1,0,0,0,1,0,0.00%,0.00%,0.00%,0.00%,0.00%,0.00%,1,0,0,0,1,0,0.00%,0.00%,0.00%,0.00%,0.00%,0.00%,0.00%,0.00%,0,0,0.00%,0.00%,£0.00,£0.00,0,0,0,0,0.00%,0.00%,£0.00,£0.00,0,0,0,0
B074W9T2CB,VICTORIA VYNN GEL POLISH NO. 094 SMOKY DESERT,30,0,12,0,42,0,0.00%,0.00%,0.00%,0.00%,0.00%,0.00%,44,0,14,0,58,0,0.00%,0.00%,0.00%,0.00%,0.00%,0.00%,0.00%,0.00%,0,0,0.00%,0.00%,£0.00,£0.00,0,0,0,0,0.00%,0.00%,£0.00,£0.00,0,0,0,0
B074WB2TH1,VICTORIA VYNN GEL POLISH NO. 110 SILVER FOIL,5,0,0,0,5,0,0.00%,0.00%,0.00%,0.00%,0.00%,0.00%,8,0,0,0,8,0,0.00%,0.00%,0.00%,0.00%,0.00%,0.00%,0.00%,0.00%,0,0,0.00%,0.00%,£0.00,£0.00,0,0,0,0,0.00%,0.00%,£0.00,£0.00,0,0,0,0
B074WB4XX5,VICTORIA VYNN GEL POLISH NO. 045 BOMBSHELL,3,0,1,0,4,0,0.00%,0.00%,0.00%,0.00%,0.00%,0.00%,3,0,1,0,4,0,0.00%,0.00%,0.00%,0.00%,0.00%,0.00%,0.00%,0.00%,0,0,0.00%,0.00%,£0.00,£0.00,0,0,0,0,0.00%,0.00%,£0.00,£0.00,0,0,0,0
B074WB9VP5,VICTORIA VYNN GEL POLISH NO. 109 SILVER SCYSCRAPER,3,0,0,0,3,0,0.00%,0.00%,0.00%,0.00%,0.00%,0.00%,5,0,0,0,5,0,0.00%,0.00%,0.00%,0.00%,0.00%,0.00%,0.00%,0.00%,0,0,0.00%,0.00%,£0.00,£0.00,0,0,0,0,0.00%,0.00%,£0.00,£0.00,0,0,0,0
B074WBC3LP,VICTORIA VYNN GEL POLISH NO. 114 PINKY GLITTER,4,0,1,0,5,0,0.00%,0.00%,0.00%,0.00%,0.00%,0.00%,5,0,1,0,6,0,0.00%,0.00%,0.00%,0.00%,0.00%,0.00%,50.00%,0.00%,0,0,0.00%,0.00%,£0.00,£0.00,0,0,0,0,0.00%,0.00%,£0.00,£0.00,0,0,0,0
B074WBJ5V1,VICTORIA VYNN GEL POLISH NO. 028 SUGAR PLUM,3,0,0,0,3,0,0.00%,0.00%,0.00%,0.00%,0.00%,0.00%,7,0,0,0,7,0,0.00%,0.00%,0.00%,0.00%,0.00%,0.00%,0.00%,0.00%,0,0,0.00%,0.00%,£0.00,£0.00,0,0,0,0,0.00%,0.00%,£0.00,£0.00,0,0,0,0
B074WBP37B,VICTORIA VYNN PURE CREAMY HYBRID NO. 002 PEARLY GLOW,0,0,2,0,2,0,0.00%,0.00%,0.00%,0.00%,0.00%,0.00%,0,0,3,0,3,0,0.00%,0.00%,0.00%,0.00%,0.00%,0.00%,0.00%,0.00%,0,0,0.00%,0.00%,£0.00,£0.00,0,0,0,0,0.00%,0.00%,£0.00,£0.00,0,0,0,0
B074WBXWCS,VICTORIA VYNN GEL POLISH NO. 122 PEARLY MAUVE,3,0,0,0,3,0,0.00%,0.00%,0.00%,0.00%,0.00%,0.00%,4,0,0,0,4,0,0.00%,0.00%,0.00%,0.00%,0.00%,0.00%,0.00%,0.00%,0,0,0.00%,0.00%,£0.00,£0.00,0,0,0,0,0.00%,0.00%,£0.00,£0.00,0,0,0,0
B074WBYJSQ,VICTORIA VYNN GEL POLISH NO. 125 KHAKI PATH,2,0,2,0,4,0,0.00%,0.00%,0.00%,0.00%,0.00%,0.00%,2,0,2,0,4,0,0.00%,0.00%,0.00%,0.00%,0.00%,0.00%,0.00%,0.00%,0,0,0.00%,0.00%,£0.00,£0.00,0,0,0,0,0.00%,0.00%,£0.00,£0.00,0,0,0,0
B074WBYMWW,VICTORIA VYNN GEL POLISH NO. 112 BLUE DELICIOUS,1,0,0,0,1,0,0.00%,0.00%,0.00%,0.00%,0.00%,0.00%,1,0,0,0,1,0,0.00%,0.00%,0.00%,0.00%,0.00%,0.00%,0.00%,0.00%,0,0,0.00%,0.00%,£0.00,£0.00,0,0,0,0,0.00%,0.00%,£0.00,£0.00,0,0,0,0
B074WC28FJ,VICTORIA VYNN GEL POLISH NO. 079 IN THE NAVY,5,0,0,0,5,0,0.00%,0.00%,0.00%,0.00%,0.00%,0.00%,6,0,0,0,6,0,0.00%,0.00%,0.00%,0.00%,0.00%,0.00%,0.00%,0.00%,0,0,0.00%,0.00%,£0.00,£0.00,0,0,0,0,0.00%,0.00%,£0.00,£0.00,0,0,0,0
B074WC2WG9,VICTORIA VYNN GEL POLISH NO. 148 ENDLESS SUMMER,2,0,0,0,2,0,0.00%,0.00%,0.00%,0.00%,0.00%,0.00%,3,0,0,0,3,0,0.00%,0.00%,0.00%,0.00%,0.00%,0.00%,33.33%,0.00%,0,0,0.00%,0.00%,£0.00,£0.00,0,0,0,0,0.00%,0.00%,£0.00,£0.00,0,0,0,0
B074WC3LNX,VICTORIA VYNN GEL POLISH NO. 147 HAWAII BEACH,11,0,2,0,13,0,0.00%,0.00%,0.00%,0.00%,0.00%,0.00%,13,0,2,0,15,0,0.00%,0.00%,0.00%,0.00%,0.00%,0.00%,7.14%,0.00%,0,0,0.00%,0.00%,£0.00,£0.00,0,0,0,0,0.00%,0.00%,£0.00,£0.00,0,0,0,0
B074WC7PND,VICTORIA VYNN PURE CREAMY HYBRID NO. 023 REALLY RUBY,1,0,0,0,1,0,0.00%,0.00%,0.00%,0.00%,0.00%,0.00%,1,0,0,0,1,0,0.00%,0.00%,0.00%,0.00%,0.00%,0.00%,0.00%,0.00%,0,0,0.00%,0.00%,£0.00,£0.00,0,0,0,0,0.00%,0.00%,£0.00,£0.00,0,0,0,0
B074WCCBD6,VICTORIA VYNN GEL POLISH NO. 149 FLOWER LEI,1,0,1,0,2,0,0.00%,0.00%,0.00%,0.00%,0.00%,0.00%,1,0,1,0,2,0,0.00%,0.00%,0.00%,0.00%,0.00%,0.00%,0.00%,0.00%,0,0,0.00%,0.00%,£0.00,£0.00,0,0,0,0,0.00%,0.00%,£0.00,£0.00,0,0,0,0
B074WCFNYM,VICTORIA VYNN PURE CREAMY HYBRID NO. 006 GRACEFUL PINK,1,0,0,0,1,0,0.00%,0.00%,0.00%,0.00%,0.00%,0.00%,1,0,0,0,1,0,0.00%,0.00%,0.00%,0.00%,0.00%,0.00%,0.00%,0.00%,0,0,0.00%,0.00%,£0.00,£0.00,0,0,0,0,0.00%,0.00%,£0.00,£0.00,0,0,0,0
B074WD2SQW,VICTORIA VYNN GEL POLISH NO. 146 EXOTIC FRUIT,4,0,3,0,7,0,0.00%,0.00%,0.00%,0.00%,0.00%,0.00%,4,0,4,0,8,0,0.00%,0.00%,0.00%,0.00%,0.00%,0.00%,0.00%,0.00%,0,0,0.00%,0.00%,£0.00,£0.00,0,0,0,0,0.00%,0.00%,£0.00,£0.00,0,0,0,0
B074WD9HG2,VICTORIA VYNN PURE CREAMY HYBRID NO. 011 GENTLE PINK,1,0,1,0,2,0,0.00%,0.00%,0.00%,0.00%,0.00%,0.00%,1,0,1,0,2,0,0.00%,0.00%,0.00%,0.00%,0.00%,0.00%,0.00%,0.00%,0,0,0.00%,0.00%,£0.00,£0.00,0,0,0,0,0.00%,0.00%,£0.00,£0.00,0,0,0,0
B074WD9N5Y,VICTORIA VYNN PURE CREAMY HYBRID NO. 010 PINK GLAMOUR,3,0,0,0,3,0,0.00%,0.00%,0.00%,0.00%,0.00%,0.00%,3,0,0,0,3,0,0.00%,0.00%,0.00%,0.00%,0.00%,0.00%,0.00%,0.00%,0,0,0.00%,0.00%,£0.00,£0.00,0,0,0,0,0.00%,0.00%,£0.00,£0.00,0,0,0,0
B074WDDLQM,VICTORIA VYNN PURE CREAMY HYBRID NO. 024 FOREVER CRIMSON,2,0,0,0,2,0,0.00%,0.00%,0.00%,0.00%,0.00%,0.00%,2,0,0,0,2,0,0.00%,0.00%,0.00%,0.00%,0.00%,0.00%,0.00%,0.00%,0,0,0.00%,0.00%,£0.00,£0.00,0,0,0,0,0.00%,0.00%,£0.00,£0.00,0,0,0,0
B074WF72JD,VICTORIA VYNN PURE CREAMY HYBRID NO. 021 EXEMPLARY RED,3,0,2,0,5,0,0.00%,0.00%,0.00%,0.00%,0.00%,0.00%,3,0,4,0,7,0,0.00%,0.00%,0.00%,0.00%,0.00%,0.00%,20.00%,0.00%,0,0,0.00%,0.00%,£0.00,£0.00,0,0,0,0,0.00%,0.00%,£0.00,£0.00,0,0,0,0
B074Z7MMK6,VICTORIA VYNN PURE CREAMY HYBRID NO. 075 HOT ORANGE,2,0,0,0,2,0,0.00%,0.00%,0.00%,0.00%,0.00%,0.00%,2,0,0,0,2,0,0.00%,0.00%,0.00%,0.00%,0.00%,0.00%,50.00%,0.00%,0,0,0.00%,0.00%,£0.00,£0.00,0,0,0,0,0.00%,0.00%,£0.00,£0.00,0,0,0,0
B074Z8SLWR,VICTORIA VYNN PURE CREAMY HYBRID NO. 050 SECRET HEART,4,0,1,0,5,0,0.00%,0.00%,0.00%,0.00%,0.00%,0.00%,4,0,1,0,5,0,0.00%,0.00%,0.00%,0.00%,0.00%,0.00%,0.00%,0.00%,0,0,0.00%,0.00%,£0.00,£0.00,0,0,0,0,0.00%,0.00%,£0.00,£0.00,0,0,0,0
B074Z8W5W2,VICTORIA VYNN PURE CREAMY HYBRID NO. 031 ENDLESS OCEAN,0,0,1,0,1,0,0.00%,0.00%,0.00%,0.00%,0.00%,0.00%,0,0,1,0,1,0,0.00%,0.00%,0.00%,0.00%,0.00%,0.00%,0.00%,0.00%,0,0,0.00%,0.00%,£0.00,£0.00,0,0,0,0,0.00%,0.00%,£0.00,£0.00,0,0,0,0
B074Z9Q8WX,VICTORIA VYNN PURE CREAMY HYBRID NO. 068 BY THE BAY,1,0,0,0,1,0,0.00%,0.00%,0.00%,0.00%,0.00%,0.00%,1,0,0,0,1,0,0.00%,0.00%,0.00%,0.00%,0.00%,0.00%,0.00%,0.00%,0,0,0.00%,0.00%,£0.00,£0.00,0,0,0,0,0.00%,0.00%,£0.00,£0.00,0,0,0,0
B074Z9RD1M,VICTORIA VYNN PURE CREAMY HYBRID NO. 058 ORCHID AROUND,3,0,0,0,3,0,0.00%,0.00%,0.00%,0.00%,0.00%,0.00%,3,0,0,0,3,0,0.00%,0.00%,0.00%,0.00%,0.00%,0.00%,33.33%,0.00%,0,0,0.00%,0.00%,£0.00,£0.00,0,0,0,0,0.00%,0.00%,£0.00,£0.00,0,0,0,0
B074ZGC7Z8,VICTORIA VYNN PURE CREAMY HYBRID NO. 048 RED OBSESSED,1,0,0,0,1,0,0.00%,0.00%,0.00%,0.00%,0.00%,0.00%,1,0,0,0,1,0,0.00%,0.00%,0.00%,0.00%,0.00%,0.00%,0.00%,0.00%,0,0,0.00%,0.00%,£0.00,£0.00,0,0,0,0,0.00%,0.00%,£0.00,£0.00,0,0,0,0
B074ZGG1N6,VICTORIA VYNN PURE CREAMY HYBRID NO. 065 HIGH SOCIETY,3,0,1,0,4,0,0.00%,0.00%,0.00%,0.00%,0.00%,0.00%,3,0,1,0,4,0,0.00%,0.00%,0.00%,0.00%,0.00%,0.00%,0.00%,0.00%,0,0,0.00%,0.00%,£0.00,£0.00,0,0,0,0,0.00%,0.00%,£0.00,£0.00,0,0,0,0
B074ZGLJW8,VICTORIA VYNN PURE CREAMY HYBRID NO. 081 FLORAL WHISPER,1,0,0,0,1,0,0.00%,0.00%,0.00%,0.00%,0.00%,0.00%,1,0,0,0,1,0,0.00%,0.00%,0.00%,0.00%,0.00%,0.00%,0.00%,0.00%,0,0,0.00%,0.00%,£0.00,£0.00,0,0,0,0,0.00%,0.00%,£0.00,£0.00,0,0,0,0
B074ZGRSDJ,VICTORIA VYNN PURE CREAMY HYBRID NO. 076 CANDY BLOOM,1,0,0,0,1,0,0.00%,0.00%,0.00%,0.00%,0.00%,0.00%,1,0,0,0,1,0,0.00%,0.00%,0.00%,0.00%,0.00%,0.00%,0.00%,0.00%,0,0,0.00%,0.00%,£0.00,£0.00,0,0,0,0,0.00%,0.00%,£0.00,£0.00,0,0,0,0
B074ZJ79KJ,VICTORIA VYNN PURE CREAMY HYBRID NO. 056 FEEL THE COLOUR,1,0,0,0,1,0,0.00%,0.00%,0.00%,0.00%,0.00%,0.00%,1,0,0,0,1,0,0.00%,0.00%,0.00%,0.00%,0.00%,0.00%,100.00%,0.00%,0,0,0.00%,0.00%,£0.00,£0.00,0,0,0,0,0.00%,0.00%,£0.00,£0.00,0,0,0,0
B074ZJW5RP,VICTORIA VYNN PURE CREAMY HYBRID NO. 055 PINK UP,1,0,0,0,1,0,0.00%,0.00%,0.00%,0.00%,0.00%,0.00%,2,0,0,0,2,0,0.00%,0.00%,0.00%,0.00%,0.00%,0.00%,0.00%,0.00%,0,0,0.00%,0.00%,£0.00,£0.00,0,0,0,0,0.00%,0.00%,£0.00,£0.00,0,0,0,0
B074ZKHVY3,VICTORIA VYNN PURE CREAMY HYBRID NO. 042 MILK COFFEE,2,0,1,0,3,0,0.00%,0.00%,0.00%,0.00%,0.00%,0.00%,3,0,1,0,4,0,0.00%,0.00%,0.00%,0.00%,0.00%,0.00%,0.00%,0.00%,0,0,0.00%,0.00%,£0.00,£0.00,0,0,0,0,0.00%,0.00%,£0.00,£0.00,0,0,0,0
B074ZKP1B9,VICTORIA VYNN PURE CREAMY HYBRID NO. 043 BELLA BROWN,3,0,0,0,3,0,0.00%,0.00%,0.00%,0.00%,0.00%,0.00%,6,0,0,0,6,0,0.00%,0.00%,0.00%,0.00%,0.00%,0.00%,0.00%,0.00%,0,0,0.00%,0.00%,£0.00,£0.00,0,0,0,0,0.00%,0.00%,£0.00,£0.00,0,0,0,0
B074ZLDT8P,VICTORIA VYNN PURE CREAMY HYBRID NO. 053 ALMOST FAMOUS,1,0,0,0,1,0,0.00%,0.00%,0.00%,0.00%,0.00%,0.00%,1,0,0,0,1,0,0.00%,0.00%,0.00%,0.00%,0.00%,0.00%,0.00%,0.00%,0,0,0.00%,0.00%,£0.00,£0.00,0,0,0,0,0.00%,0.00%,£0.00,£0.00,0,0,0,0
B074ZMPQQG,VICTORIA VYNN PURE CREAMY HYBRID NO. 033 EMERALD OCEAN,1,0,0,0,1,0,0.00%,0.00%,0.00%,0.00%,0.00%,0.00%,1,0,0,0,1,0,0.00%,0.00%,0.00%,0.00%,0.00%,0.00%,100.00%,0.00%,0,0,0.00%,0.00%,£0.00,£0.00,0,0,0,0,0.00%,0.00%,£0.00,£0.00,0,0,0,0
B074ZQT6QY,VICTORIA VYNN PURE CREAMY HYBRID NO. 032 TURQUOISE ISLAND,1,0,0,0,1,0,0.00%,0.00%,0.00%,0.00%,0.00%,0.00%,1,0,0,0,1,0,0.00%,0.00%,0.00%,0.00%,0.00%,0.00%,0.00%,0.00%,0,0,0.00%,0.00%,£0.00,£0.00,0,0,0,0,0.00%,0.00%,£0.00,£0.00,0,0,0,0
B07533M99P,VICTORIA VYNN PURE CREAMY HYBRID TOP,4,0,0,0,4,0,0.00%,0.00%,0.00%,0.00%,0.00%,0.00%,4,0,0,0,4,0,0.00%,0.00%,0.00%,0.00%,0.00%,0.00%,0.00%,0.00%,0,0,0.00%,0.00%,£0.00,£0.00,0,0,0,0,0.00%,0.00%,£0.00,£0.00,0,0,0,0
B0754PGQJ1,Eveline Cosmetics Art Makeup Anti-Shine Complex Pressed Powder 35 Golden Beige,1,0,3,0,4,0,0.00%,0.00%,0.00%,0.00%,0.00%,0.00%,1,0,5,0,6,0,0.00%,0.00%,0.00%,0.00%,0.00%,0.00%,0.00%,0.00%,0,0,0.00%,0.00%,£0.00,£0.00,0,0,0,0,0.00%,0.00%,£0.00,£0.00,0,0,0,0
B07574982J,2 x Max Factor 2000 Calorie Curl Addict Mascara 11ml - Black,4,0,11,0,15,0,0.00%,0.00%,0.00%,0.00%,0.00%,0.00%,4,0,15,0,19,0,0.00%,0.00%,0.00%,0.00%,0.00%,0.00%,0.00%,0.00%,0,0,0.00%,0.00%,£0.00,£0.00,0,0,0,0,0.00%,0.00%,£0.00,£0.00,0,0,0,0
B0759TRCV1,L.A. GIRL Ultimate Auto Lipliner - Boundless Berry,3,0,2,0,5,0,0.00%,0.00%,0.00%,0.00%,0.00%,0.00%,4,0,2,0,6,0,0.00%,0.00%,0.00%,0.00%,0.00%,0.00%,80.00%,0.00%,0,0,0.00%,0.00%,£0.00,£0.00,0,0,0,0,0.00%,0.00%,£0.00,£0.00,0,0,0,0
B075MK46S2,Chi Keratin Silk Infusion 4 x 15 ml,4,0,4,0,8,0,0.00%,0.00%,0.00%,0.00%,0.00%,0.00%,8,0,6,0,14,0,0.00%,0.00%,0.00%,0.00%,0.00%,0.00%,100.00%,0.00%,0,0,0.00%,0.00%,£0.00,£0.00,0,0,0,0,0.00%,0.00%,£0.00,£0.00,0,0,0,0
B075QF9GDD,VICTORIA VYNN BANANA SHAPED NAIL FILE 180/240,1,0,1,0,2,0,0.00%,0.00%,0.00%,0.00%,0.00%,0.00%,1,0,1,0,2,0,0.00%,0.00%,0.00%,0.00%,0.00%,0.00%,100.00%,0.00%,0,0,0.00%,0.00%,£0.00,£0.00,0,0,0,0,0.00%,0.00%,£0.00,£0.00,0,0,0,0
B075QGGBXM,VICTORIA VYNN CRESCENT NAIL FILE 150/150,4,0,0,0,4,0,0.00%,0.00%,0.00%,0.00%,0.00%,0.00%,4,0,0,0,4,0,0.00%,0.00%,0.00%,0.00%,0.00%,0.00%,0.00%,0.00%,0,0,0.00%,0.00%,£0.00,£0.00,0,0,0,0,0.00%,0.00%,£0.00,£0.00,0,0,0,0
B075QHTNTW,"Technic Colour Fix Full Coverage Sand Concealer, 10 ml",14,0,11,0,25,0,0.00%,0.00%,0.00%,0.00%,0.00%,0.00%,17,0,14,0,31,0,0.00%,0.00%,0.00%,0.00%,0.00%,0.00%,7.41%,0.00%,0,0,0.00%,0.00%,£0.00,£0.00,0,0,0,0,0.00%,0.00%,£0.00,£0.00,0,0,0,0
B075SVL94Q,WoodWick | Large Candle | Vanilla & Sea Salt | Great Gift for Women,1,0,0,0,1,0,0.00%,0.00%,0.00%,0.00%,0.00%,0.00%,1,0,0,0,1,0,0.00%,0.00%,0.00%,0.00%,0.00%,0.00%,0.00%,0.00%,0,0,0.00%,0.00%,£0.00,£0.00,0,0,0,0,0.00%,0.00%,£0.00,£0.00,0,0,0,0
B075TFWBHK,Joanna Professional Ceramide Shampoo - Pineapple Scented Ceramide Hair Treatment - Repairs & Strengthens - 1000 ml,9,0,5,0,14,0,0.00%,0.00%,0.00%,0.00%,0.00%,0.00%,13,0,7,0,20,0,0.00%,0.00%,0.00%,0.00%,0.00%,0.00%,52.63%,0.00%,0,0,0.00%,0.00%,£0.00,£0.00,0,0,0,0,0.00%,0.00%,£0.00,£0.00,0,0,0,0
B075V5VZRM,Joanna Professional Shampoo Enriched With Milk Proteins – Milk Protein Shampoo for Dry & Damaged Hair – Carefully Selected Formula – Professional Shampoo with Milk proteins for Salons - 1000 ml,3,0,1,0,4,0,0.00%,0.00%,0.00%,0.00%,0.00%,0.00%,3,0,2,0,5,0,0.00%,0.00%,0.00%,0.00%,0.00%,0.00%,40.00%,0.00%,0,0,0.00%,0.00%,£0.00,£0.00,0,0,0,0,0.00%,0.00%,£0.00,£0.00,0,0,0,0
B075V6L7LK,Joanna Professional UV Filter Hair Shampoo – Professional UV Protection Hair Care Products – Ripe Cherries Scent – Color-Safe Hair Products – Heat UV Protectant for Women - 1000 ml,3,0,1,0,4,0,0.00%,0.00%,0.00%,0.00%,0.00%,0.00%,3,0,3,0,6,0,0.00%,0.00%,0.00%,0.00%,0.00%,0.00%,83.33%,0.00%,0,0,0.00%,0.00%,£0.00,£0.00,0,0,0,0,0.00%,0.00%,£0.00,£0.00,0,0,0,0
B07654Z4XQ,Joanna Naturia Color Permanent Hair Color Cream – Goodness of Milk Proteins & Peach Extracts – Premium-Quality Hair Dye – Provides Soft and Lustrous Hair – Long-Lasting Hair Colors – Sweet Cappucino,4,0,1,0,5,0,0.00%,0.00%,0.00%,0.00%,0.00%,0.00%,4,0,4,0,8,0,0.00%,0.00%,0.00%,0.00%,0.00%,0.00%,0.00%,0.00%,0,0,0.00%,0.00%,£0.00,£0.00,0,0,0,0,0.00%,0.00%,£0.00,£0.00,0,0,0,0
B07655NMY6,Joanna Naturia Color Permanent Hair Color Cream – Goodness of Milk Proteins and Peach Extracts – Premium-Quality Hair Dye – Provides Soft and Lustrous Hair – Long-Lasting Hair Colors – Sweet Toffee,2,0,2,0,4,0,0.00%,0.00%,0.00%,0.00%,0.00%,0.00%,2,0,2,0,4,0,0.00%,0.00%,0.00%,0.00%,0.00%,0.00%,50.00%,0.00%,0,0,0.00%,0.00%,£0.00,£0.00,0,0,0,0,0.00%,0.00%,£0.00,£0.00,0,0,0,0
B07656M5VW,Joanna Naturia Color Permanent Hair Color Cream – Goodness of Milk Proteins and Peach Extracts – Premium-Quality Hair Dye – Provides Soft and Lustrous Hair – Long-Lasting Hair Colors – Cold Brown,7,0,10,0,17,0,0.00%,0.00%,0.00%,0.00%,0.00%,0.00%,7,0,10,0,17,0,0.00%,0.00%,0.00%,0.00%,0.00%,0.00%,23.53%,0.00%,0,0,0.00%,0.00%,£0.00,£0.00,0,0,0,0,0.00%,0.00%,£0.00,£0.00,0,0,0,0
B076576KQ5,Joanna Naturia Color Permanent Hair Color Cream – Goodness of Milk Proteins and Peach Extracts – Premium-Quality Hair Dye – Provides Soft and Lustrous Hair – Long-Lasting Hair Colors – Nut Brown,0,0,1,0,1,0,0.00%,0.00%,0.00%,0.00%,0.00%,0.00%,0,0,2,0,2,0,0.00%,0.00%,0.00%,0.00%,0.00%,0.00%,100.00%,0.00%,0,0,0.00%,0.00%,£0.00,£0.00,0,0,0,0,0.00%,0.00%,£0.00,£0.00,0,0,0,0
B076B4QR3X,Maybelline Color Sensational Shine Compulsion Lipstick,"1,832",10,"1,804",7,"3,636",17,0.12%,0.12%,0.25%,0.10%,0.16%,0.11%,"2,480",11,"2,445",7,"4,925",18,0.12%,0.10%,0.26%,0.07%,0.17%,0.08%,0.00%,0.00%,0,0,0.00%,0.00%,£0.00,£0.00,0,0,0,0,0.00%,0.00%,£0.00,£0.00,0,0,0,0
B076B9X9MV,"L'Oréal Paris Nourishing Lipstick with Satin Finish, Argan Oil and Vitamin E, Color Riche Satin",8,0,14,1,22,1,0.00%,0.00%,0.00%,0.01%,0.00%,0.01%,12,0,19,1,31,1,0.00%,0.00%,0.00%,0.01%,0.00%,0.00%,42.86%,0.00%,0,0,0.00%,0.00%,£0.00,£0.00,0,0,0,0,0.00%,0.00%,£0.00,£0.00,0,0,0,0
B076CNNPWK,False Lash Epic Waterproof Mascara by Max Factor Black,71,0,40,2,111,2,0.00%,0.00%,0.01%,0.03%,0.00%,0.01%,91,0,46,2,137,2,0.00%,0.00%,0.00%,0.02%,0.00%,0.01%,0.00%,0.00%,0,0,0.00%,0.00%,£0.00,£0.00,0,0,0,0,0.00%,0.00%,£0.00,£0.00,0,0,0,0
B076Q8LYVN,"Max Factor Infinity Lipstick, 6 Always Delicate",42,0,26,0,68,0,0.00%,0.00%,0.00%,0.00%,0.00%,0.00%,64,0,31,0,95,0,0.00%,0.00%,0.00%,0.00%,0.00%,0.00%,0.00%,0.00%,0,0,0.00%,0.00%,£0.00,£0.00,0,0,0,0,0.00%,0.00%,£0.00,£0.00,0,0,0,0
B076SBXCLK,Maybelline Foundation Fit Me Matte & Poreless Lightweight 332 Golden,460,0,209,4,669,4,0.00%,0.03%,0.03%,0.05%,0.03%,0.03%,667,0,293,12,960,12,0.03%,0.00%,0.03%,0.12%,0.03%,0.06%,0.00%,0.00%,0,0,0.00%,0.00%,£0.00,£0.00,0,0,0,0,0.00%,0.00%,£0.00,£0.00,0,0,0,0
B0779CPKT7,MARION CLEANSING MICELLAR WATER FACE AND EYE MAKE-UP REMOVAL NORMAL AND SENSITIVE SKIN 150 ML,0,0,1,0,1,0,0.00%,0.00%,0.00%,0.00%,0.00%,0.00%,0,0,1,0,1,0,0.00%,0.00%,0.00%,0.00%,0.00%,0.00%,0.00%,0.00%,0,0,0.00%,0.00%,£0.00,£0.00,0,0,0,0,0.00%,0.00%,£0.00,£0.00,0,0,0,0
B077C33FB8,"Eveline Cosmetics Gold Lift Expert Luxury Anti-Wrinkle Face Mask with 24k Gold Therapy 4D™, Hyaluronic Acid & Laminaria Extract - For Sensitive, Dry & Mature Skin",23,0,15,0,38,0,0.00%,0.00%,0.00%,0.00%,0.00%,0.00%,32,0,15,0,47,0,0.00%,0.00%,0.00%,0.00%,0.00%,0.00%,0.00%,0.00%,0,0,0.00%,0.00%,£0.00,£0.00,0,0,0,0,0.00%,0.00%,£0.00,£0.00,0,0,0,0
B077GBM4HV,Joanna Silk Smoothing Conditioner 200g,12,0,7,0,19,0,0.00%,0.00%,0.00%,0.00%,0.00%,0.00%,15,0,8,0,23,0,0.00%,0.00%,0.00%,0.00%,0.00%,0.00%,0.00%,0.00%,0,0,0.00%,0.00%,£0.00,£0.00,0,0,0,0,0.00%,0.00%,£0.00,£0.00,0,0,0,0
B077L7F8YB,"Bourjois Healthy Mix Anti-Fatigue Concealer 55 Caramel doré, 7.8ml",4,0,1,0,5,0,0.00%,0.00%,0.00%,0.00%,0.00%,0.00%,5,0,1,0,6,0,0.00%,0.00%,0.00%,0.00%,0.00%,0.00%,0.00%,0.00%,0,0,0.00%,0.00%,£0.00,£0.00,0,0,0,0,0.00%,0.00%,£0.00,£0.00,0,0,0,0
B077V12LWC,Joanna Multi Cream Colour Dye Noble Burgundy/36/,18,0,1,0,19,0,0.00%,0.00%,0.00%,0.00%,0.00%,0.00%,29,0,1,0,30,0,0.00%,0.00%,0.00%,0.00%,0.00%,0.00%,25.00%,0.00%,0,0,0.00%,0.00%,£0.00,£0.00,0,0,0,0,0.00%,0.00%,£0.00,£0.00,0,0,0,0
B077VQFKC2,Technic Makeup Remover Cloth,12,0,11,0,23,0,0.00%,0.00%,0.00%,0.00%,0.00%,0.00%,15,0,19,0,34,0,0.00%,0.00%,0.00%,0.00%,0.00%,0.00%,16.13%,0.00%,0,0,0.00%,0.00%,£0.00,£0.00,0,0,0,0,0.00%,0.00%,£2.87,£0.00,1,0,1,0
B07813Z6CF,Technic Lip Liner Pencil & Sharpener,114,0,59,0,173,0,0.00%,0.01%,0.01%,0.00%,0.01%,0.00%,135,0,73,0,208,0,0.01%,0.00%,0.01%,0.00%,0.01%,0.00%,3.94%,0.00%,0,0,0.00%,0.00%,£0.00,£0.00,0,0,0,0,0.00%,0.00%,£0.00,£0.00,0,0,0,0
B078142BN4,Loreal MAJIREL EU ABS HT/RC 8.45 14B V511,118,2,58,1,176,3,0.02%,0.01%,0.01%,0.01%,0.01%,0.02%,139,2,76,1,215,3,0.01%,0.02%,0.01%,0.01%,0.01%,0.01%,0.00%,0.00%,0,0,0.00%,0.00%,£0.00,£0.00,0,0,0,0,0.00%,0.00%,£0.00,£0.00,0,0,0,0
B078527QDT,Joanna Multi Cream Colour Hair Dye 39.5 Tea Bronze,12,0,6,0,18,0,0.00%,0.00%,0.00%,0.00%,0.00%,0.00%,13,0,6,0,19,0,0.00%,0.00%,0.00%,0.00%,0.00%,0.00%,5.00%,0.00%,0,0,0.00%,0.00%,£0.00,£0.00,0,0,0,0,0.00%,0.00%,£0.00,£0.00,0,0,0,0
B078GRFBKK,"Sally Hansen Diamond Strength Nail Hardener, 13.3ml, Matte Top Coat",0,0,0,0,0,0,0.00%,0.00%,0.00%,0.00%,0.00%,0.00%,0,0,0,0,0,0,0.00%,0.00%,0.00%,0.00%,0.00%,0.00%,0.00%,0.00%,0,0,0.00%,0.00%,£0.00,£0.00,0,0,2,0,0.00%,0.00%,£0.00,£0.00,0,0,0,0
B078H83584,Marion Natura Silk Hair Treatment 15 ml,3,0,6,0,9,0,0.00%,0.00%,0.00%,0.00%,0.00%,0.00%,3,0,7,0,10,0,0.00%,0.00%,0.00%,0.00%,0.00%,0.00%,33.33%,0.00%,0,0,0.00%,0.00%,£0.00,£0.00,0,0,0,0,0.00%,0.00%,£0.00,£0.00,0,0,0,0
B078J49TV5,Maybelline Foundation Fit Me Matte Poreless Lightweight 095 Fair Porcelain,520,2,246,5,766,7,0.02%,0.03%,0.03%,0.07%,0.03%,0.04%,739,2,328,6,"1,067",8,0.04%,0.02%,0.03%,0.06%,0.04%,0.04%,0.42%,0.00%,0,0,0.00%,0.00%,£0.00,£0.00,0,0,0,0,0.00%,0.00%,£0.00,£0.00,0,0,0,0
B078J4SZ7V,"Maybelline Fit Me Foundation, Medium Coverage, Blendable With a Matte and Poreless Finish, For Normal to Oily Skin, Shade: 124 Soft Sand, 30ml",66,1,44,2,110,3,0.01%,0.00%,0.01%,0.03%,0.00%,0.02%,95,1,55,3,150,4,0.00%,0.01%,0.01%,0.03%,0.01%,0.02%,0.00%,0.00%,0,0,0.00%,0.00%,£0.00,£0.00,0,0,0,0,0.00%,0.00%,£0.00,£0.00,0,0,0,0
B078JRFQ53,Marion Natura Silk Hair Treatment 50 ml,0,0,2,0,2,0,0.00%,0.00%,0.00%,0.00%,0.00%,0.00%,0,0,2,0,2,0,0.00%,0.00%,0.00%,0.00%,0.00%,0.00%,0.00%,0.00%,0,0,0.00%,0.00%,£0.00,£0.00,0,0,0,0,0.00%,0.00%,£0.00,£0.00,0,0,0,0
B078N43FBS,Marion Heat Protection Hair Mist 130 ml,0,0,1,0,1,0,0.00%,0.00%,0.00%,0.00%,0.00%,0.00%,0,0,1,0,1,0,0.00%,0.00%,0.00%,0.00%,0.00%,0.00%,0.00%,0.00%,0,0,0.00%,0.00%,£0.00,£0.00,0,0,0,0,0.00%,0.00%,£0.00,£0.00,0,0,0,0
B078N7QTBF,"Revlon Colorstay Exactify Liquid Liner, Intense Black",27,1,21,0,48,1,0.01%,0.00%,0.00%,0.00%,0.00%,0.01%,39,1,24,0,63,1,0.00%,0.01%,0.00%,0.00%,0.00%,0.00%,0.00%,0.00%,0,0,0.00%,0.00%,£0.00,£0.00,0,0,0,0,0.00%,0.00%,£0.00,£0.00,0,0,0,0
B078NXXHKX,WoodWick Scented Candle | Ellipse Candle | Vanilla & Sea Salt | Great Gift for Women,8,0,2,0,10,0,0.00%,0.00%,0.00%,0.00%,0.00%,0.00%,10,0,3,0,13,0,0.00%,0.00%,0.00%,0.00%,0.00%,0.00%,0.00%,0.00%,0,0,0.00%,0.00%,£0.00,£0.00,0,0,0,0,0.00%,0.00%,£0.00,£0.00,0,0,0,0
B078VGMHHW,Silcare Gel Top No Wipe Coat Dry Top Supershine 9g UV Gel Polish Hybrid Manicure,6,0,2,0,8,0,0.00%,0.00%,0.00%,0.00%,0.00%,0.00%,8,0,3,0,11,0,0.00%,0.00%,0.00%,0.00%,0.00%,0.00%,0.00%,0.00%,0,0,0.00%,0.00%,£0.00,£0.00,0,0,0,0,0.00%,0.00%,£0.00,£0.00,0,0,0,0
B078X4H1WN,Maybelline Volum'Express Colossal Waterproof Mascara - Zwart,292,0,146,4,438,4,0.00%,0.02%,0.02%,0.05%,0.02%,0.03%,381,0,187,6,568,6,0.02%,0.00%,0.02%,0.06%,0.02%,0.03%,0.00%,0.00%,0,0,0.00%,0.00%,£0.00,£0.00,0,0,0,0,0.00%,0.00%,£0.00,£0.00,0,0,0,0
B0793N9ZKZ,"Rimmel 60 Second Super Shine Nail Polish Flip Flop 312, Be Red Y, 8 ml (Pack of 1)",37,0,10,0,47,0,0.00%,0.00%,0.00%,0.00%,0.00%,0.00%,49,0,14,0,63,0,0.00%,0.00%,0.00%,0.00%,0.00%,0.00%,0.00%,0.00%,0,0,0.00%,0.00%,£0.00,£0.00,0,0,0,0,0.00%,0.00%,£0.00,£0.00,0,0,0,0
B079K2MCHH,"Rimmel Match Perfection Foundation 501 Noisette, Medium Coverage, 24hr Hydration, No Caking or Creasing, Lightweight, Reduces Imperfections, Invisible Coverage, SPF20, Cruelty Free",73,2,45,3,118,5,0.02%,0.00%,0.01%,0.04%,0.01%,0.03%,106,2,60,3,166,5,0.01%,0.02%,0.01%,0.03%,0.01%,0.02%,0.66%,0.00%,0,0,0.00%,0.00%,£0.00,£0.00,0,0,0,0,0.00%,0.00%,£0.00,£0.00,0,0,0,0
B079KS1S23,Eveline Cosmetics - ALL IN ONE Eyebrow Set - Professional eyebrow set,1,0,1,0,2,0,0.00%,0.00%,0.00%,0.00%,0.00%,0.00%,2,0,1,0,3,0,0.00%,0.00%,0.00%,0.00%,0.00%,0.00%,33.33%,0.00%,0,0,0.00%,0.00%,£0.00,£0.00,0,0,0,0,0.00%,0.00%,£0.00,£0.00,0,0,0,0
B079ZWC8FM,Silcare Cuticle Oil Peach Nature 15ml,0,0,1,0,1,0,0.00%,0.00%,0.00%,0.00%,0.00%,0.00%,0,0,1,0,1,0,0.00%,0.00%,0.00%,0.00%,0.00%,0.00%,0.00%,0.00%,0,0,0.00%,0.00%,£0.00,£0.00,0,0,0,0,0.00%,0.00%,£0.00,£0.00,0,0,0,0
B07B9PXKVS,L'Oreal Paris,"1,412",8,544,4,"1,956",12,0.09%,0.09%,0.07%,0.05%,0.09%,0.08%,"2,094",11,807,5,"2,901",16,0.10%,0.10%,0.08%,0.05%,0.10%,0.08%,0.00%,0.00%,0,0,0.00%,0.00%,£0.00,£0.00,0,0,0,0,0.00%,0.00%,£0.00,£0.00,0,0,0,0
B07BDV9SHW,"Max Factor Colour Elixir Lip Cushion Gloss with Mineral Oil and Vitamin E, Baby Star Coral, 9 ml",17,0,15,0,32,0,0.00%,0.00%,0.00%,0.00%,0.00%,0.00%,20,0,18,0,38,0,0.00%,0.00%,0.00%,0.00%,0.00%,0.00%,0.00%,0.00%,0,0,0.00%,0.00%,£0.00,£0.00,0,0,0,0,0.00%,0.00%,£0.00,£0.00,0,0,0,0
B07C78VSZX,"Maybelline Black Colossal Mascara, 10.7 ml",37,0,61,1,98,1,0.00%,0.00%,0.01%,0.01%,0.00%,0.01%,51,0,76,1,127,1,0.00%,0.00%,0.01%,0.01%,0.00%,0.00%,0.00%,0.00%,0,0,0.00%,0.00%,£0.00,£0.00,0,0,0,0,0.00%,0.00%,£0.00,£0.00,0,0,0,0
B07CG7L996,Esmalte De Uñas 1 Second,1,0,1,0,2,0,0.00%,0.00%,0.00%,0.00%,0.00%,0.00%,1,0,1,0,2,0,0.00%,0.00%,0.00%,0.00%,0.00%,0.00%,100.00%,0.00%,0,0,0.00%,0.00%,£0.00,£0.00,0,0,0,0,0.00%,0.00%,£0.00,£0.00,0,0,0,0
B07CQWDFT8,3 x Max Factor Colour Elixir Honey Lacquer Lip Gloss 3.8ml - Floral Ruby,1,0,4,0,5,0,0.00%,0.00%,0.00%,0.00%,0.00%,0.00%,1,0,4,0,5,0,0.00%,0.00%,0.00%,0.00%,0.00%,0.00%,75.00%,0.00%,0,0,0.00%,0.00%,£0.00,£0.00,0,0,0,0,0.00%,0.00%,£0.00,£0.00,0,0,0,0
B07D3BL9YP,Joanna Naturia Organic Hair Dye 313 Caramel,4,0,4,0,8,0,0.00%,0.00%,0.00%,0.00%,0.00%,0.00%,6,0,7,0,13,0,0.00%,0.00%,0.00%,0.00%,0.00%,0.00%,8.33%,0.00%,0,0,0.00%,0.00%,£0.00,£0.00,0,0,0,0,0.00%,0.00%,£0.00,£0.00,0,0,0,0
B07D44RW9K,"Rimmel Wonder Swipe 2-in-1 Glitter Eyeliner to Eyeshadow, Yassss, 1.7 ml",35,0,13,1,48,1,0.00%,0.00%,0.00%,0.01%,0.00%,0.01%,44,0,16,1,60,1,0.00%,0.00%,0.00%,0.01%,0.00%,0.00%,0.00%,0.00%,0,0,0.00%,0.00%,£0.00,£0.00,0,0,0,0,0.00%,0.00%,£0.00,£0.00,0,0,0,0
B07D7HD7WR,"L'Oreal Paris Foundation, Infallible 32H Fresh Wear Foundation, longwear coverage, Radiant finish, Water, Sweat and Heat Resistant, Shade 130 Beige, 9g","1,996",8,736,8,"2,732",16,0.09%,0.13%,0.10%,0.11%,0.12%,0.10%,"2,836",10,"1,015",9,"3,851",19,0.14%,0.09%,0.11%,0.09%,0.13%,0.09%,0.00%,0.00%,0,0,0.00%,0.00%,£0.00,£0.00,0,0,0,0,0.00%,0.00%,£0.00,£0.00,0,0,0,0
B07D7MJ8FY,L'Oreal Paris Infallible 24hr Freshwear Liquid Foundation 230 Radiant Honey 30ml,5,0,6,0,11,0,0.00%,0.00%,0.00%,0.00%,0.00%,0.00%,5,0,7,0,12,0,0.00%,0.00%,0.00%,0.00%,0.00%,0.00%,83.33%,0.00%,0,0,0.00%,0.00%,£0.00,£0.00,0,0,2,0,0.00%,0.00%,£11.66,£0.00,1,0,1,0
B07D8WH6V8,"Rimmel Wonder Swipe 2-in-1 Glitter Eyeliner to Eyeshadow, Mega Hottie, 1.7 ml",36,0,15,0,51,0,0.00%,0.00%,0.00%,0.00%,0.00%,0.00%,52,0,17,0,69,0,0.00%,0.00%,0.00%,0.00%,0.00%,0.00%,0.00%,0.00%,0,0,0.00%,0.00%,£0.00,£0.00,0,0,0,0,0.00%,0.00%,£0.00,£0.00,0,0,0,0
B07DCMXWKN,Rimmel Stay Satin Liquid Lip,291,2,156,1,447,3,0.02%,0.02%,0.02%,0.01%,0.02%,0.02%,390,2,212,2,602,4,0.02%,0.02%,0.02%,0.02%,0.02%,0.02%,0.51%,0.00%,0,0,0.00%,0.00%,£0.00,£0.00,0,0,0,0,0.00%,0.00%,£0.00,£0.00,0,0,0,0
B07DD9M6V7,"Rimmel Wonder'swipe 2-In-1 Liner To Shadow, 1.7 ml",135,1,69,1,204,2,0.01%,0.01%,0.01%,0.01%,0.01%,0.01%,175,1,89,1,264,2,0.01%,0.01%,0.01%,0.01%,0.01%,0.01%,0.00%,0.00%,0,0,0.00%,0.00%,£0.00,£0.00,0,0,0,0,0.00%,0.00%,£0.00,£0.00,0,0,0,0
B07DFW3FFG,Maybelline New York Color Sensational Lippenkonturendtift Shaping Lip Liner Nr. 110 Rich Wine,"3,639",27,"1,662",22,"5,301",49,0.32%,0.23%,0.23%,0.30%,0.23%,0.31%,"4,749",38,"2,175",27,"6,924",65,0.23%,0.34%,0.23%,0.27%,0.23%,0.30%,0.00%,0.00%,0,0,0.00%,0.00%,£0.00,£0.00,0,0,0,0,0.00%,0.00%,£0.00,£0.00,0,0,0,0
B07DGFBV2M,W7 Hydrate 3D Sheet Mask Face Mask Skin Care Hydrating Moisturising X1,2,0,3,0,5,0,0.00%,0.00%,0.00%,0.00%,0.00%,0.00%,2,0,3,0,5,0,0.00%,0.00%,0.00%,0.00%,0.00%,0.00%,0.00%,0.00%,0,0,0.00%,0.00%,£0.00,£0.00,0,0,0,0,0.00%,0.00%,£0.00,£0.00,0,0,0,0
B07DGGDR78,W7 Metallic Easy Peel Retinol Face Mask Skin Care Deep Clean & Purifying 10g,3,0,2,0,5,0,0.00%,0.00%,0.00%,0.00%,0.00%,0.00%,10,0,2,0,12,0,0.00%,0.00%,0.00%,0.00%,0.00%,0.00%,18.18%,0.00%,0,0,0.00%,0.00%,£0.00,£0.00,0,0,0,0,0.00%,0.00%,£0.00,£0.00,0,0,0,0
B07DGGL4NN,W7 Metallic Easy Peel Vitamin C Face Mask Skin Care Deep Clean & Purifying 10g,1,0,1,0,2,0,0.00%,0.00%,0.00%,0.00%,0.00%,0.00%,1,0,1,0,2,0,0.00%,0.00%,0.00%,0.00%,0.00%,0.00%,100.00%,0.00%,0,0,0.00%,0.00%,£0.00,£0.00,0,0,0,0,0.00%,0.00%,£0.00,£0.00,0,0,0,0
B07DHCT8TC,WoodWick Medium Hourglass Scented Candle | Linen | with Crackling Wick | Burn Time: Up to 60 Hours,27,0,10,0,37,0,0.00%,0.00%,0.00%,0.00%,0.00%,0.00%,36,0,13,0,49,0,0.00%,0.00%,0.00%,0.00%,0.00%,0.00%,0.00%,0.00%,0,0,0.00%,0.00%,£0.00,£0.00,0,0,0,0,0.00%,0.00%,£0.00,£0.00,0,0,0,0
B07DHNYP2Z,WoodWick Ellipse Scented Candle | Fireside | with Crackling Wick | Burn Time: Up to 50 Hours,18,0,2,0,20,0,0.00%,0.00%,0.00%,0.00%,0.00%,0.00%,23,0,2,0,25,0,0.00%,0.00%,0.00%,0.00%,0.00%,0.00%,9.09%,0.00%,0,0,0.00%,0.00%,£0.00,£0.00,0,0,0,0,0.00%,0.00%,£0.00,£0.00,0,0,0,0
B07DHVHVQD,WoodWick | Medium Candle | Fireside | Great Gift for Women,0,0,3,0,3,0,0.00%,0.00%,0.00%,0.00%,0.00%,0.00%,0,0,3,0,3,0,0.00%,0.00%,0.00%,0.00%,0.00%,0.00%,0.00%,0.00%,0,0,0.00%,0.00%,£0.00,£0.00,0,0,0,0,0.00%,0.00%,£0.00,£0.00,0,0,0,0
B07DJR16CF,WoodWick Ellipse Trilogy Scented Candle | Warm Woods | with Crackling Wick | Burn Time: Up to 50 Hours,4,0,1,0,5,0,0.00%,0.00%,0.00%,0.00%,0.00%,0.00%,4,0,1,0,5,0,0.00%,0.00%,0.00%,0.00%,0.00%,0.00%,0.00%,0.00%,0,0,0.00%,0.00%,£0.00,£0.00,0,0,0,0,0.00%,0.00%,£0.00,£0.00,0,0,0,0
B07DKDZL29,Pure Line Pink 15g UV Gel Nails Acid Free Builder File Off Gel Silcare,6,0,0,0,6,0,0.00%,0.00%,0.00%,0.00%,0.00%,0.00%,10,0,0,0,10,0,0.00%,0.00%,0.00%,0.00%,0.00%,0.00%,0.00%,0.00%,0,0,0.00%,0.00%,£0.00,£0.00,0,0,0,0,0.00%,0.00%,£0.00,£0.00,0,0,0,0
B07DKDZL4R,Pure Line Bianco Estremo 50g UV Gel Nails Acid Free Builder File Off Gel Silcare Pure Line,3,0,2,0,5,0,0.00%,0.00%,0.00%,0.00%,0.00%,0.00%,5,0,2,0,7,0,0.00%,0.00%,0.00%,0.00%,0.00%,0.00%,16.67%,0.00%,0,0,0.00%,0.00%,£0.00,£0.00,0,0,0,0,0.00%,0.00%,£0.00,£0.00,0,0,0,0
B07DKFTW9R,Pure Line Bianco Estremo 15g UV Gel Nails Acid Free Builder File Off Gel Silcare,1,0,0,0,1,0,0.00%,0.00%,0.00%,0.00%,0.00%,0.00%,2,0,0,0,2,0,0.00%,0.00%,0.00%,0.00%,0.00%,0.00%,0.00%,0.00%,0,0,0.00%,0.00%,£0.00,£0.00,0,0,0,0,0.00%,0.00%,£0.00,£0.00,0,0,0,0
B07DSBJF9F,"L'Oréal Paris Infallible 24H Fresh Wear Liquid Foundation, 220 Sand","1,290",5,589,2,"1,879",7,0.06%,0.08%,0.08%,0.03%,0.08%,0.04%,"1,813",8,759,2,"2,572",10,0.09%,0.07%,0.08%,0.02%,0.09%,0.05%,0.00%,0.00%,0,0,0.00%,0.00%,£0.00,£0.00,0,0,0,0,0.00%,0.00%,£0.00,£0.00,0,0,0,0
B07DWZQ5F5,W7 Coconut 3D Sheet Mask Face Mask Soothing Skin Care Hydrating Moisturising X1,0,0,1,0,1,0,0.00%,0.00%,0.00%,0.00%,0.00%,0.00%,0,0,1,0,1,0,0.00%,0.00%,0.00%,0.00%,0.00%,0.00%,100.00%,0.00%,0,0,0.00%,0.00%,£0.00,£0.00,0,0,0,0,0.00%,0.00%,£0.00,£0.00,0,0,0,0
B07DX1J62T,W7 Metallic Easy Peel Coconut Face Mask Skin Care Deep Clean & Purifying 10g,2,0,0,0,2,0,0.00%,0.00%,0.00%,0.00%,0.00%,0.00%,2,0,0,0,2,0,0.00%,0.00%,0.00%,0.00%,0.00%,0.00%,0.00%,0.00%,0,0,0.00%,0.00%,£0.00,£0.00,0,0,0,0,0.00%,0.00%,£0.00,£0.00,0,0,0,0
B07F43XPB7,2 x Max Factor Lasting Performance Touch Proof Foundation 35ml - 100 Fair,4,0,4,1,8,1,0.00%,0.00%,0.00%,0.01%,0.00%,0.01%,5,0,6,1,11,1,0.00%,0.00%,0.00%,0.01%,0.00%,0.00%,70.00%,0.00%,0,0,0.00%,0.00%,£0.00,£0.00,0,0,0,0,0.00%,0.00%,£0.00,£0.00,0,0,0,0
B07FDHR2QM,L'Oreal Paris Mega Volume Collagen 24H Mascara Extra Black,56,0,43,1,99,1,0.00%,0.00%,0.01%,0.01%,0.00%,0.01%,67,0,54,1,121,1,0.00%,0.00%,0.01%,0.01%,0.00%,0.00%,0.00%,0.00%,0,0,0.00%,0.00%,£0.00,£0.00,0,0,0,0,0.00%,0.00%,£0.00,£0.00,0,0,0,0
B07FLRVYLW,Kohl Eye Liner Pencil n. 40 Taupe,5,0,6,0,11,0,0.00%,0.00%,0.00%,0.00%,0.00%,0.00%,7,0,9,0,16,0,0.00%,0.00%,0.00%,0.00%,0.00%,0.00%,0.00%,0.00%,0,0,0.00%,0.00%,£0.00,£0.00,0,0,0,0,0.00%,0.00%,£0.00,£0.00,0,0,0,0
B07FT3C9C5,WoodWick Medium Hourglass Trilogy Scented Candle | Calming Retreat | with Crackling Wick | Burn Time: Up to 60 Hours,5,0,4,0,9,0,0.00%,0.00%,0.00%,0.00%,0.00%,0.00%,5,0,5,0,10,0,0.00%,0.00%,0.00%,0.00%,0.00%,0.00%,0.00%,0.00%,0,0,0.00%,0.00%,£0.00,£0.00,0,0,0,0,0.00%,0.00%,£0.00,£0.00,0,0,0,0
B07FX8Y4K7,Excess Intensity Eyeliner No. 09 Excessive Cobalt 2 g,1,0,1,0,2,0,0.00%,0.00%,0.00%,0.00%,0.00%,0.00%,1,0,1,0,2,0,0.00%,0.00%,0.00%,0.00%,0.00%,0.00%,0.00%,0.00%,0,0,0.00%,0.00%,£0.00,£0.00,0,0,0,0,0.00%,0.00%,£0.00,£0.00,0,0,0,0
B07FXJHKPC,Silcare Regenerating Cuticle Nail Oil Garden of Colour Conditioner 75ml Strawberry Crimson,1,0,0,0,1,0,0.00%,0.00%,0.00%,0.00%,0.00%,0.00%,1,0,0,0,1,0,0.00%,0.00%,0.00%,0.00%,0.00%,0.00%,0.00%,0.00%,0,0,0.00%,0.00%,£0.00,£0.00,0,0,0,0,0.00%,0.00%,£0.00,£0.00,0,0,0,0
B07FZCD8LC,RefectoCil Brow & Lash Booster - 2 in 1 6ml,23,0,14,0,37,0,0.00%,0.00%,0.00%,0.00%,0.00%,0.00%,27,0,18,0,45,0,0.00%,0.00%,0.00%,0.00%,0.00%,0.00%,0.00%,0.00%,0,0,0.00%,0.00%,£0.00,£0.00,0,0,0,0,0.00%,0.00%,£0.00,£0.00,0,0,0,0
B07GNWNV38,Argan Oil Wp,2,0,3,0,5,0,0.00%,0.00%,0.00%,0.00%,0.00%,0.00%,2,0,3,0,5,0,0.00%,0.00%,0.00%,0.00%,0.00%,0.00%,20.00%,0.00%,0,0,0.00%,0.00%,£0.00,£0.00,0,0,0,0,0.00%,0.00%,£0.00,£0.00,0,0,0,0
B07GSCHBV8,Max Factor Lipfinity Velvet Matte 24Hr Lipstick - 050 Satin Berry,23,0,28,0,51,0,0.00%,0.00%,0.00%,0.00%,0.00%,0.00%,29,0,36,0,65,0,0.00%,0.00%,0.00%,0.00%,0.00%,0.00%,0.00%,0.00%,0,0,0.00%,0.00%,£0.00,£0.00,0,0,0,0,0.00%,0.00%,£0.00,£0.00,0,0,0,0
B07H3G48YX,Technic Brow Tamer Eyebrow Kit,218,3,73,1,291,4,0.04%,0.01%,0.01%,0.01%,0.01%,0.03%,296,3,117,2,413,5,0.01%,0.03%,0.01%,0.02%,0.01%,0.02%,0.26%,33.33%,0,0,0.00%,0.00%,£0.00,£0.00,0,0,0,0,0.00%,0.00%,£0.00,£0.00,0,0,0,0
B07H7JDFCL,Victoria Vynn UV Led Nail Gel Polish Pure Creamy Hybrid Manicure Soak Off 8ml 04,1,0,0,0,1,0,0.00%,0.00%,0.00%,0.00%,0.00%,0.00%,1,0,0,0,1,0,0.00%,0.00%,0.00%,0.00%,0.00%,0.00%,0.00%,0.00%,0,0,0.00%,0.00%,£0.00,£0.00,0,0,0,0,0.00%,0.00%,£0.00,£0.00,0,0,0,0
B07H7JLCPR,Victoria Vynn UV Led Nail Gel Polish Pure Creamy Hybrid Manicure Soak Off 8ml 09,3,0,0,0,3,0,0.00%,0.00%,0.00%,0.00%,0.00%,0.00%,3,0,0,0,3,0,0.00%,0.00%,0.00%,0.00%,0.00%,0.00%,0.00%,0.00%,0,0,0.00%,0.00%,£0.00,£0.00,0,0,0,0,0.00%,0.00%,£0.00,£0.00,0,0,0,0
B07H7L8X9G,Victoria Vynn UV Led Nail Gel Polish Pure Creamy Hybrid Manicure Soak Off 8ml 014 by Roxie Cosmetics,0,0,2,0,2,0,0.00%,0.00%,0.00%,0.00%,0.00%,0.00%,0,0,2,0,2,0,0.00%,0.00%,0.00%,0.00%,0.00%,0.00%,0.00%,0.00%,0,0,0.00%,0.00%,£0.00,£0.00,0,0,0,0,0.00%,0.00%,£0.00,£0.00,0,0,0,0
B07H7VW8CC,Max Factor Masterpiece Kohl Kajal Automatic Pencil,"1,687",17,904,12,"2,591",29,0.20%,0.11%,0.12%,0.16%,0.11%,0.18%,"2,042",20,"1,166",17,"3,208",37,0.10%,0.18%,0.12%,0.17%,0.11%,0.17%,0.06%,0.00%,0,0,0.00%,0.00%,£0.00,£0.00,0,0,0,0,0.00%,0.00%,£0.00,£0.00,0,0,0,0
B07HFVKXQW,Tiffany Intense Edp Vapo 75ml,4,0,4,0,8,0,0.00%,0.00%,0.00%,0.00%,0.00%,0.00%,5,0,4,0,9,0,0.00%,0.00%,0.00%,0.00%,0.00%,0.00%,0.00%,0.00%,0,0,0.00%,0.00%,£0.00,£0.00,0,0,0,0,0.00%,0.00%,£0.00,£0.00,0,0,0,0
B07HPD5YXF,Marion Peel-Off Gold Mask Metallic Rejuvenating Treatment 6g,2,0,1,0,3,0,0.00%,0.00%,0.00%,0.00%,0.00%,0.00%,2,0,1,0,3,0,0.00%,0.00%,0.00%,0.00%,0.00%,0.00%,100.00%,0.00%,0,0,0.00%,0.00%,£0.00,£0.00,0,0,0,0,0.00%,0.00%,£0.00,£0.00,0,0,0,0
B07HRWDNXR,Victoria Vynn UV Led Nail Gel Polish Pure Creamy Hybrid Manicure 143 Shade,2,0,0,0,2,0,0.00%,0.00%,0.00%,0.00%,0.00%,0.00%,2,0,0,0,2,0,0.00%,0.00%,0.00%,0.00%,0.00%,0.00%,0.00%,0.00%,0,0,0.00%,0.00%,£0.00,£0.00,0,0,0,0,0.00%,0.00%,£0.00,£0.00,0,0,0,0
B07HRXMB73,Victoria Vynn Nail Builder Gel 15ml UV LED 05 Cover Peach,8,0,2,0,10,0,0.00%,0.00%,0.00%,0.00%,0.00%,0.00%,13,0,2,0,15,0,0.00%,0.00%,0.00%,0.00%,0.00%,0.00%,0.00%,0.00%,0,0,0.00%,0.00%,£0.00,£0.00,0,0,0,0,0.00%,0.00%,£0.00,£0.00,0,0,0,0
B07HYWMT84,"Rimmel Pan Eyeshadow Palette, 14 g",129,0,90,2,219,2,0.00%,0.01%,0.01%,0.03%,0.01%,0.01%,160,0,109,2,269,2,0.01%,0.00%,0.01%,0.02%,0.01%,0.01%,0.39%,0.00%,0,0,0.00%,0.00%,£0.00,£0.00,0,0,0,0,0.00%,0.00%,£0.00,£0.00,0,0,0,0
B07HZ3R2B6,Joanna Keratin CONDITIONER FOR DAMAGED ROUGH HAIR 200 ML,5,0,2,0,7,0,0.00%,0.00%,0.00%,0.00%,0.00%,0.00%,6,0,3,0,9,0,0.00%,0.00%,0.00%,0.00%,0.00%,0.00%,44.44%,0.00%,0,0,0.00%,0.00%,£0.00,£0.00,0,0,0,0,0.00%,0.00%,£0.00,£0.00,0,0,0,0
B07J455LT5,Eveline cosmetics Expert C illumination metallic vitamin face mask 2 * 5g.,2,0,0,0,2,0,0.00%,0.00%,0.00%,0.00%,0.00%,0.00%,2,0,0,0,2,0,0.00%,0.00%,0.00%,0.00%,0.00%,0.00%,0.00%,0.00%,0,0,0.00%,0.00%,£0.00,£0.00,0,0,0,0,0.00%,0.00%,£0.00,£0.00,0,0,0,0
B07JNWSYQP,"Sally Hansen Hard As Nails Treatment Serum, Clear, 13.3 ml",238,1,135,0,373,1,0.01%,0.02%,0.02%,0.00%,0.02%,0.01%,308,1,157,0,465,1,0.02%,0.01%,0.02%,0.00%,0.02%,0.00%,0.00%,0.00%,0,0,0.00%,0.00%,£0.00,£0.00,0,0,0,0,0.00%,0.00%,£0.00,£0.00,0,0,0,0
B07K1Z1JPF,"Sally Hansen Colour Therapy Nail Polish Colour 225 Savasan-ahhh, Light Pink, 14.7 ml",60,0,47,0,107,0,0.00%,0.00%,0.01%,0.00%,0.00%,0.00%,67,0,55,0,122,0,0.00%,0.00%,0.01%,0.00%,0.00%,0.00%,2.61%,0.00%,0,0,0.00%,0.00%,£0.00,£0.00,0,0,0,0,0.00%,0.00%,£0.00,£0.00,0,0,0,0
B07KDGQMNG,Joanna Iodine-Bromine Brine Bath Thoroughly Detoxifies Forest Scent 500ml,1,0,0,0,1,0,0.00%,0.00%,0.00%,0.00%,0.00%,0.00%,1,0,0,0,1,0,0.00%,0.00%,0.00%,0.00%,0.00%,0.00%,100.00%,0.00%,0,0,0.00%,0.00%,£0.00,£0.00,0,0,0,0,0.00%,0.00%,£0.00,£0.00,0,0,0,0
B07KGSTFFV,"Maybelline Fit Me Foundation, Medium Coverage, Blendable With a Matte and Poreless Finish, For Normal to Oily Skin, Shade: 097 Natural Porcelain, 30ml",107,0,82,2,189,2,0.00%,0.01%,0.01%,0.03%,0.01%,0.01%,152,0,108,2,260,2,0.01%,0.00%,0.01%,0.02%,0.01%,0.01%,0.00%,0.00%,0,0,0.00%,0.00%,£0.00,£0.00,0,0,0,0,0.00%,0.00%,£0.00,£0.00,0,0,0,0
B07KNCDMMB,Joanna Naturia Organic Hair Dye 340 Tea,0,0,1,0,1,0,0.00%,0.00%,0.00%,0.00%,0.00%,0.00%,0,0,1,0,1,0,0.00%,0.00%,0.00%,0.00%,0.00%,0.00%,100.00%,0.00%,0,0,0.00%,0.00%,£0.00,£0.00,0,0,0,0,0.00%,0.00%,£0.00,£0.00,0,0,0,0
B07LG91XLJ,Victoria Vynn Cuticle Nail Oil Salon 5 Oils Complex 30ml,50,1,22,1,72,2,0.01%,0.00%,0.00%,0.01%,0.00%,0.01%,64,1,30,1,94,2,0.00%,0.01%,0.00%,0.01%,0.00%,0.01%,1.20%,0.00%,0,0,0.00%,0.00%,£0.00,£0.00,0,0,0,0,0.00%,0.00%,£0.00,£0.00,0,0,0,0
B07MTLTWV6,Victoria Vynn UV Led Nail Gel Polish Color Pastel Hybrid Manicure Soak Off 8ml Flaming Shape 199,6,0,1,0,7,0,0.00%,0.00%,0.00%,0.00%,0.00%,0.00%,8,0,1,0,9,0,0.00%,0.00%,0.00%,0.00%,0.00%,0.00%,37.50%,0.00%,0,0,0.00%,0.00%,£0.00,£0.00,0,0,0,0,0.00%,0.00%,£0.00,£0.00,0,0,0,0
B07N99QT9J,"Max Factor Miracle Veil Radiant Loose Face Powder, 4 g (Pack of 1)","2,038",19,845,6,"2,883",25,0.22%,0.13%,0.12%,0.08%,0.13%,0.16%,"2,639",22,"1,086",10,"3,725",32,0.13%,0.20%,0.11%,0.10%,0.13%,0.15%,0.00%,0.00%,0,0,0.00%,0.00%,£0.00,£0.00,0,0,0,0,0.00%,0.00%,£0.00,£0.00,0,0,0,0
B07NDQB5FF,Max Factor Masterpiece High Precision,"1,105",6,496,6,"1,601",12,0.07%,0.07%,0.07%,0.08%,0.07%,0.08%,"1,463",8,649,9,"2,112",17,0.07%,0.07%,0.07%,0.09%,0.07%,0.08%,0.00%,0.00%,0,0,0.00%,0.00%,£0.00,£0.00,0,0,0,0,0.00%,0.00%,£0.00,£0.00,0,0,0,0
B07NJ1F8H4,VICTORIA VYNN PURE CREAMY HYBRID NO. 108 NATURAL IVORY,5,0,0,0,5,0,0.00%,0.00%,0.00%,0.00%,0.00%,0.00%,5,0,0,0,5,0,0.00%,0.00%,0.00%,0.00%,0.00%,0.00%,0.00%,0.00%,0,0,0.00%,0.00%,£0.00,£0.00,0,0,0,0,0.00%,0.00%,£0.00,£0.00,0,0,0,0
B07NJ1TY94,VICTORIA VYNN PURE CREAMY HYBRID NO. 137 BURGUND MADAME,0,0,1,0,1,0,0.00%,0.00%,0.00%,0.00%,0.00%,0.00%,0,0,3,0,3,0,0.00%,0.00%,0.00%,0.00%,0.00%,0.00%,0.00%,0.00%,0,0,0.00%,0.00%,£0.00,£0.00,0,0,0,0,0.00%,0.00%,£0.00,£0.00,0,0,0,0
B07NJ2JX6Y,VICTORIA VYNN PURE CREAMY HYBRID NO.134 SWEET TALK,4,0,0,0,4,0,0.00%,0.00%,0.00%,0.00%,0.00%,0.00%,4,0,0,0,4,0,0.00%,0.00%,0.00%,0.00%,0.00%,0.00%,0.00%,0.00%,0,0,0.00%,0.00%,£0.00,£0.00,0,0,0,0,0.00%,0.00%,£0.00,£0.00,0,0,0,0
B07NJ2KZWV,VICTORIA VYNN PURE CREAMY HYBRID NO. 028 PASTEL MINT,2,0,0,0,2,0,0.00%,0.00%,0.00%,0.00%,0.00%,0.00%,3,0,0,0,3,0,0.00%,0.00%,0.00%,0.00%,0.00%,0.00%,0.00%,0.00%,0,0,0.00%,0.00%,£0.00,£0.00,0,0,0,0,0.00%,0.00%,£0.00,£0.00,0,0,0,0
B07NJ3VSF1,VICTORIA VYNN PURE CREAMY HYBRID NO. 036 JET BLACK,1,0,1,0,2,0,0.00%,0.00%,0.00%,0.00%,0.00%,0.00%,1,0,2,0,3,0,0.00%,0.00%,0.00%,0.00%,0.00%,0.00%,0.00%,0.00%,0,0,0.00%,0.00%,£0.00,£0.00,0,0,0,0,0.00%,0.00%,£0.00,£0.00,0,0,0,0
B07NJ51CDB,VICTORIA VYNN PURE CREAMY HYBRID NO. 135 MELLOW ROSE,8,0,0,0,8,0,0.00%,0.00%,0.00%,0.00%,0.00%,0.00%,13,0,0,0,13,0,0.00%,0.00%,0.00%,0.00%,0.00%,0.00%,0.00%,0.00%,0,0,0.00%,0.00%,£0.00,£0.00,0,0,0,0,0.00%,0.00%,£0.00,£0.00,0,0,0,0
B07NJ7JRK6,VICTORIA VYNN PURE CREAMY HYBRID NO. 022 EVER POPPY,3,0,3,0,6,0,0.00%,0.00%,0.00%,0.00%,0.00%,0.00%,5,0,7,0,12,0,0.00%,0.00%,0.00%,0.00%,0.00%,0.00%,16.67%,0.00%,0,0,0.00%,0.00%,£0.00,£0.00,0,0,0,0,0.00%,0.00%,£0.00,£0.00,0,0,0,0
B07NJ7T2BZ,VICTORIA VYNN PURE CREAMY HYBRID NO. 020 CORAL PARROT,3,0,0,0,3,0,0.00%,0.00%,0.00%,0.00%,0.00%,0.00%,4,0,0,0,4,0,0.00%,0.00%,0.00%,0.00%,0.00%,0.00%,0.00%,0.00%,0,0,0.00%,0.00%,£0.00,£0.00,0,0,0,0,0.00%,0.00%,£0.00,£0.00,0,0,0,0
B07NJ88XS2,VICTORIA VYNN PURE CREAMY HYBRID NO. 126 BURNT PINK,3,0,0,0,3,0,0.00%,0.00%,0.00%,0.00%,0.00%,0.00%,4,0,0,0,4,0,0.00%,0.00%,0.00%,0.00%,0.00%,0.00%,0.00%,0.00%,0,0,0.00%,0.00%,£0.00,£0.00,0,0,0,0,0.00%,0.00%,£0.00,£0.00,0,0,0,0
B07NJ8Y4RH,"VICTORIA VYNN Pure Cream Hybrid Night Watch 066 8 ml, Blue",1,0,0,0,1,0,0.00%,0.00%,0.00%,0.00%,0.00%,0.00%,2,0,0,0,2,0,0.00%,0.00%,0.00%,0.00%,0.00%,0.00%,0.00%,0.00%,0,0,0.00%,0.00%,£0.00,£0.00,0,0,0,0,0.00%,0.00%,£0.00,£0.00,0,0,0,0
B07NQKJ9KM,Victoria Vynn Master Gel Liquid Salon Modeling Nail Gel 200ml Manicure Nails,50,1,12,0,62,1,0.01%,0.00%,0.00%,0.00%,0.00%,0.01%,65,1,13,0,78,1,0.00%,0.01%,0.00%,0.00%,0.00%,0.00%,0.00%,0.00%,0,0,0.00%,0.00%,£0.00,£0.00,0,0,0,0,0.00%,0.00%,£0.00,£0.00,0,0,0,0
B07NTNHVBL,60 SECONDS SUPER SHINE 705-WOOD YOU?,660,1,332,4,992,5,0.01%,0.04%,0.05%,0.05%,0.04%,0.03%,855,1,451,4,"1,306",5,0.04%,0.01%,0.05%,0.04%,0.04%,0.02%,0.00%,0.00%,0,0,0.00%,0.00%,£0.00,£0.00,0,0,0,0,0.00%,0.00%,£0.00,£0.00,0,0,0,0
B07PMS9FH1,Victoria Vynn UV Led Nail Gel Polish Pure Creamy Hybrid 149 SPRING Collection 8ml,1,0,0,0,1,0,0.00%,0.00%,0.00%,0.00%,0.00%,0.00%,1,0,0,0,1,0,0.00%,0.00%,0.00%,0.00%,0.00%,0.00%,0.00%,0.00%,0,0,0.00%,0.00%,£0.00,£0.00,0,0,0,0,0.00%,0.00%,£0.00,£0.00,0,0,0,0
B07QNCDZ5X,"Eveline Cosmetics Galaxity Glitter Mask Magic Crystal Smoothing Face Mask with Glitter Particles - Deep Cleansing & Hydrating Gel Mask for Oily & Combination Skin, 10ml",0,0,3,0,3,0,0.00%,0.00%,0.00%,0.00%,0.00%,0.00%,0,0,4,0,4,0,0.00%,0.00%,0.00%,0.00%,0.00%,0.00%,25.00%,0.00%,0,0,0.00%,0.00%,£0.00,£0.00,0,0,0,0,0.00%,0.00%,£0.00,£0.00,0,0,0,0
B07QR4KN5C,Rimmel London 60 Seconds Super Shine 8ml 707 TAN A COTTA,647,4,312,0,959,4,0.05%,0.04%,0.04%,0.00%,0.04%,0.03%,858,4,421,0,"1,279",4,0.04%,0.04%,0.04%,0.00%,0.04%,0.02%,0.00%,0.00%,0,0,0.00%,0.00%,£0.00,£0.00,0,0,0,0,0.00%,0.00%,£0.00,£0.00,0,0,0,0
B07QRM9RX9,RimmelUK Blush Jellies,9,0,16,0,25,0,0.00%,0.00%,0.00%,0.00%,0.00%,0.00%,11,0,17,0,28,0,0.00%,0.00%,0.00%,0.00%,0.00%,0.00%,3.57%,0.00%,0,0,0.00%,0.00%,£0.00,£0.00,0,0,0,0,0.00%,0.00%,£0.00,£0.00,0,0,0,0
B07QVDSKH3,JOANNA KERATIN - Mask -150 grams,9,0,7,0,16,0,0.00%,0.00%,0.00%,0.00%,0.00%,0.00%,11,0,12,0,23,0,0.00%,0.00%,0.00%,0.00%,0.00%,0.00%,13.64%,0.00%,0,0,0.00%,0.00%,£0.00,£0.00,0,0,0,0,0.00%,0.00%,£0.00,£0.00,0,0,0,0
B07QWB7W2D,JOANNA CANNABIS SEED - Moisturizing-Strengthening Shampoo For Delicate And Sensitive Hair - 200 ml,5,0,2,0,7,0,0.00%,0.00%,0.00%,0.00%,0.00%,0.00%,5,0,3,0,8,0,0.00%,0.00%,0.00%,0.00%,0.00%,0.00%,0.00%,0.00%,0,0,0.00%,0.00%,£0.00,£0.00,0,0,0,0,0.00%,0.00%,£0.00,£0.00,0,0,0,0
B07RJJ9VDL,Joanna HEMP SEED Moisturising & Strengthening RUB-ON Hair Conditioner 100ml,8,0,7,0,15,0,0.00%,0.00%,0.00%,0.00%,0.00%,0.00%,11,0,9,0,20,0,0.00%,0.00%,0.00%,0.00%,0.00%,0.00%,16.67%,0.00%,0,0,0.00%,0.00%,£0.00,£0.00,0,0,0,0,0.00%,0.00%,£0.00,£0.00,0,0,0,0
B07RK3VY2V,Maybelline New York Super Stay Ink Crayon Matte and Long Lasting Lipstick #55 Make It Happen 1.5g,"4,990",45,"1,771",24,"6,761",69,0.53%,0.32%,0.24%,0.33%,0.30%,0.43%,"6,819",61,"2,458",31,"9,277",92,0.34%,0.55%,0.26%,0.31%,0.31%,0.43%,0.04%,0.00%,0,0,0.00%,0.00%,£0.00,£0.00,0,0,0,0,0.00%,0.00%,£0.00,£0.00,0,0,0,0
B07RZ1FSWN,Yankee Candle Floral Ceramic - Wax Melt Warmer,10,0,3,0,13,0,0.00%,0.00%,0.00%,0.00%,0.00%,0.00%,15,0,3,0,18,0,0.00%,0.00%,0.00%,0.00%,0.00%,0.00%,33.33%,0.00%,0,0,0.00%,0.00%,£0.00,£0.00,0,0,0,0,0.00%,0.00%,£0.00,£0.00,0,0,0,0
B07S6KXBX7,Rimmel 60 Seconds Super Shine 714-A Spritzzz 8 ml COSRIM952,51,0,26,1,77,1,0.00%,0.00%,0.00%,0.01%,0.00%,0.01%,60,0,34,1,94,1,0.00%,0.00%,0.00%,0.01%,0.00%,0.00%,0.00%,0.00%,0,0,0.00%,0.00%,£0.00,£0.00,0,0,0,0,0.00%,0.00%,£0.00,£0.00,0,0,0,0
B07TCCJ2Q5,Technic Glitter Face Primer For Eyes Face & Body,7,0,3,0,10,0,0.00%,0.00%,0.00%,0.00%,0.00%,0.00%,7,0,3,0,10,0,0.00%,0.00%,0.00%,0.00%,0.00%,0.00%,0.00%,0.00%,0,0,0.00%,0.00%,£0.00,£0.00,0,0,0,0,0.00%,0.00%,£0.00,£0.00,0,0,0,0
B07TJTJGS9,Victoria Vynn Kiss Collection LED Gel Nail Polish Hybrid Manicure Soak Off 8ml SHADE: 158,0,0,1,0,1,0,0.00%,0.00%,0.00%,0.00%,0.00%,0.00%,0,0,1,0,1,0,0.00%,0.00%,0.00%,0.00%,0.00%,0.00%,0.00%,0.00%,0,0,0.00%,0.00%,£0.00,£0.00,0,0,0,0,0.00%,0.00%,£0.00,£0.00,0,0,0,0
B07TQCW53L,"Max Factor 3 In 1 Miracle Beauty Prep Primer, 30 ml, Pack Of 1",773,4,414,4,"1,187",8,0.05%,0.05%,0.06%,0.05%,0.05%,0.05%,968,4,527,4,"1,495",8,0.05%,0.04%,0.06%,0.04%,0.05%,0.04%,0.44%,0.00%,0,0,0.00%,0.00%,£0.00,£0.00,0,0,0,0,0.00%,0.00%,£0.00,£0.00,0,0,0,0
B07TR58PLN,Victoria Vynn Kiss Collection LED Gel Nail Polish Hybrid Manicure Soak Off 8ml SHADE: 157,2,0,0,0,2,0,0.00%,0.00%,0.00%,0.00%,0.00%,0.00%,2,0,0,0,2,0,0.00%,0.00%,0.00%,0.00%,0.00%,0.00%,0.00%,0.00%,0,0,0.00%,0.00%,£0.00,£0.00,0,0,0,0,0.00%,0.00%,£0.00,£0.00,0,0,0,0
B07TSJYSNM,Victoria Vynn Build Gel UV/LED Cov Powdery Pink 11 15ml,58,1,10,0,68,1,0.01%,0.00%,0.00%,0.00%,0.00%,0.01%,96,1,16,0,112,1,0.00%,0.01%,0.00%,0.00%,0.00%,0.00%,0.00%,0.00%,0,0,0.00%,0.00%,£0.00,£0.00,0,0,0,0,0.00%,0.00%,£0.00,£0.00,0,0,0,0
B07V3DY47P,Victoria Vynn Carat Collection UV LED Gel Polish Nail Hybrid Manicure Soak Off 224 GOLD,3,0,3,0,6,0,0.00%,0.00%,0.00%,0.00%,0.00%,0.00%,4,0,3,0,7,0,0.00%,0.00%,0.00%,0.00%,0.00%,0.00%,0.00%,0.00%,0,0,0.00%,0.00%,£0.00,£0.00,0,0,0,0,0.00%,0.00%,£0.00,£0.00,0,0,0,0
B07V67555Z,Max Factor Colour Elixir Velvet Matte Lipstick,"1,928",7,908,4,"2,836",11,0.08%,0.12%,0.12%,0.05%,0.12%,0.07%,"2,447",8,"1,194",4,"3,641",12,0.12%,0.07%,0.13%,0.04%,0.12%,0.06%,0.00%,0.00%,0,0,0.00%,0.00%,£0.00,£0.00,0,0,0,0,0.00%,0.00%,£0.00,£0.00,0,0,0,0
B07V6CRPPM,Victoria Vynn Kiss Collection LED Gel Nail Polish Hybrid Manicure Soak Off 8ml 154,3,0,1,0,4,0,0.00%,0.00%,0.00%,0.00%,0.00%,0.00%,3,0,1,0,4,0,0.00%,0.00%,0.00%,0.00%,0.00%,0.00%,0.00%,0.00%,0,0,0.00%,0.00%,£0.00,£0.00,0,0,0,0,0.00%,0.00%,£0.00,£0.00,0,0,0,0
B07V6GGVRK,"Max Factor Facefinity All Day, Concealer",766,6,321,5,"1,087",11,0.07%,0.05%,0.04%,0.07%,0.05%,0.07%,"1,057",9,443,5,"1,500",14,0.05%,0.08%,0.05%,0.05%,0.05%,0.07%,0.55%,0.00%,0,0,0.00%,0.00%,£0.00,£0.00,0,0,0,0,0.00%,0.00%,£0.00,£0.00,0,0,0,0
B07V6HWCVX,Victoria Vynn Nail Remover UV LED Gel Polish Soak Off 60ml,4,0,0,0,4,0,0.00%,0.00%,0.00%,0.00%,0.00%,0.00%,4,0,0,0,4,0,0.00%,0.00%,0.00%,0.00%,0.00%,0.00%,0.00%,0.00%,0,0,0.00%,0.00%,£0.00,£0.00,0,0,0,0,0.00%,0.00%,£0.00,£0.00,0,0,0,0
B07V6TTJ2V,"Rimmel Super Gel, 56 Sexy Santa, Long-Lasting Nail Polish, Glazed Finish, Easy Application, Gel-like Manicure, Chip Resistant, Clean Formula, 12ml",412,2,177,2,589,4,0.02%,0.03%,0.02%,0.03%,0.03%,0.03%,522,6,216,2,738,8,0.03%,0.05%,0.02%,0.02%,0.02%,0.04%,0.00%,0.00%,0,0,0.00%,0.00%,£0.00,£0.00,0,0,0,0,0.00%,0.00%,£0.00,£0.00,0,0,0,0
B07V98DW2M,Rimmel Mascara,323,1,169,4,492,5,0.01%,0.02%,0.02%,0.05%,0.02%,0.03%,396,1,205,6,601,7,0.02%,0.01%,0.02%,0.06%,0.02%,0.03%,0.00%,0.00%,0,0,0.00%,0.00%,£0.00,£0.00,0,0,0,0,0.00%,0.00%,£0.00,£0.00,0,0,0,0
B07VH7MTD3,"Max Factor Lipfinity Velvet Matte Lipstick, Red Allure - 3.5 ml",46,0,33,4,79,4,0.00%,0.00%,0.00%,0.05%,0.00%,0.03%,64,0,40,6,104,6,0.00%,0.00%,0.00%,0.06%,0.00%,0.03%,0.00%,0.00%,0,0,0.00%,0.00%,£0.00,£0.00,0,0,0,0,0.00%,0.00%,£0.00,£0.00,0,0,0,0
B07VVX9KVY,"L'Oreal Revitalift Day Cream AntiWrinkle ExtraFirming, 50 millilitre",6,0,8,0,14,0,0.00%,0.00%,0.00%,0.00%,0.00%,0.00%,11,0,12,0,23,0,0.00%,0.00%,0.00%,0.00%,0.00%,0.00%,0.00%,0.00%,0,0,0.00%,0.00%,£0.00,£0.00,0,0,0,0,0.00%,0.00%,£0.00,£0.00,0,0,0,0
B07W12KQWF,"Eveline Cosmetics Food For Hair Aroma Coffee Shampoo for Weak and Brittle Hair - Revitalizing & Strengthening Formula with Natural Coffee Extract, Chili Pepper & Guarana - 20 ML",1,0,1,0,2,0,0.00%,0.00%,0.00%,0.00%,0.00%,0.00%,1,0,1,0,2,0,0.00%,0.00%,0.00%,0.00%,0.00%,0.00%,0.00%,0.00%,0,0,0.00%,0.00%,£0.00,£0.00,0,0,0,0,0.00%,0.00%,£0.00,£0.00,0,0,0,0
B07W8X63ZY,"BOURJOIS 29185139001 Beauty Care Brow Fiber 001 for Adults, Designed for Daily Beauty and Care",6,0,7,0,13,0,0.00%,0.00%,0.00%,0.00%,0.00%,0.00%,8,0,8,0,16,0,0.00%,0.00%,0.00%,0.00%,0.00%,0.00%,0.00%,0.00%,0,0,0.00%,0.00%,£0.00,£0.00,0,0,0,0,0.00%,0.00%,£0.00,£0.00,0,0,0,0
B07WD56QR4,Bourjois Big Lashes Oh Oui! Mascara - 001 Black,24,0,43,2,67,2,0.00%,0.00%,0.01%,0.03%,0.00%,0.01%,29,0,53,2,82,2,0.00%,0.00%,0.01%,0.02%,0.00%,0.01%,0.00%,0.00%,0,0,0.00%,0.00%,£0.00,£0.00,0,0,0,0,0.00%,0.00%,£0.00,£0.00,0,0,0,0
B07WLLLPPW,"BOURJOIS 29185139003 Beauty Care Brow Fiber 003 for Adults, Built for Daily Beauty and Care",41,0,20,0,61,0,0.00%,0.00%,0.00%,0.00%,0.00%,0.00%,63,0,32,0,95,0,0.00%,0.00%,0.00%,0.00%,0.00%,0.00%,0.00%,0.00%,0,0,0.00%,0.00%,£0.00,£0.00,0,0,0,0,0.00%,0.00%,£0.00,£0.00,0,0,0,0
B07WNK9DXS,Katy Perry Royal Revolution Eau De Parfum for Women,324,1,146,0,470,1,0.01%,0.02%,0.02%,0.00%,0.02%,0.01%,430,1,191,0,621,1,0.02%,0.01%,0.02%,0.00%,0.02%,0.00%,0.00%,0.00%,0,0,0.00%,0.00%,£0.00,£0.00,0,0,0,0,0.00%,0.00%,£0.00,£0.00,0,0,0,0
B07X69JJGS,"BOURJOIS 29135497420 Always Fabulous Foundation 420 for Adults, Built for Polished Makeup and Nail Looks",3,0,4,0,7,0,0.00%,0.00%,0.00%,0.00%,0.00%,0.00%,4,0,6,0,10,0,0.00%,0.00%,0.00%,0.00%,0.00%,0.00%,0.00%,0.00%,0,0,0.00%,0.00%,£0.00,£0.00,0,0,0,0,0.00%,0.00%,£0.00,£0.00,0,0,0,0
B07XWGBVSR,Colour Elixir 020,9,0,6,0,15,0,0.00%,0.00%,0.00%,0.00%,0.00%,0.00%,13,0,6,0,19,0,0.00%,0.00%,0.00%,0.00%,0.00%,0.00%,0.00%,0.00%,0,0,0.00%,0.00%,£0.00,£0.00,0,0,0,0,0.00%,0.00%,£0.00,£0.00,0,0,0,0
B07XXW2RM3,Luxe Shine Intense Lipstick by Bobbi Brown Red Stiletto 3.4g,5,0,4,0,9,0,0.00%,0.00%,0.00%,0.00%,0.00%,0.00%,5,0,7,0,12,0,0.00%,0.00%,0.00%,0.00%,0.00%,0.00%,0.00%,0.00%,0,0,0.00%,0.00%,£0.00,£0.00,0,0,0,0,0.00%,0.00%,£0.00,£0.00,0,0,0,0
B07XXW68PN,Luxe Shine Intense Lipstick - Supernova by Bobbi Brown for Women - 0.2 oz Lipstick,4,0,6,0,10,0,0.00%,0.00%,0.00%,0.00%,0.00%,0.00%,4,0,9,0,13,0,0.00%,0.00%,0.00%,0.00%,0.00%,0.00%,0.00%,0.00%,0,0,0.00%,0.00%,£0.00,£0.00,0,0,0,0,0.00%,0.00%,£0.00,£0.00,0,0,0,0
B07XXXJJPZ,Luxe Shine Intense Lipstick - # Showstopper - 3.4g/0.11oz,15,0,9,0,24,0,0.00%,0.00%,0.00%,0.00%,0.00%,0.00%,17,0,16,0,33,0,0.00%,0.00%,0.00%,0.00%,0.00%,0.00%,0.00%,0.00%,0,0,0.00%,0.00%,£0.00,£0.00,0,0,0,0,0.00%,0.00%,£0.00,£0.00,0,0,0,0
B07XYDKSD1,Maybelline Colour Tattoo Oogschaduw V.I.P.,40,0,13,0,53,0,0.00%,0.00%,0.00%,0.00%,0.00%,0.00%,47,0,17,0,64,0,0.00%,0.00%,0.00%,0.00%,0.00%,0.00%,0.00%,0.00%,0,0,0.00%,0.00%,£0.00,£0.00,0,0,0,0,0.00%,0.00%,£0.00,£0.00,0,0,0,0
B07YFFTFNH,GWCosm. Refectocil Lash & Brow Booster 2 in 1 4+1,1,0,2,0,3,0,0.00%,0.00%,0.00%,0.00%,0.00%,0.00%,1,0,2,0,3,0,0.00%,0.00%,0.00%,0.00%,0.00%,0.00%,0.00%,0.00%,0,0,0.00%,0.00%,£0.00,£0.00,0,0,0,0,0.00%,0.00%,£0.00,£0.00,0,0,0,0
B07ZFV361F,Victoria Vynn Nail Salon Builder Gel UV LED Cover Candy Rose 14 15ml,14,0,2,0,16,0,0.00%,0.00%,0.00%,0.00%,0.00%,0.00%,17,0,4,0,21,0,0.00%,0.00%,0.00%,0.00%,0.00%,0.00%,10.53%,0.00%,0,0,0.00%,0.00%,£0.00,£0.00,0,0,0,0,0.00%,0.00%,£0.00,£0.00,0,0,0,0
B07ZFV47ZS,Victoria Vynn Gel Polish Carat Emerald Diamond 227 8ml,1,0,0,0,1,0,0.00%,0.00%,0.00%,0.00%,0.00%,0.00%,1,0,0,0,1,0,0.00%,0.00%,0.00%,0.00%,0.00%,0.00%,0.00%,0.00%,0,0,0.00%,0.00%,£0.00,£0.00,0,0,0,0,0.00%,0.00%,£0.00,£0.00,0,0,0,0
B07ZFVXQXR,Victoria Vynn Nail Salon Builder Gel UV LED Cover Dusty Pink 13 15ml,54,0,11,1,65,1,0.00%,0.00%,0.00%,0.01%,0.00%,0.01%,68,0,13,2,81,2,0.00%,0.00%,0.00%,0.02%,0.00%,0.01%,0.00%,0.00%,0,0,0.00%,0.00%,£0.00,£0.00,0,0,0,0,0.00%,0.00%,£0.00,£0.00,0,0,0,0
B07ZS8G71K,Revlon,91,3,57,7,148,10,0.04%,0.01%,0.01%,0.10%,0.01%,0.06%,125,3,77,8,202,11,0.01%,0.03%,0.01%,0.08%,0.01%,0.05%,0.00%,0.00%,0,0,0.00%,0.00%,£0.00,£0.00,0,0,0,0,0.00%,0.00%,£0.00,£0.00,0,0,0,0
B081FBV67T,SALLY HANSEN - Color Therapy Nail Polish Unveiled 538-0.5 fl oz (14.7 ml),4,0,4,1,8,1,0.00%,0.00%,0.00%,0.01%,0.00%,0.01%,4,0,4,1,8,1,0.00%,0.00%,0.00%,0.01%,0.00%,0.00%,0.00%,0.00%,0,0,0.00%,0.00%,£0.00,£0.00,0,0,0,0,0.00%,0.00%,£0.00,£0.00,0,0,0,0
B081FC1LJ5,"Sally Hansen Colour Therapy Nail Polish, Give Me A Tint, 14.7ml",16,1,10,0,26,1,0.01%,0.00%,0.00%,0.00%,0.00%,0.01%,19,1,10,0,29,1,0.00%,0.01%,0.00%,0.00%,0.00%,0.00%,3.85%,100.00%,0,0,0.00%,0.00%,£0.00,£0.00,0,0,0,0,0.00%,0.00%,£0.00,£0.00,0,0,0,0
B081M2JJTG,Technic Kohl Eyeliner Pencil - Ultra Black,31,0,26,0,57,0,0.00%,0.00%,0.00%,0.00%,0.00%,0.00%,37,0,30,0,67,0,0.00%,0.00%,0.00%,0.00%,0.00%,0.00%,0.00%,0.00%,0,0,0.00%,0.00%,£0.00,£0.00,0,0,0,0,0.00%,0.00%,£0.00,£0.00,0,0,0,0
B081TPYW1X,Rimmel Wonder'Luxe Mascara,28,0,13,0,41,0,0.00%,0.00%,0.00%,0.00%,0.00%,0.00%,29,0,17,0,46,0,0.00%,0.00%,0.00%,0.00%,0.00%,0.00%,0.00%,0.00%,0,0,0.00%,0.00%,£0.00,£0.00,0,0,0,0,0.00%,0.00%,£0.00,£0.00,0,0,0,0
B081ZC98FK,"Fudge Professional ElevatePowder, Volume Boosting Styling Powder, Matte Finish, Texturizing Hair Styling, Unisex, 10 g",312,2,133,3,445,5,0.02%,0.02%,0.02%,0.04%,0.02%,0.03%,390,2,163,3,553,5,0.02%,0.02%,0.02%,0.03%,0.02%,0.02%,0.00%,0.00%,0,0,0.00%,0.00%,£0.00,£0.00,0,0,0,0,0.00%,0.00%,£0.00,£0.00,0,0,0,0
B08376DHLC,Technic False Nails - Short Square,3,0,1,0,4,0,0.00%,0.00%,0.00%,0.00%,0.00%,0.00%,3,0,1,0,4,0,0.00%,0.00%,0.00%,0.00%,0.00%,0.00%,75.00%,0.00%,0,0,0.00%,0.00%,£0.00,£0.00,0,0,0,0,0.00%,0.00%,£0.00,£0.00,0,0,0,0
B08379CN2M,Marion Farba do wĹosĂlw Natura Styl nr 620 ciemny brÄz,1,0,0,0,1,0,0.00%,0.00%,0.00%,0.00%,0.00%,0.00%,1,0,0,0,1,0,0.00%,0.00%,0.00%,0.00%,0.00%,0.00%,100.00%,0.00%,0,0,0.00%,0.00%,£0.00,£0.00,0,0,0,0,0.00%,0.00%,£0.00,£0.00,0,0,0,0
B0837BF2SQ,Technic Argan Oil Lip Conditioner With Vitamin E 15ml,8,0,8,0,16,0,0.00%,0.00%,0.00%,0.00%,0.00%,0.00%,12,0,12,0,24,0,0.00%,0.00%,0.00%,0.00%,0.00%,0.00%,10.00%,0.00%,0,0,0.00%,0.00%,£0.00,£0.00,0,0,0,0,0.00%,0.00%,£0.00,£0.00,0,0,0,0
B0837BM9XY,TECHNIC EYELINER DUO DARK GREY,1,0,2,0,3,0,0.00%,0.00%,0.00%,0.00%,0.00%,0.00%,1,0,2,0,3,0,0.00%,0.00%,0.00%,0.00%,0.00%,0.00%,33.33%,0.00%,0,0,0.00%,0.00%,£0.00,£0.00,0,0,0,0,0.00%,0.00%,£0.00,£0.00,0,0,0,0
B0837BWTVM,Technic - Magic Mist Illuminating Spray Rose Gold,14,1,6,0,20,1,0.01%,0.00%,0.00%,0.00%,0.00%,0.01%,22,2,6,0,28,2,0.00%,0.02%,0.00%,0.00%,0.00%,0.01%,25.93%,100.00%,0,0,0.00%,0.00%,£0.00,£0.00,0,0,0,0,0.00%,0.00%,£0.00,£0.00,0,0,0,0
B0837C39QB,TECHNIC EYELINER DUO BLACK7NROWN,2,0,6,0,8,0,0.00%,0.00%,0.00%,0.00%,0.00%,0.00%,3,0,11,0,14,0,0.00%,0.00%,0.00%,0.00%,0.00%,0.00%,0.00%,0.00%,0,0,0.00%,0.00%,£0.00,£0.00,0,0,0,0,0.00%,0.00%,£0.00,£0.00,0,0,0,0
B0837C8DXT,Technic Eyeshadow Palette 15 Pressed Pigment Goddess Shimmer & Glitter Colours,7,0,7,1,14,1,0.00%,0.00%,0.00%,0.01%,0.00%,0.01%,9,0,11,1,20,1,0.00%,0.00%,0.00%,0.01%,0.00%,0.00%,33.33%,100.00%,0,0,0.00%,0.00%,£0.00,£0.00,0,0,0,0,0.00%,0.00%,£0.00,£0.00,0,0,0,0
B083G1FZZV,Victoria Vynn Master Gel UV LED Modeling Gel Acrylic Builder 60g 05 COVER BLUSH,8,0,5,1,13,1,0.00%,0.00%,0.00%,0.01%,0.00%,0.01%,10,0,7,2,17,2,0.00%,0.00%,0.00%,0.02%,0.00%,0.01%,5.88%,0.00%,0,0,0.00%,0.00%,£0.00,£0.00,0,0,0,0,0.00%,0.00%,£0.00,£0.00,0,0,0,0
B083J8RHGK,"Maybelline City Bronze Bronzer, 300 Deep Cool","1,990",7,919,2,"2,909",9,0.08%,0.13%,0.13%,0.03%,0.13%,0.06%,"3,006",11,"1,338",2,"4,344",13,0.15%,0.10%,0.14%,0.02%,0.15%,0.06%,0.00%,0.00%,0,0,0.00%,0.00%,£0.00,£0.00,0,0,1,0,0.00%,0.00%,£0.00,£0.00,0,0,0,0
B083J9D548,"Maybelline Fit Me Liquid Foundation, 30 ml - Sandy Beige (Number 210)",787,4,358,4,"1,145",8,0.05%,0.05%,0.05%,0.05%,0.05%,0.05%,"1,021",6,449,4,"1,470",10,0.05%,0.05%,0.05%,0.04%,0.05%,0.05%,0.14%,0.00%,0,0,0.00%,0.00%,£0.00,£0.00,0,0,0,0,0.00%,0.00%,£0.00,£0.00,0,0,0,0
B083JDGSSJ,Maybelline Master Sleek Brow Mascara Dark Blond 7.6ml,95,0,59,2,154,2,0.00%,0.01%,0.01%,0.03%,0.01%,0.01%,114,0,75,4,189,4,0.01%,0.00%,0.01%,0.04%,0.01%,0.02%,0.00%,0.00%,0,0,0.00%,0.00%,£0.00,£0.00,0,0,0,0,0.00%,0.00%,£0.00,£0.00,0,0,0,0
B083JDM9V6,"Maybelline Colossal Big Shot Mascara, Black, 9.5 ml",262,0,133,1,395,1,0.00%,0.02%,0.02%,0.01%,0.02%,0.01%,333,0,185,1,518,1,0.02%,0.00%,0.02%,0.01%,0.02%,0.00%,0.00%,0.00%,0,0,0.00%,0.00%,£0.00,£0.00,0,0,0,0,0.00%,0.00%,£0.00,£0.00,0,0,0,0
B083JDRC73,Maybelline New York FIT ME Matte Poreless Powder,"12,816",73,"4,309",44,"17,125",117,0.85%,0.82%,0.59%,0.60%,0.75%,0.74%,"16,060",85,"5,577",63,"21,637",148,0.79%,0.76%,0.59%,0.62%,0.73%,0.69%,0.02%,0.00%,0,0,0.00%,0.00%,£0.00,£0.00,0,0,0,0,0.00%,0.00%,£0.00,£0.00,0,0,0,0
B083T4Z2WQ,Wax Lyrical Reed Diffuser 40ml Mediterranean Orange,16,0,14,1,30,1,0.00%,0.00%,0.00%,0.01%,0.00%,0.01%,22,0,17,1,39,1,0.00%,0.00%,0.00%,0.01%,0.00%,0.00%,0.00%,0.00%,0,0,0.00%,0.00%,£0.00,£0.00,0,0,0,0,0.00%,0.00%,£0.00,£0.00,0,0,0,0
B083YTJ6NF,2 Anti Yellow CleanFudge Clean Blonde Violet Toning Shampoo 250 ml,190,0,67,0,257,0,0.00%,0.01%,0.01%,0.00%,0.01%,0.00%,262,0,81,0,343,0,0.01%,0.00%,0.01%,0.00%,0.01%,0.00%,0.00%,0.00%,0,0,0.00%,0.00%,£0.00,£0.00,0,0,0,0,0.00%,0.00%,£0.00,£0.00,0,0,0,0
B0842QL55Y,Eveline Cosmetics Glow and Go Silky Smooth Baked Bronzer - Glow and Go! No 02 Jamaica Bay for Natural Radiant Look,5,0,1,1,6,1,0.00%,0.00%,0.00%,0.01%,0.00%,0.01%,6,0,1,1,7,1,0.00%,0.00%,0.00%,0.01%,0.00%,0.00%,0.00%,0.00%,0,0,0.00%,0.00%,£0.00,£0.00,0,0,0,0,0.00%,0.00%,£0.00,£0.00,0,0,0,0
B0842YD44B,Crushed Oil-Infused Gloss - Free Spirit by Bobbi Brown for Women - 0.2 oz Lip Gloss,2,0,4,0,6,0,0.00%,0.00%,0.00%,0.00%,0.00%,0.00%,3,0,4,0,7,0,0.00%,0.00%,0.00%,0.00%,0.00%,0.00%,0.00%,0.00%,0,0,0.00%,0.00%,£0.00,£0.00,0,0,0,0,0.00%,0.00%,£0.00,£0.00,0,0,0,0
B08436P6W6,"Revlon ColorStay Browlights Pencil, 0.1 kg, Soft Brown",3,0,6,0,9,0,0.00%,0.00%,0.00%,0.00%,0.00%,0.00%,3,0,6,0,9,0,0.00%,0.00%,0.00%,0.00%,0.00%,0.00%,0.00%,0.00%,0,0,0.00%,0.00%,£0.00,£0.00,0,0,0,0,0.00%,0.00%,£0.00,£0.00,0,0,0,0
B0843BZX9B,"MAX Factor 99350039124 Beauty Care Real Brow Fill & Shape 01 for Adults, Built for Daily Beauty and Care",19,0,19,1,38,1,0.00%,0.00%,0.00%,0.01%,0.00%,0.01%,23,0,19,1,42,1,0.00%,0.00%,0.00%,0.01%,0.00%,0.00%,0.00%,0.00%,0,0,0.00%,0.00%,£0.00,£0.00,0,0,0,0,0.00%,0.00%,£0.00,£0.00,0,0,0,0
B08445J38V,Wax Lyrical Reed Diffuser Sea Breeze,547,0,326,12,873,12,0.00%,0.04%,0.04%,0.16%,0.04%,0.08%,670,0,448,21,"1,118",21,0.03%,0.00%,0.05%,0.21%,0.04%,0.10%,0.19%,0.00%,0,0,0.00%,0.00%,£0.00,£0.00,0,0,0,0,0.00%,0.00%,£0.00,£0.00,0,0,0,0
B08445KD46,WAX LYRICAL Reed Diffuser English Lavender,327,1,226,3,553,4,0.01%,0.02%,0.03%,0.04%,0.02%,0.03%,417,1,284,5,701,6,0.02%,0.01%,0.03%,0.05%,0.02%,0.03%,0.00%,0.00%,0,0,0.00%,0.00%,£0.00,£0.00,0,0,0,0,0.00%,0.00%,£0.00,£0.00,0,0,0,0
B084YZX5QL,VICTORIA VYNN PURE CREAMY HYBRID NO. 169 EXCITED ICON,2,0,1,0,3,0,0.00%,0.00%,0.00%,0.00%,0.00%,0.00%,2,0,1,0,3,0,0.00%,0.00%,0.00%,0.00%,0.00%,0.00%,0.00%,0.00%,0,0,0.00%,0.00%,£0.00,£0.00,0,0,0,0,0.00%,0.00%,£0.00,£0.00,0,0,0,0
B085F3ZY9M,Silcare Base One UV Gel Nails Builder - Pink 15g,1,0,1,0,2,0,0.00%,0.00%,0.00%,0.00%,0.00%,0.00%,4,0,1,0,5,0,0.00%,0.00%,0.00%,0.00%,0.00%,0.00%,0.00%,0.00%,0,0,0.00%,0.00%,£0.00,£0.00,0,0,0,0,0.00%,0.00%,£0.00,£0.00,0,0,0,0
B085YJC5Q8,"Bourjois Paris Mascara Twist Up Extreme Fiber Mascara - 8 ml|24 Black,73993,8ml",21,0,22,2,43,2,0.00%,0.00%,0.00%,0.03%,0.00%,0.01%,25,0,25,2,50,2,0.00%,0.00%,0.00%,0.02%,0.00%,0.01%,0.00%,0.00%,0,0,0.00%,0.00%,£0.00,£0.00,0,0,0,0,0.00%,0.00%,£0.00,£0.00,0,0,0,0
B0863WBG9T,Technic Vitamin C Brightening Boast Tinted Eye Cream Moisturising & Concealer,3,0,4,1,7,1,0.00%,0.00%,0.00%,0.01%,0.00%,0.01%,6,0,6,1,12,1,0.00%,0.00%,0.00%,0.01%,0.00%,0.00%,0.00%,0.00%,0,0,0.00%,0.00%,£0.00,£0.00,0,0,0,0,0.00%,0.00%,£0.00,£0.00,0,0,0,0
B0863XJJWN,TECHNIC Vitamin C Corrector and Immunator 4 ml,2,0,2,0,4,0,0.00%,0.00%,0.00%,0.00%,0.00%,0.00%,2,0,2,0,4,0,0.00%,0.00%,0.00%,0.00%,0.00%,0.00%,25.00%,0.00%,0,0,0.00%,0.00%,£0.00,£0.00,0,0,0,0,0.00%,0.00%,£0.00,£0.00,0,0,0,0
B086BLSXV2,VICTORIA VYNN NAIL FORMS BLACK 50pcs,6,0,2,0,8,0,0.00%,0.00%,0.00%,0.00%,0.00%,0.00%,8,0,2,0,10,0,0.00%,0.00%,0.00%,0.00%,0.00%,0.00%,62.50%,0.00%,0,0,0.00%,0.00%,£0.00,£0.00,0,0,0,0,0.00%,0.00%,£0.00,£0.00,0,0,0,0
B086CNHVDF,"L'Oréal Paris Magic Retouch Hair Colour Root Concealer Spray (75ml), Instant 100% Grey Coverage & Flawless Blend, Quick & Easy","2,594",25,"1,135",8,"3,729",33,0.29%,0.17%,0.16%,0.11%,0.16%,0.21%,"3,283",27,"1,437",14,"4,720",41,0.16%,0.24%,0.15%,0.14%,0.16%,0.19%,0.00%,0.00%,0,0,0.00%,0.00%,£0.00,£0.00,0,0,0,0,0.00%,0.00%,£0.00,£0.00,0,0,0,0
B086DSDPV4,W7 | Eyebrow | BROW POMADE BOX MEDIUM BROWN,52,0,12,0,64,0,0.00%,0.00%,0.00%,0.00%,0.00%,0.00%,63,0,19,0,82,0,0.00%,0.00%,0.00%,0.00%,0.00%,0.00%,1.33%,0.00%,0,0,0.00%,0.00%,£0.00,£0.00,0,0,0,0,0.00%,0.00%,£0.00,£0.00,0,0,0,0
B086QFZ96V,Fudge Professional Luminizer Strengthening and Smoothing Conditioner,272,3,109,0,381,3,0.04%,0.02%,0.01%,0.00%,0.02%,0.02%,375,3,131,0,506,3,0.02%,0.03%,0.01%,0.00%,0.02%,0.01%,0.00%,0.00%,0,0,0.00%,0.00%,£0.00,£0.00,0,0,0,0,0.00%,0.00%,£0.00,£0.00,0,0,0,0
B086RHHFN4,"Victoria Vynn NEW SPRING/SUMMER 2020 Colors of UV LED Gel Polish 265 WISDOM a covering, delicate powder pink",20,0,7,0,27,0,0.00%,0.00%,0.00%,0.00%,0.00%,0.00%,25,0,11,0,36,0,0.00%,0.00%,0.00%,0.00%,0.00%,0.00%,0.00%,0.00%,0,0,0.00%,0.00%,£0.00,£0.00,0,0,0,0,0.00%,0.00%,£0.00,£0.00,0,0,0,0
B088ZWL13X,Technic Dewy Setting Spray Makeup Fixer Dewy Foundation Fixing Spray Radiant Glow,134,1,53,0,187,1,0.01%,0.01%,0.01%,0.00%,0.01%,0.01%,154,1,66,0,220,1,0.01%,0.01%,0.01%,0.00%,0.01%,0.00%,0.00%,0.00%,0,0,0.00%,0.00%,£0.00,£0.00,0,0,0,0,0.00%,0.00%,£0.00,£0.00,0,0,0,0
B08951ZCVB,Silcare Base One Pink 30g UV/LED Builder Gel Nails Building Extension,1,0,0,0,1,0,0.00%,0.00%,0.00%,0.00%,0.00%,0.00%,2,0,0,0,2,0,0.00%,0.00%,0.00%,0.00%,0.00%,0.00%,0.00%,0.00%,0,0,0.00%,0.00%,£0.00,£0.00,0,0,0,0,0.00%,0.00%,£0.00,£0.00,0,0,0,0
B089HHRHDX,Revlon ColorStay Gel Envy Lingerie,143,1,92,0,235,1,0.01%,0.01%,0.01%,0.00%,0.01%,0.01%,184,2,122,0,306,2,0.01%,0.02%,0.01%,0.00%,0.01%,0.01%,0.70%,0.00%,0,0,0.00%,0.00%,£0.00,£0.00,0,0,0,0,0.00%,0.00%,£0.00,£0.00,0,0,0,0
B089NXLMHJ,2-pack Hair Shaper Medium Hold Fudge Professional Structuring Cream 75g,355,7,172,2,527,9,0.08%,0.02%,0.02%,0.03%,0.02%,0.06%,416,7,211,3,627,10,0.02%,0.06%,0.02%,0.03%,0.02%,0.05%,0.00%,0.00%,0,0,0.00%,0.00%,£0.00,£0.00,0,0,0,0,0.00%,0.00%,£0.00,£0.00,0,0,0,0
B089NY5DV4,Fudge Professional Hair Shaper Textured Cream Medium Hold Semi-Matte Finish 75g,136,4,60,1,196,5,0.05%,0.01%,0.01%,0.01%,0.01%,0.03%,172,6,81,2,253,8,0.01%,0.05%,0.01%,0.02%,0.01%,0.04%,0.00%,0.00%,0,0,0.00%,0.00%,£0.00,£0.00,0,0,0,0,0.00%,0.00%,£0.00,£0.00,0,0,0,0
B08BD83V6Y,Bourjois 1 Seconde Nail Polish 35 Lady Nude,3,0,2,0,5,0,0.00%,0.00%,0.00%,0.00%,0.00%,0.00%,3,0,2,0,5,0,0.00%,0.00%,0.00%,0.00%,0.00%,0.00%,100.00%,0.00%,0,0,0.00%,0.00%,£0.00,£0.00,0,0,0,0,0.00%,0.00%,£0.00,£0.00,0,0,0,0
B08BWV9PNS,Victoria Vynn GEL POLISH Gel Nails UV/LED BLACK KING 262,1,0,0,0,1,0,0.00%,0.00%,0.00%,0.00%,0.00%,0.00%,1,0,0,0,1,0,0.00%,0.00%,0.00%,0.00%,0.00%,0.00%,0.00%,0.00%,0,0,0.00%,0.00%,£0.00,£0.00,0,0,0,0,0.00%,0.00%,£0.00,£0.00,0,0,0,0
B08BXZPPLX,"Silcare Gel Base One Cover Dark 50g, (Pack of 1)",1,0,0,0,1,0,0.00%,0.00%,0.00%,0.00%,0.00%,0.00%,2,0,0,0,2,0,0.00%,0.00%,0.00%,0.00%,0.00%,0.00%,0.00%,0.00%,0,0,0.00%,0.00%,£0.00,£0.00,0,0,0,0,0.00%,0.00%,£0.00,£0.00,0,0,0,0
B08BYXQ8WL,VICTORIA VYNN GEL POLISH NO. 082 MIRACLE ROSE,0,0,1,0,1,0,0.00%,0.00%,0.00%,0.00%,0.00%,0.00%,0,0,1,0,1,0,0.00%,0.00%,0.00%,0.00%,0.00%,0.00%,0.00%,0.00%,0,0,0.00%,0.00%,£0.00,£0.00,0,0,0,0,0.00%,0.00%,£0.00,£0.00,0,0,0,0
B08C34WL4B,VICTORIA VYNN GEL POLISH NO. 159 TRUE LOVE,6,0,3,0,9,0,0.00%,0.00%,0.00%,0.00%,0.00%,0.00%,7,0,4,0,11,0,0.00%,0.00%,0.00%,0.00%,0.00%,0.00%,0.00%,0.00%,0,0,0.00%,0.00%,£0.00,£0.00,0,0,0,0,0.00%,0.00%,£0.00,£0.00,0,0,0,0
B08C367LNK,VICTORIA VYNN GEL POLISH NO. 160 HEAT CLARET,15,0,3,0,18,0,0.00%,0.00%,0.00%,0.00%,0.00%,0.00%,21,0,3,0,24,0,0.00%,0.00%,0.00%,0.00%,0.00%,0.00%,0.00%,0.00%,0,0,0.00%,0.00%,£0.00,£0.00,0,0,0,0,0.00%,0.00%,£0.00,£0.00,0,0,0,0
B08C5KCTRQ,VICTORIA VYNN GEL POLISH NO.165 PINKISH BEIGE,1,0,0,0,1,0,0.00%,0.00%,0.00%,0.00%,0.00%,0.00%,1,0,0,0,1,0,0.00%,0.00%,0.00%,0.00%,0.00%,0.00%,0.00%,0.00%,0,0,0.00%,0.00%,£0.00,£0.00,0,0,0,0,0.00%,0.00%,£0.00,£0.00,0,0,0,0
B08C5KPG81,VICTORIA VYNN GEL POLISH NO.164 SUBTLE CHIFFON,4,0,1,0,5,0,0.00%,0.00%,0.00%,0.00%,0.00%,0.00%,4,0,1,0,5,0,0.00%,0.00%,0.00%,0.00%,0.00%,0.00%,0.00%,0.00%,0,0,0.00%,0.00%,£0.00,£0.00,0,0,0,0,0.00%,0.00%,£0.00,£0.00,0,0,0,0
B08C5KT8XF,VICTORIA VYNN GEL POLISH NO. 205 STORMY SKY,2,0,0,0,2,0,0.00%,0.00%,0.00%,0.00%,0.00%,0.00%,3,0,0,0,3,0,0.00%,0.00%,0.00%,0.00%,0.00%,0.00%,0.00%,0.00%,0,0,0.00%,0.00%,£0.00,£0.00,0,0,0,0,0.00%,0.00%,£0.00,£0.00,0,0,0,0
B08C5KW5CJ,VICTORIA VYNN GEL POLISH NO.166 OYSTER WHITE,1,0,1,0,2,0,0.00%,0.00%,0.00%,0.00%,0.00%,0.00%,1,0,1,0,2,0,0.00%,0.00%,0.00%,0.00%,0.00%,0.00%,0.00%,0.00%,0,0,0.00%,0.00%,£0.00,£0.00,0,0,0,0,0.00%,0.00%,£0.00,£0.00,0,0,0,0
B08C5L65K9,VICTORIA VYNN GEL POLISH NO.196 MINT CANDY,2,0,0,0,2,0,0.00%,0.00%,0.00%,0.00%,0.00%,0.00%,2,0,0,0,2,0,0.00%,0.00%,0.00%,0.00%,0.00%,0.00%,50.00%,0.00%,0,0,0.00%,0.00%,£0.00,£0.00,0,0,0,0,0.00%,0.00%,£0.00,£0.00,0,0,0,0
B08C5LD9C8,VICTORIA VYNN GEL POLISH NO. 161 SWEET POETRY,0,0,1,0,1,0,0.00%,0.00%,0.00%,0.00%,0.00%,0.00%,0,0,1,0,1,0,0.00%,0.00%,0.00%,0.00%,0.00%,0.00%,0.00%,0.00%,0,0,0.00%,0.00%,£0.00,£0.00,0,0,0,0,0.00%,0.00%,£0.00,£0.00,0,0,0,0
B08C5MMD32,VICTORIA VYNN GEL POLISH NO. 209 DUSTY GREEN,5,0,2,0,7,0,0.00%,0.00%,0.00%,0.00%,0.00%,0.00%,7,0,2,0,9,0,0.00%,0.00%,0.00%,0.00%,0.00%,0.00%,12.50%,0.00%,0,0,0.00%,0.00%,£0.00,£0.00,0,0,0,0,0.00%,0.00%,£0.00,£0.00,0,0,0,0
B08C5P49MG,VICTORIA VYNN GEL POLISH NO. 207 DARK EMERALD,2,0,0,0,2,0,0.00%,0.00%,0.00%,0.00%,0.00%,0.00%,2,0,0,0,2,0,0.00%,0.00%,0.00%,0.00%,0.00%,0.00%,50.00%,0.00%,0,0,0.00%,0.00%,£0.00,£0.00,0,0,0,0,0.00%,0.00%,£0.00,£0.00,0,0,0,0
B08C673K1N,VICTORIA VYNN GEL POLISH NO. 213 IMPERIAL PURPLE,3,0,0,0,3,0,0.00%,0.00%,0.00%,0.00%,0.00%,0.00%,3,0,0,0,3,0,0.00%,0.00%,0.00%,0.00%,0.00%,0.00%,33.33%,0.00%,0,0,0.00%,0.00%,£0.00,£0.00,0,0,0,0,0.00%,0.00%,£0.00,£0.00,0,0,0,0
B08C68BXQ7,VICTORIA VYNN GEL POLISH NO. 218 SAPHIRE BLUE,1,0,1,0,2,0,0.00%,0.00%,0.00%,0.00%,0.00%,0.00%,1,0,1,0,2,0,0.00%,0.00%,0.00%,0.00%,0.00%,0.00%,0.00%,0.00%,0,0,0.00%,0.00%,£0.00,£0.00,0,0,0,0,0.00%,0.00%,£0.00,£0.00,0,0,0,0
B08C68G5ZF,VICTORIA VYNN GEL POLISH NO. 211 LUCKY LOVE,0,0,1,0,1,0,0.00%,0.00%,0.00%,0.00%,0.00%,0.00%,0,0,1,0,1,0,0.00%,0.00%,0.00%,0.00%,0.00%,0.00%,0.00%,0.00%,0,0,0.00%,0.00%,£0.00,£0.00,0,0,0,0,0.00%,0.00%,£0.00,£0.00,0,0,0,0
B08C6BDV9W,VICTORIA VYNN GEL POLISH NO. 219 ORCHID PURPLE,6,0,1,0,7,0,0.00%,0.00%,0.00%,0.00%,0.00%,0.00%,6,0,2,0,8,0,0.00%,0.00%,0.00%,0.00%,0.00%,0.00%,0.00%,0.00%,0,0,0.00%,0.00%,£0.00,£0.00,0,0,0,0,0.00%,0.00%,£0.00,£0.00,0,0,0,0
B08C6KC97L,VICTORIA VYNN GEL POLISH NO. 221 GREEN GRASS,2,0,0,0,2,0,0.00%,0.00%,0.00%,0.00%,0.00%,0.00%,2,0,0,0,2,0,0.00%,0.00%,0.00%,0.00%,0.00%,0.00%,0.00%,0.00%,0,0,0.00%,0.00%,£0.00,£0.00,0,0,0,0,0.00%,0.00%,£0.00,£0.00,0,0,0,0
B08C6RLC5R,VICTORIA VYNN GEL POLISH NO. 226 LIVING CORAL,1,0,0,0,1,0,0.00%,0.00%,0.00%,0.00%,0.00%,0.00%,1,0,0,0,1,0,0.00%,0.00%,0.00%,0.00%,0.00%,0.00%,100.00%,0.00%,0,0,0.00%,0.00%,£0.00,£0.00,0,0,0,0,0.00%,0.00%,£0.00,£0.00,0,0,0,0
B08C7WYCZY,VICTORIA VYNN GEL POLISH NO. 232 STONE CAT EYE MOKAIT,1,0,1,0,2,0,0.00%,0.00%,0.00%,0.00%,0.00%,0.00%,1,0,1,0,2,0,0.00%,0.00%,0.00%,0.00%,0.00%,0.00%,0.00%,0.00%,0,0,0.00%,0.00%,£0.00,£0.00,0,0,0,0,0.00%,0.00%,£0.00,£0.00,0,0,0,0
B08C7XF6VZ,VICTORIA VYNN GEL POLISH NO. 231 STONE CAT EYE RUBIN,27,0,3,0,30,0,0.00%,0.00%,0.00%,0.00%,0.00%,0.00%,31,0,3,0,34,0,0.00%,0.00%,0.00%,0.00%,0.00%,0.00%,0.00%,0.00%,0,0,0.00%,0.00%,£0.00,£0.00,0,0,0,0,0.00%,0.00%,£0.00,£0.00,0,0,0,0
B08C7YLRBT,VICTORIA VYNN GEL POLISH NO. 234 STONE CAT EYE KYANITE,6,0,2,0,8,0,0.00%,0.00%,0.00%,0.00%,0.00%,0.00%,7,0,2,0,9,0,0.00%,0.00%,0.00%,0.00%,0.00%,0.00%,12.50%,0.00%,0,0,0.00%,0.00%,£0.00,£0.00,0,0,0,0,0.00%,0.00%,£0.00,£0.00,0,0,0,0
B08C7Z229Z,VICTORIA VYNN GEL POLISH NO. 233 STONE CAT EYE TANZANITE,3,0,0,0,3,0,0.00%,0.00%,0.00%,0.00%,0.00%,0.00%,3,0,0,0,3,0,0.00%,0.00%,0.00%,0.00%,0.00%,0.00%,0.00%,0.00%,0,0,0.00%,0.00%,£0.00,£0.00,0,0,0,0,0.00%,0.00%,£0.00,£0.00,0,0,0,0
B08C7ZK8N1,VICTORIA VYNN GEL POLISH NO. 248 SWEET PEA,1,0,0,0,1,0,0.00%,0.00%,0.00%,0.00%,0.00%,0.00%,1,0,0,0,1,0,0.00%,0.00%,0.00%,0.00%,0.00%,0.00%,0.00%,0.00%,0,0,0.00%,0.00%,£0.00,£0.00,0,0,0,0,0.00%,0.00%,£0.00,£0.00,0,0,0,0
B08C7ZN7WY,VICTORIA VYNN GEL POLISH NO. 253 MAGENTA TONE,2,0,0,0,2,0,0.00%,0.00%,0.00%,0.00%,0.00%,0.00%,2,0,0,0,2,0,0.00%,0.00%,0.00%,0.00%,0.00%,0.00%,0.00%,0.00%,0,0,0.00%,0.00%,£0.00,£0.00,0,0,0,0,0.00%,0.00%,£0.00,£0.00,0,0,0,0
B08C811V2P,VICTORIA VYNN GEL POLISH NO. 237 SWEET CANDY,1,0,1,0,2,0,0.00%,0.00%,0.00%,0.00%,0.00%,0.00%,1,0,1,0,2,0,0.00%,0.00%,0.00%,0.00%,0.00%,0.00%,100.00%,0.00%,0,0,0.00%,0.00%,£0.00,£0.00,0,0,0,0,0.00%,0.00%,£0.00,£0.00,0,0,0,0
B08C818PD8,VICTORIA VYNN GEL POLISH NO. 258 PASSO-DOBLE,3,0,0,0,3,0,0.00%,0.00%,0.00%,0.00%,0.00%,0.00%,3,0,0,0,3,0,0.00%,0.00%,0.00%,0.00%,0.00%,0.00%,100.00%,0.00%,0,0,0.00%,0.00%,£0.00,£0.00,0,0,0,0,0.00%,0.00%,£0.00,£0.00,0,0,0,0
B08C81F5S7,VICTORIA VYNN GEL POLISH NO. 242 PUMPKIN PIE,2,0,0,0,2,0,0.00%,0.00%,0.00%,0.00%,0.00%,0.00%,3,0,0,0,3,0,0.00%,0.00%,0.00%,0.00%,0.00%,0.00%,0.00%,0.00%,0,0,0.00%,0.00%,£0.00,£0.00,0,0,0,0,0.00%,0.00%,£0.00,£0.00,0,0,0,0
B08C81RZTJ,VICTORIA VYNN GEL POLISH NO. 249 RAIN WASHED,1,0,1,0,2,0,0.00%,0.00%,0.00%,0.00%,0.00%,0.00%,1,0,1,0,2,0,0.00%,0.00%,0.00%,0.00%,0.00%,0.00%,0.00%,0.00%,0,0,0.00%,0.00%,£0.00,£0.00,0,0,0,0,0.00%,0.00%,£0.00,£0.00,0,0,0,0
B08C81Y8CR,Technic Tea Tree Concealer - Medium Dark,160,0,71,0,231,0,0.00%,0.01%,0.01%,0.00%,0.01%,0.00%,215,0,113,0,328,0,0.01%,0.00%,0.01%,0.00%,0.01%,0.00%,0.35%,0.00%,0,0,0.00%,0.00%,£0.00,£0.00,0,0,0,0,0.00%,0.00%,£0.00,£0.00,0,0,0,0
B08C824ZM8,VICTORIA VYNN GEL POLISH NO. 252 MILD CORAL,4,0,6,0,10,0,0.00%,0.00%,0.00%,0.00%,0.00%,0.00%,7,0,7,0,14,0,0.00%,0.00%,0.00%,0.00%,0.00%,0.00%,0.00%,0.00%,0,0,0.00%,0.00%,£0.00,£0.00,0,0,0,0,0.00%,0.00%,£0.00,£0.00,0,0,0,0
B08CP93RV2,Max Factor - Lipfinity Lip Colour,32,1,37,1,69,2,0.01%,0.00%,0.01%,0.01%,0.00%,0.01%,38,2,45,1,83,3,0.00%,0.02%,0.00%,0.01%,0.00%,0.01%,0.00%,0.00%,0,0,0.00%,0.00%,£0.00,£0.00,0,0,0,0,0.00%,0.00%,£0.00,£0.00,0,0,0,0
B08CYBN5ZV,WoodWick | Ellipse Candle | Lavender & Cedar | Great Gift for Women,0,0,1,0,1,0,0.00%,0.00%,0.00%,0.00%,0.00%,0.00%,0,0,2,0,2,0,0.00%,0.00%,0.00%,0.00%,0.00%,0.00%,0.00%,0.00%,0,0,0.00%,0.00%,£0.00,£0.00,0,0,0,0,0.00%,0.00%,£0.00,£0.00,0,0,0,0
B08D7D9YK7,Joanna Styling Effect Volume & Nourishing Hair Spray with Marine Collagen 150ml,5,0,2,0,7,0,0.00%,0.00%,0.00%,0.00%,0.00%,0.00%,11,0,3,0,14,0,0.00%,0.00%,0.00%,0.00%,0.00%,0.00%,41.67%,0.00%,0,0,0.00%,0.00%,£0.00,£0.00,0,0,0,0,0.00%,0.00%,£0.00,£0.00,0,0,0,0
B08D9KH2ZM,Joanna Ultra Color - Conditioner Colour Refreshing & Hair Care - Moisturising Ingredients,12,0,11,0,23,0,0.00%,0.00%,0.00%,0.00%,0.00%,0.00%,16,0,17,0,33,0,0.00%,0.00%,0.00%,0.00%,0.00%,0.00%,0.00%,0.00%,0,0,0.00%,0.00%,£0.00,£0.00,0,0,0,0,0.00%,0.00%,£0.00,£0.00,0,0,0,0
B08GH32SY1,VICTORIA VYNN PURE CREAMY HYBRID NO. 176 Nostalgic Beige,1,0,0,0,1,0,0.00%,0.00%,0.00%,0.00%,0.00%,0.00%,1,0,0,0,1,0,0.00%,0.00%,0.00%,0.00%,0.00%,0.00%,0.00%,0.00%,0,0,0.00%,0.00%,£0.00,£0.00,0,0,0,0,0.00%,0.00%,£0.00,£0.00,0,0,0,0
B08GHCYN6H,VICTORIA VYNN PURE CREAMY HYBRID NO. 180 PROSPERITY,2,0,0,0,2,0,0.00%,0.00%,0.00%,0.00%,0.00%,0.00%,2,0,0,0,2,0,0.00%,0.00%,0.00%,0.00%,0.00%,0.00%,0.00%,0.00%,0,0,0.00%,0.00%,£0.00,£0.00,0,0,0,0,0.00%,0.00%,£0.00,£0.00,0,0,0,0
B08GHG32WQ,VICTORIA VYNN PURE CREAMY HYBRID NO. 170 Nectar Drop,2,0,0,0,2,0,0.00%,0.00%,0.00%,0.00%,0.00%,0.00%,2,0,0,0,2,0,0.00%,0.00%,0.00%,0.00%,0.00%,0.00%,50.00%,0.00%,0,0,0.00%,0.00%,£0.00,£0.00,0,0,0,0,0.00%,0.00%,£0.00,£0.00,0,0,0,0
B08HQV1KCJ,"Max Factor Colour Elixir Moisturising Lip Liner, 16 Brown N Bold, 1.2 g",61,0,34,0,95,0,0.00%,0.00%,0.00%,0.00%,0.00%,0.00%,73,0,41,0,114,0,0.00%,0.00%,0.00%,0.00%,0.00%,0.00%,0.00%,0.00%,0,0,0.00%,0.00%,£0.00,£0.00,0,0,0,0,0.00%,0.00%,£0.00,£0.00,0,0,0,0
B08J4TQF3Q,"Wax Lyrical Fired Earth Small Ceramic Candle, Black Tea and Jasmine, Up to 17 hour burn time",99,0,66,2,165,2,0.00%,0.01%,0.01%,0.03%,0.01%,0.01%,131,0,82,2,213,2,0.01%,0.00%,0.01%,0.02%,0.01%,0.01%,15.46%,0.00%,0,0,0.00%,0.00%,£0.00,£0.00,0,0,0,0,0.00%,0.00%,£0.00,£0.00,0,0,0,0
B08JHG6ZXP,VICTORIA VYNN GEL POLISH STONE CAT EYE NO. 270 AMETHYST,2,0,3,0,5,0,0.00%,0.00%,0.00%,0.00%,0.00%,0.00%,3,0,3,0,6,0,0.00%,0.00%,0.00%,0.00%,0.00%,0.00%,0.00%,0.00%,0,0,0.00%,0.00%,£0.00,£0.00,0,0,0,0,0.00%,0.00%,£0.00,£0.00,0,0,0,0
B08JL3WRGM,Comfort Zone Sacred Nature Exfoliant Mask,2,0,0,0,2,0,0.00%,0.00%,0.00%,0.00%,0.00%,0.00%,4,0,0,0,4,0,0.00%,0.00%,0.00%,0.00%,0.00%,0.00%,0.00%,0.00%,0,0,0.00%,0.00%,£0.00,£0.00,0,0,0,0,0.00%,0.00%,£0.00,£0.00,0,0,0,0
B08JV8XPSL,"W7 | Soft Hues Pressed Pigment Palette | Colorway: Amethyst | Tones: Mattes and Duo-Chromes | Color: Purples, Oranges, Golds and Nudes | Cruelty Free Makeup For Women",3,0,2,0,5,0,0.00%,0.00%,0.00%,0.00%,0.00%,0.00%,3,0,2,0,5,0,0.00%,0.00%,0.00%,0.00%,0.00%,0.00%,0.00%,0.00%,0,0,0.00%,0.00%,£0.00,£0.00,0,0,0,0,0.00%,0.00%,£0.00,£0.00,0,0,0,0
B08JV97ML6,"W7 | Soft Hues Pressed Pigment Palette | Colorway: Aquamarine | Tones: Mattes and Duo-Chromes | Color: Blues, Greens, Golds and Nudes | Cruelty Free Makeup For Women",7,0,3,0,10,0,0.00%,0.00%,0.00%,0.00%,0.00%,0.00%,11,0,3,0,14,0,0.00%,0.00%,0.00%,0.00%,0.00%,0.00%,0.00%,0.00%,0,0,0.00%,0.00%,£0.00,£0.00,0,0,0,0,0.00%,0.00%,£0.00,£0.00,0,0,0,0
B08K438MXK,"Max Factor NailFinity Nail Polish - Max'S Muse 330, 12 ml",106,0,59,0,165,0,0.00%,0.01%,0.01%,0.00%,0.01%,0.00%,136,0,75,0,211,0,0.01%,0.00%,0.01%,0.00%,0.01%,0.00%,2.09%,0.00%,0,0,0.00%,0.00%,£0.00,£0.00,0,0,0,0,0.00%,0.00%,£0.00,£0.00,0,0,0,0
B08K45XSLQ,"Max Factor NailFinity Nail Polish - Spotlight on Her 420, 12 ml",56,0,37,3,93,3,0.00%,0.00%,0.01%,0.04%,0.00%,0.02%,72,0,47,4,119,4,0.00%,0.00%,0.00%,0.04%,0.00%,0.02%,0.94%,0.00%,0,0,0.00%,0.00%,£0.00,£0.00,0,0,0,0,0.00%,0.00%,£0.00,£0.00,0,0,0,0
B08K46GVCT,Bourjois 1 Seconde Nail Polish 35 Lady Nude,8,0,3,0,11,0,0.00%,0.00%,0.00%,0.00%,0.00%,0.00%,8,0,4,0,12,0,0.00%,0.00%,0.00%,0.00%,0.00%,0.00%,0.00%,0.00%,0,0,0.00%,0.00%,£0.00,£0.00,0,0,0,0,0.00%,0.00%,£0.00,£0.00,0,0,0,0
B08K48JDDK,"Max Factor NailFinity Nail Polish - Standing Ovation 215, 12 ml",88,0,55,0,143,0,0.00%,0.01%,0.01%,0.00%,0.01%,0.00%,104,0,69,0,173,0,0.01%,0.00%,0.01%,0.00%,0.01%,0.00%,0.00%,0.00%,0,0,0.00%,0.00%,£0.00,£0.00,0,0,0,0,0.00%,0.00%,£0.00,£0.00,0,0,0,0
B08K496792,"Max Factor NailFinity Nail Polish - Backstage 875, 12 ml",78,1,44,2,122,3,0.01%,0.01%,0.01%,0.03%,0.01%,0.02%,94,1,51,2,145,3,0.00%,0.01%,0.01%,0.02%,0.00%,0.01%,1.46%,0.00%,0,0,0.00%,0.00%,£0.00,£0.00,0,0,0,0,0.00%,0.00%,£0.00,£0.00,0,0,0,0
B08KHJY7F4,"Joanna Professional Platinum Brightener, 1 x 450 g",1,0,1,0,2,0,0.00%,0.00%,0.00%,0.00%,0.00%,0.00%,4,0,1,0,5,0,0.00%,0.00%,0.00%,0.00%,0.00%,0.00%,33.33%,0.00%,0,0,0.00%,0.00%,£0.00,£0.00,0,0,0,0,0.00%,0.00%,£0.00,£0.00,0,0,0,0
B08KHMF9YK,Corrector Líquido 3-in-1 Canvas - Chestnut,10,0,7,0,17,0,0.00%,0.00%,0.00%,0.00%,0.00%,0.00%,14,0,7,0,21,0,0.00%,0.00%,0.00%,0.00%,0.00%,0.00%,0.00%,0.00%,0,0,0.00%,0.00%,£0.00,£0.00,0,0,0,0,0.00%,0.00%,£0.00,£0.00,0,0,0,0
B08LJ326QW,"Sally Hansen Good Kind Pure, Pink Moon, 10ml",61,0,48,0,109,0,0.00%,0.00%,0.01%,0.00%,0.00%,0.00%,73,0,60,0,133,0,0.00%,0.00%,0.01%,0.00%,0.00%,0.00%,0.00%,0.00%,0,0,0.00%,0.00%,£0.00,£0.00,0,0,0,0,0.00%,0.00%,£0.00,£0.00,0,0,0,0
B08LM227SY,"Bourjois Liquid Eyeliner Liner Pinceau, Waterproof Eyeliner with Long Lasting Precise Line, 03 Gris Minimalist",565,4,318,8,883,12,0.05%,0.04%,0.04%,0.11%,0.04%,0.08%,823,4,499,16,"1,322",20,0.04%,0.04%,0.05%,0.16%,0.04%,0.09%,0.42%,0.00%,0,0,0.00%,0.00%,£0.00,£0.00,0,0,0,0,0.00%,0.00%,£0.00,£0.00,0,0,0,0
B08MBFLWZW,60 SECONDS super shine #313-feisty,3,0,10,0,13,0,0.00%,0.00%,0.00%,0.00%,0.00%,0.00%,3,0,13,0,16,0,0.00%,0.00%,0.00%,0.00%,0.00%,0.00%,0.00%,0.00%,0,0,0.00%,0.00%,£0.00,£0.00,0,0,0,0,0.00%,0.00%,£0.00,£0.00,0,0,0,0
B08MM2VBHP,"L'Oreal Paris Cover Liquid Foundation, With 4% Niacinamide, Long Lasting, Natural Finish, Available in 20 Shades, SPF 25, Infallible 32H Matte Cover, Shade 135, 30ml",549,2,204,3,753,5,0.02%,0.04%,0.03%,0.04%,0.03%,0.03%,765,2,313,3,"1,078",5,0.04%,0.02%,0.03%,0.03%,0.04%,0.02%,0.00%,0.00%,0,0,0.00%,0.00%,£0.00,£0.00,0,0,0,0,0.00%,0.00%,£0.00,£0.00,0,0,0,0
B08MM3R35H,Stargazer Stargazer Gel Sparkling Glitter for your face & body with fine nib applicator,39,0,33,1,72,1,0.00%,0.00%,0.00%,0.01%,0.00%,0.01%,63,0,40,2,103,2,0.00%,0.00%,0.00%,0.02%,0.00%,0.01%,0.00%,0.00%,0,0,0.00%,0.00%,£0.00,£0.00,0,0,0,0,0.00%,0.00%,£0.00,£0.00,0,0,0,0
B08MM4WVQ5,"Stargazer Glitter Lipstick - Glitter Gold, Sparkling Long-Lasting Colour",111,0,84,2,195,2,0.00%,0.01%,0.01%,0.03%,0.01%,0.01%,130,0,99,3,229,3,0.01%,0.00%,0.01%,0.03%,0.01%,0.01%,6.79%,0.00%,0,0,0.00%,0.00%,£0.00,£0.00,0,0,0,0,0.00%,0.00%,£0.00,£0.00,0,0,0,0
B08PL57QVB,Silcare Nailo Primer Nail Primer 9ml,0,0,1,0,1,0,0.00%,0.00%,0.00%,0.00%,0.00%,0.00%,0,0,2,0,2,0,0.00%,0.00%,0.00%,0.00%,0.00%,0.00%,0.00%,0.00%,0,0,0.00%,0.00%,£0.00,£0.00,0,0,0,0,0.00%,0.00%,£0.00,£0.00,0,0,0,0
B08PL6MDZY,Silcare Base One Primer Nail Polish 9ml,2,0,1,0,3,0,0.00%,0.00%,0.00%,0.00%,0.00%,0.00%,2,0,1,0,3,0,0.00%,0.00%,0.00%,0.00%,0.00%,0.00%,33.33%,0.00%,0,0,0.00%,0.00%,£0.00,£0.00,0,0,0,0,0.00%,0.00%,£0.00,£0.00,0,0,0,0
B08PLYRKSS,"Revlon PhotoReady Candid Natural Finish Foundation, with Anti-Pollution, Antioxidant, Anti-Blue Light Ingredients, Cocoa (520), 22ml",78,0,67,0,145,0,0.00%,0.01%,0.01%,0.00%,0.01%,0.00%,106,0,85,0,191,0,0.01%,0.00%,0.01%,0.00%,0.01%,0.00%,4.40%,0.00%,0,0,0.00%,0.00%,£0.00,£0.00,0,0,0,0,0.00%,0.00%,£0.00,£0.00,0,0,0,0
B08PLYVBMP,REVLON - Photoready Concealer #001 Fair - 0.11 oz. (3.2 g),815,2,449,2,"1,264",4,0.02%,0.05%,0.06%,0.03%,0.06%,0.03%,"1,021",2,652,2,"1,673",4,0.05%,0.02%,0.07%,0.02%,0.06%,0.02%,0.25%,0.00%,0,0,0.00%,0.00%,£0.00,£0.00,0,0,0,0,0.00%,0.00%,£0.00,£0.00,0,0,0,0
B08PM1MXWR,"Revlon Colorstay Liquid Eyeliner, Waterproof, Smudgeproof, Longwearing Eye Makeup with Ultra-fine Tip, Black Brown",219,4,113,1,332,5,0.05%,0.01%,0.02%,0.01%,0.01%,0.03%,285,4,163,1,448,5,0.01%,0.04%,0.02%,0.01%,0.02%,0.02%,0.00%,0.00%,0,0,0.00%,0.00%,£0.00,£0.00,0,0,0,0,0.00%,0.00%,£0.00,£0.00,0,0,0,0
B08PQZYYP8,Bourjois Bourjois 123P Foundation,6,0,8,0,14,0,0.00%,0.00%,0.00%,0.00%,0.00%,0.00%,7,0,9,0,16,0,0.00%,0.00%,0.00%,0.00%,0.00%,0.00%,50.00%,0.00%,0,0,0.00%,0.00%,£0.00,£0.00,0,0,0,0,0.00%,0.00%,£0.00,£0.00,0,0,0,0
B08Q4YX824,"Max Factor, Foundation - 12ml","6,527",36,"3,778",73,"10,305",109,0.42%,0.42%,0.52%,1.00%,0.45%,0.69%,"8,946",43,"5,222",97,"14,168",140,0.44%,0.38%,0.55%,0.96%,0.48%,0.66%,0.04%,0.00%,0,0,0.00%,0.00%,£0.00,£0.00,0,0,0,0,0.00%,0.00%,£0.00,£0.00,0,0,0,0
B08Q52R94P,"L'Oréal Paris Powder Foundation, Super-Blendable, With Hyaluronic Acid, Light Texture for a Flawless Finish, True Match Perfecting Powder","2,958",15,"1,610",22,"4,568",37,0.18%,0.19%,0.22%,0.30%,0.20%,0.23%,"3,933",17,"2,186",38,"6,119",55,0.19%,0.15%,0.23%,0.38%,0.21%,0.26%,0.00%,0.00%,0,0,0.00%,0.00%,£0.00,£0.00,0,0,0,0,0.00%,0.00%,£0.00,£0.00,0,0,0,0
B08Q575K9J,Max Factor Facefinity Matte Bronzer,914,7,386,2,"1,300",9,0.08%,0.06%,0.05%,0.03%,0.06%,0.06%,"1,272",7,559,5,"1,831",12,0.06%,0.06%,0.06%,0.05%,0.06%,0.06%,0.00%,0.00%,0,0,0.00%,0.00%,£0.00,£0.00,0,0,0,0,0.00%,0.00%,£0.00,£0.00,0,0,0,0
B08QDYKMXB,Revlon Colorstay Pressed Powder - 810 Fair Clair - 0.28oz Powder,179,2,85,0,264,2,0.02%,0.01%,0.01%,0.00%,0.01%,0.01%,238,2,114,0,352,2,0.01%,0.02%,0.01%,0.00%,0.01%,0.01%,0.00%,0.00%,0,0,0.00%,0.00%,£0.00,£0.00,0,0,0,0,0.00%,0.00%,£0.00,£0.00,0,0,0,0
B08QJB6WST,Revlon Revlon ColorStay Lip Liner,3,0,13,0,16,0,0.00%,0.00%,0.00%,0.00%,0.00%,0.00%,4,0,16,0,20,0,0.00%,0.00%,0.00%,0.00%,0.00%,0.00%,0.00%,0.00%,0,0,0.00%,0.00%,£0.00,£0.00,0,0,0,0,0.00%,0.00%,£0.00,£0.00,0,0,0,0
B08RF2PY2R,Silcare Gel Base One Cover 50g,1,0,2,2,3,2,0.00%,0.00%,0.00%,0.03%,0.00%,0.01%,1,0,2,2,3,2,0.00%,0.00%,0.00%,0.02%,0.00%,0.01%,66.67%,100.00%,0,0,0.00%,0.00%,£0.00,£0.00,0,0,0,0,0.00%,0.00%,£0.00,£0.00,0,0,0,0
B08RF362RK,"Silcare,50 g (Pack of 1) Gel Base One Thick Clear 50g",4,0,1,0,5,0,0.00%,0.00%,0.00%,0.00%,0.00%,0.00%,6,0,1,0,7,0,0.00%,0.00%,0.00%,0.00%,0.00%,0.00%,0.00%,0.00%,0,0,0.00%,0.00%,£0.00,£0.00,0,0,0,0,0.00%,0.00%,£0.00,£0.00,0,0,0,0
B08RFX6Z8W,"Bourjois 123 Perfect Medium Coverage Liquid Foundation 54 Beige, 30ml 363542","2,509",11,"1,081",6,"3,590",17,0.13%,0.16%,0.15%,0.08%,0.16%,0.11%,"3,241",14,"1,423",8,"4,664",22,0.16%,0.13%,0.15%,0.08%,0.16%,0.10%,0.00%,0.00%,0,0,0.00%,0.00%,£0.00,£0.00,0,0,0,0,0.00%,0.00%,£0.00,£0.00,0,0,0,0
B08RXCT29K,2 x Maybelline Lash Sensational Multiplying Waterproof Mascara Black 9.5ml New,7,0,3,0,10,0,0.00%,0.00%,0.00%,0.00%,0.00%,0.00%,10,0,3,0,13,0,0.00%,0.00%,0.00%,0.00%,0.00%,0.00%,0.00%,0.00%,0,0,0.00%,0.00%,£0.00,£0.00,0,0,0,0,0.00%,0.00%,£0.00,£0.00,0,0,0,0
B08XFTHW3J,VICTORIA VYNN Pure Creamy Hybrid 183 Flamingo Coctail,2,0,0,0,2,0,0.00%,0.00%,0.00%,0.00%,0.00%,0.00%,3,0,0,0,3,0,0.00%,0.00%,0.00%,0.00%,0.00%,0.00%,0.00%,0.00%,0,0,0.00%,0.00%,£0.00,£0.00,0,0,0,0,0.00%,0.00%,£0.00,£0.00,0,0,0,0
B08XGTTLV1,VICTORIA VYNN Pure Creamy Hybrid 188 Magenta Plum,1,0,0,0,1,0,0.00%,0.00%,0.00%,0.00%,0.00%,0.00%,1,0,0,0,1,0,0.00%,0.00%,0.00%,0.00%,0.00%,0.00%,0.00%,0.00%,0,0,0.00%,0.00%,£0.00,£0.00,0,0,0,0,0.00%,0.00%,£0.00,£0.00,0,0,0,0
B08XGXC7BW,VICTORIA VYNN Pure Creamy Hybrid 184 Drama,2,0,1,0,3,0,0.00%,0.00%,0.00%,0.00%,0.00%,0.00%,2,0,1,0,3,0,0.00%,0.00%,0.00%,0.00%,0.00%,0.00%,33.33%,0.00%,0,0,0.00%,0.00%,£0.00,£0.00,0,0,0,0,0.00%,0.00%,£0.00,£0.00,0,0,0,0
B08Y73QD65,Bourjois Always Fabulous Foundation 210 Vanilla,227,0,119,2,346,2,0.00%,0.01%,0.02%,0.03%,0.02%,0.01%,278,0,150,2,428,2,0.01%,0.00%,0.02%,0.02%,0.01%,0.01%,0.00%,0.00%,0,0,0.00%,0.00%,£0.00,£0.00,0,0,0,0,0.00%,0.00%,£0.00,£0.00,0,0,0,0
B08YG1NNSB,Bourjois Paris Volume Glamour Coup De Theatre Mascara 7ml - Black,25,0,36,0,61,0,0.00%,0.00%,0.00%,0.00%,0.00%,0.00%,28,0,46,0,74,0,0.00%,0.00%,0.00%,0.00%,0.00%,0.00%,0.00%,0.00%,0,0,0.00%,0.00%,£0.00,£0.00,0,0,0,0,0.00%,0.00%,£0.00,£0.00,0,0,0,0
B08YG3NV3V,Bourjois Paris Volume Glamour Coup De Foudre Mascara 7ml - 03 Black,28,0,30,1,58,1,0.00%,0.00%,0.00%,0.01%,0.00%,0.01%,41,0,33,1,74,1,0.00%,0.00%,0.00%,0.01%,0.00%,0.00%,0.00%,0.00%,0,0,0.00%,0.00%,£0.00,£0.00,0,0,0,0,0.00%,0.00%,£0.00,£0.00,0,0,0,0
B08YSC5D8J,"REDKEN Hair Mask Treatment, Fortifies & Strengthens Distressed Hair, Extreme, 250 ml",484,7,192,1,676,8,0.08%,0.03%,0.03%,0.01%,0.03%,0.05%,599,10,221,1,820,11,0.03%,0.09%,0.02%,0.01%,0.03%,0.05%,0.00%,0.00%,0,0,0.00%,0.00%,£0.00,£0.00,0,0,0,0,0.00%,0.00%,£0.00,£0.00,0,0,0,0
B08YXXQ5SM,"7th Heaven Creamy Coconut Face Masque, 15 ml",1,0,0,0,1,0,0.00%,0.00%,0.00%,0.00%,0.00%,0.00%,1,0,0,0,1,0,0.00%,0.00%,0.00%,0.00%,0.00%,0.00%,100.00%,0.00%,0,0,0.00%,0.00%,£0.00,£0.00,0,0,0,0,0.00%,0.00%,£0.00,£0.00,0,0,0,0
B08YYVQQ8S,"Revlon ColorStay Satin Ink Liquid Lipstick, Longwear Rich Lip Colors, Formulated with Black Currant Seed Oil, 023 Up All Night",42,0,16,0,58,0,0.00%,0.00%,0.00%,0.00%,0.00%,0.00%,70,0,23,0,93,0,0.00%,0.00%,0.00%,0.00%,0.00%,0.00%,1.22%,0.00%,0,0,0.00%,0.00%,£0.00,£0.00,0,0,0,0,0.00%,0.00%,£0.00,£0.00,0,0,0,0
B08Z4VJFKY,Rimmel Lasting Finish,378,2,250,7,628,9,0.02%,0.02%,0.03%,0.10%,0.03%,0.06%,507,3,340,14,847,17,0.03%,0.03%,0.04%,0.14%,0.03%,0.08%,0.00%,0.00%,0,0,0.00%,0.00%,£0.00,£0.00,0,0,0,0,0.00%,0.00%,£0.00,£0.00,0,0,0,0
B08ZLZLB58,Gel Base One Thick Clear 100g,2,0,0,0,2,0,0.00%,0.00%,0.00%,0.00%,0.00%,0.00%,2,0,0,0,2,0,0.00%,0.00%,0.00%,0.00%,0.00%,0.00%,50.00%,0.00%,0,0,0.00%,0.00%,£0.00,£0.00,0,0,0,0,0.00%,0.00%,£0.00,£0.00,0,0,0,0
B08ZM7JWJZ,VICTORIA VYNN Pure Creamy Hybrid 197 COLD HEATHER,1,0,0,0,1,0,0.00%,0.00%,0.00%,0.00%,0.00%,0.00%,1,0,0,0,1,0,0.00%,0.00%,0.00%,0.00%,0.00%,0.00%,0.00%,0.00%,0,0,0.00%,0.00%,£0.00,£0.00,0,0,0,0,0.00%,0.00%,£0.00,£0.00,0,0,0,0
B08ZM8465C,Silcare Gel Base One Cover Dark 100g,55,1,6,0,61,1,0.01%,0.00%,0.00%,0.00%,0.00%,0.01%,73,1,16,0,89,1,0.00%,0.01%,0.00%,0.00%,0.00%,0.00%,0.00%,0.00%,0,0,0.00%,0.00%,£0.00,£0.00,0,0,0,0,0.00%,0.00%,£0.00,£0.00,0,0,0,0
B08ZM89X6H,Gel Base One Pink 100g,8,0,1,0,9,0,0.00%,0.00%,0.00%,0.00%,0.00%,0.00%,9,0,3,0,12,0,0.00%,0.00%,0.00%,0.00%,0.00%,0.00%,0.00%,0.00%,0,0,0.00%,0.00%,£0.00,£0.00,0,0,0,0,0.00%,0.00%,£0.00,£0.00,0,0,0,0
B08ZM9HKPT,VICTORIA VYNN Pure Creamy Hybrid 192 SOFT ROSE,0,0,2,0,2,0,0.00%,0.00%,0.00%,0.00%,0.00%,0.00%,0,0,2,0,2,0,0.00%,0.00%,0.00%,0.00%,0.00%,0.00%,0.00%,0.00%,0,0,0.00%,0.00%,£0.00,£0.00,0,0,0,0,0.00%,0.00%,£0.00,£0.00,0,0,0,0
B08ZYPN95Z,VICTORIA VYNN Pure Creamy Hybrid 201 Formal Image,2,0,1,0,3,0,0.00%,0.00%,0.00%,0.00%,0.00%,0.00%,2,0,1,0,3,0,0.00%,0.00%,0.00%,0.00%,0.00%,0.00%,0.00%,0.00%,0,0,0.00%,0.00%,£0.00,£0.00,0,0,0,0,0.00%,0.00%,£0.00,£0.00,0,0,0,0
B08ZYPYSYH,VICTORIA VYNN Pure Creamy Hybrid 198 Neat Attire,1,0,0,0,1,0,0.00%,0.00%,0.00%,0.00%,0.00%,0.00%,1,0,0,0,1,0,0.00%,0.00%,0.00%,0.00%,0.00%,0.00%,0.00%,0.00%,0,0,0.00%,0.00%,£0.00,£0.00,0,0,0,0,0.00%,0.00%,£0.00,£0.00,0,0,0,0
B08ZYR1YPM,VICTORIA VYNN Pure Creamy Hybrid 200 Office Style,1,0,2,0,3,0,0.00%,0.00%,0.00%,0.00%,0.00%,0.00%,1,0,2,0,3,0,0.00%,0.00%,0.00%,0.00%,0.00%,0.00%,0.00%,0.00%,0,0,0.00%,0.00%,£0.00,£0.00,0,0,0,0,0.00%,0.00%,£0.00,£0.00,0,0,0,0
B091739DYQ,Bourjois Bourjois Eyeliner,0,0,2,0,2,0,0.00%,0.00%,0.00%,0.00%,0.00%,0.00%,0,0,3,0,3,0,0.00%,0.00%,0.00%,0.00%,0.00%,0.00%,100.00%,0.00%,0,0,0.00%,0.00%,£0.00,£0.00,0,0,0,0,0.00%,0.00%,£0.00,£0.00,0,0,0,0
B091BJPMXW,Elizabeth Arden,16,0,17,0,33,0,0.00%,0.00%,0.00%,0.00%,0.00%,0.00%,19,0,19,0,38,0,0.00%,0.00%,0.00%,0.00%,0.00%,0.00%,31.58%,0.00%,0,0,0.00%,0.00%,£0.00,£0.00,0,0,0,0,0.00%,0.00%,£0.00,£0.00,0,0,0,0
B091QC3X34,Victoria Vynn MOUSSE SCULPTURE GEL 50ml NEW Thixotropic Gel NEW CRYSTAL GLASS 01,12,0,5,1,17,1,0.00%,0.00%,0.00%,0.01%,0.00%,0.01%,13,0,8,2,21,2,0.00%,0.00%,0.00%,0.02%,0.00%,0.01%,0.00%,0.00%,0,0,0.00%,0.00%,£0.00,£0.00,0,0,0,0,0.00%,0.00%,£0.00,£0.00,0,0,0,0
B092PGV2MC,Rimmel Rimmel Wonder'Last Brows,58,0,36,2,94,2,0.00%,0.00%,0.00%,0.03%,0.00%,0.01%,72,0,52,6,124,6,0.00%,0.00%,0.01%,0.06%,0.00%,0.03%,0.00%,0.00%,0,0,0.00%,0.00%,£0.00,£0.00,0,0,0,0,0.00%,0.00%,£0.00,£0.00,0,0,0,0
B094936PNJ,Stargazer Matte finish lip stick 202. Maximum colour creamy lipstick with a no shine matte finish.,22,0,14,0,36,0,0.00%,0.00%,0.00%,0.00%,0.00%,0.00%,29,0,14,0,43,0,0.00%,0.00%,0.00%,0.00%,0.00%,0.00%,11.90%,0.00%,0,0,0.00%,0.00%,£0.00,£0.00,0,0,0,0,0.00%,0.00%,£0.00,£0.00,0,0,0,0
B094YZY231,Bourjois Always Fabulous Bronzing Powder 9g - 002 Dark,213,0,94,1,307,1,0.00%,0.01%,0.01%,0.01%,0.01%,0.01%,285,0,137,1,422,1,0.01%,0.00%,0.01%,0.01%,0.01%,0.00%,0.00%,0.00%,0,0,0.00%,0.00%,£0.00,£0.00,0,0,0,0,0.00%,0.00%,£0.00,£0.00,0,0,0,0
B095KS1JQC,"Max Factor Colour Elixir Lip Liner, Lip Profiler, Shade 65 Red Sangria – 4 g, Red, Other",10,0,9,0,19,0,0.00%,0.00%,0.00%,0.00%,0.00%,0.00%,11,0,11,0,22,0,0.00%,0.00%,0.00%,0.00%,0.00%,0.00%,0.00%,0.00%,0,0,0.00%,0.00%,£0.00,£0.00,0,0,0,0,0.00%,0.00%,£0.00,£0.00,0,0,0,0
B095L2LW47,Victoria Vynn GEL POLISH COLOUR 286 WOW EFFECT Art Hybrid UV/LED Soak Off,3,0,1,0,4,0,0.00%,0.00%,0.00%,0.00%,0.00%,0.00%,3,0,1,0,4,0,0.00%,0.00%,0.00%,0.00%,0.00%,0.00%,0.00%,0.00%,0,0,0.00%,0.00%,£0.00,£0.00,0,0,0,0,0.00%,0.00%,£0.00,£0.00,0,0,0,0
B095L2X5YH,Victoria Vynn GEL POLISH COLOUR 283 ELECTRIC JOY Art Hybrid UV/LED Soak Off,3,0,2,0,5,0,0.00%,0.00%,0.00%,0.00%,0.00%,0.00%,5,0,2,0,7,0,0.00%,0.00%,0.00%,0.00%,0.00%,0.00%,16.67%,0.00%,0,0,0.00%,0.00%,£0.00,£0.00,0,0,0,0,0.00%,0.00%,£0.00,£0.00,0,0,0,0
B095L31LVG,Victoria Vynn GEL POLISH COLOUR 284 CRAZY IN LOVE Art Hybrid UV/LED Soak Off,1,0,1,0,2,0,0.00%,0.00%,0.00%,0.00%,0.00%,0.00%,1,0,1,0,2,0,0.00%,0.00%,0.00%,0.00%,0.00%,0.00%,0.00%,0.00%,0,0,0.00%,0.00%,£0.00,£0.00,0,0,0,0,0.00%,0.00%,£0.00,£0.00,0,0,0,0
B0965QX7MP,Soap Brow Eyebrow Kit By Technic,4,0,1,0,5,0,0.00%,0.00%,0.00%,0.00%,0.00%,0.00%,8,0,1,0,9,0,0.00%,0.00%,0.00%,0.00%,0.00%,0.00%,22.22%,0.00%,0,0,0.00%,0.00%,£0.00,£0.00,0,0,0,0,0.00%,0.00%,£0.00,£0.00,0,0,0,0
B096KLKJGW,Maybelline Express Brow Ultra Slim Defining Natural Fuller Looking Brows Eyebrow Pencil 04 Medium Brown,"11,394",59,"8,060",52,"19,454",111,0.69%,0.73%,1.11%,0.71%,0.85%,0.70%,"15,267",69,"9,710",70,"24,977",139,0.75%,0.62%,1.02%,0.69%,0.84%,0.65%,0.00%,0.00%,0,0,0.00%,0.00%,£0.00,£0.00,0,0,1,0,0.00%,0.00%,£0.00,£0.00,0,0,0,0
B097QFQT15,"GLOSS FABULEUX lip gloss #06 3,5 ml",1,0,2,0,3,0,0.00%,0.00%,0.00%,0.00%,0.00%,0.00%,1,0,2,0,3,0,0.00%,0.00%,0.00%,0.00%,0.00%,0.00%,0.00%,0.00%,0,0,0.00%,0.00%,£0.00,£0.00,0,0,0,0,0.00%,0.00%,£0.00,£0.00,0,0,0,0
B097QGDQFN,"GLOSS FABULEUX lip gloss #09 3,5 ml",3,0,2,0,5,0,0.00%,0.00%,0.00%,0.00%,0.00%,0.00%,3,0,2,0,5,0,0.00%,0.00%,0.00%,0.00%,0.00%,0.00%,0.00%,0.00%,0,0,0.00%,0.00%,£0.00,£0.00,0,0,0,0,0.00%,0.00%,£0.00,£0.00,0,0,0,0
B097QGP7B3,"Gloss Fabuleux Brillo de labios 3,5 ml",29,1,19,0,48,1,0.01%,0.00%,0.00%,0.00%,0.00%,0.01%,39,1,26,0,65,1,0.00%,0.01%,0.00%,0.00%,0.00%,0.00%,0.00%,0.00%,0,0,0.00%,0.00%,£0.00,£0.00,0,0,0,0,0.00%,0.00%,£0.00,£0.00,0,0,0,0
B097QH3B9M,"GLOSS FABULEUX lip gloss #03 3,5 ml",59,2,67,1,126,3,0.02%,0.00%,0.01%,0.01%,0.01%,0.02%,81,2,95,1,176,3,0.00%,0.02%,0.01%,0.01%,0.01%,0.01%,0.00%,0.00%,0,0,0.00%,0.00%,£0.00,£0.00,0,0,0,0,0.00%,0.00%,£0.00,£0.00,0,0,0,0
B097QJSGGF,"GLOSS FABULEUX lip gloss #05 3,5 ml",1,0,4,0,5,0,0.00%,0.00%,0.00%,0.00%,0.00%,0.00%,1,0,6,0,7,0,0.00%,0.00%,0.00%,0.00%,0.00%,0.00%,0.00%,0.00%,0,0,0.00%,0.00%,£0.00,£0.00,0,0,0,0,0.00%,0.00%,£0.00,£0.00,0,0,0,0
B097QJXHQZ,"GLOSS FABULEUX lip gloss #01 3,5 ml",9,0,12,0,21,0,0.00%,0.00%,0.00%,0.00%,0.00%,0.00%,11,0,13,0,24,0,0.00%,0.00%,0.00%,0.00%,0.00%,0.00%,0.00%,0.00%,0,0,0.00%,0.00%,£0.00,£0.00,0,0,0,0,0.00%,0.00%,£0.00,£0.00,0,0,0,0
B097RDSDJW,Gabriela Sabatini,118,2,68,0,186,2,0.02%,0.01%,0.01%,0.00%,0.01%,0.01%,172,2,91,0,263,2,0.01%,0.02%,0.01%,0.00%,0.01%,0.01%,0.00%,0.00%,0,0,0.00%,0.00%,£0.00,£0.00,0,0,0,0,0.00%,0.00%,£0.00,£0.00,0,0,0,0
B097TF8DGV,Blue Metallic Eye Shadow Pen. Blendable Soft Strong Metallic Eye Colour,16,0,5,0,21,0,0.00%,0.00%,0.00%,0.00%,0.00%,0.00%,18,0,6,0,24,0,0.00%,0.00%,0.00%,0.00%,0.00%,0.00%,4.17%,0.00%,0,0,0.00%,0.00%,£0.00,£0.00,0,0,0,0,0.00%,0.00%,£0.00,£0.00,0,0,0,0
B097Y7JC2Z,Silcare Base One Milkshake Gel Base 15g,4,0,5,0,9,0,0.00%,0.00%,0.00%,0.00%,0.00%,0.00%,9,0,7,0,16,0,0.00%,0.00%,0.00%,0.00%,0.00%,0.00%,28.57%,0.00%,0,0,0.00%,0.00%,£0.00,£0.00,0,0,0,0,0.00%,0.00%,£0.00,£0.00,0,0,0,0
B099LHHSLP,VICTORIA VYNN Pure Creamy Hybrid 203 PINK SHOCK,2,0,1,0,3,0,0.00%,0.00%,0.00%,0.00%,0.00%,0.00%,2,0,1,0,3,0,0.00%,0.00%,0.00%,0.00%,0.00%,0.00%,0.00%,0.00%,0,0,0.00%,0.00%,£0.00,£0.00,0,0,0,0,0.00%,0.00%,£0.00,£0.00,0,0,0,0
B099LR5NSV,VICTORIA VYNN Pure Creamy Hybrid 204 NEON CHIC,2,0,0,0,2,0,0.00%,0.00%,0.00%,0.00%,0.00%,0.00%,2,0,0,0,2,0,0.00%,0.00%,0.00%,0.00%,0.00%,0.00%,0.00%,0.00%,0,0,0.00%,0.00%,£0.00,£0.00,0,0,0,0,0.00%,0.00%,£0.00,£0.00,0,0,0,0
B099R8DN2H,"Technic Colour Fix Full Coverage Buff Concealer, 10 ml",11,0,12,0,23,0,0.00%,0.00%,0.00%,0.00%,0.00%,0.00%,13,0,16,0,29,0,0.00%,0.00%,0.00%,0.00%,0.00%,0.00%,10.71%,0.00%,0,0,0.00%,0.00%,£0.00,£0.00,0,0,0,0,0.00%,0.00%,£0.00,£0.00,0,0,0,0
B099RXL68N,"Revlon Colorstay Liquid Foundation Makeup for Combination/Oily Skin SPF 15, Longwear Medium-Full Coverage with Matte Finish, Medium Beige (240), 30 ml","2,421",15,890,2,"3,311",17,0.18%,0.16%,0.12%,0.03%,0.15%,0.11%,"2,988",15,"1,122",2,"4,110",17,0.15%,0.13%,0.12%,0.02%,0.14%,0.08%,0.02%,0.00%,0,0,0.00%,0.00%,£0.00,£0.00,0,0,0,0,0.00%,0.00%,£0.00,£0.00,0,0,0,0
B09B9VWMNX,"Rimmel, Oh My Gloss! Plump, 1999",728,5,252,0,980,5,0.06%,0.05%,0.03%,0.00%,0.04%,0.03%,"1,118",7,399,0,"1,517",7,0.06%,0.06%,0.04%,0.00%,0.05%,0.03%,0.00%,0.00%,0,0,0.00%,0.00%,£0.00,£0.00,0,0,0,0,0.00%,0.00%,£0.00,£0.00,0,0,0,0
B09C93TYT2,"GLOSS FABULEUX lip gloss #02 3,5 ml",15,0,25,0,40,0,0.00%,0.00%,0.00%,0.00%,0.00%,0.00%,21,0,31,0,52,0,0.00%,0.00%,0.00%,0.00%,0.00%,0.00%,0.00%,0.00%,0,0,0.00%,0.00%,£0.00,£0.00,0,0,0,0,0.00%,0.00%,£0.00,£0.00,0,0,0,0
B09CBLQVM1,Joanna Ultra Color - Shampoo - Strengthening Revitalising Hair Shampoo - Colour Refreshing & Hair Care - Restores Full Shine,206,0,100,1,306,1,0.00%,0.01%,0.01%,0.01%,0.01%,0.01%,264,0,126,1,390,1,0.01%,0.00%,0.01%,0.01%,0.01%,0.00%,0.00%,0.00%,0,0,0.00%,0.00%,£0.00,£0.00,0,0,0,0,0.00%,0.00%,£0.00,£0.00,0,0,0,0
B09CJF5BXX,Rimmel Liquid Eyeshadow,"1,354",4,598,7,"1,952",11,0.05%,0.09%,0.08%,0.10%,0.09%,0.07%,"1,731",4,761,8,"2,492",12,0.09%,0.04%,0.08%,0.08%,0.08%,0.06%,0.08%,0.00%,0,0,0.00%,0.00%,£0.00,£0.00,0,0,0,0,0.00%,0.00%,£0.00,£0.00,0,0,0,0
B09D3QK891,Superstay Activewear 30H Foundation 70-Cocoa 30 Ml,241,3,152,3,393,6,0.04%,0.02%,0.02%,0.04%,0.02%,0.04%,325,3,189,3,514,6,0.02%,0.03%,0.02%,0.03%,0.02%,0.03%,0.00%,0.00%,0,0,0.00%,0.00%,£0.00,£0.00,0,0,0,0,0.00%,0.00%,£0.00,£0.00,0,0,0,0
B09DCV3CC2,Bruno Banani Woman Eau de Toilette 50 ml,21,1,27,0,48,1,0.01%,0.00%,0.00%,0.00%,0.00%,0.01%,30,1,33,0,63,1,0.00%,0.01%,0.00%,0.00%,0.00%,0.00%,1.79%,0.00%,0,0,0.00%,0.00%,£0.00,£0.00,0,0,0,0,0.00%,0.00%,£0.00,£0.00,0,0,0,0
B09DTP3LXQ,Rimmel Stay Matte Liquid Lipstick,65,0,28,0,93,0,0.00%,0.00%,0.00%,0.00%,0.00%,0.00%,79,0,32,0,111,0,0.00%,0.00%,0.00%,0.00%,0.00%,0.00%,0.00%,0.00%,0,0,0.00%,0.00%,£0.00,£0.00,0,0,0,0,0.00%,0.00%,£0.00,£0.00,0,0,0,0
B09F8ZJ71J,Intensive Serum Foundation SPF 40 - N-012 Porcelain by Bobbi Brown for Women - 1 oz Foundation,4,0,4,0,8,0,0.00%,0.00%,0.00%,0.00%,0.00%,0.00%,6,0,5,0,11,0,0.00%,0.00%,0.00%,0.00%,0.00%,0.00%,0.00%,0.00%,0,0,0.00%,0.00%,£0.00,£0.00,0,0,0,0,0.00%,0.00%,£0.00,£0.00,0,0,0,0
B09FY863NX,"Rimmel Kind + Free Natural Finish Pressed Powder, Deep 050",348,3,184,3,532,6,0.04%,0.02%,0.03%,0.04%,0.02%,0.04%,453,3,247,3,700,6,0.02%,0.03%,0.03%,0.03%,0.02%,0.03%,0.00%,0.00%,0,0,0.00%,0.00%,£0.00,£0.00,0,0,0,0,0.00%,0.00%,£0.00,£0.00,0,0,0,0
B09FY8FZSB,"Rimmel Kind + Free Natural Finish Pressed Powder, Medium 030",196,2,147,0,343,2,0.02%,0.01%,0.02%,0.00%,0.02%,0.01%,244,2,209,0,453,2,0.01%,0.02%,0.02%,0.00%,0.02%,0.01%,0.47%,0.00%,0,0,0.00%,0.00%,£0.00,£0.00,0,0,0,0,0.00%,0.00%,£0.00,£0.00,0,0,0,0
B09GPPL8N8,"Delia Cosmetics - Matt & Fixing Effect Make Up Primer - Skin Care - Defined White Fix and Go Base - with Hyaluronic Acid - Minimizes Pores, Moisturizes - 30ml",0,0,3,0,3,0,0.00%,0.00%,0.00%,0.00%,0.00%,0.00%,0,0,3,0,3,0,0.00%,0.00%,0.00%,0.00%,0.00%,0.00%,33.33%,0.00%,0,0,0.00%,0.00%,£0.00,£0.00,0,0,0,0,0.00%,0.00%,£0.00,£0.00,0,0,0,0
B09HXFL683,"Silcare Gel Base One Violet Thick 50g, clear",2,0,0,0,2,0,0.00%,0.00%,0.00%,0.00%,0.00%,0.00%,3,0,0,0,3,0,0.00%,0.00%,0.00%,0.00%,0.00%,0.00%,50.00%,0.00%,0,0,0.00%,0.00%,£0.00,£0.00,0,0,0,0,0.00%,0.00%,£0.00,£0.00,0,0,0,0
B09HXRBHS1,"Technic Colour Fix Full Coverage Fawn Concealer, 10 ml",8,0,3,0,11,0,0.00%,0.00%,0.00%,0.00%,0.00%,0.00%,10,0,3,0,13,0,0.00%,0.00%,0.00%,0.00%,0.00%,0.00%,16.67%,0.00%,0,0,0.00%,0.00%,£0.00,£0.00,0,0,0,0,0.00%,0.00%,£0.00,£0.00,0,0,0,0
B09J2ZL6WP,VICTORIA VYNN Pure Creamy Hybrid 211 GREEN PILLAR,1,0,0,0,1,0,0.00%,0.00%,0.00%,0.00%,0.00%,0.00%,1,0,0,0,1,0,0.00%,0.00%,0.00%,0.00%,0.00%,0.00%,0.00%,0.00%,0,0,0.00%,0.00%,£0.00,£0.00,0,0,0,0,0.00%,0.00%,£0.00,£0.00,0,0,0,0
B09J2ZP249,VICTORIA VYNN Pure Creamy Hybrid 208 PINK FACADE,1,0,0,0,1,0,0.00%,0.00%,0.00%,0.00%,0.00%,0.00%,1,0,0,0,1,0,0.00%,0.00%,0.00%,0.00%,0.00%,0.00%,0.00%,0.00%,0,0,0.00%,0.00%,£0.00,£0.00,0,0,0,0,0.00%,0.00%,£0.00,£0.00,0,0,0,0
B09J3192C2,VICTORIA VYNN Pure Creamy Hybrid 216 SUNSET IN OSLO,0,0,1,0,1,0,0.00%,0.00%,0.00%,0.00%,0.00%,0.00%,0,0,1,0,1,0,0.00%,0.00%,0.00%,0.00%,0.00%,0.00%,0.00%,0.00%,0,0,0.00%,0.00%,£0.00,£0.00,0,0,0,0,0.00%,0.00%,£0.00,£0.00,0,0,0,0
B09J31J74J,VICTORIA VYNN Pure Creamy Hybrid 209 BLUE ACANTHUS,4,1,2,0,6,1,0.01%,0.00%,0.00%,0.00%,0.00%,0.01%,4,1,4,0,8,1,0.00%,0.01%,0.00%,0.00%,0.00%,0.00%,0.00%,0.00%,0,0,0.00%,0.00%,£0.00,£0.00,0,0,0,0,0.00%,0.00%,£0.00,£0.00,0,0,0,0
B09J32BW73,VICTORIA VYNN Pure Creamy Hybrid 214 DAY IN BARCELONA,0,0,1,0,1,0,0.00%,0.00%,0.00%,0.00%,0.00%,0.00%,0,0,1,0,1,0,0.00%,0.00%,0.00%,0.00%,0.00%,0.00%,100.00%,0.00%,0,0,0.00%,0.00%,£0.00,£0.00,0,0,0,0,0.00%,0.00%,£0.00,£0.00,0,0,0,0
B09J32F9RM,VICTORIA VYNN Pure Creamy Hybrid 221 MORNING IN VENICE,1,0,0,0,1,0,0.00%,0.00%,0.00%,0.00%,0.00%,0.00%,1,0,0,0,1,0,0.00%,0.00%,0.00%,0.00%,0.00%,0.00%,0.00%,0.00%,0,0,0.00%,0.00%,£0.00,£0.00,0,0,0,0,0.00%,0.00%,£0.00,£0.00,0,0,0,0
B09J53SJSY,Bourjois Paris Healthy Mix Tinted Beautifier 30ml - 001 Fair,120,0,71,2,191,2,0.00%,0.01%,0.01%,0.03%,0.01%,0.01%,144,0,90,2,234,2,0.01%,0.00%,0.01%,0.02%,0.01%,0.01%,0.00%,0.00%,0,0,0.00%,0.00%,£0.00,£0.00,0,0,0,0,0.00%,0.00%,£0.00,£0.00,0,0,0,0
B09J558C4B,"BOURJOIS 1005-01113 Healthy Mix Hair Colord Beautifier 002 for Adults, Designed for Healthy-Looking Hair Care and Styling",16,1,20,1,36,2,0.01%,0.00%,0.00%,0.01%,0.00%,0.01%,19,1,23,1,42,2,0.00%,0.01%,0.00%,0.01%,0.00%,0.01%,2.44%,0.00%,0,0,0.00%,0.00%,£0.00,£0.00,0,0,0,0,0.00%,0.00%,£0.00,£0.00,0,0,0,0
B09KNJGF8L,"Rimmel Kind + Free Moisturising Skin Tint Foundation, Vanilla 160","4,053",17,"1,643",24,"5,696",41,0.20%,0.26%,0.23%,0.33%,0.25%,0.26%,"4,989",21,"2,096",29,"7,085",50,0.25%,0.19%,0.22%,0.29%,0.24%,0.23%,0.00%,0.00%,0,0,0.00%,0.00%,£0.00,£0.00,0,0,0,0,0.00%,0.00%,£0.00,£0.00,0,0,0,0
B09L6LLLRN,Technic Colour Corrector Concealer Duo Correct Cover Conceal Blemish Correcting (Lavender/Peach),12,0,11,0,23,0,0.00%,0.00%,0.00%,0.00%,0.00%,0.00%,15,0,11,0,26,0,0.00%,0.00%,0.00%,0.00%,0.00%,0.00%,16.67%,0.00%,0,0,0.00%,0.00%,£0.00,£0.00,0,0,0,0,0.00%,0.00%,£0.00,£0.00,0,0,0,0
B09L6MMKTD,Technic Colour Corrector Concealer Duo Correct Cover Conceal Blemish Correcting (Yellow/Orange),22,0,8,0,30,0,0.00%,0.00%,0.00%,0.00%,0.00%,0.00%,28,0,10,0,38,0,0.00%,0.00%,0.00%,0.00%,0.00%,0.00%,25.00%,0.00%,0,0,0.00%,0.00%,£0.00,£0.00,0,0,0,0,0.00%,0.00%,£0.00,£0.00,0,0,0,0
B09LRGJV83,Revlon,833,5,473,6,"1,306",11,0.06%,0.05%,0.07%,0.08%,0.06%,0.07%,"1,019",6,605,9,"1,624",15,0.05%,0.05%,0.06%,0.09%,0.05%,0.07%,0.00%,0.00%,0,0,0.00%,0.00%,£0.00,£0.00,0,0,0,0,0.00%,0.00%,£0.00,£0.00,0,0,0,0
B09N2YCZ1K,"Rimmel London Lasting Finish Compact Foundation, 009 Honey, 7g",91,0,54,1,145,1,0.00%,0.01%,0.01%,0.01%,0.01%,0.01%,125,0,71,1,196,1,0.01%,0.00%,0.01%,0.01%,0.01%,0.00%,0.00%,0.00%,0,0,0.00%,0.00%,£0.00,£0.00,0,0,0,0,0.00%,0.00%,£0.00,£0.00,0,0,0,0
B09N2YPVS9,"Rimmel London Lasting Finish Compact Foundation, 002 Pearl, 7g",233,1,117,2,350,3,0.01%,0.01%,0.02%,0.03%,0.02%,0.02%,303,1,157,2,460,3,0.01%,0.01%,0.02%,0.02%,0.02%,0.01%,0.00%,0.00%,0,0,0.00%,0.00%,£0.00,£0.00,0,0,0,0,0.00%,0.00%,£0.00,£0.00,0,0,0,0
B09NT5KWL5,"L'Oreal Paris Midnight Serum, Age Perfect Cell Renew, Night Serum, 30ml","1,596",12,825,9,"2,421",21,0.14%,0.10%,0.11%,0.12%,0.11%,0.13%,"2,113",13,"1,082",11,"3,195",24,0.10%,0.12%,0.11%,0.11%,0.11%,0.11%,0.00%,0.00%,0,0,0.00%,0.00%,£0.00,£0.00,0,0,0,0,0.00%,0.00%,£0.00,£0.00,0,0,0,0
B09P1YCQZ5,Max Factor Browfinity,153,1,126,0,279,1,0.01%,0.01%,0.02%,0.00%,0.01%,0.01%,200,1,155,0,355,1,0.01%,0.01%,0.02%,0.00%,0.01%,0.00%,0.29%,0.00%,0,0,0.00%,0.00%,£0.00,£0.00,0,0,0,0,0.00%,0.00%,£0.00,£0.00,0,0,0,0
B09P1YXBCM,Max Factor Masterpiece Mono Eyeshadow,661,1,455,2,"1,116",3,0.01%,0.04%,0.06%,0.03%,0.05%,0.02%,847,1,599,2,"1,446",3,0.04%,0.01%,0.06%,0.02%,0.05%,0.01%,0.00%,0.00%,0,0,0.00%,0.00%,£0.00,£0.00,0,0,0,0,0.00%,0.00%,£0.00,£0.00,0,0,0,0
B09PRWLT9R,"REDKEN Lightening Shampoo, For Blonde Hair, With Vitamin C, Blondage High Bright, 300ml",487,3,208,1,695,4,0.04%,0.03%,0.03%,0.01%,0.03%,0.03%,635,3,278,3,913,6,0.03%,0.03%,0.03%,0.03%,0.03%,0.03%,0.00%,0.00%,0,0,0.00%,0.00%,£0.00,£0.00,0,0,0,0,0.00%,0.00%,£0.00,£0.00,0,0,0,0
B09R938Z33,Yankee Candle Medium,22,0,12,0,34,0,0.00%,0.00%,0.00%,0.00%,0.00%,0.00%,25,0,12,0,37,0,0.00%,0.00%,0.00%,0.00%,0.00%,0.00%,0.00%,0.00%,0,0,0.00%,0.00%,£0.00,£0.00,0,0,0,0,0.00%,0.00%,£0.00,£0.00,0,0,0,0
B09RCVB9MH,Max Factor Colour Elixir,925,11,441,5,"1,366",16,0.13%,0.06%,0.06%,0.07%,0.06%,0.10%,"1,176",13,562,6,"1,738",19,0.06%,0.12%,0.06%,0.06%,0.06%,0.09%,0.00%,0.00%,0,0,0.00%,0.00%,£0.00,£0.00,0,0,0,0,0.00%,0.00%,£0.00,£0.00,0,0,0,0
B09RD84BHP,Max Factor Colour Elixir,210,2,169,2,379,4,0.02%,0.01%,0.02%,0.03%,0.02%,0.03%,246,2,202,5,448,7,0.01%,0.02%,0.02%,0.05%,0.02%,0.03%,0.00%,0.00%,0,0,0.00%,0.00%,£0.00,£0.00,0,0,0,0,0.00%,0.00%,£0.00,£0.00,0,0,0,0
B09RD84MM1,Max Factor Colour Elixir,175,4,147,2,322,6,0.05%,0.01%,0.02%,0.03%,0.01%,0.04%,231,8,185,2,416,10,0.01%,0.07%,0.02%,0.02%,0.01%,0.05%,0.25%,0.00%,0,0,0.00%,0.00%,£0.00,£0.00,0,0,0,0,0.00%,0.00%,£0.00,£0.00,0,0,0,0
B09RD9YFKK,Max Factor Colour Elixir,"1,703",14,866,16,"2,569",30,0.16%,0.11%,0.12%,0.22%,0.11%,0.19%,"2,183",25,"1,215",22,"3,398",47,0.11%,0.22%,0.13%,0.22%,0.11%,0.22%,0.06%,0.00%,0,0,0.00%,0.00%,£0.00,£0.00,0,0,0,0,0.00%,0.00%,£0.00,£0.00,0,0,0,0
B09RDCF9TQ,Max Factor Real Brow,"1,154",4,590,7,"1,744",11,0.05%,0.07%,0.08%,0.10%,0.08%,0.07%,"1,555",6,814,19,"2,369",25,0.08%,0.05%,0.09%,0.19%,0.08%,0.12%,0.00%,0.00%,0,0,0.00%,0.00%,£0.00,£0.00,0,0,0,0,0.00%,0.00%,£0.00,£0.00,0,0,0,0
B09SXDL8JQ,Revlon,39,0,22,0,61,0,0.00%,0.00%,0.00%,0.00%,0.00%,0.00%,44,0,25,0,69,0,0.00%,0.00%,0.00%,0.00%,0.00%,0.00%,0.00%,0.00%,0,0,0.00%,0.00%,£0.00,£0.00,0,0,0,0,0.00%,0.00%,£0.00,£0.00,0,0,0,0
B09SXPHKSY,Embryolisse Lait Creme Multi- Protection (Packaging May Vary),470,4,202,1,672,5,0.05%,0.03%,0.03%,0.01%,0.03%,0.03%,604,4,267,1,871,5,0.03%,0.04%,0.03%,0.01%,0.03%,0.02%,0.00%,0.00%,0,0,0.00%,0.00%,£0.00,£0.00,0,0,0,0,0.00%,0.00%,£0.00,£0.00,0,0,0,0
B09TG4BM3G,L'Oreal Paris L'Oreal Paris Color Riche Intense Volume Matte,"2,216",11,786,6,"3,002",17,0.13%,0.14%,0.11%,0.08%,0.13%,0.11%,"2,932",14,"1,068",10,"4,000",24,0.14%,0.13%,0.11%,0.10%,0.13%,0.11%,0.00%,0.00%,0,0,0.00%,0.00%,£0.00,£0.00,0,0,0,0,0.00%,0.00%,£0.00,£0.00,0,0,0,0
B09WMYBB19,Elizabeth Arden White Tea Eau de Toilette,158,0,124,1,282,1,0.00%,0.01%,0.02%,0.01%,0.01%,0.01%,199,0,159,1,358,1,0.01%,0.00%,0.02%,0.01%,0.01%,0.00%,0.00%,0.00%,0,0,0.00%,0.00%,£0.00,£0.00,0,0,0,0,0.00%,0.00%,£0.00,£0.00,0,0,0,0
B09WN1L1TP,Elizabeth Arden Advanced Ceramide Lift & Firm Cream,133,2,114,0,247,2,0.02%,0.01%,0.02%,0.00%,0.01%,0.01%,180,2,160,0,340,2,0.01%,0.02%,0.02%,0.00%,0.01%,0.01%,0.00%,0.00%,0,0,0.00%,0.00%,£0.00,£0.00,0,0,0,0,0.00%,0.00%,£0.00,£0.00,0,0,0,0
B09X67WFHV,"L'Oreal Paris, Air Volume Mega Mascara",196,0,105,4,301,4,0.00%,0.01%,0.01%,0.05%,0.01%,0.03%,266,0,134,9,400,9,0.01%,0.00%,0.01%,0.09%,0.01%,0.04%,0.00%,0.00%,0,0,0.00%,0.00%,£0.00,£0.00,0,0,0,0,0.00%,0.00%,£0.00,£0.00,0,0,0,0
B09XN6XHP6,Max Factor Creme Puff Face Powder 14g - 14 Golden Beige,9,0,13,0,22,0,0.00%,0.00%,0.00%,0.00%,0.00%,0.00%,10,0,18,0,28,0,0.00%,0.00%,0.00%,0.00%,0.00%,0.00%,0.00%,0.00%,0,0,0.00%,0.00%,£0.00,£0.00,0,0,0,0,0.00%,0.00%,£0.00,£0.00,0,0,0,0
B0B25VGQ73,"Technic Brow FXer Brow Sculpting Gel 14g, Clear",395,1,136,2,531,3,0.01%,0.03%,0.02%,0.03%,0.02%,0.02%,458,1,165,2,623,3,0.02%,0.01%,0.02%,0.02%,0.02%,0.01%,0.17%,0.00%,0,0,0.00%,0.00%,£0.00,£0.00,0,0,0,0,0.00%,0.00%,£0.00,£0.00,0,0,0,0
B0B36NKMFH,Healthy Mix Clean Mascara 002 Brown / Black,65,0,43,0,108,0,0.00%,0.00%,0.01%,0.00%,0.00%,0.00%,86,0,54,0,140,0,0.00%,0.00%,0.01%,0.00%,0.00%,0.00%,0.00%,0.00%,0,0,0.00%,0.00%,£0.00,£0.00,0,0,0,0,0.00%,0.00%,£0.00,£0.00,0,0,0,0
B0B3MTHDD5,Victoria Vynn GEL POLISH Top Green Mirage No Wipe UV Led Gel Polish Top 8ml,8,0,1,0,9,0,0.00%,0.00%,0.00%,0.00%,0.00%,0.00%,14,0,1,0,15,0,0.00%,0.00%,0.00%,0.00%,0.00%,0.00%,50.00%,0.00%,0,0,0.00%,0.00%,£0.00,£0.00,0,0,0,0,0.00%,0.00%,£0.00,£0.00,0,0,0,0
B0B4F4GLRG,"Elizabeth Arden White Tea EDP, 100ml",535,2,268,5,803,7,0.02%,0.03%,0.04%,0.07%,0.04%,0.04%,734,2,350,7,"1,084",9,0.04%,0.02%,0.04%,0.07%,0.04%,0.04%,0.10%,0.00%,0,0,0.00%,0.00%,£0.00,£0.00,0,0,0,0,0.00%,0.00%,£0.00,£0.00,0,0,0,0
B0B4KLT7PS,"Max Factor False Lash Effect Serum for Eyelashes & Brows, 13ml",350,0,169,9,519,9,0.00%,0.02%,0.02%,0.12%,0.02%,0.06%,406,0,208,9,614,9,0.02%,0.00%,0.02%,0.09%,0.02%,0.04%,0.00%,0.00%,0,0,0.00%,0.00%,£0.00,£0.00,0,0,0,0,0.00%,0.00%,£0.00,£0.00,0,0,0,0
B0B4KPR4NZ,Rimmel Lasting Provocalips Liquid Lipstick Pinky Promise,355,1,164,3,519,4,0.01%,0.02%,0.02%,0.04%,0.02%,0.03%,489,2,204,3,693,5,0.02%,0.02%,0.02%,0.03%,0.02%,0.02%,0.00%,0.00%,0,0,0.00%,0.00%,£0.00,£0.00,0,0,0,0,0.00%,0.00%,£0.00,£0.00,0,0,0,0
B0B4SNDB9Q,Rimmel Lasting Provocalips Liquid Lipstick No Wine-Ing,77,1,52,1,129,2,0.01%,0.00%,0.01%,0.01%,0.01%,0.01%,98,1,59,1,157,2,0.00%,0.01%,0.01%,0.01%,0.01%,0.01%,0.00%,0.00%,0,0,0.00%,0.00%,£0.00,£0.00,0,0,0,0,0.00%,0.00%,£0.00,£0.00,0,0,0,0
B0B4SRG11L,Rimmel Lasting Provocalips Liquid Lipstick Caught Red Lipped,203,3,87,0,290,3,0.04%,0.01%,0.01%,0.00%,0.01%,0.02%,249,4,126,0,375,4,0.01%,0.04%,0.01%,0.00%,0.01%,0.02%,0.00%,0.00%,0,0,0.00%,0.00%,£0.00,£0.00,0,0,0,0,0.00%,0.00%,£0.00,£0.00,0,0,0,0
B0B4Z5HGRL,7th Heaven av2022-7th Heaven-skin for long lasting hydration ideal for all skin types-ae33d641,0,0,3,0,3,0,0.00%,0.00%,0.00%,0.00%,0.00%,0.00%,0,0,3,0,3,0,0.00%,0.00%,0.00%,0.00%,0.00%,0.00%,0.00%,0.00%,0,0,0.00%,0.00%,£0.00,£0.00,0,0,0,0,0.00%,0.00%,£6.64,£0.00,2,0,1,0
B0B547YMTX,W7 Glamorous Nails - Pink Beige (met nagellijm),4,0,6,0,10,0,0.00%,0.00%,0.00%,0.00%,0.00%,0.00%,9,0,7,0,16,0,0.00%,0.00%,0.00%,0.00%,0.00%,0.00%,66.67%,0.00%,0,0,0.00%,0.00%,£0.00,£0.00,0,0,0,0,0.00%,0.00%,£0.00,£0.00,0,0,0,0
B0B5CT3PTK,Blush,"1,599",9,736,5,"2,335",14,0.11%,0.10%,0.10%,0.07%,0.10%,0.09%,"2,086",9,"1,023",5,"3,109",14,0.10%,0.08%,0.11%,0.05%,0.10%,0.07%,0.00%,0.00%,0,0,0.00%,0.00%,£0.00,£0.00,0,0,0,0,0.00%,0.00%,£0.00,£0.00,0,0,0,0
B0B75N4GT8,"MAC, Studio Radiance Face And Body Radiant Sheer Foundation - N3, 50 ml",15,0,12,0,27,0,0.00%,0.00%,0.00%,0.00%,0.00%,0.00%,17,0,16,0,33,0,0.00%,0.00%,0.00%,0.00%,0.00%,0.00%,0.00%,0.00%,0,0,0.00%,0.00%,£0.00,£0.00,0,0,0,0,0.00%,0.00%,£0.00,£0.00,0,0,0,0
B0B75R3RZP,"MAC, Studio Radiance Face And Body Radiant Sheer Foundation - N6, 50 ml",4,0,2,0,6,0,0.00%,0.00%,0.00%,0.00%,0.00%,0.00%,7,0,2,0,9,0,0.00%,0.00%,0.00%,0.00%,0.00%,0.00%,85.71%,0.00%,0,0,0.00%,0.00%,£0.00,£0.00,0,0,0,0,0.00%,0.00%,£0.00,£0.00,0,0,0,0
B0B9XK87GS,Skin Full Cover Concealer - Natural by Bobbi Brown for Women - 0.27 oz Concealer,1,0,1,0,2,0,0.00%,0.00%,0.00%,0.00%,0.00%,0.00%,2,0,1,0,3,0,0.00%,0.00%,0.00%,0.00%,0.00%,0.00%,0.00%,0.00%,0,0,0.00%,0.00%,£0.00,£0.00,0,0,0,0,0.00%,0.00%,£0.00,£0.00,0,0,0,0
B0BB1P6XNS,Yankee Candle Signature Scented Candle | Clean Cotton Large Jar Candle with Double Wicks | Soy Wax Blend Long Burning Candle for Women,40,0,27,1,67,1,0.00%,0.00%,0.00%,0.01%,0.00%,0.01%,59,0,31,1,90,1,0.00%,0.00%,0.00%,0.01%,0.00%,0.00%,0.00%,0.00%,0,0,0.00%,0.00%,£0.00,£0.00,0,0,0,0,0.00%,0.00%,£0.00,£0.00,0,0,0,0
B0BB1PHXPC,Yankee Candle Signature Scented Candle | Soft Blanket Large Jar Candle with Double Wicks | Soy Wax Blend Long Burning Candle for Women,34,0,20,0,54,0,0.00%,0.00%,0.00%,0.00%,0.00%,0.00%,48,0,21,0,69,0,0.00%,0.00%,0.00%,0.00%,0.00%,0.00%,0.00%,0.00%,0,0,0.00%,0.00%,£0.00,£0.00,0,0,0,0,0.00%,0.00%,£0.00,£0.00,0,0,0,0
B0BCGSJ94D,60 Seconds Super Shine #154-shell Yeah!! 8 ml,159,0,86,0,245,0,0.00%,0.01%,0.01%,0.00%,0.01%,0.00%,198,0,119,0,317,0,0.01%,0.00%,0.01%,0.00%,0.01%,0.00%,0.00%,0.00%,0,0,0.00%,0.00%,£0.00,£0.00,0,0,0,0,0.00%,0.00%,£0.00,£0.00,0,0,0,0
B0BCGVTMRP,60 Seconds Super Shine #150-sandy Toes 8 ml,13,0,8,0,21,0,0.00%,0.00%,0.00%,0.00%,0.00%,0.00%,19,0,9,0,28,0,0.00%,0.00%,0.00%,0.00%,0.00%,0.00%,0.00%,0.00%,0,0,0.00%,0.00%,£0.00,£0.00,0,0,0,0,0.00%,0.00%,£0.00,£0.00,0,0,0,0
B0BDXVHPF7,Victoria Vynn GEL POLISH COLOUR 297 DAZZLING SIRIUS UV/LED Soak Off 8ml,3,0,0,0,3,0,0.00%,0.00%,0.00%,0.00%,0.00%,0.00%,4,0,0,0,4,0,0.00%,0.00%,0.00%,0.00%,0.00%,0.00%,0.00%,0.00%,0,0,0.00%,0.00%,£0.00,£0.00,0,0,0,0,0.00%,0.00%,£0.00,£0.00,0,0,0,0
B0BDY11QF7,Victoria Vynn GEL POLISH COLOUR 298 PURPLE SPICA UV/LED Soak Off 8ml,3,0,0,0,3,0,0.00%,0.00%,0.00%,0.00%,0.00%,0.00%,4,0,0,0,4,0,0.00%,0.00%,0.00%,0.00%,0.00%,0.00%,0.00%,0.00%,0,0,0.00%,0.00%,£0.00,£0.00,0,0,0,0,0.00%,0.00%,£0.00,£0.00,0,0,0,0
B0BF3MTQNK,Victoria Vynn GEL POLISH COLOUR 301 LOCKED IN RED UV/LED Soak Off 8ml,6,0,1,0,7,0,0.00%,0.00%,0.00%,0.00%,0.00%,0.00%,6,0,1,0,7,0,0.00%,0.00%,0.00%,0.00%,0.00%,0.00%,14.29%,0.00%,0,0,0.00%,0.00%,£0.00,£0.00,0,0,0,0,0.00%,0.00%,£0.00,£0.00,0,0,0,0
B0BF3MXYGW,Victoria Vynn GEL POLISH COLOUR 315 Créme Brulée UV/LED Soak Off 8ml,2,0,0,0,2,0,0.00%,0.00%,0.00%,0.00%,0.00%,0.00%,3,0,0,0,3,0,0.00%,0.00%,0.00%,0.00%,0.00%,0.00%,0.00%,0.00%,0,0,0.00%,0.00%,£0.00,£0.00,0,0,0,0,0.00%,0.00%,£0.00,£0.00,0,0,0,0
B0BF3XVKVS,Victoria Vynn GEL POLISH COLOUR 302 SILVER SURPRISE UV/LED Soak Off 8ml,11,0,0,0,11,0,0.00%,0.00%,0.00%,0.00%,0.00%,0.00%,13,0,0,0,13,0,0.00%,0.00%,0.00%,0.00%,0.00%,0.00%,0.00%,0.00%,0,0,0.00%,0.00%,£0.00,£0.00,0,0,0,0,0.00%,0.00%,£0.00,£0.00,0,0,0,0
B0BF44LBN9,Victoria Vynn GEL POLISH COLOUR 311 ROSE MINORU UV/LED Soak Off 8ml,5,0,4,0,9,0,0.00%,0.00%,0.00%,0.00%,0.00%,0.00%,5,0,4,0,9,0,0.00%,0.00%,0.00%,0.00%,0.00%,0.00%,0.00%,0.00%,0,0,0.00%,0.00%,£0.00,£0.00,0,0,0,0,0.00%,0.00%,£0.00,£0.00,0,0,0,0
B0BF4JP5NL,Victoria Vynn GEL POLISH COLOUR 309 ROUGE KOUJI UV/LED Soak Off 8ml,6,0,0,0,6,0,0.00%,0.00%,0.00%,0.00%,0.00%,0.00%,12,0,0,0,12,0,0.00%,0.00%,0.00%,0.00%,0.00%,0.00%,0.00%,0.00%,0,0,0.00%,0.00%,£0.00,£0.00,0,0,0,0,0.00%,0.00%,£0.00,£0.00,0,0,0,0
B0BF94MBZF,Joanna Silk Smoothing Conditioner 500ML,0,0,1,0,1,0,0.00%,0.00%,0.00%,0.00%,0.00%,0.00%,0,0,1,0,1,0,0.00%,0.00%,0.00%,0.00%,0.00%,0.00%,100.00%,0.00%,0,0,0.00%,0.00%,£0.00,£0.00,0,0,0,0,0.00%,0.00%,£0.00,£0.00,0,0,0,0
B0BF94VJWK,Joanna Silk Smoothing Shampoo 500ML,0,0,1,0,1,0,0.00%,0.00%,0.00%,0.00%,0.00%,0.00%,0,0,1,0,1,0,0.00%,0.00%,0.00%,0.00%,0.00%,0.00%,100.00%,0.00%,0,0,0.00%,0.00%,£0.00,£0.00,0,0,0,0,0.00%,0.00%,£0.00,£0.00,0,0,0,0
B0BFB7NXJM,Joanna Curls Enhancing Mousse 150ML,0,0,2,0,2,0,0.00%,0.00%,0.00%,0.00%,0.00%,0.00%,0,0,2,0,2,0,0.00%,0.00%,0.00%,0.00%,0.00%,0.00%,50.00%,0.00%,0,0,0.00%,0.00%,£0.00,£0.00,0,0,0,0,0.00%,0.00%,£0.00,£0.00,0,0,0,0
B0BFC68FTX,"Max Factor, Eyefinity All Day Eye Shadow","1,893",6,790,10,"2,683",16,0.07%,0.12%,0.11%,0.14%,0.12%,0.10%,"2,316",9,"1,030",10,"3,346",19,0.11%,0.08%,0.11%,0.10%,0.11%,0.09%,0.00%,0.00%,0,0,0.00%,0.00%,£0.00,£0.00,0,0,0,0,0.00%,0.00%,£0.00,£0.00,0,0,0,0
B0BFFY67C5,Rimmel Kind & Free Brow Definer - 003 Warm Brown,109,0,76,0,185,0,0.00%,0.01%,0.01%,0.00%,0.01%,0.00%,125,0,99,0,224,0,0.01%,0.00%,0.01%,0.00%,0.01%,0.00%,0.00%,0.00%,0,0,0.00%,0.00%,£0.00,£0.00,0,0,0,0,0.00%,0.00%,£0.00,£0.00,0,0,0,0
B0BGQSF6FX,Victoria Vynn GEL POLISH COLOUR 322 Pink Antares UV/LED Soak Off 8ml,5,0,1,0,6,0,0.00%,0.00%,0.00%,0.00%,0.00%,0.00%,11,0,1,0,12,0,0.00%,0.00%,0.00%,0.00%,0.00%,0.00%,91.67%,0.00%,0,0,0.00%,0.00%,£0.00,£0.00,0,0,0,0,0.00%,0.00%,£0.00,£0.00,0,0,0,0
B0BGQT52WC,Victoria Vynn GEL POLISH COLOUR 323 Quartz Bellatrix UV/LED Soak Off 8ml,29,0,5,0,34,0,0.00%,0.00%,0.00%,0.00%,0.00%,0.00%,51,0,5,0,56,0,0.00%,0.00%,0.00%,0.00%,0.00%,0.00%,0.00%,0.00%,0,0,0.00%,0.00%,£0.00,£0.00,0,0,0,0,0.00%,0.00%,£0.00,£0.00,0,0,0,0
B0BH95WFPW,"Max Factor Miracle Pure Vitamin C Skin-Illuminating Serum, 30ml, 98.0 grams",515,3,475,10,990,13,0.04%,0.03%,0.07%,0.14%,0.04%,0.08%,617,3,584,15,"1,201",18,0.03%,0.03%,0.06%,0.15%,0.04%,0.08%,0.00%,0.00%,0,0,0.00%,0.00%,£0.00,£0.00,0,0,0,0,0.00%,0.00%,£0.00,£0.00,0,0,0,0
B0BH97LL38,"BOURJOIS 1005-97326 Healthy Mix Radiant Foundation 55-deep Beige 30 ml for Adults, Built for Polished Makeup and Nail Looks, 30 ml",177,0,80,0,257,0,0.00%,0.01%,0.01%,0.00%,0.01%,0.00%,264,0,104,0,368,0,0.01%,0.00%,0.01%,0.00%,0.01%,0.00%,0.00%,0.00%,0,0,0.00%,0.00%,£0.00,£0.00,0,0,0,0,0.00%,0.00%,£0.00,£0.00,0,0,0,0
B0BJKY1ZWX,Yankee Candle Scented,41,0,37,1,78,1,0.00%,0.00%,0.01%,0.01%,0.00%,0.01%,52,0,46,1,98,1,0.00%,0.00%,0.00%,0.01%,0.00%,0.00%,0.00%,0.00%,0,0,0.00%,0.00%,£0.00,£0.00,0,0,0,0,0.00%,0.00%,£0.00,£0.00,0,0,0,0
B0BJQ48P62,Yankee Candle Scented Candles,44,0,26,0,70,0,0.00%,0.00%,0.00%,0.00%,0.00%,0.00%,54,0,34,0,88,0,0.00%,0.00%,0.00%,0.00%,0.00%,0.00%,0.00%,0.00%,0,0,0.00%,0.00%,£0.00,£0.00,0,0,0,0,0.00%,0.00%,£0.00,£0.00,0,0,0,0
B0BJQ7KJ34,Yankee Candle Scented,42,0,23,0,65,0,0.00%,0.00%,0.00%,0.00%,0.00%,0.00%,52,0,24,0,76,0,0.00%,0.00%,0.00%,0.00%,0.00%,0.00%,0.00%,0.00%,0,0,0.00%,0.00%,£0.00,£0.00,0,0,0,0,0.00%,0.00%,£0.00,£0.00,0,0,0,0
B0BJYNMFBC,"MAC, 239S Eye Shader Brush, 1 Item",2,0,0,0,2,0,0.00%,0.00%,0.00%,0.00%,0.00%,0.00%,2,0,0,0,2,0,0.00%,0.00%,0.00%,0.00%,0.00%,0.00%,0.00%,0.00%,0,0,0.00%,0.00%,£0.00,£0.00,0,0,0,0,0.00%,0.00%,£0.00,£0.00,0,0,0,0
B0BKR3VF8L,"MAC, 224S Tapered Blending Brush, 1 Item",0,0,6,1,6,1,0.00%,0.00%,0.00%,0.01%,0.00%,0.01%,0,0,9,1,9,1,0.00%,0.00%,0.00%,0.01%,0.00%,0.00%,0.00%,0.00%,0,0,0.00%,0.00%,£0.00,£0.00,0,0,0,0,0.00%,0.00%,£0.00,£0.00,0,0,0,0
B0BL898PXQ,Technic Hydrating Lip Oil Gloss Fruity Flavour (Summer Vibes Pina Colada),0,0,2,0,2,0,0.00%,0.00%,0.00%,0.00%,0.00%,0.00%,0,0,2,0,2,0,0.00%,0.00%,0.00%,0.00%,0.00%,0.00%,0.00%,0.00%,0,0,0.00%,0.00%,£0.00,£0.00,0,0,0,0,0.00%,0.00%,£0.00,£0.00,0,0,0,0
B0BL8HYR3Y,Technic Hydrating Lip Oil Gloss Fruity Flavour (Summer Vibes Mojito),1,0,1,0,2,0,0.00%,0.00%,0.00%,0.00%,0.00%,0.00%,1,0,1,0,2,0,0.00%,0.00%,0.00%,0.00%,0.00%,0.00%,0.00%,0.00%,0,0,0.00%,0.00%,£0.00,£0.00,0,0,0,0,0.00%,0.00%,£0.00,£0.00,0,0,0,0
B0BMDPMSQV,Rimmel Rimmel_19401500,829,1,375,10,"1,204",11,0.01%,0.05%,0.05%,0.14%,0.05%,0.07%,"1,052",1,469,11,"1,521",12,0.05%,0.01%,0.05%,0.11%,0.05%,0.06%,0.07%,0.00%,0,0,0.00%,0.00%,£0.00,£0.00,0,0,0,0,0.00%,0.00%,£0.00,£0.00,0,0,0,0
B0BN1D3GS7,"RIMMEL London 99350122192 Beauty Care Rimmel Kind and Free Lip Balm 003 for Adults, Made for Daily Beauty and Care",96,0,46,1,142,1,0.00%,0.01%,0.01%,0.01%,0.01%,0.01%,108,0,65,1,173,1,0.01%,0.00%,0.01%,0.01%,0.01%,0.00%,0.00%,0.00%,0,0,0.00%,0.00%,£0.00,£0.00,0,0,0,0,0.00%,0.00%,£0.00,£0.00,0,0,0,0
B0BN1FVNTG,"Max Factor Masterpiece Lash WOW Mascara, 001 Black, 7.0 milliliters, Pack of 1",198,1,93,6,291,7,0.01%,0.01%,0.01%,0.08%,0.01%,0.04%,252,1,120,10,372,11,0.01%,0.01%,0.01%,0.10%,0.01%,0.05%,0.00%,0.00%,0,0,0.00%,0.00%,£0.00,£0.00,0,0,0,0,0.00%,0.00%,£0.00,£0.00,0,0,0,0
B0BN1K7XMT,Max Factor Facefinity All Day Shade 90 Concealer 200 g,4,0,11,0,15,0,0.00%,0.00%,0.00%,0.00%,0.00%,0.00%,4,0,12,0,16,0,0.00%,0.00%,0.00%,0.00%,0.00%,0.00%,0.00%,0.00%,0,0,0.00%,0.00%,£0.00,£0.00,0,0,0,0,0.00%,0.00%,£0.00,£0.00,0,0,0,0
B0BN47HLGP,"L'Oreal Paris Infallible 24H Foundation, 120 Vanilla, 30 ml",9,0,8,0,17,0,0.00%,0.00%,0.00%,0.00%,0.00%,0.00%,9,0,8,0,17,0,0.00%,0.00%,0.00%,0.00%,0.00%,0.00%,0.00%,0.00%,0,0,0.00%,0.00%,£0.00,£0.00,0,0,0,0,0.00%,0.00%,£0.00,£0.00,0,0,0,0
B0BNF9SVXT,VICTORIA VYNN Pure Creamy Hybrid 227 PERI WAVE 8 ml,1,0,1,0,2,0,0.00%,0.00%,0.00%,0.00%,0.00%,0.00%,2,0,1,0,3,0,0.00%,0.00%,0.00%,0.00%,0.00%,0.00%,0.00%,0.00%,0,0,0.00%,0.00%,£0.00,£0.00,0,0,0,0,0.00%,0.00%,£0.00,£0.00,0,0,0,0
B0BNFCYNG4,VICTORIA VYNN Pure Creamy Hybrid 225 PINK CLOUD 8 ml,0,0,1,0,1,0,0.00%,0.00%,0.00%,0.00%,0.00%,0.00%,0,0,1,0,1,0,0.00%,0.00%,0.00%,0.00%,0.00%,0.00%,0.00%,0.00%,0,0,0.00%,0.00%,£0.00,£0.00,0,0,0,0,0.00%,0.00%,£0.00,£0.00,0,0,0,0
B0BNFNNVD4,VICTORIA VYNN Pure Creamy Hybrid 228 GREEN SING 8 ml,1,0,0,0,1,0,0.00%,0.00%,0.00%,0.00%,0.00%,0.00%,1,0,0,0,1,0,0.00%,0.00%,0.00%,0.00%,0.00%,0.00%,0.00%,0.00%,0,0,0.00%,0.00%,£0.00,£0.00,0,0,0,0,0.00%,0.00%,£0.00,£0.00,0,0,0,0
B0BNG7K3QK,VICTORIA VYNN Pure Creamy Hybrid 232 PINK HORIZON 8 ml,6,0,1,0,7,0,0.00%,0.00%,0.00%,0.00%,0.00%,0.00%,7,0,3,0,10,0,0.00%,0.00%,0.00%,0.00%,0.00%,0.00%,0.00%,0.00%,0,0,0.00%,0.00%,£0.00,£0.00,0,0,0,0,0.00%,0.00%,£0.00,£0.00,0,0,0,0
B0BNG83M2Z,VICTORIA VYNN Pure Creamy Hybrid 234 MAUVE LANDSCAPE 8 ml,0,0,2,0,2,0,0.00%,0.00%,0.00%,0.00%,0.00%,0.00%,0,0,2,0,2,0,0.00%,0.00%,0.00%,0.00%,0.00%,0.00%,0.00%,0.00%,0,0,0.00%,0.00%,£0.00,£0.00,0,0,0,0,0.00%,0.00%,£0.00,£0.00,0,0,0,0
B0BNLL3DS2,Max Factor Facefinity All Day Shade 80 Concealer 200 g,22,0,11,0,33,0,0.00%,0.00%,0.00%,0.00%,0.00%,0.00%,25,0,11,0,36,0,0.00%,0.00%,0.00%,0.00%,0.00%,0.00%,0.00%,0.00%,0,0,0.00%,0.00%,£0.00,£0.00,0,0,0,0,0.00%,0.00%,£0.00,£0.00,0,0,0,0
B0BNMQVFSV,Max Factor False Lash Effect Mascara,502,4,352,7,854,11,0.05%,0.03%,0.05%,0.10%,0.04%,0.07%,636,7,515,8,"1,151",15,0.03%,0.06%,0.05%,0.08%,0.04%,0.07%,0.37%,0.00%,0,0,0.00%,0.00%,£0.00,£0.00,0,0,0,0,0.00%,0.00%,£0.00,£0.00,0,0,0,0
B0BQN5X2WF,Delia Cosmetics Retinol Therapy,1,0,4,0,5,0,0.00%,0.00%,0.00%,0.00%,0.00%,0.00%,1,0,4,0,5,0,0.00%,0.00%,0.00%,0.00%,0.00%,0.00%,20.00%,0.00%,0,0,0.00%,0.00%,£0.00,£0.00,0,0,0,0,0.00%,0.00%,£0.00,£0.00,0,0,0,0
B0BQPY55FQ,Yankee Candle Signature Scented Candle | Iced Berry Lemonade Large Jar Candle with Double Wicks | Soy Wax Blend Long Burning Candle | Perfect Gifts for Women,59,0,54,0,113,0,0.00%,0.00%,0.01%,0.00%,0.00%,0.00%,65,0,69,0,134,0,0.00%,0.00%,0.01%,0.00%,0.00%,0.00%,0.00%,0.00%,0,0,0.00%,0.00%,£0.00,£0.00,0,0,0,0,0.00%,0.00%,£0.00,£0.00,0,0,0,0
B0BQQ1GBH7,Yankee Candle Signature Scented Candle | Wild Orchid Large Jar Candle with Double Wicks | Soy Wax Blend Long Burning Candle | Perfect Gifts for Women,8,0,7,0,15,0,0.00%,0.00%,0.00%,0.00%,0.00%,0.00%,10,0,9,0,19,0,0.00%,0.00%,0.00%,0.00%,0.00%,0.00%,0.00%,0.00%,0,0,0.00%,0.00%,£0.00,£0.00,0,0,0,0,0.00%,0.00%,£0.00,£0.00,0,0,0,0
B0BQQ24YTC,Yankee Candle Signature Scented Candle | White Gardenia Large Jar Candle with Double Wicks | Soy Wax Blend Long Burning Candle | Perfect Gifts for Women,20,0,19,1,39,1,0.00%,0.00%,0.00%,0.01%,0.00%,0.01%,30,0,35,1,65,1,0.00%,0.00%,0.00%,0.01%,0.00%,0.00%,0.00%,0.00%,0,0,0.00%,0.00%,£0.00,£0.00,0,0,0,0,0.00%,0.00%,£0.00,£0.00,0,0,0,0
B0BQZ7PDMB,"ARMAF Club De Nuit Imperiale Eau De Parfum, 105ml",0,0,0,0,0,0,0.00%,0.00%,0.00%,0.00%,0.00%,0.00%,0,0,0,0,0,0,0.00%,0.00%,0.00%,0.00%,0.00%,0.00%,0.00%,0.00%,0,0,0.00%,0.00%,£0.00,£0.00,0,0,1,0,0.00%,0.00%,£0.00,£0.00,0,0,0,0
B0BR7BSFQG,Max Factor Nailfinity Nail Polish,86,0,53,0,139,0,0.00%,0.01%,0.01%,0.00%,0.01%,0.00%,115,0,68,0,183,0,0.01%,0.00%,0.01%,0.00%,0.01%,0.00%,0.59%,0.00%,0,0,0.00%,0.00%,£0.00,£0.00,0,0,0,0,0.00%,0.00%,£0.00,£0.00,0,0,0,0
B0BR7KF3B6,Max Factor Masterpiece Liquid Liner,373,4,248,3,621,7,0.05%,0.02%,0.03%,0.04%,0.03%,0.04%,450,4,325,4,775,8,0.02%,0.04%,0.03%,0.04%,0.03%,0.04%,0.00%,0.00%,0,0,0.00%,0.00%,£0.00,£0.00,0,0,0,0,0.00%,0.00%,£0.00,£0.00,0,0,0,0
B0BS6VJBBV,Fudge DOUBLE Luminizer Moisture-Boosting Weightless Shine-Enhancing Conditioner 250ml,6,0,3,0,9,0,0.00%,0.00%,0.00%,0.00%,0.00%,0.00%,6,0,4,0,10,0,0.00%,0.00%,0.00%,0.00%,0.00%,0.00%,0.00%,0.00%,0,0,0.00%,0.00%,£0.00,£0.00,0,0,0,0,0.00%,0.00%,£0.00,£0.00,0,0,0,0
B0BSGKTZJR,Yankee Candle Signature Scented Candle | Cinnamon Stick Medium Jar Candle with Double Wicks | Soy Wax Blend Long Burning Candle | Perfect Gifts for Women,5,0,3,0,8,0,0.00%,0.00%,0.00%,0.00%,0.00%,0.00%,5,0,3,0,8,0,0.00%,0.00%,0.00%,0.00%,0.00%,0.00%,12.50%,0.00%,0,0,0.00%,0.00%,£0.00,£0.00,0,0,0,0,0.00%,0.00%,£0.00,£0.00,0,0,0,0
B0BSGMGX85,Yankee Candle Signature Scented Candle | Vanilla Cupcake Medium Jar Candle with Double Wicks | Soy Wax Blend Long Burning Candle | Perfect Gifts for Women,21,0,7,1,28,1,0.00%,0.00%,0.00%,0.01%,0.00%,0.01%,23,0,7,1,30,1,0.00%,0.00%,0.00%,0.01%,0.00%,0.00%,53.57%,0.00%,0,0,0.00%,0.00%,£0.00,£0.00,0,0,0,0,0.00%,0.00%,£0.00,£0.00,0,0,0,0
B0BSMSL4WY,Max Factor Brow Revival Densifying Eyebrow Gel with Oils and Fibers,226,0,124,1,350,1,0.00%,0.01%,0.02%,0.01%,0.02%,0.01%,310,0,184,1,494,1,0.02%,0.00%,0.02%,0.01%,0.02%,0.00%,0.00%,0.00%,0,0,0.00%,0.00%,£0.00,£0.00,0,0,0,0,0.00%,0.00%,£0.00,£0.00,0,0,0,0
B0BSS9PRCF,Victoria Vynn GEL POLISH COLOUR 327 ROUGE FUNK UV/LED Soak Off 8ml,0,0,1,0,1,0,0.00%,0.00%,0.00%,0.00%,0.00%,0.00%,0,0,1,0,1,0,0.00%,0.00%,0.00%,0.00%,0.00%,0.00%,0.00%,0.00%,0,0,0.00%,0.00%,£0.00,£0.00,0,0,0,0,0.00%,0.00%,£0.00,£0.00,0,0,0,0
B0BSS9S3Z3,Victoria Vynn GEL POLISH COLOUR 326 ELECTRO PURPLE UV/LED Soak Off 8ml,1,0,0,0,1,0,0.00%,0.00%,0.00%,0.00%,0.00%,0.00%,1,0,0,0,1,0,0.00%,0.00%,0.00%,0.00%,0.00%,0.00%,0.00%,0.00%,0,0,0.00%,0.00%,£0.00,£0.00,0,0,0,0,0.00%,0.00%,£0.00,£0.00,0,0,0,0
B0BSS9Z4VH,Victoria Vynn GEL POLISH COLOUR 325 TECHNO VIOLET UV/LED Soak Off 8ml,3,0,1,0,4,0,0.00%,0.00%,0.00%,0.00%,0.00%,0.00%,3,0,1,0,4,0,0.00%,0.00%,0.00%,0.00%,0.00%,0.00%,75.00%,0.00%,0,0,0.00%,0.00%,£0.00,£0.00,0,0,0,0,0.00%,0.00%,£0.00,£0.00,0,0,0,0
B0BSSCJPJM,BOURJOIS Paris Healthy Mix Clean & Vegan Anti-Fatigue Concealer,3,0,2,0,5,0,0.00%,0.00%,0.00%,0.00%,0.00%,0.00%,3,0,2,0,5,0,0.00%,0.00%,0.00%,0.00%,0.00%,0.00%,100.00%,0.00%,0,0,0.00%,0.00%,£0.00,£0.00,0,0,0,0,0.00%,0.00%,£0.00,£0.00,0,0,0,0
B0BT88565B,Technic Lip Oil Bundle,56,0,36,0,92,0,0.00%,0.00%,0.00%,0.00%,0.00%,0.00%,71,0,46,0,117,0,0.00%,0.00%,0.00%,0.00%,0.00%,0.00%,0.00%,0.00%,0,0,0.00%,0.00%,£0.00,£0.00,0,0,0,0,0.00%,0.00%,£0.00,£0.00,0,0,0,0
B0BTTHM8B7,Elizabeth Arden Green Tea Citron Freesia EDT 100ml Fruity Floral for Women,"3,974",12,"1,322",10,"5,296",22,0.14%,0.26%,0.18%,0.14%,0.23%,0.14%,"4,809",12,"1,592",12,"6,401",24,0.24%,0.11%,0.17%,0.12%,0.21%,0.11%,0.00%,0.00%,0,0,0.00%,0.00%,£0.00,£0.00,0,0,0,0,0.00%,0.00%,£0.00,£0.00,0,0,0,0
B0BTTW4M53,MAC Lash Dry Shampoo Mascara Freshener - .22 fl oz / 6.5 mL,6,0,4,1,10,1,0.00%,0.00%,0.00%,0.01%,0.00%,0.01%,6,0,6,1,12,1,0.00%,0.00%,0.00%,0.01%,0.00%,0.00%,40.00%,0.00%,0,0,0.00%,0.00%,£0.00,£0.00,0,0,0,0,0.00%,0.00%,£0.00,£0.00,0,0,0,0
B0BVVJ6K8R,60 seconds,46,1,23,0,69,1,0.01%,0.00%,0.00%,0.00%,0.00%,0.01%,65,4,30,0,95,4,0.00%,0.04%,0.00%,0.00%,0.00%,0.02%,0.00%,0.00%,0,0,0.00%,0.00%,£0.00,£0.00,0,0,0,0,0.00%,0.00%,£0.00,£0.00,0,0,0,0
B0BXHDTZRX,Maybelline New York Maybelline New York Hyper Easy Liner Nr Eyeliner,280,2,94,4,374,6,0.02%,0.02%,0.01%,0.05%,0.02%,0.04%,378,2,115,5,493,7,0.02%,0.02%,0.01%,0.05%,0.02%,0.03%,0.00%,0.00%,0,0,0.00%,0.00%,£0.00,£0.00,0,0,0,0,0.00%,0.00%,£0.00,£0.00,0,0,0,0
B0BXHGNVPX,Bourjois Healthy Mix BB Cream,303,2,197,1,500,3,0.02%,0.02%,0.03%,0.01%,0.02%,0.02%,393,4,253,1,646,5,0.02%,0.04%,0.03%,0.01%,0.02%,0.02%,0.00%,0.00%,0,0,0.00%,0.00%,£0.00,£0.00,0,0,0,0,0.00%,0.00%,£0.00,£0.00,0,0,0,0
B0BXHQ2PL2,Max Factor Miracle Second Skin Foundation LSF 20,"1,104",5,413,0,"1,517",5,0.06%,0.07%,0.06%,0.00%,0.07%,0.03%,"1,472",8,526,0,"1,998",8,0.07%,0.07%,0.06%,0.00%,0.07%,0.04%,0.00%,0.00%,0,0,0.00%,0.00%,£0.00,£0.00,0,0,0,0,0.00%,0.00%,£0.00,£0.00,0,0,0,0
B0BXNSHCCJ,Yankee Candle Amber & Sandalwood 368 Gr,0,0,3,0,3,0,0.00%,0.00%,0.00%,0.00%,0.00%,0.00%,0,0,3,0,3,0,0.00%,0.00%,0.00%,0.00%,0.00%,0.00%,0.00%,0.00%,0,0,0.00%,0.00%,£0.00,£0.00,0,0,0,0,0.00%,0.00%,£0.00,£0.00,0,0,0,0
B0BXTBKBVP,Joanna Ultra Color - Hair Rinse For Blond And Light Hair - Natural Shine & Hair Care - A Temporary Effect,30,0,17,0,47,0,0.00%,0.00%,0.00%,0.00%,0.00%,0.00%,39,0,19,0,58,0,0.00%,0.00%,0.00%,0.00%,0.00%,0.00%,0.00%,0.00%,0,0,0.00%,0.00%,£0.00,£0.00,0,0,0,0,0.00%,0.00%,£0.00,£0.00,0,0,0,0
B0BXWK4R64,Max Factor Facefinity All Day Shade Concealer,135,0,93,1,228,1,0.00%,0.01%,0.01%,0.01%,0.01%,0.01%,184,0,118,1,302,1,0.01%,0.00%,0.01%,0.01%,0.01%,0.00%,0.00%,0.00%,0,0,0.00%,0.00%,£0.00,£0.00,0,0,0,0,0.00%,0.00%,£0.00,£0.00,0,0,0,0
B0BXXLB6SG,Yankee Candle Autumn Daydream Wax Melt,22,0,8,0,30,0,0.00%,0.00%,0.00%,0.00%,0.00%,0.00%,25,0,10,0,35,0,0.00%,0.00%,0.00%,0.00%,0.00%,0.00%,11.76%,0.00%,0,0,0.00%,0.00%,£0.00,£0.00,0,0,0,0,0.00%,0.00%,£0.00,£0.00,0,0,0,0
B0BXXM2QQ2,"Yankee Candle, Autumn Daydream Large Jar, Eucalyptus Woods Scent, 60-90 hours burn time",21,0,13,1,34,1,0.00%,0.00%,0.00%,0.01%,0.00%,0.01%,33,0,16,1,49,1,0.00%,0.00%,0.00%,0.01%,0.00%,0.00%,0.00%,0.00%,0,0,0.00%,0.00%,£0.00,£0.00,0,0,0,0,0.00%,0.00%,£0.00,£0.00,0,0,0,0
B0BXXMLFRD,Yankee Candle Autumn Daydream Large Tumbler Jar Candle,11,1,13,0,24,1,0.01%,0.00%,0.00%,0.00%,0.00%,0.01%,14,1,14,0,28,1,0.00%,0.01%,0.00%,0.00%,0.00%,0.00%,55.56%,100.00%,0,0,0.00%,0.00%,£0.00,£0.00,0,0,0,0,0.00%,0.00%,£0.00,£0.00,0,0,0,0
B0BYJW5BM9,Yankee Candle Amber & Sandalwood Car Jar Air Freshener,0,0,0,0,0,0,0.00%,0.00%,0.00%,0.00%,0.00%,0.00%,0,0,0,0,0,0,0.00%,0.00%,0.00%,0.00%,0.00%,0.00%,0.00%,0.00%,0,0,0.00%,0.00%,£0.00,£0.00,0,0,1,0,0.00%,0.00%,£0.00,£0.00,0,0,0,0
B0BYPJMZC6,Rimmel Kind and Free Eyeliner,"2,468",4,"1,362",15,"3,830",19,0.05%,0.16%,0.19%,0.20%,0.17%,0.12%,"3,047",7,"1,818",19,"4,865",26,0.15%,0.06%,0.19%,0.19%,0.16%,0.12%,0.00%,0.00%,0,0,0.00%,0.00%,£0.00,£0.00,0,0,0,0,0.00%,0.00%,£0.00,£0.00,0,0,0,0
B0BZ97BLYB,Elizabeth Arden White Tea,"1,505",7,617,2,"2,122",9,0.08%,0.10%,0.08%,0.03%,0.09%,0.06%,"1,871",9,827,2,"2,698",11,0.09%,0.08%,0.09%,0.02%,0.09%,0.05%,0.00%,0.00%,0,0,0.00%,0.00%,£0.00,£0.00,0,0,0,0,0.00%,0.00%,£0.00,£0.00,0,0,0,0
B0BZJ9RCH5,"Bourjois Volume Reveal Volumizing Mascara 21 Radiant Black, 7.5ml, 29102380021",193,1,100,1,293,2,0.01%,0.01%,0.01%,0.01%,0.01%,0.01%,274,2,149,1,423,3,0.01%,0.02%,0.02%,0.01%,0.01%,0.01%,0.00%,0.00%,0,0,0.00%,0.00%,£0.00,£0.00,0,0,0,0,0.00%,0.00%,£0.00,£0.00,0,0,0,0
B0BZLZVJPH,"Schwarzkopf Igora Royal Premium-Haarfarbe, 1er Pack (1 x 60 g)",39,0,9,0,48,0,0.00%,0.00%,0.00%,0.00%,0.00%,0.00%,45,0,12,0,57,0,0.00%,0.00%,0.00%,0.00%,0.00%,0.00%,0.00%,0.00%,0,0,0.00%,0.00%,£0.00,£0.00,0,0,0,0,0.00%,0.00%,£0.00,£0.00,0,0,0,0
B0C18F45YL,"Bourjois Rouge Velvet The Lipstick Bullet Lipstick 12 Brunette Browns, 2.4g, 29166438012",42,0,36,2,78,2,0.00%,0.00%,0.00%,0.03%,0.00%,0.01%,51,0,43,3,94,3,0.00%,0.00%,0.00%,0.03%,0.00%,0.01%,0.00%,0.00%,0,0,0.00%,0.00%,£0.00,£0.00,0,0,0,0,0.00%,0.00%,£0.00,£0.00,0,0,0,0
B0C1HTGKB3,Victoria Vynn JUST BASE FROSEN Hard & Long Nails UV Led Hybrid Gel Polish 8ml,37,0,5,0,42,0,0.00%,0.00%,0.00%,0.00%,0.00%,0.00%,44,0,5,0,49,0,0.00%,0.00%,0.00%,0.00%,0.00%,0.00%,0.00%,0.00%,0,0,0.00%,0.00%,£0.00,£0.00,0,0,0,0,0.00%,0.00%,£0.00,£0.00,0,0,0,0
B0C24NCBCF,"Maybelline Jade Color Tattoo Gel-Cream Lidschatten 30 Always Green, 4.5 g","2,103",8,"1,003",21,"3,106",29,0.09%,0.14%,0.14%,0.29%,0.14%,0.18%,"2,790",9,"1,399",29,"4,189",38,0.14%,0.08%,0.15%,0.29%,0.14%,0.18%,0.12%,0.00%,0,0,0.00%,0.00%,£0.00,£0.00,0,0,0,0,0.00%,0.00%,£0.00,£0.00,0,0,0,0
B0C33H6DHZ,"Bourjois Healthy Mix Anti-Fatigue Concealer 52 Medium, 7.8ml 103671691",172,1,89,1,261,2,0.01%,0.01%,0.01%,0.01%,0.01%,0.01%,216,1,119,1,335,2,0.01%,0.01%,0.01%,0.01%,0.01%,0.01%,0.00%,0.00%,0,0,0.00%,0.00%,£0.00,£0.00,0,0,0,0,0.00%,0.00%,£0.00,£0.00,0,0,0,0
B0C38WV6XH,Fudge Professional Clean Blonde Damage Rewind Shampoo,"2,751",22,"1,109",13,"3,860",35,0.26%,0.18%,0.15%,0.18%,0.17%,0.22%,"4,086",31,"1,613",19,"5,699",50,0.20%,0.28%,0.17%,0.19%,0.19%,0.23%,0.00%,0.00%,0,0,0.00%,0.00%,£0.00,£0.00,0,0,0,0,0.00%,0.00%,£0.00,£0.00,0,0,0,0
B0C38X865V,"Fudge Professional Hair Shaper, Hair Wax, Hair Styling Paste for Men, 75 g","1,808",18,945,15,"2,753",33,0.21%,0.12%,0.13%,0.20%,0.12%,0.21%,"2,394",33,"1,266",19,"3,660",52,0.12%,0.29%,0.13%,0.19%,0.12%,0.24%,0.00%,0.00%,0,0,0.00%,0.00%,£0.00,£0.00,0,0,0,0,0.00%,0.00%,£0.00,£0.00,0,0,0,0
B0C4D5HSGP,MAYBELLINE Brow Ultra Slim Defining Eyebrow Pencil - Brown,150,1,96,3,246,4,0.01%,0.01%,0.01%,0.04%,0.01%,0.03%,181,2,126,7,307,9,0.01%,0.02%,0.01%,0.07%,0.01%,0.04%,0.00%,0.00%,0,0,0.00%,0.00%,£0.00,£0.00,0,0,0,0,0.00%,0.00%,£0.00,£0.00,0,0,0,0
B0C4WRW9BJ,Yankee Candle Candle,5,0,4,0,9,0,0.00%,0.00%,0.00%,0.00%,0.00%,0.00%,5,0,5,0,10,0,0.00%,0.00%,0.00%,0.00%,0.00%,0.00%,50.00%,0.00%,0,0,0.00%,0.00%,£0.00,£0.00,0,0,0,0,0.00%,0.00%,£0.00,£0.00,0,0,0,0
B0C5CSXJ6W,Revlon Colour Accessories,156,1,72,0,228,1,0.01%,0.01%,0.01%,0.00%,0.01%,0.01%,224,1,97,0,321,1,0.01%,0.01%,0.01%,0.00%,0.01%,0.00%,0.00%,0.00%,0,0,0.00%,0.00%,£0.00,£0.00,0,0,0,0,0.00%,0.00%,£0.00,£0.00,0,0,0,0
B0C5CXCBWB,"Revlon Colorsilk Permanent Hair Dye, Medium Blonde",113,4,74,0,187,4,0.05%,0.01%,0.01%,0.00%,0.01%,0.03%,152,4,101,0,253,4,0.01%,0.04%,0.01%,0.00%,0.01%,0.02%,0.00%,0.00%,0,0,0.00%,0.00%,£0.00,£0.00,0,0,0,0,0.00%,0.00%,£0.00,£0.00,0,0,0,0
B0C5DDGBS7,"Rimmel London Lasting Finish Foundation 25H, Foundation Tone 170-30 ml",222,2,107,1,329,3,0.02%,0.01%,0.01%,0.01%,0.01%,0.02%,304,3,141,1,445,4,0.02%,0.03%,0.01%,0.01%,0.01%,0.02%,0.00%,0.00%,0,0,0.00%,0.00%,£0.00,£0.00,0,0,0,0,0.00%,0.00%,£0.00,£0.00,0,0,0,0
B0C5HDKX5T,"Sally Hansen Miracle Gel Nail Polish, Flash Slouch, 0.5 Ounce by Sally Hansen","1,137",3,519,7,"1,656",10,0.04%,0.07%,0.07%,0.10%,0.07%,0.06%,"1,476",4,654,13,"2,130",17,0.07%,0.04%,0.07%,0.13%,0.07%,0.08%,0.63%,0.00%,0,0,0.00%,0.00%,£0.00,£0.00,0,0,0,0,0.00%,0.00%,£0.00,£0.00,0,0,0,0
B0C5J3LWFK,Bourjois Foundation 1 2 3 Perfect,28,0,17,0,45,0,0.00%,0.00%,0.00%,0.00%,0.00%,0.00%,32,0,24,0,56,0,0.00%,0.00%,0.00%,0.00%,0.00%,0.00%,0.00%,0.00%,0,0,0.00%,0.00%,£0.00,£0.00,0,0,0,0,0.00%,0.00%,£0.00,£0.00,0,0,0,0
B0C5LVLFP3,Schwarzkopf Igora Royal SET 3 x 60ml,10,0,8,0,18,0,0.00%,0.00%,0.00%,0.00%,0.00%,0.00%,12,0,8,0,20,0,0.00%,0.00%,0.00%,0.00%,0.00%,0.00%,11.11%,0.00%,0,0,0.00%,0.00%,£0.00,£0.00,0,0,0,0,0.00%,0.00%,£0.00,£0.00,0,0,0,0
B0C5RJCB23,"Wax Lyrical Colony Reed Diffuser Refill - Spa Moments, 200ml",271,3,73,1,344,4,0.04%,0.02%,0.01%,0.01%,0.02%,0.03%,305,3,86,1,391,4,0.02%,0.03%,0.01%,0.01%,0.01%,0.02%,0.00%,0.00%,0,0,0.00%,0.00%,£0.00,£0.00,0,0,0,0,0.00%,0.00%,£0.00,£0.00,0,0,0,0
B0C5RJX5ZJ,"Wax Lyrical, Colony Vanilla & Cashmere Refill",60,0,20,0,80,0,0.00%,0.00%,0.00%,0.00%,0.00%,0.00%,77,0,27,0,104,0,0.00%,0.00%,0.00%,0.00%,0.00%,0.00%,0.00%,0.00%,0,0,0.00%,0.00%,£0.00,£0.00,0,0,0,0,0.00%,0.00%,£0.00,£0.00,0,0,0,0
B0C5RLYMVY,"Wax Lyrical, Colony Golden Hour Refill",160,2,49,0,209,2,0.02%,0.01%,0.01%,0.00%,0.01%,0.01%,197,2,59,0,256,2,0.01%,0.02%,0.01%,0.00%,0.01%,0.01%,0.00%,0.00%,0,0,0.00%,0.00%,£0.00,£0.00,0,0,0,0,0.00%,0.00%,£0.00,£0.00,0,0,0,0
B0C5RP3192,"Wax Lyrical Colony Reed Diffuser Refill - Coastal Waters, 200ml",48,0,33,0,81,0,0.00%,0.00%,0.00%,0.00%,0.00%,0.00%,52,0,46,0,98,0,0.00%,0.00%,0.00%,0.00%,0.00%,0.00%,1.10%,0.00%,0,0,0.00%,0.00%,£0.00,£0.00,0,0,0,0,0.00%,0.00%,£0.00,£0.00,0,0,0,0
B0C5RPVQMN,"Wax Lyrical Colony Reed Diffuser Refill - Sweet Honeysuckle, 200ml",160,0,103,1,263,1,0.00%,0.01%,0.01%,0.01%,0.01%,0.01%,218,0,132,2,350,2,0.01%,0.00%,0.01%,0.02%,0.01%,0.01%,0.00%,0.00%,0,0,0.00%,0.00%,£0.00,£0.00,0,0,0,0,0.00%,0.00%,£0.00,£0.00,0,0,0,0
B0C6GB74QQ,Bourjois Twist up the Volume Mascara,53,1,28,0,81,1,0.01%,0.00%,0.00%,0.00%,0.00%,0.01%,73,1,34,0,107,1,0.00%,0.01%,0.00%,0.00%,0.00%,0.00%,0.00%,0.00%,0,0,0.00%,0.00%,£0.00,£0.00,0,0,0,0,0.00%,0.00%,£0.00,£0.00,0,0,0,0
B0C6K75CP5,"Elizabeth Arden White Tea Vanilla Orchid Body Cream for Women, 400 ml, Body Cream with Woody Oriental Note, Selected Ingredients & Elegant Design, Nourishing Body Lotion",34,0,17,0,51,0,0.00%,0.00%,0.00%,0.00%,0.00%,0.00%,41,0,17,0,58,0,0.00%,0.00%,0.00%,0.00%,0.00%,0.00%,1.75%,0.00%,0,0,0.00%,0.00%,£0.00,£0.00,0,0,0,0,0.00%,0.00%,£0.00,£0.00,0,0,0,0
B0C6LNW4C5,Victoria Vynn JUST BASE Hard & Long Nails UV Led Hybrid Gel Polish 8ml,5,0,2,0,7,0,0.00%,0.00%,0.00%,0.00%,0.00%,0.00%,6,0,2,0,8,0,0.00%,0.00%,0.00%,0.00%,0.00%,0.00%,12.50%,0.00%,0,0,0.00%,0.00%,£0.00,£0.00,0,0,0,0,0.00%,0.00%,£0.00,£0.00,0,0,0,0
B0C6WLM7L5,Bourjois Velvet The Pencil 005,318,0,150,3,468,3,0.00%,0.02%,0.02%,0.04%,0.02%,0.02%,396,0,231,3,627,3,0.02%,0.00%,0.02%,0.03%,0.02%,0.01%,0.00%,0.00%,0,0,0.00%,0.00%,£0.00,£0.00,0,0,0,0,0.00%,0.00%,£0.00,£0.00,0,0,0,0
B0C6YBL6RF,"Max Factor Facefinity Multi-Perfector Concealer, All In One, Conceal Imperfections, Instant Brightening, Natural Finish, Lightweight, Vegan, Customisable Coverage - 8W, 11ml",19,0,7,0,26,0,0.00%,0.00%,0.00%,0.00%,0.00%,0.00%,32,0,10,0,42,0,0.00%,0.00%,0.00%,0.00%,0.00%,0.00%,0.00%,0.00%,0,0,0.00%,0.00%,£0.00,£0.00,0,0,0,0,0.00%,0.00%,£0.00,£0.00,0,0,0,0
B0C6YCRYBZ,"Max Factor Facefinity Universal Primer, Pore Mattifying & Minimising, Long-Lasting, Airbrush finish, Ultra-Lightweight, Silky Formula, Protects Skin, Antioxidants & Vitamin E, Vegan, Universal, 30ml",237,0,216,4,453,4,0.00%,0.02%,0.03%,0.05%,0.02%,0.03%,301,0,277,4,578,4,0.01%,0.00%,0.03%,0.04%,0.02%,0.02%,0.00%,0.00%,0,0,0.00%,0.00%,£0.00,£0.00,0,0,0,0,0.00%,0.00%,£0.00,£0.00,0,0,0,0
B0C75CWVSY,L.A. Girl Pro Coverage Liquid Foundation 0.95 Fluid Ounce,32,0,16,0,48,0,0.00%,0.00%,0.00%,0.00%,0.00%,0.00%,36,0,22,0,58,0,0.00%,0.00%,0.00%,0.00%,0.00%,0.00%,26.32%,0.00%,0,0,0.00%,0.00%,£0.00,£0.00,0,0,0,0,0.00%,0.00%,£0.00,£0.00,0,0,0,0
B0C78F5HT3,"essence eyeliner pen extra long-lasting, longlasting, defining, colour intense (1.1ml)",19,1,19,0,38,1,0.01%,0.00%,0.00%,0.00%,0.00%,0.01%,25,2,25,0,50,2,0.00%,0.02%,0.00%,0.00%,0.00%,0.01%,0.00%,0.00%,0,0,0.00%,0.00%,£0.00,£0.00,0,0,0,0,0.00%,0.00%,£0.00,£0.00,0,0,0,0
B0C7WQQ6W8,Rimmel Kind & Free Multi-Stick 001 Caramel Dusk,"6,477",33,"2,795",16,"9,272",49,0.39%,0.42%,0.38%,0.22%,0.41%,0.31%,"8,156",45,"3,766",24,"11,922",69,0.40%,0.40%,0.40%,0.24%,0.40%,0.32%,0.07%,0.00%,0,0,0.00%,0.00%,£0.00,£0.00,0,0,0,0,0.00%,0.00%,£0.00,£0.00,0,0,0,0
B0C88KC37W,"Elizabeth Arden Retinol + HPR Ceramide Rapid Skin Renewing Water Cream, 50ml, Anti-Ageing Skincare to Revitalize & Smooth Wrinkles, for Day & Night",816,5,370,6,"1,186",11,0.06%,0.05%,0.05%,0.08%,0.05%,0.07%,972,6,462,6,"1,434",12,0.05%,0.05%,0.05%,0.06%,0.05%,0.06%,0.00%,0.00%,0,0,0.00%,0.00%,£0.00,£0.00,0,0,0,0,0.00%,0.00%,£0.00,£0.00,0,0,0,0
B0C8BRS8T9,Yankee Candle Candle,22,0,16,1,38,1,0.00%,0.00%,0.00%,0.01%,0.00%,0.01%,28,0,19,2,47,2,0.00%,0.00%,0.00%,0.02%,0.00%,0.01%,14.89%,0.00%,0,0,0.00%,0.00%,£0.00,£0.00,0,0,0,0,0.00%,0.00%,£0.00,£0.00,0,0,0,0
B0C8BWJW7X,Yankee Candle Candle,27,0,16,1,43,1,0.00%,0.00%,0.00%,0.01%,0.00%,0.01%,32,0,17,1,49,1,0.00%,0.00%,0.00%,0.01%,0.00%,0.00%,11.11%,0.00%,0,0,0.00%,0.00%,£0.00,£0.00,0,0,0,0,0.00%,0.00%,£0.00,£0.00,0,0,0,0
B0C8ZCYZQ2,"Max Factor 2000 Calorie Volumising Brow Sculpt Gel, Long-Lasting, Plumped & Fuller-Looking Brows, Waterproof, Smudge-Proof, Shapes & Intensifies","2,240",10,970,8,"3,210",18,0.12%,0.14%,0.13%,0.11%,0.14%,0.11%,"2,893",13,"1,243",10,"4,136",23,0.14%,0.12%,0.13%,0.10%,0.14%,0.11%,0.00%,0.00%,0,0,0.00%,0.00%,£0.00,£0.00,0,0,0,0,0.00%,0.00%,£0.00,£0.00,0,0,0,0
B0C9FNN2T9,L'Oréal Professionnel | Haarshampoo für und lockiges welliges Haar Serie Expert Curl Expression Intense Moisturizing Cleansing Cream,28,0,16,0,44,0,0.00%,0.00%,0.00%,0.00%,0.00%,0.00%,48,0,21,0,69,0,0.00%,0.00%,0.00%,0.00%,0.00%,0.00%,18.18%,0.00%,0,0,0.00%,0.00%,£0.00,£0.00,0,0,0,0,0.00%,0.00%,£0.00,£0.00,0,0,0,0
B0CBGJSX19,Victoria Vynn Gel Polish NUDE TOP No Wipe UV Led Gel Polish Top 8ml,103,2,21,1,124,3,0.02%,0.01%,0.00%,0.01%,0.01%,0.02%,129,3,30,1,159,4,0.01%,0.03%,0.00%,0.01%,0.01%,0.02%,0.00%,0.00%,0,0,0.00%,0.00%,£0.00,£0.00,0,0,0,0,0.00%,0.00%,£0.00,£0.00,0,0,0,0
B0CC1G6ZJJ,MAC STUDIO WATERWEIGHT SPF 30 /PA++ FOUNDATION,2,0,4,0,6,0,0.00%,0.00%,0.00%,0.00%,0.00%,0.00%,2,0,4,0,6,0,0.00%,0.00%,0.00%,0.00%,0.00%,0.00%,50.00%,0.00%,0,0,0.00%,0.00%,£0.00,£0.00,0,0,0,0,0.00%,0.00%,£0.00,£0.00,0,0,0,0
B0CCJZNT4X,Maybelline New York Hydrating Lip Gloss Lifter 5.4 ml with Hyaluronic Acid,352,1,173,1,525,2,0.01%,0.02%,0.02%,0.01%,0.02%,0.01%,457,2,216,1,673,3,0.02%,0.02%,0.02%,0.01%,0.02%,0.01%,0.00%,0.00%,0,0,0.00%,0.00%,£0.00,£0.00,0,0,0,0,0.00%,0.00%,£0.00,£0.00,0,0,0,0
B0CCPY4HFY,"Max Factor 2000 Calorie Pro Stylist Mascara, 9ml",197,0,121,2,318,2,0.00%,0.01%,0.02%,0.03%,0.01%,0.01%,250,0,172,6,422,6,0.01%,0.00%,0.02%,0.06%,0.01%,0.03%,0.00%,0.00%,0,0,0.00%,0.00%,£0.00,£0.00,0,0,0,0,0.00%,0.00%,£0.00,£0.00,0,0,0,0
B0CD27LBBY,Elizabeth Arden Visible Difference Skin Balancing Exfoliating Cleanser,871,9,455,10,"1,326",19,0.11%,0.06%,0.06%,0.14%,0.06%,0.12%,"1,049",13,560,16,"1,609",29,0.05%,0.12%,0.06%,0.16%,0.05%,0.14%,0.00%,0.00%,0,0,0.00%,0.00%,£0.00,£0.00,0,0,0,0,0.00%,0.00%,£0.00,£0.00,0,0,0,0
B0CDDCZHMH,SALLY HANSEN - Insta-Dri Nail Color Beet-ing Heart 281-0.31 fl oz (9.17 ml),8,0,6,0,14,0,0.00%,0.00%,0.00%,0.00%,0.00%,0.00%,12,0,7,0,19,0,0.00%,0.00%,0.00%,0.00%,0.00%,0.00%,0.00%,0.00%,0,0,0.00%,0.00%,£0.00,£0.00,0,0,0,0,0.00%,0.00%,£0.00,£0.00,0,0,0,0
B0CDGQ2Y42,Max Factor Miracle Second Skin Hydrating Foundation - 30 ml,78,0,37,0,115,0,0.00%,0.01%,0.01%,0.00%,0.01%,0.00%,100,0,57,0,157,0,0.00%,0.00%,0.01%,0.00%,0.01%,0.00%,0.00%,0.00%,0,0,0.00%,0.00%,£0.00,£0.00,0,0,0,0,0.00%,0.00%,£0.00,£0.00,0,0,0,0
B0CDQMQ2QM,Victoria Vynn GEL POLISH COLOUR 339 PSYCHO ORANGE UV/LED Soak Off 8ml,1,0,1,0,2,0,0.00%,0.00%,0.00%,0.00%,0.00%,0.00%,1,0,1,0,2,0,0.00%,0.00%,0.00%,0.00%,0.00%,0.00%,50.00%,0.00%,0,0,0.00%,0.00%,£0.00,£0.00,0,0,2,0,0.00%,0.00%,£0.00,£0.00,0,0,0,0
B0CDQMYGM2,Victoria Vynn GEL POLISH COLOUR 332 INSANE GREEN UV/LED Soak Off 8ml,0,0,1,0,1,0,0.00%,0.00%,0.00%,0.00%,0.00%,0.00%,0,0,1,0,1,0,0.00%,0.00%,0.00%,0.00%,0.00%,0.00%,0.00%,0.00%,0,0,0.00%,0.00%,£0.00,£0.00,0,0,0,0,0.00%,0.00%,£0.00,£0.00,0,0,0,0
B0CG1PF6MN,Bourjois Healthy Mix Clean Foundation Vegan Foundation,414,2,277,7,691,9,0.02%,0.03%,0.04%,0.10%,0.03%,0.06%,565,3,373,7,938,10,0.03%,0.03%,0.04%,0.07%,0.03%,0.05%,0.00%,0.00%,0,0,0.00%,0.00%,£0.00,£0.00,0,0,0,0,0.00%,0.00%,£0.00,£0.00,0,0,0,0
B0CG6XKQ62,PhotoReady Candid Glow Moisture Foundation Buff,91,0,32,0,123,0,0.00%,0.01%,0.00%,0.00%,0.01%,0.00%,111,0,37,0,148,0,0.01%,0.00%,0.00%,0.00%,0.00%,0.00%,0.00%,0.00%,0,0,0.00%,0.00%,£0.00,£0.00,0,0,0,0,0.00%,0.00%,£0.00,£0.00,0,0,0,0
B0CGDYNRXP,Joanna Multi Effect Tint 35 g,13,0,9,0,22,0,0.00%,0.00%,0.00%,0.00%,0.00%,0.00%,14,0,9,0,23,0,0.00%,0.00%,0.00%,0.00%,0.00%,0.00%,28.57%,0.00%,0,0,0.00%,0.00%,£0.00,£0.00,0,0,0,0,0.00%,0.00%,£0.00,£0.00,0,0,0,0
B0CGNB2LBZ,L'Oreal Revitalift Day Cream,18,0,19,0,37,0,0.00%,0.00%,0.00%,0.00%,0.00%,0.00%,21,0,25,0,46,0,0.00%,0.00%,0.00%,0.00%,0.00%,0.00%,0.00%,0.00%,0,0,0.00%,0.00%,£0.00,£0.00,0,0,0,0,0.00%,0.00%,£0.00,£0.00,0,0,0,0
B0CGXFCSHV,Maybelline COLOSSAL Black,465,2,196,4,661,6,0.02%,0.03%,0.03%,0.05%,0.03%,0.04%,616,3,264,4,880,7,0.03%,0.03%,0.03%,0.04%,0.03%,0.03%,0.00%,0.00%,0,0,0.00%,0.00%,£0.00,£0.00,0,0,0,0,0.00%,0.00%,£0.00,£0.00,0,0,0,0
B0CGXFXVRM,Revlon Photoready Rose Glow,26,0,14,0,40,0,0.00%,0.00%,0.00%,0.00%,0.00%,0.00%,31,0,20,0,51,0,0.00%,0.00%,0.00%,0.00%,0.00%,0.00%,0.00%,0.00%,0,0,0.00%,0.00%,£0.00,£0.00,0,0,0,0,0.00%,0.00%,£0.00,£0.00,0,0,0,0
B0CGYFM7LM,"Revlon Kiss Cushion Lip Tint, High End Coral",90,1,53,8,143,9,0.01%,0.01%,0.01%,0.11%,0.01%,0.06%,109,1,55,8,164,9,0.01%,0.01%,0.01%,0.08%,0.01%,0.04%,0.00%,0.00%,0,0,0.00%,0.00%,£0.00,£0.00,0,0,0,0,0.00%,0.00%,£0.00,£0.00,0,0,0,0
B0CH18H49H,"Maybelline Lipstick, Superstay Matte Ink Crayon Longlasting Pink Lipstick with Precision Applicator 30 Seek Adventure","2,058",14,475,4,"2,533",18,0.16%,0.13%,0.07%,0.05%,0.11%,0.11%,"2,715",21,657,4,"3,372",25,0.13%,0.19%,0.07%,0.04%,0.11%,0.12%,0.00%,0.00%,0,0,0.00%,0.00%,£0.00,£0.00,0,0,0,0,0.00%,0.00%,£0.00,£0.00,0,0,0,0
B0CHW7ZNJ9,"REVLON PROFESSIONAL Orofluido Mask, 250 ml",39,0,22,1,61,1,0.00%,0.00%,0.00%,0.01%,0.00%,0.01%,70,0,28,2,98,2,0.00%,0.00%,0.00%,0.02%,0.00%,0.01%,0.00%,0.00%,0,0,0.00%,0.00%,£0.00,£0.00,0,0,0,0,0.00%,0.00%,£0.00,£0.00,0,0,0,0
B0CHW82L4L,"Max Factor Facefinity All Day Flawless Concealer, 7.8 ml",28,0,24,0,52,0,0.00%,0.00%,0.00%,0.00%,0.00%,0.00%,35,0,24,0,59,0,0.00%,0.00%,0.00%,0.00%,0.00%,0.00%,0.00%,0.00%,0,0,0.00%,0.00%,£0.00,£0.00,0,0,0,0,0.00%,0.00%,£0.00,£0.00,0,0,0,0
B0CHW8RQ5N,"Fudge, Professional Luminizer, stärkendes und glättendes Shampoo",296,1,143,0,439,1,0.01%,0.02%,0.02%,0.00%,0.02%,0.01%,445,1,198,0,643,1,0.02%,0.01%,0.02%,0.00%,0.02%,0.00%,0.00%,0.00%,0,0,0.00%,0.00%,£0.00,£0.00,0,0,0,0,0.00%,0.00%,£0.00,£0.00,0,0,0,0
B0CHW8XTCJ,"Max Factor Real Brow Fill & Shape Pencil, 10 g",8,0,9,0,17,0,0.00%,0.00%,0.00%,0.00%,0.00%,0.00%,9,0,9,0,18,0,0.00%,0.00%,0.00%,0.00%,0.00%,0.00%,11.11%,0.00%,0,0,0.00%,0.00%,£0.00,£0.00,0,0,0,0,0.00%,0.00%,£0.00,£0.00,0,0,0,0
B0CJCSY6TC,MAC Studio Radiance Serum-Powered Foundation - NW25 30 ml,11,0,6,0,17,0,0.00%,0.00%,0.00%,0.00%,0.00%,0.00%,19,0,7,0,26,0,0.00%,0.00%,0.00%,0.00%,0.00%,0.00%,0.00%,0.00%,0,0,0.00%,0.00%,£0.00,£0.00,0,0,0,0,0.00%,0.00%,£0.00,£0.00,0,0,0,0
B0CJDGJV2J,Stargazer Semi Permanent Tattoo Pen Number 2,296,5,130,1,426,6,0.06%,0.02%,0.02%,0.01%,0.02%,0.04%,354,6,182,1,536,7,0.02%,0.05%,0.02%,0.01%,0.02%,0.03%,1.54%,50.00%,0,0,0.00%,0.00%,£0.00,£0.00,0,0,0,0,0.00%,0.00%,£0.00,£0.00,0,0,0,0
B0CK1KHZHY,Liquid Foundation,365,2,210,2,575,4,0.02%,0.02%,0.03%,0.03%,0.03%,0.03%,520,2,266,5,786,7,0.03%,0.02%,0.03%,0.05%,0.03%,0.03%,0.00%,0.00%,0,0,0.00%,0.00%,£0.00,£0.00,0,0,0,0,0.00%,0.00%,£0.00,£0.00,0,0,0,0
B0CK56HGQN,"Creme of nature Hair Colour, Permanent Colour, 60 ml, black",62,1,58,1,120,2,0.01%,0.00%,0.01%,0.01%,0.01%,0.01%,73,1,71,1,144,2,0.00%,0.01%,0.01%,0.01%,0.00%,0.01%,11.35%,0.00%,0,0,0.00%,0.00%,£0.00,£0.00,0,0,0,0,0.00%,0.00%,£0.00,£0.00,0,0,0,0
B0CK8DNQFG,Yankee Candle Coconut Beach Wax Melt,18,0,16,0,34,0,0.00%,0.00%,0.00%,0.00%,0.00%,0.00%,22,0,18,0,40,0,0.00%,0.00%,0.00%,0.00%,0.00%,0.00%,0.00%,0.00%,0,0,0.00%,0.00%,£0.00,£0.00,0,0,0,0,0.00%,0.00%,£0.00,£0.00,0,0,0,0
B0CK8DQFPB,Yankee Candle Peaceful Lavender & Sea Salt Ultrasonic Diffuser Starter Kit,99,1,40,1,139,2,0.01%,0.01%,0.01%,0.01%,0.01%,0.01%,139,1,57,1,196,2,0.01%,0.01%,0.01%,0.01%,0.01%,0.01%,0.00%,0.00%,0,0,0.00%,0.00%,£0.00,£0.00,0,0,0,0,0.00%,0.00%,£0.00,£0.00,0,0,0,0
B0CK8DZ7QG,Yankee Candle Cherry Pink & Vanilla Melted Wax,2,0,4,0,6,0,0.00%,0.00%,0.00%,0.00%,0.00%,0.00%,2,0,5,0,7,0,0.00%,0.00%,0.00%,0.00%,0.00%,0.00%,14.29%,0.00%,0,0,0.00%,0.00%,£0.00,£0.00,0,0,0,0,0.00%,0.00%,£0.00,£0.00,0,0,0,0
B0CK8FJJJ9,Yankee Candle Vanilla Creme Brulee Wax Melt,14,0,4,0,18,0,0.00%,0.00%,0.00%,0.00%,0.00%,0.00%,17,0,4,0,21,0,0.00%,0.00%,0.00%,0.00%,0.00%,0.00%,0.00%,0.00%,0,0,0.00%,0.00%,£0.00,£0.00,0,0,0,0,0.00%,0.00%,£0.00,£0.00,0,0,0,0
B0CK8FR4WW,Yankee Candle Iced Berry Lemonade Wax Melt,8,0,6,0,14,0,0.00%,0.00%,0.00%,0.00%,0.00%,0.00%,12,0,7,0,19,0,0.00%,0.00%,0.00%,0.00%,0.00%,0.00%,0.00%,0.00%,0,0,0.00%,0.00%,£0.00,£0.00,0,0,0,0,0.00%,0.00%,£0.00,£0.00,0,0,0,0
B0CKMX7NMS,"Max Factor Max Factor Eyeliner für Übervolumen, lang",43,0,34,1,77,1,0.00%,0.00%,0.00%,0.01%,0.00%,0.01%,48,0,43,1,91,1,0.00%,0.00%,0.00%,0.01%,0.00%,0.00%,0.00%,0.00%,0,0,0.00%,0.00%,£0.00,£0.00,0,0,0,0,0.00%,0.00%,£0.00,£0.00,0,0,0,0
B0CKPR6TL6,Makeup Revolution re-loaded Palette – newtrals 2,6,0,1,0,7,0,0.00%,0.00%,0.00%,0.00%,0.00%,0.00%,8,0,1,0,9,0,0.00%,0.00%,0.00%,0.00%,0.00%,0.00%,0.00%,0.00%,0,0,0.00%,0.00%,£0.00,£0.00,0,0,0,0,0.00%,0.00%,£0.00,£0.00,0,0,0,0
B0CKTWZ6RN,Maybelline New York Lifter Gloss,"32,350",209,"14,556",90,"46,906",299,2.44%,2.08%,2.00%,1.23%,2.05%,1.88%,"41,943",263,"18,424",106,"60,367",369,2.07%,2.35%,1.93%,1.05%,2.03%,1.73%,0.01%,0.00%,0,0,0.00%,0.00%,£0.00,£0.00,0,0,0,0,0.00%,0.00%,£0.00,£0.00,0,0,0,0
B0CL3P5WC9,Rimmel - 60 Second Super Shine Nail Polish - 863 Star Gazin,95,0,83,0,178,0,0.00%,0.01%,0.01%,0.00%,0.01%,0.00%,123,0,99,0,222,0,0.01%,0.00%,0.01%,0.00%,0.01%,0.00%,0.00%,0.00%,0,0,0.00%,0.00%,£0.00,£0.00,0,0,0,0,0.00%,0.00%,£0.00,£0.00,0,0,0,0
B0CL4RQZNH,Difference Moisture Cream Complex 75ml,439,2,331,3,770,5,0.02%,0.03%,0.05%,0.04%,0.03%,0.03%,646,2,478,5,"1,124",7,0.03%,0.02%,0.05%,0.05%,0.04%,0.03%,0.00%,0.00%,0,0,0.00%,0.00%,£0.00,£0.00,0,0,0,0,0.00%,0.00%,£0.00,£0.00,0,0,0,0
B0CLC5BWP1,"Bourjois 2-in-1 Khol and Contour Eyeliner and Eye Pencil and Sharpener 1 Noir-Issime, 1.2g",155,1,154,5,309,6,0.01%,0.01%,0.02%,0.07%,0.01%,0.04%,210,1,299,5,509,6,0.01%,0.01%,0.03%,0.05%,0.02%,0.03%,0.41%,0.00%,0,0,0.00%,0.00%,£0.00,£0.00,0,0,0,0,0.00%,0.00%,£0.00,£0.00,0,0,0,0
B0CLHBBQZS,VICTORIA VYNN BUILD GEL UV/LED COVER 50ml,23,1,6,0,29,1,0.01%,0.00%,0.00%,0.00%,0.00%,0.01%,33,2,9,0,42,2,0.00%,0.02%,0.00%,0.00%,0.00%,0.01%,0.00%,0.00%,0,0,0.00%,0.00%,£0.00,£0.00,0,0,0,0,0.00%,0.00%,£0.00,£0.00,0,0,0,0
B0CLNCNCZJ,"L'Oréal Paris Abdeckstift, Concealer gegen Augenringe und kleine Makel, Perfect Match, 1.R/1.C - Rose Ivory, 6,8 ml","1,670",15,828,9,"2,498",24,0.18%,0.11%,0.11%,0.12%,0.11%,0.15%,"2,361",18,"1,203",9,"3,564",27,0.12%,0.16%,0.13%,0.09%,0.12%,0.13%,0.00%,0.00%,0,0,0.00%,0.00%,£0.00,£0.00,0,0,0,0,0.00%,0.00%,£0.00,£0.00,0,0,0,0
B0CMCHWVZ6,Maybelline New York Affinitone Unifying Foundation Cream - 14 | Creamy Beige,14,0,10,0,24,0,0.00%,0.00%,0.00%,0.00%,0.00%,0.00%,15,0,12,0,27,0,0.00%,0.00%,0.00%,0.00%,0.00%,0.00%,0.00%,0.00%,0,0,0.00%,0.00%,£0.00,£0.00,0,0,0,0,0.00%,0.00%,£0.00,£0.00,0,0,0,0
B0CN6R7KSQ,Maybelline,"2,508",18,"1,044",8,"3,552",26,0.21%,0.16%,0.14%,0.11%,0.16%,0.16%,"3,333",30,"1,386",12,"4,719",42,0.16%,0.27%,0.15%,0.12%,0.16%,0.20%,0.00%,0.00%,0,0,0.00%,0.00%,£0.00,£0.00,0,0,4,0,0.00%,0.00%,£0.00,£0.00,0,0,0,0
B0CN8QS7NL,Rimmel Kind & Free Brow Definer - 004 Caramel,20,0,21,1,41,1,0.00%,0.00%,0.00%,0.01%,0.00%,0.01%,27,0,24,1,51,1,0.00%,0.00%,0.00%,0.01%,0.00%,0.00%,0.00%,0.00%,0,0,0.00%,0.00%,£0.00,£0.00,0,0,0,0,0.00%,0.00%,£0.00,£0.00,0,0,0,0
B0CN8S3Z2V,Rimmel Kind & Free Brow Definer - 002 Taupe,55,0,44,2,99,2,0.00%,0.00%,0.01%,0.03%,0.00%,0.01%,64,0,60,2,124,2,0.00%,0.00%,0.01%,0.02%,0.00%,0.01%,0.00%,0.00%,0,0,0.00%,0.00%,£0.00,£0.00,0,0,0,0,0.00%,0.00%,£0.00,£0.00,0,0,0,0
B0CNWF1MMR,Max Factor Xmas Giftset,"3,002",11,"1,372",16,"4,374",27,0.13%,0.19%,0.19%,0.22%,0.19%,0.17%,"4,036",12,"1,820",22,"5,856",34,0.20%,0.11%,0.19%,0.22%,0.20%,0.16%,0.07%,0.00%,0,0,0.00%,0.00%,£0.00,£0.00,0,0,0,0,0.00%,0.00%,£0.00,£0.00,0,0,0,0
B0CPCWC7WH,Revlon So Fierce Big Bad Lash Blackest Black,33,0,28,0,61,0,0.00%,0.00%,0.00%,0.00%,0.00%,0.00%,43,0,38,0,81,0,0.00%,0.00%,0.00%,0.00%,0.00%,0.00%,0.00%,0.00%,0,0,0.00%,0.00%,£0.00,£0.00,0,0,0,0,0.00%,0.00%,£0.00,£0.00,0,0,0,0
B0CPXR2W2G,Stargazer Semi Permanent Lip Liner - Hot Magenta Shade 02 | Waterproof Long Lasting Lip Pencil | Precision Tip | Smudge Resistant Colour,133,1,49,2,182,3,0.01%,0.01%,0.01%,0.03%,0.01%,0.02%,168,1,83,2,251,3,0.01%,0.01%,0.01%,0.02%,0.01%,0.01%,8.13%,0.00%,0,0,0.00%,0.00%,£0.00,£0.00,0,0,0,0,0.00%,0.00%,£0.00,£0.00,0,0,0,0
B0CQ5GXWQJ,JOANNA Professional Curls Lockencreme Sorgt für Widerstandsfähigkeit und Elastizität Erleichtert Styling Lockiger Haare Highlights Locken Fixiert Form der Locken Dauerhaft 200 g,2,0,5,0,7,0,0.00%,0.00%,0.00%,0.00%,0.00%,0.00%,2,0,10,0,12,0,0.00%,0.00%,0.00%,0.00%,0.00%,0.00%,60.00%,0.00%,0,0,0.00%,0.00%,£0.00,£0.00,0,0,0,0,0.00%,0.00%,£0.00,£0.00,0,0,0,0
B0CQJF612J,"Stargazer Products Glitzergel, 1er Pack (1 x 10 ml)",139,1,90,1,229,2,0.01%,0.01%,0.01%,0.01%,0.01%,0.01%,174,1,110,1,284,2,0.01%,0.01%,0.01%,0.01%,0.01%,0.01%,0.38%,0.00%,0,0,0.00%,0.00%,£0.00,£0.00,0,0,0,0,0.00%,0.00%,£0.00,£0.00,0,0,0,0
B0CQKX8QPX,Maybelline Lash Sensational Luscious Mascara schwarz,636,4,319,8,955,12,0.05%,0.04%,0.04%,0.11%,0.04%,0.08%,817,5,398,8,"1,215",13,0.04%,0.04%,0.04%,0.08%,0.04%,0.06%,0.00%,0.00%,0,0,0.00%,0.00%,£0.00,£0.00,0,0,0,0,0.00%,0.00%,£0.00,£0.00,0,0,0,0
B0CR2VHYJB,Fudge Professional Damage Rewind Reconstructing Conditioner Hair Repair 90 Percent Stronger Bond Technology,285,5,140,5,425,10,0.06%,0.02%,0.02%,0.07%,0.02%,0.06%,388,5,172,5,560,10,0.02%,0.04%,0.02%,0.05%,0.02%,0.05%,0.00%,0.00%,0,0,0.00%,0.00%,£0.00,£0.00,0,0,0,0,0.00%,0.00%,£0.00,£0.00,0,0,0,0
B0CSFL6LP6,Revlon ColorStay Skin Awaken 5-in-1 Concealer,452,1,212,0,664,1,0.01%,0.03%,0.03%,0.00%,0.03%,0.01%,651,1,324,0,975,1,0.03%,0.01%,0.03%,0.00%,0.03%,0.00%,0.00%,0.00%,0,0,0.00%,0.00%,£0.00,£0.00,0,0,0,0,0.00%,0.00%,£0.00,£0.00,0,0,0,0
B0CT3CHKTZ,Makeup Sponge and Baking Sponge,10,0,6,0,16,0,0.00%,0.00%,0.00%,0.00%,0.00%,0.00%,11,0,10,0,21,0,0.00%,0.00%,0.00%,0.00%,0.00%,0.00%,0.00%,0.00%,0,0,0.00%,0.00%,£0.00,£0.00,0,0,0,0,0.00%,0.00%,£0.00,£0.00,0,0,0,0
B0CTZT2SZ9,"RIMMEL Kind & Free Nail Polish, 166 Cherry Chance, 8ml",59,0,14,0,73,0,0.00%,0.00%,0.00%,0.00%,0.00%,0.00%,76,0,14,0,90,0,0.00%,0.00%,0.00%,0.00%,0.00%,0.00%,0.00%,0.00%,0,0,0.00%,0.00%,£0.00,£0.00,0,0,0,0,0.00%,0.00%,£0.00,£0.00,0,0,0,0
B0CV14GJDN,"RIMMEL Kind & Free Nail Polish, 168 Teal Ivy, 8ml",22,0,10,0,32,0,0.00%,0.00%,0.00%,0.00%,0.00%,0.00%,40,0,11,0,51,0,0.00%,0.00%,0.00%,0.00%,0.00%,0.00%,78.57%,0.00%,0,0,0.00%,0.00%,£0.00,£0.00,0,0,0,0,0.00%,0.00%,£0.00,£0.00,0,0,0,0
B0CV155M56,"RIMMEL Kind & Free Nail Polish, 164 Sweet Blossom, 8ml",56,0,21,0,77,0,0.00%,0.00%,0.00%,0.00%,0.00%,0.00%,84,0,33,0,117,0,0.00%,0.00%,0.00%,0.00%,0.00%,0.00%,2.04%,0.00%,0,0,0.00%,0.00%,£0.00,£0.00,0,0,0,0,0.00%,0.00%,£0.00,£0.00,0,0,0,0
B0CV162NV7,"RIMMEL Kind & Free Nail Polish, 163 Love-In-A-Mist, 8ml",16,0,11,0,27,0,0.00%,0.00%,0.00%,0.00%,0.00%,0.00%,24,0,11,0,35,0,0.00%,0.00%,0.00%,0.00%,0.00%,0.00%,39.29%,0.00%,0,0,0.00%,0.00%,£0.00,£0.00,0,0,0,0,0.00%,0.00%,£0.00,£0.00,0,0,0,0
B0CV163KWT,"RIMMEL Kind & Free Nail Polish, 169 Sapphire Soar, 8ml",123,1,64,1,187,2,0.01%,0.01%,0.01%,0.01%,0.01%,0.01%,146,1,81,1,227,2,0.01%,0.01%,0.01%,0.01%,0.01%,0.01%,0.00%,0.00%,0,0,0.00%,0.00%,£0.00,£0.00,0,0,0,0,0.00%,0.00%,£0.00,£0.00,0,0,0,0
B0CV16PTGD,"RIMMEL Kind & Free Nail Polish, 162 Sand Storm, 8ml",67,1,19,0,86,1,0.01%,0.00%,0.00%,0.00%,0.00%,0.01%,85,1,23,0,108,1,0.00%,0.01%,0.00%,0.00%,0.00%,0.00%,0.00%,0.00%,0,0,0.00%,0.00%,£0.00,£0.00,0,0,0,0,0.00%,0.00%,£0.00,£0.00,0,0,0,0
B0CW17JCPK,REVLON Lippenbalsam befeuchtet verschiedene Geschmacksrichtungen ULTI-211,19,0,21,0,40,0,0.00%,0.00%,0.00%,0.00%,0.00%,0.00%,21,0,31,0,52,0,0.00%,0.00%,0.00%,0.00%,0.00%,0.00%,0.00%,0.00%,0,0,0.00%,0.00%,£0.00,£0.00,0,0,0,0,0.00%,0.00%,£0.00,£0.00,0,0,0,0
B0CXTRVLGR,Victoria Vynn Build Gel UV/LED GEL BUILDER Nails Building Extension,70,0,30,2,100,2,0.00%,0.00%,0.00%,0.03%,0.00%,0.01%,108,0,63,2,171,2,0.01%,0.00%,0.01%,0.02%,0.01%,0.01%,0.00%,0.00%,0,0,0.00%,0.00%,£0.00,£0.00,0,0,0,0,0.00%,0.00%,£0.00,£0.00,0,0,0,0
B0CYB36QW2,Victoria Vynn BRILLANT Gel Polish Nail ART Decoration Glitter Sparkle UV LED 5g,73,1,37,0,110,1,0.01%,0.00%,0.01%,0.00%,0.00%,0.01%,88,1,39,0,127,1,0.00%,0.01%,0.00%,0.00%,0.00%,0.00%,100.00%,100.00%,0,0,0.00%,0.00%,£0.00,£0.00,0,0,0,0,0.00%,0.00%,£0.00,£0.00,0,0,0,0
B0CYZYNSF2,"Stargazer Products Lippenfärbestift, Nummer 4, 1er Pack (1 x 2.5 ml)",18,0,9,0,27,0,0.00%,0.00%,0.00%,0.00%,0.00%,0.00%,21,0,12,0,33,0,0.00%,0.00%,0.00%,0.00%,0.00%,0.00%,6.90%,0.00%,0,0,0.00%,0.00%,£0.00,£0.00,0,0,0,0,0.00%,0.00%,£0.00,£0.00,0,0,0,0
B0CZLJVYSF,"Rimmel London 1000 Kisses Lip Liner 071 Cherry Kiss 0,12 ml 1er Pack",136,2,98,0,234,2,0.02%,0.01%,0.01%,0.00%,0.01%,0.01%,162,3,129,0,291,3,0.01%,0.03%,0.01%,0.00%,0.01%,0.01%,0.00%,0.00%,0,0,0.00%,0.00%,£0.00,£0.00,0,0,0,0,0.00%,0.00%,£0.00,£0.00,0,0,0,0
B0CZRMJ8ZM,L'Oréal Paris,"4,198",16,"4,539",13,"8,737",29,0.19%,0.27%,0.62%,0.18%,0.38%,0.18%,"5,269",22,"5,841",16,"11,110",38,0.26%,0.20%,0.61%,0.16%,0.37%,0.18%,0.00%,0.00%,0,0,0.00%,0.00%,£0.00,£0.00,0,0,0,0,0.00%,0.00%,£0.00,£0.00,0,0,0,0
B0D1PV8LR4,Victoria Vynn Gel Polish TAPE BOND Soak Off Manicure Nail Primer for Perfect Adhesion,14,0,2,0,16,0,0.00%,0.00%,0.00%,0.00%,0.00%,0.00%,18,0,2,0,20,0,0.00%,0.00%,0.00%,0.00%,0.00%,0.00%,0.00%,0.00%,0,0,0.00%,0.00%,£0.00,£0.00,0,0,0,0,0.00%,0.00%,£0.00,£0.00,0,0,0,0
B0D2Y7HVM6,"MAC Macximal Silky Matte Lipstick - Ruby Woo 3,5 g","2,398",15,940,8,"3,338",23,0.18%,0.15%,0.13%,0.11%,0.15%,0.14%,"3,076",20,"1,193",10,"4,269",30,0.15%,0.18%,0.13%,0.10%,0.14%,0.14%,0.00%,0.00%,0,0,0.00%,0.00%,£0.00,£0.00,0,0,0,0,0.00%,0.00%,£0.00,£0.00,0,0,0,0
B0D4FDXQGH,"MAC Macximal Silky Matte Lipstick - Ring The Alarm 3,5 g",57,2,43,1,100,3,0.02%,0.00%,0.01%,0.01%,0.00%,0.02%,65,2,52,1,117,3,0.00%,0.02%,0.01%,0.01%,0.00%,0.01%,0.00%,0.00%,0,0,0.00%,0.00%,£0.00,£0.00,0,0,0,0,0.00%,0.00%,£0.00,£0.00,0,0,0,0
B0D4FF7W3N,"MAC Macximal Silky Matte Lipstick - Red Rock 3,5 g",88,1,53,1,141,2,0.01%,0.01%,0.01%,0.01%,0.01%,0.01%,113,3,69,1,182,4,0.01%,0.03%,0.01%,0.01%,0.01%,0.02%,0.00%,0.00%,0,0,0.00%,0.00%,£0.00,£0.00,0,0,0,0,0.00%,0.00%,£0.00,£0.00,0,0,0,0
B0D4FFT7SY,"MAC Macximal Silky Matte Lipstick - You Wouldn't Get It 3,5 g",346,0,165,0,511,0,0.00%,0.02%,0.02%,0.00%,0.02%,0.00%,410,0,245,0,655,0,0.02%,0.00%,0.03%,0.00%,0.02%,0.00%,1.17%,0.00%,0,0,0.00%,0.00%,£0.00,£0.00,0,0,0,0,0.00%,0.00%,£0.00,£0.00,0,0,0,0
B0D4FFTRTQ,"MAC Macximal Silky Matte Lipstick - Avant Garnet 3,5 g",16,0,9,0,25,0,0.00%,0.00%,0.00%,0.00%,0.00%,0.00%,27,0,19,0,46,0,0.00%,0.00%,0.00%,0.00%,0.00%,0.00%,0.00%,0.00%,0,0,0.00%,0.00%,£0.00,£0.00,0,0,0,0,0.00%,0.00%,£0.00,£0.00,0,0,0,0
B0D4LHYY14,HEALTHY MIX tinted Bourjois beautifier,17,0,20,1,37,1,0.00%,0.00%,0.00%,0.01%,0.00%,0.01%,18,0,24,1,42,1,0.00%,0.00%,0.00%,0.01%,0.00%,0.00%,0.00%,0.00%,0,0,0.00%,0.00%,£0.00,£0.00,0,0,0,0,0.00%,0.00%,£0.00,£0.00,0,0,0,0
B0D59B73CQ,"Rimmel London Kind & Free Augenbrauenstift Brow Definer, natürliche Pigmente, natürliche Wirkung, vegane Formel - 006 - Espresso, 0,09 g",503,2,247,0,750,2,0.02%,0.03%,0.03%,0.00%,0.03%,0.01%,607,5,326,0,933,5,0.03%,0.04%,0.03%,0.00%,0.03%,0.02%,0.00%,0.00%,0,0,0.00%,0.00%,£0.00,£0.00,0,0,0,0,0.00%,0.00%,£0.00,£0.00,0,0,0,0
B0D7D37K8V,"Catrice The Perfector Poreless Blur Primer, Nude, langanhaltend, glättend, natürlich, für unreine Haut, vegan, ölfrei, ohne Parfüm, ohne Alkohol, 1er Pack (30ml)",209,0,121,3,330,3,0.00%,0.01%,0.02%,0.04%,0.01%,0.02%,261,0,161,5,422,5,0.01%,0.00%,0.02%,0.05%,0.01%,0.02%,3.23%,50.00%,0,0,0.00%,0.00%,£0.00,£0.00,0,0,0,0,0.00%,0.00%,£0.00,£0.00,0,0,0,0
B0D7D6M52G,Redken Mit Volume Injection Conditioner 1,"1,105",6,511,4,"1,616",10,0.07%,0.07%,0.07%,0.05%,0.07%,0.06%,"1,526",9,665,5,"2,191",14,0.08%,0.08%,0.07%,0.05%,0.07%,0.07%,0.05%,0.00%,0,0,0.00%,0.00%,£0.00,£0.00,0,0,0,0,0.00%,0.00%,£0.00,£0.00,0,0,0,0
B0D7T2QM52,Joanna Professional Hair Dye Oxidant – Hydrogen Peroxide Creamy and Delicate Consistency Cream Developer for Blonding Intensive Dyeing - 1000 g,32,0,38,0,70,0,0.00%,0.00%,0.01%,0.00%,0.00%,0.00%,37,0,48,0,85,0,0.00%,0.00%,0.01%,0.00%,0.00%,0.00%,7.32%,0.00%,0,0,0.00%,0.00%,£0.00,£0.00,0,0,0,0,0.00%,0.00%,£0.00,£0.00,0,0,0,0
B0D8QVJXHK,Victoria Vynn Unblue No Wipe Top Coat UV/LED Hybrid Gel Nail Polish Soak-Off Nails,90,1,22,4,112,5,0.01%,0.01%,0.00%,0.05%,0.00%,0.03%,114,1,31,7,145,8,0.01%,0.01%,0.00%,0.07%,0.00%,0.04%,0.00%,0.00%,0,0,0.00%,0.00%,£0.00,£0.00,0,0,0,0,0.00%,0.00%,£0.00,£0.00,0,0,0,0
B0D9YVGP87,"L'Oréal Paris Brow Artist Plump & Set 105 Brunette, braunes Augenbrauen-Gel für definierte und dichter wirkende Augenbrauen, 4.4ml",442,1,280,5,722,6,0.01%,0.03%,0.04%,0.07%,0.03%,0.04%,566,1,336,6,902,7,0.03%,0.01%,0.04%,0.06%,0.03%,0.03%,0.00%,0.00%,0,0,0.00%,0.00%,£0.00,£0.00,0,0,0,0,0.00%,0.00%,£0.00,£0.00,0,0,0,0
B0DF24YRHT,"Fudge Professional Matte Hed, Medium Hold Texturizing Hair Cream, Matte Finish, Humidity Resistant with Kaolin Clay, 83 g","3,425",25,"1,590",30,"5,015",55,0.29%,0.22%,0.22%,0.41%,0.22%,0.35%,"4,855",38,"2,232",54,"7,087",92,0.24%,0.34%,0.23%,0.53%,0.24%,0.43%,0.00%,0.00%,0,0,0.00%,0.00%,£0.00,£0.00,0,0,0,0,0.00%,0.00%,£0.00,£0.00,0,0,0,0
B0DF5WKHL7,"essence cosmetics Eyebrow Designer, Eye Pencil, No. 01 Black, Defining, Vegan, Microplastic Particles Free, Nanoparticles Free (1 g)",447,3,213,2,660,5,0.04%,0.03%,0.03%,0.03%,0.03%,0.03%,584,4,311,3,895,7,0.03%,0.04%,0.03%,0.03%,0.03%,0.03%,0.00%,0.00%,0,0,0.00%,0.00%,£0.00,£0.00,0,0,0,0,0.00%,0.00%,£0.00,£0.00,0,0,0,0
B0DFC3WBFN, ,16,0,2,0,18,0,0.00%,0.00%,0.00%,0.00%,0.00%,0.00%,19,0,2,0,21,0,0.00%,0.00%,0.00%,0.00%,0.00%,0.00%,15.00%,0.00%,0,0,0.00%,0.00%,£0.00,£0.00,0,0,0,0,0.00%,0.00%,£0.00,£0.00,0,0,0,0
B0DGVS2WJG,ARMAF Effects Of Uniq Eau De Parfum 100ml,0,0,7,3,7,3,0.00%,0.00%,0.00%,0.04%,0.00%,0.02%,0,0,10,3,10,3,0.00%,0.00%,0.00%,0.03%,0.00%,0.01%,0.00%,0.00%,0,0,0.00%,0.00%,£0.00,£0.00,0,0,0,0,0.00%,0.00%,£0.00,£0.00,0,0,0,0
B0DHCYVSHG,"L'Oréal Paris Black Mascara, Paradise Big Deal Lengthening and Volumising",651,4,319,5,970,9,0.05%,0.04%,0.04%,0.07%,0.04%,0.06%,838,4,381,7,"1,219",11,0.04%,0.04%,0.04%,0.07%,0.04%,0.05%,0.00%,0.00%,0,0,0.00%,0.00%,£0.00,£0.00,0,0,0,0,0.00%,0.00%,£0.00,£0.00,0,0,0,0
B0DHSKYTQG,Tiffany by Tiffany and Co. for Women - 1.7 oz EDP Spray,33,0,35,1,68,1,0.00%,0.00%,0.00%,0.01%,0.00%,0.01%,39,0,41,1,80,1,0.00%,0.00%,0.00%,0.01%,0.00%,0.00%,0.00%,0.00%,0,0,0.00%,0.00%,£0.00,£0.00,0,0,0,0,0.00%,0.00%,£0.00,£0.00,0,0,0,0
B0DKDYK9PP,Joanna Tönungsshampoo “Multi Effect”,14,0,21,0,35,0,0.00%,0.00%,0.00%,0.00%,0.00%,0.00%,24,0,32,0,56,0,0.00%,0.00%,0.00%,0.00%,0.00%,0.00%,61.54%,0.00%,0,0,0.00%,0.00%,£0.00,£0.00,0,0,0,0,0.00%,0.00%,£9.64,£0.00,4,0,1,0
B0DLDGML8H,Catrice Allround Mascara Ultra Black 010 Blackest Carbon Black Ever,221,1,65,1,286,2,0.01%,0.01%,0.01%,0.01%,0.01%,0.01%,264,1,90,1,354,2,0.01%,0.01%,0.01%,0.01%,0.01%,0.01%,0.00%,0.00%,0,0,0.00%,0.00%,£0.00,£0.00,0,0,0,0,0.00%,0.00%,£0.00,£0.00,0,0,0,0
B0DM5F3YTB,Elizabeth Arden Mascaras,40,0,48,0,88,0,0.00%,0.00%,0.01%,0.00%,0.00%,0.00%,53,0,62,0,115,0,0.00%,0.00%,0.01%,0.00%,0.00%,0.00%,0.00%,0.00%,0,0,0.00%,0.00%,£0.00,£0.00,0,0,0,0,0.00%,0.00%,£0.00,£0.00,0,0,0,0
B0DNR7NC6P,Maybelline New York Mascara,"1,637",13,"6,568",8,"8,205",21,0.15%,0.11%,0.90%,0.11%,0.36%,0.13%,"2,188",17,"6,805",10,"8,993",27,0.11%,0.15%,0.71%,0.10%,0.30%,0.13%,0.00%,0.00%,0,0,0.00%,0.00%,£0.00,£0.00,0,0,0,0,0.00%,0.00%,£0.00,£0.00,0,0,0,0
B0DP3PLT3K,essence cosmetics tiny tip liner WATERPROOF 01,283,2,116,0,399,2,0.02%,0.02%,0.02%,0.00%,0.02%,0.01%,371,2,186,0,557,2,0.02%,0.02%,0.02%,0.00%,0.02%,0.01%,0.00%,0.00%,0,0,0.00%,0.00%,£0.00,£0.00,0,0,0,0,0.00%,0.00%,£0.00,£0.00,0,0,0,0
B0DP3S44CK,"Maybelline New York Wasserfeste Mascara für Volumen, Langanhaltende, schwarze Wimperntusche, The Colossal 36H, Nr. 1 Very Black, 1 x 10 ml",195,1,81,2,276,3,0.01%,0.01%,0.01%,0.03%,0.01%,0.02%,258,1,97,3,355,4,0.01%,0.01%,0.01%,0.03%,0.01%,0.02%,0.30%,0.00%,0,0,0.00%,0.00%,£0.00,£0.00,0,0,0,0,0.00%,0.00%,£0.00,£0.00,0,0,0,0
B0DPKDR7QC,MAC STUDIO FIX POWDER PLUS FOUNDATION,121,1,52,0,173,1,0.01%,0.01%,0.01%,0.00%,0.01%,0.01%,132,1,59,0,191,1,0.01%,0.01%,0.01%,0.00%,0.01%,0.00%,0.00%,0.00%,0,0,0.00%,0.00%,£0.00,£0.00,0,0,0,0,0.00%,0.00%,£0.00,£0.00,0,0,0,0
B0DPN6WCKJ,"Max Factor Facefinity Powder Highlighter, 001 Nude Beam",379,3,177,3,556,6,0.04%,0.02%,0.02%,0.04%,0.02%,0.04%,504,3,235,4,739,7,0.02%,0.03%,0.02%,0.04%,0.02%,0.03%,0.00%,0.00%,0,0,0.00%,0.00%,£0.00,£0.00,0,0,0,0,0.00%,0.00%,£0.00,£0.00,0,0,0,0
B0DQ5XV4FF,Bourjois Healthy Mix Clean Foundation vegane Grundierung,"2,129",15,"1,182",12,"3,311",27,0.18%,0.14%,0.16%,0.16%,0.15%,0.17%,"3,138",21,"1,630",17,"4,768",38,0.15%,0.19%,0.17%,0.17%,0.16%,0.18%,0.00%,0.00%,0,0,0.00%,0.00%,£0.00,£0.00,0,0,0,0,0.00%,0.00%,£0.00,£0.00,0,0,0,0
B0DQ9VD7DR,LA GIRL Glide Pencil - Brown by L.A. Girl,2,0,0,0,2,0,0.00%,0.00%,0.00%,0.00%,0.00%,0.00%,2,0,0,0,2,0,0.00%,0.00%,0.00%,0.00%,0.00%,0.00%,100.00%,0.00%,0,0,0.00%,0.00%,£0.00,£0.00,0,0,0,0,0.00%,0.00%,£0.00,£0.00,0,0,0,0
B0DQP56HSC,ARMAF Infinity Gold Eau De Parfum 100ml,797,7,212,3,"1,009",10,0.08%,0.05%,0.03%,0.04%,0.04%,0.06%,"1,012",7,308,3,"1,320",10,0.05%,0.06%,0.03%,0.03%,0.04%,0.05%,1.78%,0.00%,0,0,0.00%,0.00%,£0.00,£0.00,0,0,0,0,0.00%,0.00%,£0.00,£0.00,0,0,0,0
B0DS7VF2YR,Rimmel Wonder'Ink Precision Liquid Eyeliner Pen,"6,088",38,"2,256",21,"8,344",59,0.44%,0.39%,0.31%,0.29%,0.37%,0.37%,"7,644",43,"2,939",26,"10,583",69,0.38%,0.38%,0.31%,0.26%,0.36%,0.32%,0.04%,0.00%,0,0,0.00%,0.00%,£0.00,£0.00,0,0,0,0,0.00%,0.00%,£0.00,£0.00,0,0,0,0
B0DSLX7BX6,Max Factor False Lash Effect Supreme Recharge Mascara,337,2,169,2,506,4,0.02%,0.02%,0.02%,0.03%,0.02%,0.03%,467,2,232,2,699,4,0.02%,0.02%,0.02%,0.02%,0.02%,0.02%,0.61%,0.00%,0,0,0.00%,0.00%,£0.00,£0.00,0,0,0,0,0.00%,0.00%,£0.00,£0.00,0,0,0,0
B0DSQ1R665,Victoria Vynn Mega Base BLINK PINK Hard & Long Nails UV Led Hybrid Gel Polish,68,1,34,0,102,1,0.01%,0.00%,0.00%,0.00%,0.00%,0.01%,85,1,40,0,125,1,0.00%,0.01%,0.00%,0.00%,0.00%,0.00%,0.00%,0.00%,0,0,0.00%,0.00%,£0.00,£0.00,0,0,0,0,0.00%,0.00%,£0.00,£0.00,0,0,0,0
B0DTDYQGWH,"Bruno Banani Woman Eau de Toilette Natural Spray, 40 ml",12,1,17,3,29,4,0.01%,0.00%,0.00%,0.04%,0.00%,0.03%,19,1,24,4,43,5,0.00%,0.01%,0.00%,0.04%,0.00%,0.02%,2.44%,0.00%,0,0,0.00%,0.00%,£0.00,£0.00,0,0,0,0,0.00%,0.00%,£0.00,£0.00,0,0,0,0
B0DTFTS5CV,Fired Earth Green Tea & Bergamot Ceramic Candle,8,0,1,0,9,0,0.00%,0.00%,0.00%,0.00%,0.00%,0.00%,11,0,1,0,12,0,0.00%,0.00%,0.00%,0.00%,0.00%,0.00%,0.00%,0.00%,0,0,0.00%,0.00%,£0.00,£0.00,0,0,0,0,0.00%,0.00%,£0.00,£0.00,0,0,0,0
B0DTV4BC6X,Garnier Collection,667,3,450,4,"1,117",7,0.04%,0.04%,0.06%,0.05%,0.05%,0.04%,831,3,546,5,"1,377",8,0.04%,0.03%,0.06%,0.05%,0.05%,0.04%,0.00%,0.00%,0,0,0.00%,0.00%,£0.00,£0.00,0,0,0,0,0.00%,0.00%,£0.00,£0.00,0,0,0,0
B0DW5YGPC2,"L'Oréal Paris Liquid Lipstick, Intense Colour, Longwear Matte Formula with Hyaluronic Acid, Transfer- and Smudge-Resistant, Infallible Matte Resistance, Shade: 300 Sunbathing","4,347",18,"1,358",19,"5,705",37,0.21%,0.28%,0.19%,0.26%,0.25%,0.23%,"5,837",22,"1,817",25,"7,654",47,0.29%,0.20%,0.19%,0.25%,0.26%,0.22%,0.00%,0.00%,0,0,0.00%,0.00%,£0.00,£0.00,0,0,0,0,0.00%,0.00%,£0.00,£0.00,0,0,0,0
B0DX76MQW9,"L’Oréal Paris Age Perfect Golden Age Re-Stimulating Night Cream 50+, Moisturising, Renew Skin Barrier Overnight and Reactivates Skin’s Radiance, Peony Native Cells, Calcium and Vitamin B3, 50ml","2,401",19,"1,203",27,"3,604",46,0.22%,0.15%,0.17%,0.37%,0.16%,0.29%,"3,193",31,"1,569",38,"4,762",69,0.16%,0.28%,0.16%,0.38%,0.16%,0.32%,0.00%,0.00%,0,0,0.00%,0.00%,£0.00,£0.00,0,0,0,0,0.00%,0.00%,£0.00,£0.00,0,0,0,0
B0F4BBYBRL,"REDKEN Shampoo, For Damaged Hair, Repairs Strength & Builds Resilience, Extreme","1,875",10,"1,086",12,"2,961",22,0.12%,0.12%,0.15%,0.16%,0.13%,0.14%,"2,539",11,"1,475",21,"4,014",32,0.13%,0.10%,0.15%,0.21%,0.13%,0.15%,0.00%,0.00%,0,0,0.00%,0.00%,£0.00,£0.00,0,0,0,0,0.00%,0.00%,£0.00,£0.00,0,0,0,0
B0F4D9B673,"Maybelline Super Lock Brow Glue Up to 24H Hold, Waterproof, Warm Deep Brown",600,9,310,13,910,22,0.11%,0.04%,0.04%,0.18%,0.04%,0.14%,855,17,424,18,"1,279",35,0.04%,0.15%,0.04%,0.18%,0.04%,0.16%,0.00%,0.00%,0,0,0.00%,0.00%,£0.00,£0.00,0,0,0,0,0.00%,0.00%,£0.00,£0.00,0,0,0,0
B0F4QWQHR8,Fudge Professional,"1,805",8,547,2,"2,352",10,0.09%,0.12%,0.08%,0.03%,0.10%,0.06%,"2,402",9,695,2,"3,097",11,0.12%,0.08%,0.07%,0.02%,0.10%,0.05%,0.00%,0.00%,0,0,0.00%,0.00%,£0.00,£0.00,0,0,0,0,0.00%,0.00%,£0.00,£0.00,0,0,0,0
B0F532HP2M,"Catrice Prime And Fine Multitalent Fixing Spray, Transparent, langanhaltend, vegan, ohne Alkohol, ohne Parabene, ohne Mikroplastikpartikel, 1er Pack (50ml)",254,2,90,0,344,2,0.02%,0.02%,0.01%,0.00%,0.02%,0.01%,307,2,103,0,410,2,0.02%,0.02%,0.01%,0.00%,0.01%,0.01%,0.00%,0.00%,0,0,0.00%,0.00%,£0.00,£0.00,0,0,0,0,0.00%,0.00%,£0.00,£0.00,0,0,0,0
B0F5BT5ZGJ,"essence WHAT A TINT! lip & cheek ink, highlighter, no. 01 Kiss from a rose, pink, instant result, long-lasting, natural, vegan, microplastic particles free, nanoparticles free (4.9 ml)","2,094",7,712,6,"2,806",13,0.08%,0.13%,0.10%,0.08%,0.12%,0.08%,"2,868",9,981,7,"3,849",16,0.14%,0.08%,0.10%,0.07%,0.13%,0.08%,0.03%,0.00%,0,0,0.00%,0.00%,£0.00,£0.00,0,0,0,0,0.00%,0.00%,£0.00,£0.00,0,0,0,0
B0F7941TZL,"Rimmel London Super Gel Nail Polish Beach Ready Collection, 53 Dive Right In, 12 ml",63,0,35,0,98,0,0.00%,0.00%,0.00%,0.00%,0.00%,0.00%,86,0,45,0,131,0,0.00%,0.00%,0.00%,0.00%,0.00%,0.00%,0.83%,0.00%,0,0,0.00%,0.00%,£0.00,£0.00,0,0,0,0,0.00%,0.00%,£0.00,£0.00,0,0,0,0
B0F837F9K3,Matte Hed Firm Hold Fudge Professional Texture Paste 85 ml,124,1,103,5,227,6,0.01%,0.01%,0.01%,0.07%,0.01%,0.04%,174,4,129,6,303,10,0.01%,0.04%,0.01%,0.06%,0.01%,0.05%,0.00%,0.00%,0,0,0.00%,0.00%,£0.00,£0.00,0,0,0,0,0.00%,0.00%,£0.00,£0.00,0,0,0,0
B0F8K35D4B,ess. Flawless Skin Trio Powder 10,396,1,130,0,526,1,0.01%,0.03%,0.02%,0.00%,0.02%,0.01%,482,1,176,0,658,1,0.02%,0.01%,0.02%,0.00%,0.02%,0.00%,0.00%,0.00%,0,0,0.00%,0.00%,£0.00,£0.00,0,0,0,0,0.00%,0.00%,£0.00,£0.00,0,0,0,0
B0F8NZWLSW,"Rimmel London Wonder’Last Brow Tint for Days, Medium Brown, 4.5ml","1,359",19,417,6,"1,776",25,0.22%,0.09%,0.06%,0.08%,0.08%,0.16%,"1,695",25,541,6,"2,236",31,0.08%,0.22%,0.06%,0.06%,0.08%,0.15%,0.00%,0.00%,0,0,0.00%,0.00%,£0.00,£0.00,0,0,0,0,0.00%,0.00%,£0.00,£0.00,0,0,0,0
B0F9X4QZRW,Tiffany Sheer Edt Vapo ml 50,20,0,17,0,37,0,0.00%,0.00%,0.00%,0.00%,0.00%,0.00%,28,0,22,0,50,0,0.00%,0.00%,0.00%,0.00%,0.00%,0.00%,0.00%,0.00%,0,0,0.00%,0.00%,£0.00,£0.00,0,0,0,0,0.00%,0.00%,£0.00,£0.00,0,0,0,0
B0F9XB63TT,ess Drop of Sunshine Bronzing Drops,699,5,242,2,941,7,0.06%,0.04%,0.03%,0.03%,0.04%,0.04%,906,6,309,2,"1,215",8,0.04%,0.05%,0.03%,0.02%,0.04%,0.04%,0.09%,0.00%,0,0,0.00%,0.00%,£0.00,£0.00,0,0,0,0,0.00%,0.00%,£0.00,£0.00,0,0,0,0
B0FBXCXRMN,Bourjois Little Round Pot Eye Rg Rlaunch 2.5Ml 2 20Iv,118,0,56,2,174,2,0.00%,0.01%,0.01%,0.03%,0.01%,0.01%,144,0,67,2,211,2,0.01%,0.00%,0.01%,0.02%,0.01%,0.01%,0.51%,100.00%,0,0,0.00%,0.00%,£0.00,£0.00,0,0,0,0,0.00%,0.00%,£0.00,£0.00,0,0,0,0
B0FCL6YSN9,Bright Eyes! Under Eye Stick,0,0,18,0,18,0,0.00%,0.00%,0.00%,0.00%,0.00%,0.00%,0,0,25,0,25,0,0.00%,0.00%,0.00%,0.00%,0.00%,0.00%,0.00%,0.00%,0,0,0.00%,0.00%,£0.00,£0.00,0,0,0,0,0.00%,0.00%,£0.00,£0.00,0,0,0,0
B0FCMZSKGJ,"L'Oréal Paris Liquid Lipstick, Intense Colour, Longwear Matte Formula with Hyaluronic Acid, Transfer- and Smudge-Resistant, Infallible Matte Resistance, Shade: 120 Major Crush",572,5,213,7,785,12,0.06%,0.04%,0.03%,0.10%,0.03%,0.08%,798,5,283,12,"1,081",17,0.04%,0.04%,0.03%,0.12%,0.04%,0.08%,0.00%,0.00%,0,0,0.00%,0.00%,£0.00,£0.00,0,0,0,0,0.00%,0.00%,£0.00,£0.00,0,0,0,0
B0FCVW62KZ,"Bourjois Liner Feutre Slim Eyeliner 16 Noir, .8ml",21,0,30,0,51,0,0.00%,0.00%,0.00%,0.00%,0.00%,0.00%,23,0,44,0,67,0,0.00%,0.00%,0.00%,0.00%,0.00%,0.00%,0.00%,0.00%,0,0,0.00%,0.00%,£0.00,£0.00,0,0,0,0,0.00%,0.00%,£0.00,£0.00,0,0,0,0
B0FD32YPNG,"essence cosmetics eyeliner pen waterproof, Eye Liner, wasserfest, Nr. 01 waterproof, schwarz, definierend, langanhaltend, wasserfest, vegan, ohne Parfüm (1ml)",16,0,13,1,29,1,0.00%,0.00%,0.00%,0.01%,0.00%,0.01%,21,0,13,1,34,1,0.00%,0.00%,0.00%,0.01%,0.00%,0.00%,0.00%,0.00%,0,0,0.00%,0.00%,£0.00,£0.00,0,0,0,0,0.00%,0.00%,£0.00,£0.00,0,0,0,0
B0FFM26T7S,"Elizabeth Arden Eight Hour Cream Nourishing Lip Balm SPF 20, 14.8ml, Long-lasting Moisture & Conditioning, Sun Protection for Dry Lips, Unisex","2,429",13,732,3,"3,161",16,0.15%,0.16%,0.10%,0.04%,0.14%,0.10%,"2,858",21,886,4,"3,744",25,0.14%,0.19%,0.09%,0.04%,0.13%,0.12%,0.00%,0.00%,0,0,0.00%,0.00%,£0.00,£0.00,0,0,0,0,0.00%,0.00%,£0.00,£0.00,0,0,0,0
B0FGND7LPQ,"Max Factor False Lash Effect XXL Mascara Black, 100% vegane Farbpigmente, sofortiges Volumen, Fülle und Länge, 12 ml",191,0,117,2,308,2,0.00%,0.01%,0.02%,0.03%,0.01%,0.01%,229,0,144,2,373,2,0.01%,0.00%,0.02%,0.02%,0.01%,0.01%,0.00%,0.00%,0,0,0.00%,0.00%,£0.00,£0.00,0,0,0,0,0.00%,0.00%,£0.00,£0.00,0,0,0,0
B0FH4RBRDS,Joanna Professional Keratin Serie,6,0,10,0,16,0,0.00%,0.00%,0.00%,0.00%,0.00%,0.00%,7,0,14,0,21,0,0.00%,0.00%,0.00%,0.00%,0.00%,0.00%,52.63%,0.00%,0,0,0.00%,0.00%,£0.00,£0.00,0,0,0,0,0.00%,0.00%,£0.00,£0.00,0,0,0,0
B0FJR8SVBC,"Bourjois Healthy Mix Clean Foundation vegane Gesichtsgrundierung mit Vitaminen, aufhellende und feuchtigkeitsspendende Fluid Nr. 50,5 Light Ivory, 30ml",110,0,88,0,198,0,0.00%,0.01%,0.01%,0.00%,0.01%,0.00%,146,0,127,0,273,0,0.01%,0.00%,0.01%,0.00%,0.01%,0.00%,0.00%,0.00%,0,0,0.00%,0.00%,£0.00,£0.00,0,0,0,0,0.00%,0.00%,£0.00,£0.00,0,0,0,0
B0FL7K21MS,Sally Hansen Color Therapy Nagellack,57,0,30,0,87,0,0.00%,0.00%,0.00%,0.00%,0.00%,0.00%,64,0,39,0,103,0,0.00%,0.00%,0.00%,0.00%,0.00%,0.00%,2.06%,0.00%,0,0,0.00%,0.00%,£0.00,£0.00,0,0,0,0,0.00%,0.00%,£0.00,£0.00,0,0,0,0
B0FP31XQRT,ARMAF Club De Nuit Precieux IV Extrait De Parfum 55ml,423,10,143,0,566,10,0.12%,0.03%,0.02%,0.00%,0.02%,0.06%,599,14,182,0,781,14,0.03%,0.13%,0.02%,0.00%,0.03%,0.07%,2.32%,0.00%,0,0,0.00%,0.00%,£0.00,£0.00,0,0,0,0,0.00%,0.00%,£0.00,£0.00,0,0,0,0
B0FPKJGXWK,Skin Full Cover Concealer - Cool Sand by Bobbi Brown for Women - 0.27 oz Concealer,52,2,34,0,86,2,0.02%,0.00%,0.00%,0.00%,0.00%,0.01%,64,5,44,0,108,5,0.00%,0.04%,0.00%,0.00%,0.00%,0.02%,0.00%,0.00%,0,0,0.00%,0.00%,£0.00,£0.00,0,0,0,0,0.00%,0.00%,£0.00,£0.00,0,0,0,0
B0FPMQXXLZ,Revlon ColorStay Matte Lite Crayon - She's Fly,253,1,92,0,345,1,0.01%,0.02%,0.01%,0.00%,0.02%,0.01%,308,1,132,0,440,1,0.02%,0.01%,0.01%,0.00%,0.01%,0.00%,0.00%,0.00%,0,0,0.00%,0.00%,£0.00,£0.00,0,0,0,0,0.00%,0.00%,£0.00,£0.00,0,0,0,0
B0FQTKW318,Yankee Candle Car Jar Scented Air Freshener,"2,198",9,776,4,"2,974",13,0.11%,0.14%,0.11%,0.05%,0.13%,0.08%,"2,740",13,967,4,"3,707",17,0.14%,0.12%,0.10%,0.04%,0.12%,0.08%,0.00%,0.00%,0,0,0.00%,0.00%,£0.00,£0.00,0,0,0,0,0.00%,0.00%,£0.00,£0.00,0,0,0,0
B0FXGJBYNK,Maybelline New York Augenbrauengel,"3,228",19,"1,771",55,"4,999",74,0.22%,0.21%,0.24%,0.75%,0.22%,0.47%,"4,234",25,"2,284",97,"6,518",122,0.21%,0.22%,0.24%,0.96%,0.22%,0.57%,0.02%,0.00%,0,0,0.00%,0.00%,£0.00,£0.00,0,0,0,0,0.00%,0.00%,£0.00,£0.00,0,0,0,0
B0FXPW8LTX,"Bourjois Rouge Velvet The Lipstick Bullet Lipstick 12 Brunette Browns, 2.4g, 29166438012",164,1,103,0,267,1,0.01%,0.01%,0.01%,0.00%,0.01%,0.01%,216,1,139,0,355,1,0.01%,0.01%,0.01%,0.00%,0.01%,0.00%,0.88%,0.00%,0,0,0.00%,0.00%,£0.00,£0.00,0,0,0,0,0.00%,0.00%,£0.00,£0.00,0,0,0,0
B0FYRMVVL6,"MANCERA Wild Python Eau de Parfum, Women (120 ml)",0,0,5,0,5,0,0.00%,0.00%,0.00%,0.00%,0.00%,0.00%,0,0,6,0,6,0,0.00%,0.00%,0.00%,0.00%,0.00%,0.00%,80.00%,0.00%,0,0,0.00%,0.00%,£0.00,£0.00,0,0,0,0,0.00%,0.00%,£0.00,£0.00,0,0,0,0
B0FZ6CCHTY,Crushed Oil-Infused Gloss - New Romantic by Bobbi Brown for Women - 0.2 oz Lip Gloss,21,0,17,0,38,0,0.00%,0.00%,0.00%,0.00%,0.00%,0.00%,27,0,19,0,46,0,0.00%,0.00%,0.00%,0.00%,0.00%,0.00%,0.00%,0.00%,0,0,0.00%,0.00%,£0.00,£0.00,0,0,0,0,0.00%,0.00%,£0.00,£0.00,0,0,0,0
B0G1LD1LBH,"Catrice Ten!sational 10 in 1 Dream Primer, anti-aging, moisturizing/hydrating, smoothing, natural, luminous (30ml)",500,2,173,1,673,3,0.02%,0.03%,0.02%,0.01%,0.03%,0.02%,621,3,232,1,853,4,0.03%,0.03%,0.02%,0.01%,0.03%,0.02%,0.00%,0.00%,0,0,0.00%,0.00%,£0.00,£0.00,0,0,0,0,0.00%,0.00%,£0.00,£0.00,0,0,0,0
B0G1N3559F,Catrice Sun Glow Matt Bronzing Powder,"2,314",16,747,5,"3,061",21,0.19%,0.15%,0.10%,0.07%,0.13%,0.13%,"3,079",27,968,7,"4,047",34,0.15%,0.24%,0.10%,0.07%,0.14%,0.16%,0.00%,0.00%,0,0,0.00%,0.00%,£0.00,£0.00,0,0,0,0,0.00%,0.00%,£0.00,£0.00,0,0,0,0
B0G1RHS9D4,Rimmel Lasting FiniSally Hansen Compact 04,195,0,105,4,300,4,0.00%,0.01%,0.01%,0.05%,0.01%,0.03%,278,0,146,5,424,5,0.01%,0.00%,0.02%,0.05%,0.01%,0.02%,0.26%,0.00%,0,0,0.00%,0.00%,£0.00,£0.00,0,0,0,0,0.00%,0.00%,£0.00,£0.00,0,0,0,0
B0G3PMXTYN,"Rimmel Kind + Free Natural Finish Pressed Powder, Light 020",421,1,206,4,627,5,0.01%,0.03%,0.03%,0.05%,0.03%,0.03%,568,1,280,4,848,5,0.03%,0.01%,0.03%,0.04%,0.03%,0.02%,0.25%,0.00%,0,0,0.00%,0.00%,£0.00,£0.00,0,0,0,0,0.00%,0.00%,£0.00,£0.00,0,0,0,0
B0G3PQMWG7,"Max Factor Brow Revival Densifying Brow Mascara, Dark Brown 005",17,1,36,4,53,5,0.01%,0.00%,0.00%,0.05%,0.00%,0.03%,27,1,45,5,72,6,0.00%,0.01%,0.00%,0.05%,0.00%,0.03%,0.00%,0.00%,0,0,0.00%,0.00%,£0.00,£0.00,0,0,0,0,0.00%,0.00%,£0.00,£0.00,0,0,0,0
B0G43JK7DV,"Max Factor False Lash Epic Mascara Black, 13.1 ml",71,0,68,2,139,2,0.00%,0.00%,0.01%,0.03%,0.01%,0.01%,90,0,80,2,170,2,0.00%,0.00%,0.01%,0.02%,0.01%,0.01%,0.00%,0.00%,0,0,0.00%,0.00%,£0.00,£0.00,0,0,0,0,0.00%,0.00%,£0.00,£0.00,0,0,0,0
B0G4D3TNBF,"L'Oreal Paris Revitalift Filler Glass Skin Hydrogel Glow Mask, Korean-Skincare Inspired Masks, 1pc",685,4,323,4,"1,008",8,0.05%,0.04%,0.04%,0.05%,0.04%,0.05%,825,5,397,8,"1,222",13,0.04%,0.04%,0.04%,0.08%,0.04%,0.06%,0.00%,0.00%,0,0,0.00%,0.00%,£0.00,£0.00,0,0,0,0,0.00%,0.00%,£0.00,£0.00,0,0,0,0
B0G4DKHLKN,Maybelline New York Sculpting Stix Eyeline,264,0,149,3,413,3,0.00%,0.02%,0.02%,0.04%,0.02%,0.02%,372,0,184,4,556,4,0.02%,0.00%,0.02%,0.04%,0.02%,0.02%,0.00%,0.00%,0,0,0.00%,0.00%,£0.00,£0.00,0,0,0,0,0.00%,0.00%,£0.00,£0.00,0,0,0,0
B0G4DXJDY2,L'Oréal Paris x Mugler Limited Edition Collection,"4,031",25,"2,221",27,"6,252",52,0.29%,0.26%,0.31%,0.37%,0.27%,0.33%,"5,429",42,"2,926",40,"8,355",82,0.27%,0.38%,0.31%,0.39%,0.28%,0.38%,0.00%,0.00%,0,0,0.00%,0.00%,£0.00,£0.00,0,0,0,0,0.00%,0.00%,£0.00,£0.00,0,0,0,0
B0G58JD4WL,Max Factor MaxFactor Miracle Touch Foundation,217,1,79,0,296,1,0.01%,0.01%,0.01%,0.00%,0.01%,0.01%,271,2,102,0,373,2,0.01%,0.02%,0.01%,0.00%,0.01%,0.01%,0.00%,0.00%,0,0,0.00%,0.00%,£0.00,£0.00,0,0,0,0,0.00%,0.00%,£0.00,£0.00,0,0,0,0
B0G6FDR7WN,Maybelline Fit Me Matte & Poreless Oil Control Setting Powder 220 Natural Beige,"29,070",169,"12,597",88,"41,667",257,1.97%,1.87%,1.73%,1.20%,1.83%,1.62%,"39,816",247,"16,650",121,"56,466",368,1.96%,2.21%,1.75%,1.19%,1.90%,1.73%,0.00%,0.00%,0,0,0.00%,0.00%,£0.00,£0.00,0,0,0,0,0.00%,0.00%,£0.00,£0.00,0,0,0,0
B0GBPY1TDK,Yankee Candle ScentPlug Diffuser,185,2,57,1,242,3,0.02%,0.01%,0.01%,0.01%,0.01%,0.02%,240,2,72,1,312,3,0.01%,0.02%,0.01%,0.01%,0.01%,0.01%,0.00%,0.00%,0,0,0.00%,0.00%,£0.00,£0.00,0,0,0,0,0.00%,0.00%,£0.00,£0.00,0,0,0,0
B0GGBSB764,"Max Factor Lipfinity Frivolous, Long-Lasting, Two Step Lipstick, Vibrant Colour, Hydrating, Lasts 24 Hrs, Matte Lip Colour With Glossy Top Coat, 4.2g","2,928",17,"1,516",18,"4,444",35,0.20%,0.19%,0.21%,0.25%,0.19%,0.22%,"3,738",20,"2,069",21,"5,807",41,0.18%,0.18%,0.22%,0.21%,0.19%,0.19%,0.09%,0.00%,0,0,0.00%,0.00%,£0.00,£0.00,0,0,0,0,0.00%,0.00%,£0.00,£0.00,0,0,0,0
B0GGJ8M85H,Revlon Super Gloss Lipstick,900,3,535,3,"1,435",6,0.04%,0.06%,0.07%,0.04%,0.06%,0.04%,"1,252",4,761,3,"2,013",7,0.06%,0.04%,0.08%,0.03%,0.07%,0.03%,1.67%,0.00%,0,0,0.00%,0.00%,£0.00,£0.00,0,0,0,0,0.00%,0.00%,£0.00,£0.00,0,0,0,0
B0GHGK7PYY,"Maybelline Lifter Gloss, Hydrating Lip Gloss with Hyaluronic Acid, 002 Ice (Light Pink), Creates Fuller-Looking, Shiny, Moisturised and Plumped Lips. Non-sticky",135,2,85,2,220,4,0.02%,0.01%,0.01%,0.03%,0.01%,0.03%,157,2,100,2,257,4,0.01%,0.02%,0.01%,0.02%,0.01%,0.02%,0.00%,0.00%,0,0,0.00%,0.00%,£0.00,£0.00,0,0,0,0,0.00%,0.00%,£0.00,£0.00,0,0,0,0
B0GJMSQ92H,"Sally Hansen Oil, Rehab Bond Serum and Instant Cuticle Remover",187,3,78,1,265,4,0.04%,0.01%,0.01%,0.01%,0.01%,0.03%,242,3,98,1,340,4,0.01%,0.03%,0.01%,0.01%,0.01%,0.02%,0.00%,0.00%,0,0,0.00%,0.00%,£0.00,£0.00,0,0,0,0,0.00%,0.00%,£0.00,£0.00,0,0,0,0
B0GKQB7MB5,BOURJOIS Healthy Mix Clean & Vegan Naturally Radiant Powder No.02 Vanilla (10 g),95,0,61,4,156,4,0.00%,0.01%,0.01%,0.05%,0.01%,0.03%,144,0,83,10,227,10,0.01%,0.00%,0.01%,0.10%,0.01%,0.05%,0.00%,0.00%,0,0,0.00%,0.00%,£0.00,£0.00,0,0,0,0,0.00%,0.00%,£0.00,£0.00,0,0,0,0
B0GMQN9HKY,Tiffany & Co Spray ml,63,2,38,0,101,2,0.02%,0.00%,0.01%,0.00%,0.00%,0.01%,81,3,54,0,135,3,0.00%,0.03%,0.01%,0.00%,0.00%,0.01%,0.00%,0.00%,0,0,0.00%,0.00%,£0.00,£0.00,0,0,0,0,0.00%,0.00%,£0.00,£0.00,0,0,0,0
B0GSCJFRMQ,Bourjois,21,0,17,0,38,0,0.00%,0.00%,0.00%,0.00%,0.00%,0.00%,23,0,20,0,43,0,0.00%,0.00%,0.00%,0.00%,0.00%,0.00%,92.86%,0.00%,0,0,0.00%,0.00%,£0.00,£0.00,0,0,0,0,0.00%,0.00%,£0.00,£0.00,0,0,0,0
B0GVKHBGB6,Rimmel Rimmel Kind Free Natural Finish Pressed Powder,39,1,24,0,63,1,0.01%,0.00%,0.00%,0.00%,0.00%,0.01%,54,1,29,0,83,1,0.00%,0.01%,0.00%,0.00%,0.00%,0.00%,0.00%,0.00%,0,0,0.00%,0.00%,£0.00,£0.00,0,0,0,0,0.00%,0.00%,£0.00,£0.00,0,0,0,0
B0GVM2TB83,"Revlon So Fierce! Mascara, hält bis zu 24 Stunden, verklumpt nicht, ist wischfest und flockensicher, 701 Blackest Black, 7 ml.",40,0,30,0,70,0,0.00%,0.00%,0.00%,0.00%,0.00%,0.00%,63,0,36,0,99,0,0.00%,0.00%,0.00%,0.00%,0.00%,0.00%,0.00%,0.00%,0,0,0.00%,0.00%,£0.00,£0.00,0,0,0,0,0.00%,0.00%,£0.00,£0.00,0,0,0,0
B0GVZ15L8V,"Elizabeth Arden Eight Hour Cream Intensive Moisturizing Body Treatment, 200ml",96,1,68,0,164,1,0.01%,0.01%,0.01%,0.00%,0.01%,0.01%,128,3,95,0,223,3,0.01%,0.03%,0.01%,0.00%,0.01%,0.01%,0.00%,0.00%,0,0,0.00%,0.00%,£0.00,£0.00,0,0,0,0,0.00%,0.00%,£0.00,£0.00,0,0,0,0
B0GWRB7G3Z,Yankee Candle Car Jar Scented Air Freshener | Midsummer’s Night | 3 Count,203,0,56,4,259,4,0.00%,0.01%,0.01%,0.05%,0.01%,0.03%,266,0,74,5,340,5,0.01%,0.00%,0.01%,0.05%,0.01%,0.02%,0.00%,0.00%,0,0,0.00%,0.00%,£0.00,£0.00,0,0,0,0,0.00%,0.00%,£0.00,£0.00,0,0,0,0
B0GX11Z77D,WoodWick Scented Candle | Ellipse Candle | Yuzu & Vetiver | Perfect Gifts for Women,69,0,32,0,101,0,0.00%,0.00%,0.00%,0.00%,0.00%,0.00%,84,0,38,0,122,0,0.00%,0.00%,0.00%,0.00%,0.00%,0.00%,4.20%,0.00%,0,0,0.00%,0.00%,£0.00,£0.00,0,0,0,0,0.00%,0.00%,£0.00,£0.00,0,0,0,0
B0GX13ZTH2,WoodWick Scented Candle | Ellipse Candle | Cedarwood & Ocean Moss | Perfect Gifts for Women,161,2,124,15,285,17,0.02%,0.01%,0.02%,0.20%,0.01%,0.11%,240,2,177,18,417,20,0.01%,0.02%,0.02%,0.18%,0.01%,0.09%,2.00%,5.88%,0,0,0.00%,0.00%,£0.00,£0.00,0,0,0,0,0.00%,0.00%,£0.00,£0.00,0,0,0,0
B0GX193C6V,WoodWick Scented Candle| Medium Hourglass Candle | Yuzu & Vetiver | Perfect Gifts for Women,45,0,31,0,76,0,0.00%,0.00%,0.00%,0.00%,0.00%,0.00%,62,0,40,0,102,0,0.00%,0.00%,0.00%,0.00%,0.00%,0.00%,4.12%,0.00%,0,0,0.00%,0.00%,£0.00,£0.00,0,0,0,0,0.00%,0.00%,£0.00,£0.00,0,0,0,0
B0GXCQP27D,"NEW L'Oréal Men Expert Power Age Moisturiser, Hydrating & Revitalising Hyaluronic Acid Moisturiser for Men, designed for Ageing, Dry & Dull Skin 50ml","1,003",3,534,8,"1,537",11,0.04%,0.06%,0.07%,0.11%,0.07%,0.07%,"1,336",5,704,8,"2,040",13,0.07%,0.04%,0.07%,0.08%,0.07%,0.06%,0.00%,0.00%,0,0,0.00%,0.00%,£0.00,£0.00,0,0,0,0,0.00%,0.00%,£0.00,£0.00,0,0,0,0
B0GXFNJRV8,"Bourjois, BB Cream Healthy Mix",19,0,10,0,29,0,0.00%,0.00%,0.00%,0.00%,0.00%,0.00%,27,0,11,0,38,0,0.00%,0.00%,0.00%,0.00%,0.00%,0.00%,0.00%,0.00%,0,0,0.00%,0.00%,£0.00,£0.00,0,0,0,0,0.00%,0.00%,£0.00,£0.00,0,0,0,0
B0GXFP4N17,"Rimmel London, Eyeliner Liquido GlamEyes",10,1,8,0,18,1,0.01%,0.00%,0.00%,0.00%,0.00%,0.01%,15,2,10,0,25,2,0.00%,0.02%,0.00%,0.00%,0.00%,0.01%,9.09%,100.00%,0,0,0.00%,0.00%,£0.00,£0.00,0,0,0,0,0.00%,0.00%,£0.00,£0.00,0,0,0,0
B0GYMGX3DX,Delia Cameleo - Permanent Hair Colour Cream With Omega Plus,8,0,8,0,16,0,0.00%,0.00%,0.00%,0.00%,0.00%,0.00%,8,0,10,0,18,0,0.00%,0.00%,0.00%,0.00%,0.00%,0.00%,0.00%,0.00%,0,0,0.00%,0.00%,£0.00,£0.00,0,0,0,0,0.00%,0.00%,£0.00,£0.00,0,0,0,0
B0GZPXMG13,"L'Oréal Paris Liquid Foundation, Full Coverage, Lasting Wear, Hydrating, Water & Transfer-Proof, Lightweight Texture, Fresh, Dewy & Glowing Skin, 235 Honey",347,1,181,3,528,4,0.01%,0.02%,0.02%,0.04%,0.02%,0.03%,451,1,228,3,679,4,0.02%,0.01%,0.02%,0.03%,0.02%,0.02%,0.00%,0.00%,0,0,0.00%,0.00%,£0.00,£0.00,0,0,0,0,0.00%,0.00%,£0.00,£0.00,0,0,0,0
B0H1XJJD9D,Bourjois Nail Polish 1 Seconde,2,0,2,0,4,0,0.00%,0.00%,0.00%,0.00%,0.00%,0.00%,2,0,2,0,4,0,0.00%,0.00%,0.00%,0.00%,0.00%,0.00%,75.00%,0.00%,0,0,0.00%,0.00%,£0.00,£0.00,0,0,0,0,0.00%,0.00%,£0.00,£0.00,0,0,0,0
B0H1Y2TYSZ,Rimmel London av2023-Rimmel-rimmel kind free tinted lippenbalsam-e0582ba2,62,0,44,0,106,0,0.00%,0.00%,0.01%,0.00%,0.00%,0.00%,78,0,49,0,127,0,0.00%,0.00%,0.01%,0.00%,0.00%,0.00%,0.00%,0.00%,0,0,0.00%,0.00%,£0.00,£0.00,0,0,0,0,0.00%,0.00%,£0.00,£0.00,0,0,0,0
B0H1ZKQH4D,Max Factor Lipfinity Long-Lasting Two Step Lipstick,116,1,84,1,200,2,0.01%,0.01%,0.01%,0.01%,0.01%,0.01%,146,1,99,1,245,2,0.01%,0.01%,0.01%,0.01%,0.01%,0.01%,0.43%,0.00%,0,0,0.00%,0.00%,£0.00,£0.00,0,0,0,0,0.00%,0.00%,£0.00,£0.00,0,0,0,0
B0H25FN25H,Sally Hansen Zubehör Maniküre Nagelfeile Puffer no More Ridges – 5.1 g,34,0,33,2,67,2,0.00%,0.00%,0.00%,0.03%,0.00%,0.01%,39,0,42,2,81,2,0.00%,0.00%,0.00%,0.02%,0.00%,0.01%,0.00%,0.00%,0,0,0.00%,0.00%,£0.00,£0.00,0,0,0,0,0.00%,0.00%,£4.99,£0.00,1,0,1,0
B0H26BKJJB,"Fudge Professional Original Clean Blonde Shampoo, Bulk Size, Purple Toning for Blonde Hair, 1 Litre","2,911",19,"1,288",17,"4,199",36,0.22%,0.19%,0.18%,0.23%,0.18%,0.23%,"4,310",35,"1,785",25,"6,095",60,0.21%,0.31%,0.19%,0.25%,0.20%,0.28%,0.00%,0.00%,0,0,0.00%,0.00%,£0.00,£0.00,0,0,0,0,0.00%,0.00%,£0.00,£0.00,0,0,0,0
B0H32QRKH3,WoodWick Scented Candle | Ellipse Candle | Pumpkin Praline | Perfect Gifts for Women,120,1,49,1,169,2,0.01%,0.01%,0.01%,0.01%,0.01%,0.01%,150,1,63,1,213,2,0.01%,0.01%,0.01%,0.01%,0.01%,0.01%,1.50%,0.00%,0,0,0.00%,0.00%,£0.00,£0.00,0,0,0,0,0.00%,0.00%,£0.00,£0.00,0,0,0,0
B0H353KWRX,"Maybelline New York Eyeliner, Hyper Precise Allday Liner, Wisch- und wasserfest","3,952",19,"1,895",31,"5,847",50,0.22%,0.25%,0.26%,0.42%,0.26%,0.31%,"4,977",21,"2,413",35,"7,390",56,0.25%,0.19%,0.25%,0.35%,0.25%,0.26%,0.00%,0.00%,0,0,0.00%,0.00%,£0.00,£0.00,0,0,0,0,0.00%,0.00%,£0.00,£0.00,0,0,0,0
B0H3J8TDNQ,"Rimmel London Lasting Finish Compact Foundation, 011 Caramel, 7g","1,303",6,542,8,"1,845",14,0.07%,0.08%,0.07%,0.11%,0.08%,0.09%,"1,727",6,736,10,"2,463",16,0.09%,0.05%,0.08%,0.10%,0.08%,0.08%,0.04%,0.00%,0,0,0.00%,0.00%,£0.00,£0.00,0,0,0,0,0.00%,0.00%,£0.00,£0.00,0,0,0,0
B0H3JJPY2W,"Rimmel Kind + Free Natural Finish Pressed Powder, Fair 010",621,2,413,4,"1,034",6,0.02%,0.04%,0.06%,0.05%,0.05%,0.04%,850,2,598,5,"1,448",7,0.04%,0.02%,0.06%,0.05%,0.05%,0.03%,0.00%,0.00%,0,0,0.00%,0.00%,£0.00,£0.00,0,0,0,0,0.00%,0.00%,£0.00,£0.00,0,0,0,0
B0H3JN5B58,"Max Factor Miracle Pure Concealer With Vitamin C and Hyaluronic Acid, Shade 02",471,1,245,5,716,6,0.01%,0.03%,0.03%,0.07%,0.03%,0.04%,683,1,339,6,"1,022",7,0.03%,0.01%,0.04%,0.06%,0.03%,0.03%,0.00%,0.00%,0,0,0.00%,0.00%,£0.00,£0.00,0,0,0,0,0.00%,0.00%,£0.00,£0.00,0,0,0,0
B0H3JVZR5Z,"Maybelline Brow Ultra Slim Eyebrow Pencil: Natural-Looking Defined Brows, Ultra-Fine Tip & Built-in Spoolie Brush, Smooth-Glide & Break-Resistan Formula, 04 Medium Brown","1,104",7,461,3,"1,565",10,0.08%,0.07%,0.06%,0.04%,0.07%,0.06%,"1,498",8,609,4,"2,107",12,0.07%,0.07%,0.06%,0.04%,0.07%,0.06%,0.00%,0.00%,0,0,0.00%,0.00%,£0.00,£0.00,0,0,0,0,0.00%,0.00%,£0.00,£0.00,0,0,0,0
B0H3JW76FL,"Max Factor Divine Lashes Volume Mascara, Black, 8 ml",64,1,70,1,134,2,0.01%,0.00%,0.01%,0.01%,0.01%,0.01%,74,1,92,1,166,2,0.00%,0.01%,0.01%,0.01%,0.01%,0.01%,0.00%,0.00%,0,0,0.00%,0.00%,£0.00,£0.00,0,0,0,0,0.00%,0.00%,£0.00,£0.00,0,0,0,0
B0H3K1QH6Q,Maybelline SuperStay Active Wear 30H Foundation - 36 Warm Sun,"1,244",13,494,9,"1,738",22,0.15%,0.08%,0.07%,0.12%,0.08%,0.14%,"1,572",15,671,11,"2,243",26,0.08%,0.13%,0.07%,0.11%,0.08%,0.12%,0.00%,0.00%,0,0,0.00%,0.00%,£0.00,£0.00,0,0,0,0,0.00%,0.00%,£0.00,£0.00,0,0,0,0
B0H3K5DRNJ,L'Oréal Paris Lip Gloss Plumping and Hydrating with Hyaluronic Acid Collagen Complex Glow Paradise Balm-In-Gloss I,"2,284",15,"1,218",23,"3,502",38,0.18%,0.15%,0.17%,0.31%,0.15%,0.24%,"2,992",17,"1,552",30,"4,544",47,0.15%,0.15%,0.16%,0.30%,0.15%,0.22%,0.00%,0.00%,0,0,0.00%,0.00%,£0.00,£0.00,0,0,0,0,0.00%,0.00%,£0.00,£0.00,0,0,0,0
B0H3K79PX6,"Maybelline New York Lasting Drama Liquid Eyeliner with a High-Performance Satin Finish Formula to Deliver Intense Pigmented Lines Without Mess or Smudging All Day Long, Black",412,3,156,2,568,5,0.04%,0.03%,0.02%,0.03%,0.02%,0.03%,547,3,195,2,742,5,0.03%,0.03%,0.02%,0.02%,0.02%,0.02%,0.14%,33.33%,0,0,0.00%,0.00%,£0.00,£0.00,0,0,0,0,0.00%,0.00%,£0.00,£0.00,0,0,0,0
B0H3K7F7F2,"Rimmel Multi Tasker Concealer Fair, crease-proof, transfer-proof and waterproof, provides up to 24 hours of wear 10ml","23,320",112,"11,910",53,"35,230",165,1.31%,1.50%,1.64%,0.72%,1.54%,1.04%,"29,468",140,"14,674",66,"44,142",206,1.45%,1.25%,1.54%,0.65%,1.48%,0.97%,0.04%,0.00%,0,0,0.00%,0.00%,£0.00,£0.00,0,0,0,0,0.00%,0.00%,£0.00,£0.00,0,0,0,0
B0H3KBFY6H,"Stargazer Neon Red UV-Reactive Hair Mascara, wash out colour",18,1,13,0,31,1,0.01%,0.00%,0.00%,0.00%,0.00%,0.01%,25,1,16,0,41,1,0.00%,0.01%,0.00%,0.00%,0.00%,0.00%,29.73%,0.00%,0,0,0.00%,0.00%,£0.00,£0.00,0,0,0,0,0.00%,0.00%,£0.00,£0.00,0,0,0,0
B0H3KDSB6W,Stargazer Silverlook Semi Permanent Hair Dye,435,0,216,0,651,0,0.00%,0.03%,0.03%,0.00%,0.03%,0.00%,566,0,303,0,869,0,0.03%,0.00%,0.03%,0.00%,0.03%,0.00%,2.80%,0.00%,0,0,0.00%,0.00%,£0.00,£0.00,0,0,0,0,0.00%,0.00%,£0.00,£0.00,0,0,0,0
B0H3KGR3S7,"Max Factor Real Brow Fill and Shape Pencil, Deep Brown, 0.66 ml",283,2,145,4,428,6,0.02%,0.02%,0.02%,0.05%,0.02%,0.04%,373,2,197,4,570,6,0.02%,0.02%,0.02%,0.04%,0.02%,0.03%,0.00%,0.00%,0,0,0.00%,0.00%,£0.00,£0.00,0,0,0,0,0.00%,0.00%,£0.00,£0.00,0,0,0,0
B0H3KZGVKG,Yankee Candle Scent Plug | Small to Medium Spaces | Long-Lasting Fragrance,"2,074",9,519,12,"2,593",21,0.11%,0.13%,0.07%,0.16%,0.11%,0.13%,"2,767",11,737,15,"3,504",26,0.14%,0.10%,0.08%,0.15%,0.12%,0.12%,0.00%,0.00%,0,0,0.00%,0.00%,£0.00,£0.00,0,0,0,0,0.00%,0.00%,£0.00,£0.00,0,0,0,0
B0H3NJYP8X,"Max Factor Masterpiece Mono Eyeshadow, Rose Moon 09","1,616",6,"1,057",14,"2,673",20,0.07%,0.10%,0.15%,0.19%,0.12%,0.13%,"2,038",6,"1,365",22,"3,403",28,0.10%,0.05%,0.14%,0.22%,0.11%,0.13%,0.00%,0.00%,0,0,0.00%,0.00%,£0.00,£0.00,0,0,0,0,0.00%,0.00%,£0.00,£0.00,0,0,0,0
B0H3NVWDLW,"Max Factor Facefinity Multi-Perfector Concealer, All In One",77,0,58,0,135,0,0.00%,0.00%,0.01%,0.00%,0.01%,0.00%,100,0,73,0,173,0,0.00%,0.00%,0.01%,0.00%,0.01%,0.00%,8.33%,0.00%,0,0,0.00%,0.00%,£0.00,£0.00,0,0,0,0,0.00%,0.00%,£0.00,£0.00,0,0,0,0
B0H3NXPQ4Q,Revlon PhotoReady Primer,81,0,45,1,126,1,0.00%,0.01%,0.01%,0.01%,0.01%,0.01%,106,0,63,1,169,1,0.01%,0.00%,0.01%,0.01%,0.01%,0.00%,0.00%,0.00%,0,0,0.00%,0.00%,£0.00,£0.00,0,0,0,0,0.00%,0.00%,£0.00,£0.00,0,0,0,0
B0H3NYT5QV,Max Factor Facefinity All Day Flawless 3 in 1 Foundation,10,0,10,0,20,0,0.00%,0.00%,0.00%,0.00%,0.00%,0.00%,13,0,10,0,23,0,0.00%,0.00%,0.00%,0.00%,0.00%,0.00%,0.00%,0.00%,0,0,0.00%,0.00%,£0.00,£0.00,0,0,0,0,0.00%,0.00%,£0.00,£0.00,0,0,0,0
B0H3NZX4SX,Rimmel London Lasting Mega Matte Lipstick Liquid Lipstick Long Lasting Moisturizing Formula Vegan 110 Blush 7.4ml,"1,639",15,499,6,"2,138",21,0.18%,0.11%,0.07%,0.08%,0.09%,0.13%,"2,176",21,694,13,"2,870",34,0.11%,0.19%,0.07%,0.13%,0.10%,0.16%,0.00%,0.00%,0,0,0.00%,0.00%,£0.00,£0.00,0,0,0,0,0.00%,0.00%,£0.00,£0.00,0,0,0,0
B0H3P1189Y,Fudge Professional,"1,901",11,485,3,"2,386",14,0.13%,0.12%,0.07%,0.04%,0.10%,0.09%,"2,456",12,610,3,"3,066",15,0.12%,0.11%,0.06%,0.03%,0.10%,0.07%,0.00%,0.00%,0,0,0.00%,0.00%,£0.00,£0.00,0,0,0,0,0.00%,0.00%,£0.00,£0.00,0,0,0,0
B0H3P2L9CS,"Maybelline New York Augenbrauengel, Für definierte Augenbrauen, Starker Halt ohne abzublättern oder zu kleben, Integriertes Styling-Bürstchen, Super Lock Brow Glue, Taupe, 8 g",166,1,66,2,232,3,0.01%,0.01%,0.01%,0.03%,0.01%,0.02%,201,1,93,2,294,3,0.01%,0.01%,0.01%,0.02%,0.01%,0.01%,1.41%,0.00%,0,0,0.00%,0.00%,£0.00,£0.00,0,0,0,0,0.00%,0.00%,£0.00,£0.00,0,0,0,0
B0H3P2M3SD,Rimmel Match Perfection Foundation,"3,044",12,"1,241",14,"4,285",26,0.14%,0.20%,0.17%,0.19%,0.19%,0.16%,"3,957",14,"1,642",16,"5,599",30,0.20%,0.13%,0.17%,0.16%,0.19%,0.14%,0.11%,0.00%,0,0,0.00%,0.00%,£0.00,£0.00,0,0,0,0,0.00%,0.00%,£0.00,£0.00,0,0,0,0
B0H3P48ZL3,Max Factor Masterpiece,97,0,63,4,160,4,0.00%,0.01%,0.01%,0.05%,0.01%,0.03%,130,0,77,8,207,8,0.01%,0.00%,0.01%,0.08%,0.01%,0.04%,0.00%,0.00%,0,0,0.00%,0.00%,£0.00,£0.00,0,0,0,0,0.00%,0.00%,£0.00,£0.00,0,0,0,0
B0H3P5P26V,L'Oréal Paris Plump PH,421,0,215,5,636,5,0.00%,0.03%,0.03%,0.07%,0.03%,0.03%,541,0,280,6,821,6,0.03%,0.00%,0.03%,0.06%,0.03%,0.03%,0.00%,0.00%,0,0,0.00%,0.00%,£0.00,£0.00,0,0,0,0,0.00%,0.00%,£0.00,£0.00,0,0,0,0
B0H3P6T7GK,"Max Factor Masterpiece EYE ENHANCER Buff 2, aufhellende und farbkorrigierende Anti-Müdigkeits-Concealer",247,0,104,0,351,0,0.00%,0.02%,0.01%,0.00%,0.02%,0.00%,318,0,143,0,461,0,0.02%,0.00%,0.02%,0.00%,0.02%,0.00%,0.00%,0.00%,0,0,0.00%,0.00%,£0.00,£0.00,0,0,0,0,0.00%,0.00%,£0.00,£0.00,0,0,0,0
B0H3P774C9,L'Oréal Paris BB C'est Magic Cream 03 Medium Light,"8,242",48,"3,172",20,"11,414",68,0.56%,0.53%,0.44%,0.27%,0.50%,0.43%,"11,598",71,"4,200",26,"15,798",97,0.57%,0.63%,0.44%,0.26%,0.53%,0.45%,0.01%,0.00%,0,0,0.00%,0.00%,£0.00,£0.00,0,0,0,0,0.00%,0.00%,£0.00,£0.00,0,0,0,0
B0H3P84C24,"Max Factor Facefinity Multi-Perfector Concealer, All In One, Conceal Imperfections, Instant Brightening, Natrual Finish, Lightweight, Vegan, Customisable Coverage - 2N, 11 ml",335,4,231,1,566,5,0.05%,0.02%,0.03%,0.01%,0.02%,0.03%,475,4,330,1,805,5,0.02%,0.04%,0.03%,0.01%,0.03%,0.02%,0.00%,0.00%,0,0,0.00%,0.00%,£0.00,£0.00,0,0,0,0,0.00%,0.00%,£0.00,£0.00,0,0,0,0
B0H3P91BS1,"Max Factor Facefinity Multi-Perfector Concealer, All In One, Conceal Imperfections, Instant Brightening, Natrual Finish, Lightweight, Vegan, Customisable Coverage - 6N, 11 ml",24,0,26,0,50,0,0.00%,0.00%,0.00%,0.00%,0.00%,0.00%,35,0,32,0,67,0,0.00%,0.00%,0.00%,0.00%,0.00%,0.00%,0.00%,0.00%,0,0,0.00%,0.00%,£0.00,£0.00,0,0,0,0,0.00%,0.00%,£0.00,£0.00,0,0,0,0
B0H3PDN7ZF,"Maybelline New York Lifter Liner Lippenkonturenstift mit Hyaluronsäure für voller aussehende, pralle Lippen",467,1,310,3,777,4,0.01%,0.03%,0.04%,0.04%,0.03%,0.03%,616,1,377,6,993,7,0.03%,0.01%,0.04%,0.06%,0.03%,0.03%,0.62%,0.00%,0,0,0.00%,0.00%,£0.00,£0.00,0,0,0,0,0.00%,0.00%,£0.00,£0.00,0,0,0,0
B0H3PDPSB2,Max Factor 2000 Calorie Lip Glaze,92,0,59,0,151,0,0.00%,0.01%,0.01%,0.00%,0.01%,0.00%,121,0,74,0,195,0,0.01%,0.00%,0.01%,0.00%,0.01%,0.00%,0.00%,0.00%,0,0,0.00%,0.00%,£0.00,£0.00,0,0,0,0,0.00%,0.00%,£0.00,£0.00,0,0,0,0
B0H3PF7F55,Rimmel Lasting Finish Extreme Matte Lipstick Eu 160,545,3,253,2,798,5,0.04%,0.04%,0.03%,0.03%,0.03%,0.03%,674,3,324,2,998,5,0.03%,0.03%,0.03%,0.02%,0.03%,0.02%,0.00%,0.00%,0,0,0.00%,0.00%,£0.00,£0.00,0,0,0,0,0.00%,0.00%,£0.00,£0.00,0,0,0,0
B0H3PGRWT2,Rimmel Lasting Finish Extreme Matte Lipstick Eu 715,"1,045",6,369,1,"1,414",7,0.07%,0.07%,0.05%,0.01%,0.06%,0.04%,"1,301",7,490,1,"1,791",8,0.06%,0.06%,0.05%,0.01%,0.06%,0.04%,0.23%,0.00%,0,0,0.00%,0.00%,£0.00,£0.00,0,0,0,0,0.00%,0.00%,£0.00,£0.00,0,0,0,0
B0H3WHXJK8,"Revlon ColorStay Pencil Eyeliner with Built-in Sharpener, Waterproof, Smudgeproof, Longwearing Eye Makeup with Ultra-Fine Tip, Charcoal (204)",278,4,206,4,484,8,0.05%,0.02%,0.03%,0.05%,0.02%,0.05%,359,4,273,4,632,8,0.02%,0.04%,0.03%,0.04%,0.02%,0.04%,0.00%,0.00%,0,0,0.00%,0.00%,£0.00,£0.00,0,0,0,0,0.00%,0.00%,£0.00,£0.00,0,0,0,0
B0H3WSMHWN,"L’Oréal Paris Revitalift Hydrating Day Cream, Clinically proven to visibly firm Skin & Reduce Wrinkles; Moisturises, and Hydrates Skin; Formulated with Pro-Retinol and Elasti-Peptides, 50ml",884,1,573,4,"1,457",5,0.01%,0.06%,0.08%,0.05%,0.06%,0.03%,"1,180",1,762,4,"1,942",5,0.06%,0.01%,0.08%,0.04%,0.07%,0.02%,0.00%,0.00%,0,0,0.00%,0.00%,£0.00,£0.00,0,0,0,0,0.00%,0.00%,£0.00,£0.00,0,0,0,0
B0H3WTQVKS,"L'Oreal Paris Revitalift Age Perfect Advanced Anti-Wrinkle Eye Cream, Improves Skin's Firmness, Under Eye Cream Anti Aging, Mix (Packaging may vary), 15 ml (Pack of 1)",828,2,619,10,"1,447",12,0.02%,0.05%,0.09%,0.14%,0.06%,0.08%,"1,054",2,773,10,"1,827",12,0.05%,0.02%,0.08%,0.10%,0.06%,0.06%,0.00%,0.00%,0,0,0.00%,0.00%,£0.00,£0.00,0,0,0,0,0.00%,0.00%,£0.00,£0.00,0,0,0,0
B0H3WZT12C,Flat Purple eye shadow. Maximum colour pressed powder eye shadow.,68,0,38,2,106,2,0.00%,0.00%,0.01%,0.03%,0.00%,0.01%,92,0,55,2,147,2,0.00%,0.00%,0.01%,0.02%,0.00%,0.01%,0.00%,0.00%,0,0,0.00%,0.00%,£0.00,£0.00,0,0,0,0,0.00%,0.00%,£0.00,£0.00,0,0,0,0
B0H3X1GZY7,"L'Oréal Paris Gentle Eye Makeup Remover Enriched with Pro-Vitamin, Refreshing Non-Irritating Formula Suitable for All Skin Types, Sensitive Eyes and Contact Lens Wearers, 125ml","1,052",6,510,6,"1,562",12,0.07%,0.07%,0.07%,0.08%,0.07%,0.08%,"1,289",9,642,9,"1,931",18,0.06%,0.08%,0.07%,0.09%,0.06%,0.08%,0.00%,0.00%,0,0,0.00%,0.00%,£0.00,£0.00,0,0,0,0,0.00%,0.00%,£0.00,£0.00,0,0,0,0
B0H3XG59T1,Revlon Colorstay Longwear Permanent Cream Colour,326,0,92,1,418,1,0.00%,0.02%,0.01%,0.01%,0.02%,0.01%,447,0,139,1,586,1,0.02%,0.00%,0.01%,0.01%,0.02%,0.00%,0.00%,0.00%,0,0,0.00%,0.00%,£0.00,£0.00,0,0,0,0,0.00%,0.00%,£0.00,£0.00,0,0,0,0
B0H3XGBWKW,Revlon Colorstay Longwear Permanent Cream Colour,509,4,180,8,689,12,0.05%,0.03%,0.02%,0.11%,0.03%,0.08%,660,5,263,11,923,16,0.03%,0.04%,0.03%,0.11%,0.03%,0.08%,0.00%,0.00%,0,0,0.00%,0.00%,£0.00,£0.00,0,0,0,0,0.00%,0.00%,£0.00,£0.00,0,0,0,0
B0H3XGS61Q,Revlon Colorstay Longwear Permanent Cream Colour,"1,527",5,367,3,"1,894",8,0.06%,0.10%,0.05%,0.04%,0.08%,0.05%,"1,995",5,500,3,"2,495",8,0.10%,0.04%,0.05%,0.03%,0.08%,0.04%,0.00%,0.00%,0,0,0.00%,0.00%,£0.00,£0.00,0,0,0,0,0.00%,0.00%,£0.00,£0.00,0,0,0,0
B0H3XJSRSB,"L'Oreal Paris Infallible 24H Brow Pencil – Fills Sparse Brows with Micro-Precision – Ultra-Fine 1.5mm Retractable Tip & Spoolie Brush – Smudge-Proof & Long-Lasting, Shade: 3.0 Dark Brunette",833,9,489,19,"1,322",28,0.11%,0.05%,0.07%,0.26%,0.06%,0.18%,"1,202",12,642,23,"1,844",35,0.06%,0.11%,0.07%,0.23%,0.06%,0.16%,0.00%,0.00%,0,0,0.00%,0.00%,£0.00,£0.00,0,0,0,0,0.00%,0.00%,£0.00,£0.00,0,0,0,0
B0H3XKMD7X,Wax Lyrical Reed Diffuser Refill - 200ml | Refreshing Sea Breeze Fragrance | Made in England,603,4,246,18,849,22,0.05%,0.04%,0.03%,0.25%,0.04%,0.14%,737,5,310,24,"1,047",29,0.04%,0.04%,0.03%,0.24%,0.04%,0.14%,0.00%,0.00%,0,0,0.00%,0.00%,£0.00,£0.00,0,0,0,0,0.00%,0.00%,£0.00,£0.00,0,0,0,0
B0H3XL2CMD,Revlon Colorstay Longwear Permanent Cream Colour,214,1,82,1,296,2,0.01%,0.01%,0.01%,0.01%,0.01%,0.01%,288,2,105,3,393,5,0.01%,0.02%,0.01%,0.03%,0.01%,0.02%,0.00%,0.00%,0,0,0.00%,0.00%,£0.00,£0.00,0,0,0,0,0.00%,0.00%,£0.00,£0.00,0,0,0,0
B0H3XLS511,Revlon Colorstay Longwear Permanent Cream Colour,86,1,46,0,132,1,0.01%,0.01%,0.01%,0.00%,0.01%,0.01%,114,1,53,0,167,1,0.01%,0.01%,0.01%,0.00%,0.01%,0.00%,0.00%,0.00%,0,0,0.00%,0.00%,£0.00,£0.00,0,0,0,0,0.00%,0.00%,£0.00,£0.00,0,0,0,0
B0H3XLZ7BM,Revlon Colorstay Longwear Permanent Cream Colour,162,1,79,0,241,1,0.01%,0.01%,0.01%,0.00%,0.01%,0.01%,228,7,146,0,374,7,0.01%,0.06%,0.02%,0.00%,0.01%,0.03%,0.00%,0.00%,0,0,0.00%,0.00%,£0.00,£0.00,0,0,0,0,0.00%,0.00%,£0.00,£0.00,0,0,0,0
B0H3XMMZR8,"Maybelline Fit Me Foundation, Lightweight Medium Coverage, Blendable With a Matte and Poreless Natural Finish, For Normal to Oily Skin, Shade: 128 Warm Nude, 30ml",837,2,320,3,"1,157",5,0.02%,0.05%,0.04%,0.04%,0.05%,0.03%,"1,174",2,417,4,"1,591",6,0.06%,0.02%,0.04%,0.04%,0.05%,0.03%,0.00%,0.00%,0,0,0.00%,0.00%,£0.00,£0.00,0,0,0,0,0.00%,0.00%,£0.00,£0.00,0,0,0,0
B0H3XPMJT2,"Wax Lyrical Vanilla Flower, 40ml Reed Diffuser, White",207,2,117,3,324,5,0.02%,0.01%,0.02%,0.04%,0.01%,0.03%,262,2,145,6,407,8,0.01%,0.02%,0.02%,0.06%,0.01%,0.04%,4.77%,0.00%,0,0,0.00%,0.00%,£0.00,£0.00,0,0,0,0,0.00%,0.00%,£0.00,£0.00,0,0,0,0
B0H3XR24N1,Revlon Colorstay Longwear Permanent Cream Colour,787,6,260,6,"1,047",12,0.07%,0.05%,0.04%,0.08%,0.05%,0.08%,"1,013",7,368,8,"1,381",15,0.05%,0.06%,0.04%,0.08%,0.05%,0.07%,0.00%,0.00%,0,0,0.00%,0.00%,£0.00,£0.00,0,0,0,0,0.00%,0.00%,£0.00,£0.00,0,0,0,0
B0H3XRRS3Z,Revlon Colorstay Longwear Permanent Cream Colour,673,4,184,2,857,6,0.05%,0.04%,0.03%,0.03%,0.04%,0.04%,836,5,221,2,"1,057",7,0.04%,0.04%,0.02%,0.02%,0.04%,0.03%,0.00%,0.00%,0,0,0.00%,0.00%,£0.00,£0.00,0,0,0,0,0.00%,0.00%,£0.00,£0.00,0,0,0,0
B0H3XTK9NF,Revlon Colorstay Longwear Permanent Cream Colour,237,1,92,1,329,2,0.01%,0.02%,0.01%,0.01%,0.01%,0.01%,320,1,111,1,431,2,0.02%,0.01%,0.01%,0.01%,0.01%,0.01%,0.00%,0.00%,0,0,0.00%,0.00%,£0.00,£0.00,0,0,0,0,0.00%,0.00%,£0.00,£0.00,0,0,0,0
B0H3XVGBTV,"Wax Lyrical Scented Tealight Candles, Box of 9, Fresh Linen, Silver",363,0,201,5,564,5,0.00%,0.02%,0.03%,0.07%,0.02%,0.03%,511,0,263,5,774,5,0.03%,0.00%,0.03%,0.05%,0.03%,0.02%,0.00%,0.00%,0,0,0.00%,0.00%,£0.00,£0.00,0,0,0,0,0.00%,0.00%,£0.00,£0.00,0,0,0,0
B0H3XX9TGD,Revlon Colorstay Longwear Permanent Cream Colour,753,2,213,4,966,6,0.02%,0.05%,0.03%,0.05%,0.04%,0.04%,957,4,269,4,"1,226",8,0.05%,0.04%,0.03%,0.04%,0.04%,0.04%,0.00%,0.00%,0,0,0.00%,0.00%,£0.00,£0.00,0,0,0,0,0.00%,0.00%,£0.00,£0.00,0,0,0,0
B0H3XZJ5V3,"Max Factor Divine Lashes Mascara, Waterproof",206,1,126,0,332,1,0.01%,0.01%,0.02%,0.00%,0.01%,0.01%,273,1,179,0,452,1,0.01%,0.01%,0.02%,0.00%,0.02%,0.00%,0.24%,0.00%,0,0,0.00%,0.00%,£0.00,£0.00,0,0,0,0,0.00%,0.00%,£0.00,£0.00,0,0,0,0
B0H3Z38WZW,L'Oreal Paris color riche Satin lipstick,"8,739",49,"6,252",93,"14,991",142,0.57%,0.56%,0.86%,1.27%,0.66%,0.89%,"11,497",64,"7,989",150,"19,486",214,0.57%,0.57%,0.84%,1.48%,0.65%,1.00%,0.01%,0.00%,0,0,0.00%,0.00%,£0.00,£0.00,0,0,0,0,0.00%,0.00%,£0.00,£0.00,0,0,0,0
B0H4457PRW,WoodWick Ellipse Scented Candle | Fireside | with Crackling Wick | Burn Time: Up to 50 Hours,"8,622",71,"4,134",160,"12,756",231,0.83%,0.55%,0.57%,2.18%,0.56%,1.45%,"11,717",93,"5,426",234,"17,143",327,0.58%,0.83%,0.57%,2.31%,0.58%,1.53%,0.01%,0.00%,0,0,0.00%,0.00%,£0.00,£0.00,0,0,0,0,0.00%,0.00%,£0.00,£0.00,0,0,0,0
B0H4MLDBV9,WoodWick | Medium Candle | Fireside | Great Gift for Women,230,6,305,18,535,24,0.07%,0.01%,0.04%,0.25%,0.02%,0.15%,256,6,331,25,587,31,0.01%,0.05%,0.03%,0.25%,0.02%,0.15%,0.00%,0.00%,0,0,0.00%,0.00%,£0.00,£0.00,0,0,0,0,0.00%,0.00%,£0.00,£0.00,0,0,0,0
B0H4N97WTP,"Max Factor Masterpiece EYE ENHANCER Buff 2, aufhellende und farbkorrigierende Anti-Müdigkeits-Concealer",382,1,195,5,577,6,0.01%,0.02%,0.03%,0.07%,0.03%,0.04%,542,2,260,6,802,8,0.03%,0.02%,0.03%,0.06%,0.03%,0.04%,0.00%,0.00%,0,0,0.00%,0.00%,£0.00,£0.00,0,0,0,0,0.00%,0.00%,£0.00,£0.00,0,0,0,0
B0H4QPSPF5,REVLON PROFESSIONAL UniqOne Hair Treatment,"2,122",7,723,9,"2,845",16,0.08%,0.14%,0.10%,0.12%,0.12%,0.10%,"2,525",8,905,10,"3,430",18,0.12%,0.07%,0.10%,0.10%,0.12%,0.08%,0.00%,0.00%,0,0,0.00%,0.00%,£0.00,£0.00,0,0,0,0,0.00%,0.00%,£0.00,£0.00,0,0,0,0
B0H5KRKMJH,"Max Factor Masterpiece EYE ENHANCER Buff 2, aufhellende und farbkorrigierende Anti-Müdigkeits-Concealer",223,2,137,2,360,4,0.02%,0.01%,0.02%,0.03%,0.02%,0.03%,305,3,181,4,486,7,0.02%,0.03%,0.02%,0.04%,0.02%,0.03%,0.00%,0.00%,0,0,0.00%,0.00%,£0.00,£0.00,0,0,0,0,0.00%,0.00%,£0.00,£0.00,0,0,0,0
B0H5KY4BKX,Qiming-MS Home,2,0,2,0,4,0,0.00%,0.00%,0.00%,0.00%,0.00%,0.00%,3,0,2,0,5,0,0.00%,0.00%,0.00%,0.00%,0.00%,0.00%,0.00%,0.00%,0,0,0.00%,0.00%,£0.00,£0.00,0,0,0,0,0.00%,0.00%,£0.00,£0.00,0,0,0,0
B0H5M9VV9Q,"Kiehl's Ultimate Strength Hand Salve, Deeply Hydrating Hand Lotion, Thick and Rich Formula for Intense Moisture and Conditioning, Protects and Repairs Dry Skin, Paraben and Gluten Free",410,2,280,3,690,5,0.02%,0.03%,0.04%,0.04%,0.03%,0.03%,547,4,375,4,922,8,0.03%,0.04%,0.04%,0.04%,0.03%,0.04%,0.00%,0.00%,0,0,0.00%,0.00%,£0.00,£0.00,0,0,0,0,0.00%,0.00%,£0.00,£0.00,0,0,0,0
B0H5WCSL9F,"L'Oreal Paris Triple Action Age-Correcting Serum, Revitalift Laser, 30ml","1,617",13,997,8,"2,614",21,0.15%,0.10%,0.14%,0.11%,0.11%,0.13%,"2,222",13,"1,333",12,"3,555",25,0.11%,0.12%,0.14%,0.12%,0.12%,0.12%,0.00%,0.00%,0,0,0.00%,0.00%,£0.00,£0.00,0,0,0,0,0.00%,0.00%,£0.00,£0.00,0,0,0,0
B0H6GNTK3C,"Maybelline Fit Me! Full Coverage Concealer, Matte & Poreless Ultra Blendable, Shade: 20 Sand, 6.8 ml",844,3,395,3,"1,239",6,0.04%,0.05%,0.05%,0.04%,0.05%,0.04%,"1,106",3,764,5,"1,870",8,0.05%,0.03%,0.08%,0.05%,0.06%,0.04%,0.06%,0.00%,0,0,0.00%,0.00%,£0.00,£0.00,0,0,0,0,0.00%,0.00%,£0.00,£0.00,0,0,0,0
B0H6KCQFMD,Elizabeth Arden Eight Hour Cream Lip Protectant Stick,"3,755",23,"1,766",17,"5,521",40,0.27%,0.24%,0.24%,0.23%,0.24%,0.25%,"4,965",31,"2,424",19,"7,389",50,0.25%,0.28%,0.25%,0.19%,0.25%,0.23%,0.07%,0.00%,0,0,0.00%,0.00%,£0.00,£0.00,0,0,0,0,0.00%,0.00%,£0.00,£0.00,0,0,0,0
B0H71CH2SV,"Stargazer Products Lippenfärbestift, Nummer 6, 1er Pack (1 x 3 ml)",108,1,50,0,158,1,0.01%,0.01%,0.01%,0.00%,0.01%,0.01%,134,1,71,0,205,1,0.01%,0.01%,0.01%,0.00%,0.01%,0.00%,6.38%,0.00%,0,0,0.00%,0.00%,£0.00,£0.00,0,0,0,0,0.00%,0.00%,£0.00,£0.00,0,0,0,0
B0H79CNQ39,Woodwick Candle,6,0,0,0,6,0,0.00%,0.00%,0.00%,0.00%,0.00%,0.00%,7,0,0,0,7,0,0.00%,0.00%,0.00%,0.00%,0.00%,0.00%,0.00%,0.00%,0,0,0.00%,0.00%,£0.00,£0.00,0,0,0,0,0.00%,0.00%,£0.00,£0.00,0,0,0,0
B0H7J69K7W,Elizabeth Arden Green Tea Deodorant Cream 40ml,265,0,120,3,385,3,0.00%,0.02%,0.02%,0.04%,0.02%,0.02%,348,0,150,4,498,4,0.02%,0.00%,0.02%,0.04%,0.02%,0.02%,0.00%,0.00%,0,0,0.00%,0.00%,£0.00,£0.00,0,0,0,0,0.00%,0.00%,£0.00,£0.00,0,0,0,0
B0H7JBYYLK,"Maybelline Fit Me Foundation, Lightweight Medium Coverage, Blendable With a Matte and Poreless Natural Finish, For Normal to Oily Skin, Shade: 118 Light Beige 30ml",246,1,183,0,429,1,0.01%,0.02%,0.03%,0.00%,0.02%,0.01%,311,1,224,0,535,1,0.02%,0.01%,0.02%,0.00%,0.02%,0.00%,0.00%,0.00%,0,0,0.00%,0.00%,£0.00,£0.00,0,0,0,0,0.00%,0.00%,£0.00,£0.00,0,0,0,0
B0H89QVZX5,MAC Pro Longwear Paint Pot,144,1,75,1,219,2,0.01%,0.01%,0.01%,0.01%,0.01%,0.01%,230,1,90,1,320,2,0.01%,0.01%,0.01%,0.01%,0.01%,0.01%,0.00%,0.00%,0,0,0.00%,0.00%,£0.00,£0.00,0,0,0,0,0.00%,0.00%,£0.00,£0.00,0,0,0,0
B0H89SWT4Q,"Revlon ColorStay Looks Book, Lidschatten-Palette",43,0,48,0,91,0,0.00%,0.00%,0.01%,0.00%,0.00%,0.00%,52,0,70,0,122,0,0.00%,0.00%,0.01%,0.00%,0.00%,0.00%,0.00%,0.00%,0,0,0.00%,0.00%,£0.00,£0.00,0,0,0,0,0.00%,0.00%,£0.00,£0.00,0,0,0,0
B0H8B4XQZB, ,"1,290",37,"1,171",62,"2,461",99,0.43%,0.08%,0.16%,0.85%,0.11%,0.62%,"1,884",67,"1,643",131,"3,527",198,0.09%,0.60%,0.17%,1.29%,0.12%,0.93%,0.00%,0.00%,0,0,0.00%,0.00%,£0.00,£0.00,0,0,0,0,0.00%,0.00%,£0.00,£0.00,0,0,0,0
B0H8BFWVDC, ,7,0,3,0,10,0,0.00%,0.00%,0.00%,0.00%,0.00%,0.00%,9,0,3,0,12,0,0.00%,0.00%,0.00%,0.00%,0.00%,0.00%,0.00%,0.00%,0,0,0.00%,0.00%,£0.00,£0.00,0,0,0,0,0.00%,0.00%,£0.00,£0.00,0,0,0,0
B0H9LG6WPD,Yankee Candle Scented Candle | Vanilla Lime Medium Jar Candle,45,0,20,0,65,0,0.00%,0.00%,0.00%,0.00%,0.00%,0.00%,50,0,25,0,75,0,0.00%,0.00%,0.00%,0.00%,0.00%,0.00%,0.00%,0.00%,0,0,0.00%,0.00%,£0.00,£0.00,0,0,0,0,0.00%,0.00%,£0.00,£0.00,0,0,0,0
B0HC4574JZ,Wonderproof Liner 004,27,0,17,1,44,1,0.00%,0.00%,0.00%,0.01%,0.00%,0.01%,29,0,25,1,54,1,0.00%,0.00%,0.00%,0.01%,0.00%,0.00%,0.00%,0.00%,0,0,0.00%,0.00%,£0.00,£0.00,0,0,0,0,0.00%,0.00%,£0.00,£0.00,0,0,0,0
B0HCCKGCYD,WoodWick Scented Candle | Ellipse Candle | Dark Cherry | Perfect Gifts for Women,471,5,274,24,745,29,0.06%,0.03%,0.04%,0.33%,0.03%,0.18%,735,9,390,35,"1,125",44,0.04%,0.08%,0.04%,0.35%,0.04%,0.21%,0.67%,0.00%,0,0,0.00%,0.00%,£0.00,£0.00,0,0,0,0,0.00%,0.00%,£0.00,£0.00,0,0,0,0
B0HCCN92FC,WoodWick Scented Candle| Medium Hourglass Candle | Lakeside Mist | Perfect Gifts for Women,241,0,134,1,375,1,0.00%,0.02%,0.02%,0.01%,0.02%,0.01%,295,0,177,2,472,2,0.01%,0.00%,0.02%,0.02%,0.02%,0.01%,0.00%,0.00%,0,0,0.00%,0.00%,£0.00,£0.00,0,0,0,0,0.00%,0.00%,£0.00,£0.00,0,0,0,0
B0HCCVW2LB,WoodWick | Ellipse Candle | Lavender & Cedar | Great Gift for Women,76,0,41,0,117,0,0.00%,0.00%,0.01%,0.00%,0.01%,0.00%,85,0,45,0,130,0,0.00%,0.00%,0.00%,0.00%,0.00%,0.00%,0.00%,0.00%,0,0,0.00%,0.00%,£0.00,£0.00,0,0,0,0,0.00%,0.00%,£0.00,£0.00,0,0,0,0
B0HCDQGNDQ,WoodWick Scented Candle | Ellipse Candle | Vanilla & Sea Salt | Great Gift for Women,"1,039",7,422,8,"1,461",15,0.08%,0.07%,0.06%,0.11%,0.06%,0.09%,"1,395",9,585,10,"1,980",19,0.07%,0.08%,0.06%,0.10%,0.07%,0.09%,0.00%,0.00%,0,0,0.00%,0.00%,£0.00,£0.00,0,0,0,0,0.00%,0.00%,£0.00,£0.00,0,0,0,0
B0HCDTWNGR,WoodWick Medium Hourglass Scented Candle | Cinnamon Chai | with Crackling Wick | Burn Time: Up to 60 Hours,114,1,58,1,172,2,0.01%,0.01%,0.01%,0.01%,0.01%,0.01%,138,1,73,1,211,2,0.01%,0.01%,0.01%,0.01%,0.01%,0.01%,0.00%,0.00%,0,0,0.00%,0.00%,£0.00,£0.00,0,0,0,0,0.00%,0.00%,£0.00,£0.00,0,0,0,0
B0HD8Z6XM8,Bourjois Healthy Mix Concealer,74,0,43,0,117,0,0.00%,0.00%,0.01%,0.00%,0.01%,0.00%,91,0,68,0,159,0,0.00%,0.00%,0.01%,0.00%,0.01%,0.00%,0.00%,0.00%,0,0,0.00%,0.00%,£0.00,£0.00,0,0,0,0,0.00%,0.00%,£0.00,£0.00,0,0,0,0
B0HD9D481Z,WoodWick Duftkerze | Mittlere Hourglass-Kerze | Pumpkin Praline,498,6,215,14,713,20,0.07%,0.03%,0.03%,0.19%,0.03%,0.13%,681,7,266,16,947,23,0.03%,0.06%,0.03%,0.16%,0.03%,0.11%,0.00%,0.00%,0,0,0.00%,0.00%,£0.00,£0.00,0,0,0,0,0.00%,0.00%,£0.00,£0.00,0,0,0,0
B0HD9KLZDF,JOANNA Konopie Shampoo Feuchtigkeitsspendendes und Stärkendes Shampoo mit Hanfsamen-Extrakt und Aloe-Vera-Blattsaft für Feines und Empfindliches Haar 400 ml Verpackung,4,0,0,0,4,0,0.00%,0.00%,0.00%,0.00%,0.00%,0.00%,4,0,0,0,4,0,0.00%,0.00%,0.00%,0.00%,0.00%,0.00%,0.00%,0.00%,0,0,0.00%,0.00%,£0.00,£0.00,0,0,0,0,0.00%,0.00%,£0.00,£0.00,0,0,0,0
B0HF8PV491,Silcare Base One UV LED Gel Base Coat,93,0,27,2,120,2,0.00%,0.01%,0.00%,0.03%,0.01%,0.01%,128,0,52,13,180,13,0.01%,0.00%,0.01%,0.13%,0.01%,0.06%,2.41%,0.00%,0,0,0.00%,0.00%,£0.00,£0.00,0,0,0,0,0.00%,0.00%,£0.00,£0.00,0,0,0,0
B0HG1WY75N,"MONTAGNE JEUNESSE 7Th Peel-Off Masque, Sea, 10 ml",1,0,1,0,2,0,0.00%,0.00%,0.00%,0.00%,0.00%,0.00%,1,0,1,0,2,0,0.00%,0.00%,0.00%,0.00%,0.00%,0.00%,0.00%,0.00%,0,0,0.00%,0.00%,£0.00,£0.00,0,0,0,0,0.00%,0.00%,£0.00,£0.00,0,0,0,0
B0HG22B7YP,"L'Oréal Paris Black Mascara, Paradise Big Deal Lengthening and Volumising",426,1,200,2,626,3,0.01%,0.03%,0.03%,0.03%,0.03%,0.02%,572,1,234,2,806,3,0.03%,0.01%,0.02%,0.02%,0.03%,0.01%,0.14%,0.00%,0,0,0.00%,0.00%,£0.00,£0.00,0,0,0,0,0.00%,0.00%,£0.00,£0.00,0,0,0,0
B0HG25WTR8,L'Oréal Paris Men Expert Moisturiser,766,10,359,7,"1,125",17,0.12%,0.05%,0.05%,0.10%,0.05%,0.11%,"1,024",13,485,7,"1,509",20,0.05%,0.12%,0.05%,0.07%,0.05%,0.09%,0.00%,0.00%,0,0,0.00%,0.00%,£0.00,£0.00,0,0,0,0,0.00%,0.00%,£0.00,£0.00,0,0,0,0
B0HGBWNT3F,"Maybelline Fit Me Foundation, Medium Coverage, Blendable With a Matte and Poreless Finish, For Normal to Oily Skin, Shade: 097 Natural Porcelain, 30ml",41,0,21,0,62,0,0.00%,0.00%,0.00%,0.00%,0.00%,0.00%,50,0,30,0,80,0,0.00%,0.00%,0.00%,0.00%,0.00%,0.00%,0.00%,0.00%,0,0,0.00%,0.00%,£0.00,£0.00,0,0,0,0,0.00%,0.00%,£0.00,£0.00,0,0,0,0
B0HGC5SNW4,"Fudge Professional ElevatePowder, Volume Boosting Styling Powder, Matte Finish, Texturizing Hair Styling, Unisex, 10 g",89,1,35,0,124,1,0.01%,0.01%,0.00%,0.00%,0.01%,0.01%,121,1,38,0,159,1,0.01%,0.01%,0.00%,0.00%,0.01%,0.00%,0.00%,0.00%,0,0,0.00%,0.00%,£0.00,£0.00,0,0,0,0,0.00%,0.00%,£0.00,£0.00,0,0,0,0
B0HGC878HQ,"7th Heaven Superfood 24hr Hydration Extra Virgin Olive Oil Biodegradable Bamboo Sheet Mask to Cleanse Skin for Long Lasting Hydration - Ideal for All Skin Types, Green",2,0,2,0,4,0,0.00%,0.00%,0.00%,0.00%,0.00%,0.00%,2,0,4,0,6,0,0.00%,0.00%,0.00%,0.00%,0.00%,0.00%,20.00%,0.00%,0,0,0.00%,0.00%,£0.00,£0.00,0,0,0,0,0.00%,0.00%,£3.32,£0.00,2,0,1,0